time,symbol_id,symbol_name,last,trade_volume,trade_amount,open_interest_change,bv1,bp1,ap1,av1,yesterday_close,today_open,today_high,today_low,volume,amount,open_interest
2023-05-09 20:59:00,cu2404,cu2404,66700.0,0.0,0.0,0.0,6,66020.0,67400.0,6,66700.0,66640.0,0.0,0.0,0.0,0.0,371
2023-05-09 21:00:01,cu2404,cu2404,66700.0,0.0,0.0,0.0,2,66530.0,67130.0,1,66700.0,66640.0,0.0,0.0,0.0,0.0,371
2023-05-09 21:00:01,cu2404,cu2404,66700.0,0.0,0.0,0.0,2,66530.0,67120.0,2,66700.0,66640.0,0.0,0.0,0.0,0.0,371
2023-05-09 21:00:02,cu2404,cu2404,66700.0,0.0,0.0,0.0,2,66530.0,67010.0,1,66700.0,66640.0,0.0,0.0,0.0,0.0,371
2023-05-09 21:00:02,cu2404,cu2404,66700.0,0.0,0.0,0.0,2,66530.0,67010.0,1,66700.0,66640.0,0.0,0.0,0.0,0.0,371
2023-05-09 21:00:03,cu2404,cu2404,66700.0,0.0,0.0,0.0,2,66530.0,66740.0,1,66700.0,66640.0,0.0,0.0,0.0,0.0,371
2023-05-09 21:00:03,cu2404,cu2404,66700.0,0.0,0.0,0.0,1,66570.0,67010.0,2,66700.0,66640.0,0.0,0.0,0.0,0.0,371
2023-05-09 21:00:04,cu2404,cu2404,66700.0,0.0,0.0,0.0,1,66570.0,67010.0,2,66700.0,66640.0,0.0,0.0,0.0,0.0,371
2023-05-09 21:00:04,cu2404,cu2404,66700.0,0.0,0.0,0.0,2,66580.0,67000.0,3,66700.0,66640.0,0.0,0.0,0.0,0.0,371
2023-05-09 21:00:05,cu2404,cu2404,66700.0,0.0,0.0,0.0,2,66580.0,66750.0,1,66700.0,66640.0,0.0,0.0,0.0,0.0,371
2023-05-09 21:00:05,cu2404,cu2404,66700.0,0.0,0.0,0.0,2,66580.0,66920.0,1,66700.0,66640.0,0.0,0.0,0.0,0.0,371
2023-05-09 21:00:06,cu2404,cu2404,66700.0,0.0,0.0,0.0,4,66580.0,66920.0,1,66700.0,66640.0,0.0,0.0,0.0,0.0,371
2023-05-09 21:00:07,cu2404,cu2404,66700.0,0.0,0.0,0.0,4,66580.0,66750.0,1,66700.0,66640.0,0.0,0.0,0.0,0.0,371
2023-05-09 21:00:07,cu2404,cu2404,66700.0,0.0,0.0,0.0,4,66580.0,66750.0,1,66700.0,66640.0,0.0,0.0,0.0,0.0,371
2023-05-09 21:00:08,cu2404,cu2404,66700.0,0.0,0.0,0.0,4,66580.0,66910.0,2,66700.0,66640.0,0.0,0.0,0.0,0.0,371
2023-05-09 21:00:08,cu2404,cu2404,66700.0,0.0,0.0,0.0,4,66580.0,66750.0,1,66700.0,66640.0,0.0,0.0,0.0,0.0,371
2023-05-09 21:00:09,cu2404,cu2404,66700.0,0.0,0.0,0.0,4,66580.0,66750.0,1,66700.0,66640.0,0.0,0.0,0.0,0.0,371
2023-05-09 21:00:09,cu2404,cu2404,66700.0,0.0,0.0,0.0,4,66580.0,66850.0,1,66700.0,66640.0,0.0,0.0,0.0,0.0,371
2023-05-09 21:00:10,cu2404,cu2404,66700.0,0.0,0.0,0.0,4,66580.0,66760.0,1,66700.0,66640.0,0.0,0.0,0.0,0.0,371
2023-05-09 21:00:10,cu2404,cu2404,66700.0,0.0,0.0,0.0,4,66580.0,66760.0,1,66700.0,66640.0,0.0,0.0,0.0,0.0,371
2023-05-09 21:00:11,cu2404,cu2404,66700.0,0.0,0.0,0.0,1,66590.0,66760.0,1,66700.0,66640.0,0.0,0.0,0.0,0.0,371
2023-05-09 21:00:11,cu2404,cu2404,66700.0,0.0,0.0,0.0,1,66590.0,66760.0,1,66700.0,66640.0,0.0,0.0,0.0,0.0,371
2023-05-09 21:00:12,cu2404,cu2404,66700.0,0.0,0.0,0.0,2,66600.0,66760.0,1,66700.0,66640.0,0.0,0.0,0.0,0.0,371
2023-05-09 21:00:12,cu2404,cu2404,66700.0,0.0,0.0,0.0,2,66600.0,66760.0,1,66700.0,66640.0,0.0,0.0,0.0,0.0,371
2023-05-09 21:00:13,cu2404,cu2404,66700.0,0.0,0.0,0.0,3,66600.0,66760.0,1,66700.0,66640.0,0.0,0.0,0.0,0.0,371
2023-05-09 21:00:13,cu2404,cu2404,66700.0,0.0,0.0,0.0,1,66600.0,66760.0,1,66700.0,66640.0,0.0,0.0,0.0,0.0,371
2023-05-09 21:00:14,cu2404,cu2404,66700.0,0.0,0.0,0.0,1,66600.0,66760.0,1,66700.0,66640.0,0.0,0.0,0.0,0.0,371
2023-05-09 21:00:15,cu2404,cu2404,66700.0,0.0,0.0,0.0,1,66600.0,66760.0,1,66700.0,66640.0,0.0,0.0,0.0,0.0,371
2023-05-09 21:00:16,cu2404,cu2404,66700.0,0.0,0.0,0.0,3,66610.0,66830.0,1,66700.0,66640.0,0.0,0.0,0.0,0.0,371
2023-05-09 21:00:17,cu2404,cu2404,66700.0,0.0,0.0,0.0,3,66610.0,66770.0,1,66700.0,66640.0,0.0,0.0,0.0,0.0,371
2023-05-09 21:00:17,cu2404,cu2404,66700.0,0.0,0.0,0.0,2,66620.0,66770.0,1,66700.0,66640.0,0.0,0.0,0.0,0.0,371
2023-05-09 21:00:18,cu2404,cu2404,66700.0,0.0,0.0,0.0,2,66620.0,66770.0,1,66700.0,66640.0,0.0,0.0,0.0,0.0,371
2023-05-09 21:00:19,cu2404,cu2404,66700.0,0.0,0.0,0.0,2,66610.0,66770.0,1,66700.0,66640.0,0.0,0.0,0.0,0.0,371
2023-05-09 21:00:19,cu2404,cu2404,66700.0,0.0,0.0,0.0,5,66610.0,66770.0,1,66700.0,66640.0,0.0,0.0,0.0,0.0,371
2023-05-09 21:00:20,cu2404,cu2404,66700.0,0.0,0.0,0.0,5,66610.0,66770.0,1,66700.0,66640.0,0.0,0.0,0.0,0.0,371
2023-05-09 21:00:20,cu2404,cu2404,66700.0,0.0,0.0,0.0,5,66610.0,66770.0,1,66700.0,66640.0,0.0,0.0,0.0,0.0,371
2023-05-09 21:00:21,cu2404,cu2404,66700.0,0.0,0.0,0.0,5,66610.0,66770.0,3,66700.0,66640.0,0.0,0.0,0.0,0.0,371
2023-05-09 21:00:22,cu2404,cu2404,66700.0,0.0,0.0,0.0,2,66610.0,66770.0,3,66700.0,66640.0,0.0,0.0,0.0,0.0,371
2023-05-09 21:00:22,cu2404,cu2404,66700.0,0.0,0.0,0.0,2,66620.0,66770.0,3,66700.0,66640.0,0.0,0.0,0.0,0.0,371
2023-05-09 21:00:23,cu2404,cu2404,66700.0,0.0,0.0,0.0,2,66610.0,66770.0,3,66700.0,66640.0,0.0,0.0,0.0,0.0,371
2023-05-09 21:00:24,cu2404,cu2404,66700.0,0.0,0.0,0.0,3,66540.0,66760.0,1,66700.0,66640.0,0.0,0.0,0.0,0.0,371
2023-05-09 21:00:24,cu2404,cu2404,66700.0,0.0,0.0,0.0,1,66580.0,66750.0,1,66700.0,66640.0,0.0,0.0,0.0,0.0,371
2023-05-09 21:00:25,cu2404,cu2404,66700.0,0.0,0.0,0.0,2,66580.0,66740.0,1,66700.0,66640.0,0.0,0.0,0.0,0.0,371
2023-05-09 21:00:25,cu2404,cu2404,66700.0,0.0,0.0,0.0,2,66580.0,66740.0,1,66700.0,66640.0,0.0,0.0,0.0,0.0,371
2023-05-09 21:00:26,cu2404,cu2404,66700.0,0.0,0.0,0.0,3,66580.0,66740.0,1,66700.0,66640.0,0.0,0.0,0.0,0.0,371
2023-05-09 21:00:27,cu2404,cu2404,66700.0,0.0,0.0,0.0,7,66580.0,66740.0,1,66700.0,66640.0,0.0,0.0,0.0,0.0,371
2023-05-09 21:00:27,cu2404,cu2404,66700.0,0.0,0.0,0.0,3,66590.0,66740.0,1,66700.0,66640.0,0.0,0.0,0.0,0.0,371
2023-05-09 21:00:28,cu2404,cu2404,66700.0,0.0,0.0,0.0,3,66590.0,66740.0,1,66700.0,66640.0,0.0,0.0,0.0,0.0,371
2023-05-09 21:00:28,cu2404,cu2404,66700.0,0.0,0.0,0.0,4,66590.0,66740.0,1,66700.0,66640.0,0.0,0.0,0.0,0.0,371
2023-05-09 21:00:29,cu2404,cu2404,66700.0,0.0,0.0,0.0,9,66590.0,66740.0,1,66700.0,66640.0,0.0,0.0,0.0,0.0,371
2023-05-09 21:00:30,cu2404,cu2404,66700.0,0.0,0.0,0.0,8,66590.0,66870.0,1,66700.0,66640.0,0.0,0.0,0.0,0.0,371
2023-05-09 21:00:30,cu2404,cu2404,66700.0,0.0,0.0,0.0,9,66590.0,66770.0,1,66700.0,66640.0,0.0,0.0,0.0,0.0,371
2023-05-09 21:00:31,cu2404,cu2404,66700.0,0.0,0.0,0.0,9,66590.0,66760.0,1,66700.0,66640.0,0.0,0.0,0.0,0.0,371
2023-05-09 21:00:31,cu2404,cu2404,66700.0,0.0,0.0,0.0,1,66600.0,66760.0,1,66700.0,66640.0,0.0,0.0,0.0,0.0,371
2023-05-09 21:00:32,cu2404,cu2404,66700.0,0.0,0.0,0.0,1,66620.0,66760.0,1,66700.0,66640.0,0.0,0.0,0.0,0.0,371
2023-05-09 21:00:32,cu2404,cu2404,66700.0,0.0,0.0,0.0,3,66620.0,66760.0,1,66700.0,66640.0,0.0,0.0,0.0,0.0,371
2023-05-09 21:00:33,cu2404,cu2404,66700.0,0.0,0.0,0.0,1,66630.0,66760.0,1,66700.0,66640.0,0.0,0.0,0.0,0.0,371
2023-05-09 21:00:35,cu2404,cu2404,66700.0,0.0,0.0,0.0,1,66630.0,66760.0,1,66700.0,66640.0,0.0,0.0,0.0,0.0,371
2023-05-09 21:00:36,cu2404,cu2404,66700.0,0.0,0.0,0.0,1,66630.0,66760.0,1,66700.0,66640.0,0.0,0.0,0.0,0.0,371
2023-05-09 21:00:37,cu2404,cu2404,66700.0,0.0,0.0,0.0,2,66630.0,66760.0,1,66700.0,66640.0,0.0,0.0,0.0,0.0,371
2023-05-09 21:00:38,cu2404,cu2404,66700.0,0.0,0.0,0.0,4,66630.0,66760.0,1,66700.0,66640.0,0.0,0.0,0.0,0.0,371
2023-05-09 21:00:38,cu2404,cu2404,66700.0,0.0,0.0,0.0,4,66630.0,66760.0,3,66700.0,66640.0,0.0,0.0,0.0,0.0,371
2023-05-09 21:00:39,cu2404,cu2404,66700.0,0.0,0.0,0.0,4,66630.0,66760.0,3,66700.0,66640.0,0.0,0.0,0.0,0.0,371
2023-05-09 21:00:40,cu2404,cu2404,66700.0,0.0,0.0,0.0,3,66630.0,66760.0,3,66700.0,66640.0,0.0,0.0,0.0,0.0,371
2023-05-09 21:00:40,cu2404,cu2404,66700.0,0.0,0.0,0.0,1,66630.0,66760.0,3,66700.0,66640.0,0.0,0.0,0.0,0.0,371
2023-05-09 21:00:41,cu2404,cu2404,66700.0,0.0,0.0,0.0,1,66630.0,66760.0,2,66700.0,66640.0,0.0,0.0,0.0,0.0,371
2023-05-09 21:00:41,cu2404,cu2404,66700.0,0.0,0.0,0.0,1,66630.0,66760.0,2,66700.0,66640.0,0.0,0.0,0.0,0.0,371
2023-05-09 21:00:42,cu2404,cu2404,66700.0,0.0,0.0,0.0,1,66630.0,66760.0,2,66700.0,66640.0,0.0,0.0,0.0,0.0,371
2023-05-09 21:00:43,cu2404,cu2404,66700.0,0.0,0.0,0.0,1,66630.0,66760.0,2,66700.0,66640.0,0.0,0.0,0.0,0.0,371
2023-05-09 21:00:43,cu2404,cu2404,66700.0,0.0,0.0,0.0,1,66630.0,66760.0,2,66700.0,66640.0,0.0,0.0,0.0,0.0,371
2023-05-09 21:00:44,cu2404,cu2404,66700.0,0.0,0.0,0.0,1,66630.0,66760.0,3,66700.0,66640.0,0.0,0.0,0.0,0.0,371
2023-05-09 21:00:45,cu2404,cu2404,66700.0,0.0,0.0,0.0,1,66630.0,66760.0,3,66700.0,66640.0,0.0,0.0,0.0,0.0,371
2023-05-09 21:00:45,cu2404,cu2404,66700.0,0.0,0.0,0.0,1,66630.0,66760.0,3,66700.0,66640.0,0.0,0.0,0.0,0.0,371
2023-05-09 21:00:46,cu2404,cu2404,66700.0,0.0,0.0,0.0,1,66630.0,66760.0,2,66700.0,66640.0,0.0,0.0,0.0,0.0,371
2023-05-09 21:00:47,cu2404,cu2404,66700.0,0.0,0.0,0.0,1,66630.0,66750.0,1,66700.0,66640.0,0.0,0.0,0.0,0.0,371
2023-05-09 21:00:47,cu2404,cu2404,66700.0,0.0,0.0,0.0,1,66630.0,66740.0,1,66700.0,66640.0,0.0,0.0,0.0,0.0,371
2023-05-09 21:00:48,cu2404,cu2404,66700.0,0.0,0.0,0.0,1,66630.0,66740.0,1,66700.0,66640.0,0.0,0.0,0.0,0.0,371
2023-05-09 21:00:49,cu2404,cu2404,66700.0,0.0,0.0,0.0,1,66630.0,66740.0,2,66700.0,66640.0,0.0,0.0,0.0,0.0,371
2023-05-09 21:00:50,cu2404,cu2404,66700.0,0.0,0.0,0.0,3,66540.0,66740.0,1,66700.0,66640.0,0.0,0.0,0.0,0.0,371
2023-05-09 21:00:51,cu2404,cu2404,66700.0,0.0,0.0,0.0,1,66570.0,66740.0,1,66700.0,66640.0,0.0,0.0,0.0,0.0,371
2023-05-09 21:00:51,cu2404,cu2404,66700.0,0.0,0.0,0.0,1,66580.0,66740.0,2,66700.0,66640.0,0.0,0.0,0.0,0.0,371
2023-05-09 21:00:52,cu2404,cu2404,66700.0,0.0,0.0,0.0,1,66580.0,66740.0,3,66700.0,66640.0,0.0,0.0,0.0,0.0,371
2023-05-09 21:00:53,cu2404,cu2404,66700.0,0.0,0.0,0.0,1,66580.0,66740.0,3,66700.0,66640.0,0.0,0.0,0.0,0.0,371
2023-05-09 21:00:53,cu2404,cu2404,66700.0,0.0,0.0,0.0,1,66580.0,66740.0,3,66700.0,66640.0,0.0,0.0,0.0,0.0,371
2023-05-09 21:00:54,cu2404,cu2404,66700.0,0.0,0.0,0.0,3,66590.0,66740.0,2,66700.0,66640.0,0.0,0.0,0.0,0.0,371
2023-05-09 21:00:54,cu2404,cu2404,66700.0,0.0,0.0,0.0,3,66590.0,66740.0,2,66700.0,66640.0,0.0,0.0,0.0,0.0,371
2023-05-09 21:00:55,cu2404,cu2404,66700.0,0.0,0.0,0.0,1,66600.0,66740.0,2,66700.0,66640.0,0.0,0.0,0.0,0.0,371
2023-05-09 21:00:56,cu2404,cu2404,66700.0,0.0,0.0,0.0,1,66600.0,66730.0,1,66700.0,66640.0,0.0,0.0,0.0,0.0,371
2023-05-09 21:00:56,cu2404,cu2404,66700.0,0.0,0.0,0.0,1,66600.0,66720.0,1,66700.0,66640.0,0.0,0.0,0.0,0.0,371
2023-05-09 21:00:58,cu2404,cu2404,66700.0,0.0,0.0,0.0,1,66600.0,66720.0,1,66700.0,66640.0,0.0,0.0,0.0,0.0,371
2023-05-09 21:01:00,cu2404,cu2404,66700.0,0.0,0.0,0.0,1,66600.0,66720.0,2,66700.0,66640.0,0.0,0.0,0.0,0.0,371
2023-05-09 21:01:00,cu2404,cu2404,66700.0,0.0,0.0,0.0,1,66600.0,66710.0,1,66700.0,66640.0,0.0,0.0,0.0,0.0,371
2023-05-09 21:01:01,cu2404,cu2404,66700.0,0.0,0.0,0.0,1,66600.0,66710.0,2,66700.0,66640.0,0.0,0.0,0.0,0.0,371
2023-05-09 21:01:04,cu2404,cu2404,66700.0,0.0,0.0,0.0,1,66600.0,66700.0,1,66700.0,66640.0,0.0,0.0,0.0,0.0,371
2023-05-09 21:01:05,cu2404,cu2404,66700.0,0.0,0.0,0.0,1,66600.0,66700.0,1,66700.0,66640.0,0.0,0.0,0.0,0.0,371
2023-05-09 21:01:05,cu2404,cu2404,66700.0,0.0,0.0,0.0,1,66600.0,66700.0,1,66700.0,66640.0,0.0,0.0,0.0,0.0,371
2023-05-09 21:01:06,cu2404,cu2404,66700.0,0.0,0.0,0.0,1,66600.0,66700.0,2,66700.0,66640.0,0.0,0.0,0.0,0.0,371
2023-05-09 21:01:06,cu2404,cu2404,66700.0,0.0,0.0,0.0,1,66600.0,66690.0,1,66700.0,66640.0,0.0,0.0,0.0,0.0,371
2023-05-09 21:01:07,cu2404,cu2404,66700.0,0.0,0.0,0.0,3,66540.0,66690.0,2,66700.0,66640.0,0.0,0.0,0.0,0.0,371
2023-05-09 21:01:07,cu2404,cu2404,66700.0,0.0,0.0,0.0,3,66550.0,66690.0,2,66700.0,66640.0,0.0,0.0,0.0,0.0,371
2023-05-09 21:01:08,cu2404,cu2404,66700.0,0.0,0.0,0.0,1,66560.0,66690.0,2,66700.0,66640.0,0.0,0.0,0.0,0.0,371
2023-05-09 21:01:09,cu2404,cu2404,66700.0,0.0,0.0,0.0,1,66560.0,66680.0,1,66700.0,66640.0,0.0,0.0,0.0,0.0,371
2023-05-09 21:01:09,cu2404,cu2404,66700.0,0.0,0.0,0.0,1,66560.0,66680.0,1,66700.0,66640.0,0.0,0.0,0.0,0.0,371
2023-05-09 21:01:10,cu2404,cu2404,66700.0,0.0,0.0,0.0,1,66560.0,66680.0,1,66700.0,66640.0,0.0,0.0,0.0,0.0,371
2023-05-09 21:01:10,cu2404,cu2404,66700.0,0.0,0.0,0.0,1,66560.0,66680.0,1,66700.0,66640.0,0.0,0.0,0.0,0.0,371
2023-05-09 21:01:11,cu2404,cu2404,66700.0,0.0,0.0,0.0,1,66560.0,66670.0,1,66700.0,66640.0,0.0,0.0,0.0,0.0,371
2023-05-09 21:01:12,cu2404,cu2404,66700.0,0.0,0.0,0.0,1,66560.0,66670.0,1,66700.0,66640.0,0.0,0.0,0.0,0.0,371
2023-05-09 21:01:13,cu2404,cu2404,66700.0,0.0,0.0,0.0,1,66560.0,66710.0,1,66700.0,66640.0,0.0,0.0,0.0,0.0,371
2023-05-09 21:01:14,cu2404,cu2404,66700.0,0.0,0.0,0.0,1,66560.0,66690.0,1,66700.0,66640.0,0.0,0.0,0.0,0.0,371
2023-05-09 21:01:14,cu2404,cu2404,66700.0,0.0,0.0,0.0,1,66560.0,66680.0,1,66700.0,66640.0,0.0,0.0,0.0,0.0,371
2023-05-09 21:01:15,cu2404,cu2404,66700.0,0.0,0.0,0.0,1,66560.0,66680.0,1,66700.0,66640.0,0.0,0.0,0.0,0.0,371
2023-05-09 21:01:16,cu2404,cu2404,66700.0,0.0,0.0,0.0,1,66560.0,66680.0,1,66700.0,66640.0,0.0,0.0,0.0,0.0,371
2023-05-09 21:01:16,cu2404,cu2404,66700.0,0.0,0.0,0.0,1,66560.0,66680.0,1,66700.0,66640.0,0.0,0.0,0.0,0.0,371
2023-05-09 21:01:17,cu2404,cu2404,66700.0,0.0,0.0,0.0,4,66560.0,66680.0,1,66700.0,66640.0,0.0,0.0,0.0,0.0,371
2023-05-09 21:01:18,cu2404,cu2404,66700.0,0.0,0.0,0.0,4,66560.0,66670.0,1,66700.0,66640.0,0.0,0.0,0.0,0.0,371
2023-05-09 21:01:18,cu2404,cu2404,66700.0,0.0,0.0,0.0,4,66560.0,66670.0,1,66700.0,66640.0,0.0,0.0,0.0,0.0,371
2023-05-09 21:01:20,cu2404,cu2404,66700.0,0.0,0.0,0.0,1,66560.0,66710.0,1,66700.0,66640.0,0.0,0.0,0.0,0.0,371
2023-05-09 21:01:20,cu2404,cu2404,66700.0,0.0,0.0,0.0,1,66560.0,66700.0,3,66700.0,66640.0,0.0,0.0,0.0,0.0,371
2023-05-09 21:01:21,cu2404,cu2404,66700.0,0.0,0.0,0.0,1,66560.0,66700.0,3,66700.0,66640.0,0.0,0.0,0.0,0.0,371
2023-05-09 21:01:22,cu2404,cu2404,66700.0,0.0,0.0,0.0,1,66560.0,66700.0,4,66700.0,66640.0,0.0,0.0,0.0,0.0,371
2023-05-09 21:01:23,cu2404,cu2404,66700.0,0.0,0.0,0.0,1,66560.0,66700.0,4,66700.0,66640.0,0.0,0.0,0.0,0.0,371
2023-05-09 21:01:24,cu2404,cu2404,66700.0,0.0,0.0,0.0,4,66560.0,66700.0,2,66700.0,66640.0,0.0,0.0,0.0,0.0,371
2023-05-09 21:01:25,cu2404,cu2404,66700.0,0.0,0.0,0.0,4,66560.0,66700.0,3,66700.0,66640.0,0.0,0.0,0.0,0.0,371
2023-05-09 21:01:25,cu2404,cu2404,66700.0,0.0,0.0,0.0,1,66570.0,66700.0,2,66700.0,66640.0,0.0,0.0,0.0,0.0,371
2023-05-09 21:01:26,cu2404,cu2404,66700.0,0.0,0.0,0.0,3,66560.0,66700.0,3,66700.0,66640.0,0.0,0.0,0.0,0.0,371
2023-05-09 21:01:26,cu2404,cu2404,66700.0,0.0,0.0,0.0,1,66580.0,66700.0,2,66700.0,66640.0,0.0,0.0,0.0,0.0,371
2023-05-09 21:01:27,cu2404,cu2404,66700.0,0.0,0.0,0.0,3,66560.0,66700.0,2,66700.0,66640.0,0.0,0.0,0.0,0.0,371
2023-05-09 21:01:27,cu2404,cu2404,66700.0,0.0,0.0,0.0,1,66590.0,66700.0,2,66700.0,66640.0,0.0,0.0,0.0,0.0,371
2023-05-09 21:01:28,cu2404,cu2404,66700.0,0.0,0.0,0.0,3,66560.0,66700.0,3,66700.0,66640.0,0.0,0.0,0.0,0.0,371
2023-05-09 21:01:29,cu2404,cu2404,66700.0,0.0,0.0,0.0,1,66570.0,66700.0,4,66700.0,66640.0,0.0,0.0,0.0,0.0,371
2023-05-09 21:01:30,cu2404,cu2404,66700.0,0.0,0.0,0.0,1,66570.0,66700.0,4,66700.0,66640.0,0.0,0.0,0.0,0.0,371
2023-05-09 21:01:36,cu2404,cu2404,66700.0,0.0,0.0,0.0,1,66570.0,66700.0,3,66700.0,66640.0,0.0,0.0,0.0,0.0,371
2023-05-09 21:01:39,cu2404,cu2404,66700.0,0.0,0.0,0.0,1,66570.0,66700.0,2,66700.0,66640.0,0.0,0.0,0.0,0.0,371
2023-05-09 21:01:40,cu2404,cu2404,66700.0,0.0,0.0,0.0,4,66570.0,66700.0,2,66700.0,66640.0,0.0,0.0,0.0,0.0,371
2023-05-09 21:01:42,cu2404,cu2404,66700.0,0.0,0.0,0.0,1,66580.0,66700.0,2,66700.0,66640.0,0.0,0.0,0.0,0.0,371
2023-05-09 21:01:42,cu2404,cu2404,66700.0,0.0,0.0,0.0,3,66570.0,66700.0,2,66700.0,66640.0,0.0,0.0,0.0,0.0,371
2023-05-09 21:01:43,cu2404,cu2404,66700.0,0.0,0.0,0.0,1,66580.0,66700.0,2,66700.0,66640.0,0.0,0.0,0.0,0.0,371
2023-05-09 21:01:46,cu2404,cu2404,66700.0,0.0,0.0,0.0,1,66580.0,66700.0,3,66700.0,66640.0,0.0,0.0,0.0,0.0,371
2023-05-09 21:01:49,cu2404,cu2404,66700.0,0.0,0.0,0.0,1,66580.0,66700.0,4,66700.0,66640.0,0.0,0.0,0.0,0.0,371
2023-05-09 21:01:51,cu2404,cu2404,66700.0,0.0,0.0,0.0,1,66580.0,66700.0,3,66700.0,66640.0,0.0,0.0,0.0,0.0,371
2023-05-09 21:01:54,cu2404,cu2404,66700.0,0.0,0.0,0.0,1,66580.0,66700.0,2,66700.0,66640.0,0.0,0.0,0.0,0.0,371
2023-05-09 21:01:57,cu2404,cu2404,66700.0,0.0,0.0,0.0,1,66590.0,66700.0,2,66700.0,66640.0,0.0,0.0,0.0,0.0,371
2023-05-09 21:01:58,cu2404,cu2404,66700.0,0.0,0.0,0.0,1,66590.0,66700.0,2,66700.0,66640.0,0.0,0.0,0.0,0.0,371
2023-05-09 21:01:58,cu2404,cu2404,66700.0,0.0,0.0,0.0,2,66590.0,66680.0,2,66700.0,66640.0,0.0,0.0,0.0,0.0,371
2023-05-09 21:01:59,cu2404,cu2404,66700.0,0.0,0.0,0.0,2,66590.0,66670.0,1,66700.0,66640.0,0.0,0.0,0.0,0.0,371
2023-05-09 21:02:00,cu2404,cu2404,66700.0,0.0,0.0,0.0,2,66590.0,66680.0,2,66700.0,66640.0,0.0,0.0,0.0,0.0,371
2023-05-09 21:02:01,cu2404,cu2404,66700.0,0.0,0.0,0.0,1,66590.0,66670.0,1,66700.0,66640.0,0.0,0.0,0.0,0.0,371
2023-05-09 21:02:01,cu2404,cu2404,66700.0,0.0,0.0,0.0,1,66600.0,66670.0,1,66700.0,66640.0,0.0,0.0,0.0,0.0,371
2023-05-09 21:02:02,cu2404,cu2404,66700.0,0.0,0.0,0.0,2,66540.0,66670.0,1,66700.0,66640.0,0.0,0.0,0.0,0.0,371
2023-05-09 21:02:02,cu2404,cu2404,66700.0,0.0,0.0,0.0,4,66550.0,66670.0,1,66700.0,66640.0,0.0,0.0,0.0,0.0,371
2023-05-09 21:02:03,cu2404,cu2404,66700.0,0.0,0.0,0.0,1,66560.0,66670.0,1,66700.0,66640.0,0.0,0.0,0.0,0.0,371
2023-05-09 21:02:03,cu2404,cu2404,66700.0,0.0,0.0,0.0,1,66570.0,66670.0,1,66700.0,66640.0,0.0,0.0,0.0,0.0,371
2023-05-09 21:02:04,cu2404,cu2404,66700.0,0.0,0.0,0.0,1,66570.0,66670.0,1,66700.0,66640.0,0.0,0.0,0.0,0.0,371
2023-05-09 21:02:04,cu2404,cu2404,66700.0,0.0,0.0,0.0,1,66580.0,66670.0,1,66700.0,66640.0,0.0,0.0,0.0,0.0,371
2023-05-09 21:02:05,cu2404,cu2404,66700.0,0.0,0.0,0.0,2,66580.0,66670.0,1,66700.0,66640.0,0.0,0.0,0.0,0.0,371
2023-05-09 21:02:06,cu2404,cu2404,66700.0,0.0,0.0,0.0,2,66580.0,66670.0,1,66700.0,66640.0,0.0,0.0,0.0,0.0,371
2023-05-09 21:02:10,cu2404,cu2404,66700.0,0.0,0.0,0.0,1,66580.0,66670.0,1,66700.0,66640.0,0.0,0.0,0.0,0.0,371
2023-05-09 21:02:10,cu2404,cu2404,66700.0,0.0,0.0,0.0,1,66580.0,66670.0,2,66700.0,66640.0,0.0,0.0,0.0,0.0,371
2023-05-09 21:02:11,cu2404,cu2404,66700.0,0.0,0.0,0.0,1,66580.0,66670.0,1,66700.0,66640.0,0.0,0.0,0.0,0.0,371
2023-05-09 21:02:11,cu2404,cu2404,66700.0,0.0,0.0,0.0,1,66580.0,66670.0,2,66700.0,66640.0,0.0,0.0,0.0,0.0,371
2023-05-09 21:02:12,cu2404,cu2404,66700.0,0.0,0.0,0.0,3,66590.0,66670.0,2,66700.0,66640.0,0.0,0.0,0.0,0.0,371
2023-05-09 21:02:12,cu2404,cu2404,66700.0,0.0,0.0,0.0,1,66490.0,66670.0,2,66700.0,66640.0,0.0,0.0,0.0,0.0,371
2023-05-09 21:02:13,cu2404,cu2404,66700.0,0.0,0.0,0.0,6,66500.0,66670.0,1,66700.0,66640.0,0.0,0.0,0.0,0.0,371
2023-05-09 21:02:13,cu2404,cu2404,66700.0,0.0,0.0,0.0,5,66510.0,66670.0,1,66700.0,66640.0,0.0,0.0,0.0,0.0,371
2023-05-09 21:02:14,cu2404,cu2404,66700.0,0.0,0.0,0.0,1,66520.0,66670.0,1,66700.0,66640.0,0.0,0.0,0.0,0.0,371
2023-05-09 21:02:14,cu2404,cu2404,66700.0,0.0,0.0,0.0,2,66520.0,66670.0,1,66700.0,66640.0,0.0,0.0,0.0,0.0,371
2023-05-09 21:02:15,cu2404,cu2404,66700.0,0.0,0.0,0.0,1,66530.0,66670.0,1,66700.0,66640.0,0.0,0.0,0.0,0.0,371
2023-05-09 21:02:15,cu2404,cu2404,66700.0,0.0,0.0,0.0,1,66540.0,66670.0,1,66700.0,66640.0,0.0,0.0,0.0,0.0,371
2023-05-09 21:02:16,cu2404,cu2404,66700.0,0.0,0.0,0.0,2,66550.0,66670.0,1,66700.0,66640.0,0.0,0.0,0.0,0.0,371
2023-05-09 21:02:16,cu2404,cu2404,66700.0,0.0,0.0,0.0,2,66560.0,66670.0,1,66700.0,66640.0,0.0,0.0,0.0,0.0,371
2023-05-09 21:02:18,cu2404,cu2404,66700.0,0.0,0.0,0.0,2,66560.0,66670.0,2,66700.0,66640.0,0.0,0.0,0.0,0.0,371
2023-05-09 21:02:18,cu2404,cu2404,66700.0,0.0,0.0,0.0,2,66560.0,66670.0,1,66700.0,66640.0,0.0,0.0,0.0,0.0,371
2023-05-09 21:02:19,cu2404,cu2404,66700.0,0.0,0.0,0.0,2,66560.0,66670.0,2,66700.0,66640.0,0.0,0.0,0.0,0.0,371
2023-05-09 21:02:20,cu2404,cu2404,66700.0,0.0,0.0,0.0,2,66560.0,66670.0,1,66700.0,66640.0,0.0,0.0,0.0,0.0,371
2023-05-09 21:02:33,cu2404,cu2404,66700.0,0.0,0.0,0.0,1,66560.0,66670.0,1,66700.0,66640.0,0.0,0.0,0.0,0.0,371
2023-05-09 21:02:37,cu2404,cu2404,66700.0,0.0,0.0,0.0,1,66570.0,66670.0,1,66700.0,66640.0,0.0,0.0,0.0,0.0,371
2023-05-09 21:02:38,cu2404,cu2404,66700.0,0.0,0.0,0.0,1,66580.0,66670.0,1,66700.0,66640.0,0.0,0.0,0.0,0.0,371
2023-05-09 21:02:38,cu2404,cu2404,66700.0,0.0,0.0,0.0,1,66580.0,66670.0,1,66700.0,66640.0,0.0,0.0,0.0,0.0,371
2023-05-09 21:02:40,cu2404,cu2404,66700.0,0.0,0.0,0.0,3,66500.0,66670.0,1,66700.0,66640.0,0.0,0.0,0.0,0.0,371
2023-05-09 21:02:41,cu2404,cu2404,66700.0,0.0,0.0,0.0,6,66510.0,66670.0,1,66700.0,66640.0,0.0,0.0,0.0,0.0,371
2023-05-09 21:02:44,cu2404,cu2404,66700.0,0.0,0.0,0.0,1,66520.0,66670.0,1,66700.0,66640.0,0.0,0.0,0.0,0.0,371
2023-05-09 21:02:44,cu2404,cu2404,66700.0,0.0,0.0,0.0,1,66530.0,66690.0,1,66700.0,66640.0,0.0,0.0,0.0,0.0,371
2023-05-09 21:02:45,cu2404,cu2404,66700.0,0.0,0.0,0.0,3,66540.0,66680.0,3,66700.0,66640.0,0.0,0.0,0.0,0.0,371
2023-05-09 21:02:45,cu2404,cu2404,66700.0,0.0,0.0,0.0,2,66550.0,66680.0,3,66700.0,66640.0,0.0,0.0,0.0,0.0,371
2023-05-09 21:02:46,cu2404,cu2404,66700.0,0.0,0.0,0.0,2,66550.0,66670.0,1,66700.0,66640.0,0.0,0.0,0.0,0.0,371
2023-05-09 21:02:46,cu2404,cu2404,66700.0,0.0,0.0,0.0,2,66550.0,66670.0,1,66700.0,66640.0,0.0,0.0,0.0,0.0,371
2023-05-09 21:02:47,cu2404,cu2404,66700.0,0.0,0.0,0.0,2,66550.0,66670.0,1,66700.0,66640.0,0.0,0.0,0.0,0.0,371
2023-05-09 21:02:48,cu2404,cu2404,66700.0,0.0,0.0,0.0,2,66550.0,66700.0,1,66700.0,66640.0,0.0,0.0,0.0,0.0,371
2023-05-09 21:02:48,cu2404,cu2404,66700.0,0.0,0.0,0.0,2,66550.0,66690.0,2,66700.0,66640.0,0.0,0.0,0.0,0.0,371
2023-05-09 21:02:49,cu2404,cu2404,66700.0,0.0,0.0,0.0,2,66550.0,66680.0,1,66700.0,66640.0,0.0,0.0,0.0,0.0,371
2023-05-09 21:02:49,cu2404,cu2404,66700.0,0.0,0.0,0.0,2,66550.0,66680.0,2,66700.0,66640.0,0.0,0.0,0.0,0.0,371
2023-05-09 21:02:51,cu2404,cu2404,66700.0,0.0,0.0,0.0,2,66550.0,66680.0,2,66700.0,66640.0,0.0,0.0,0.0,0.0,371
2023-05-09 21:02:52,cu2404,cu2404,66700.0,0.0,0.0,0.0,2,66550.0,66670.0,1,66700.0,66640.0,0.0,0.0,0.0,0.0,371
2023-05-09 21:02:53,cu2404,cu2404,66700.0,0.0,0.0,0.0,5,66550.0,66660.0,1,66700.0,66640.0,0.0,0.0,0.0,0.0,371
2023-05-09 21:02:54,cu2404,cu2404,66700.0,0.0,0.0,0.0,5,66550.0,66710.0,1,66700.0,66640.0,0.0,0.0,0.0,0.0,371
2023-05-09 21:02:54,cu2404,cu2404,66700.0,0.0,0.0,0.0,5,66550.0,66700.0,2,66700.0,66640.0,0.0,0.0,0.0,0.0,371
2023-05-09 21:02:55,cu2404,cu2404,66700.0,0.0,0.0,0.0,5,66550.0,66700.0,4,66700.0,66640.0,0.0,0.0,0.0,0.0,371
2023-05-09 21:02:55,cu2404,cu2404,66700.0,0.0,0.0,0.0,2,66550.0,66700.0,4,66700.0,66640.0,0.0,0.0,0.0,0.0,371
2023-05-09 21:02:56,cu2404,cu2404,66700.0,0.0,0.0,0.0,3,66560.0,66700.0,4,66700.0,66640.0,0.0,0.0,0.0,0.0,371
2023-05-09 21:02:56,cu2404,cu2404,66700.0,0.0,0.0,0.0,1,66570.0,66700.0,3,66700.0,66640.0,0.0,0.0,0.0,0.0,371
2023-05-09 21:02:57,cu2404,cu2404,66700.0,0.0,0.0,0.0,1,66580.0,66680.0,1,66700.0,66640.0,0.0,0.0,0.0,0.0,371
2023-05-09 21:02:57,cu2404,cu2404,66700.0,0.0,0.0,0.0,1,66590.0,66700.0,1,66700.0,66640.0,0.0,0.0,0.0,0.0,371
2023-05-09 21:02:58,cu2404,cu2404,66700.0,0.0,0.0,0.0,1,66590.0,66700.0,2,66700.0,66640.0,0.0,0.0,0.0,0.0,371
2023-05-09 21:02:58,cu2404,cu2404,66700.0,0.0,0.0,0.0,2,66590.0,66700.0,3,66700.0,66640.0,0.0,0.0,0.0,0.0,371
2023-05-09 21:02:59,cu2404,cu2404,66700.0,0.0,0.0,0.0,2,66590.0,66700.0,4,66700.0,66640.0,0.0,0.0,0.0,0.0,371
2023-05-09 21:03:02,cu2404,cu2404,66700.0,0.0,0.0,0.0,2,66590.0,66700.0,3,66700.0,66640.0,0.0,0.0,0.0,0.0,371
2023-05-09 21:03:02,cu2404,cu2404,66700.0,0.0,0.0,0.0,2,66590.0,66700.0,2,66700.0,66640.0,0.0,0.0,0.0,0.0,371
2023-05-09 21:03:03,cu2404,cu2404,66700.0,0.0,0.0,0.0,2,66590.0,66700.0,3,66700.0,66640.0,0.0,0.0,0.0,0.0,371
2023-05-09 21:03:07,cu2404,cu2404,66700.0,0.0,0.0,0.0,2,66590.0,66700.0,2,66700.0,66640.0,0.0,0.0,0.0,0.0,371
2023-05-09 21:03:08,cu2404,cu2404,66700.0,0.0,0.0,0.0,2,66590.0,66700.0,1,66700.0,66640.0,0.0,0.0,0.0,0.0,371
2023-05-09 21:03:08,cu2404,cu2404,66700.0,0.0,0.0,0.0,2,66590.0,66700.0,1,66700.0,66640.0,0.0,0.0,0.0,0.0,371
2023-05-09 21:03:09,cu2404,cu2404,66700.0,0.0,0.0,0.0,2,66590.0,66700.0,1,66700.0,66640.0,0.0,0.0,0.0,0.0,371
2023-05-09 21:03:10,cu2404,cu2404,66700.0,0.0,0.0,0.0,2,66590.0,66700.0,2,66700.0,66640.0,0.0,0.0,0.0,0.0,371
2023-05-09 21:03:11,cu2404,cu2404,66700.0,0.0,0.0,0.0,2,66590.0,66700.0,1,66700.0,66640.0,0.0,0.0,0.0,0.0,371
2023-05-09 21:03:11,cu2404,cu2404,66700.0,0.0,0.0,0.0,2,66590.0,66700.0,1,66700.0,66640.0,0.0,0.0,0.0,0.0,371
2023-05-09 21:03:12,cu2404,cu2404,66700.0,0.0,0.0,0.0,2,66590.0,66700.0,1,66700.0,66640.0,0.0,0.0,0.0,0.0,371
2023-05-09 21:03:12,cu2404,cu2404,66700.0,0.0,0.0,0.0,2,66590.0,66700.0,1,66700.0,66640.0,0.0,0.0,0.0,0.0,371
2023-05-09 21:03:13,cu2404,cu2404,66700.0,0.0,0.0,0.0,2,66590.0,66700.0,1,66700.0,66640.0,0.0,0.0,0.0,0.0,371
2023-05-09 21:03:14,cu2404,cu2404,66700.0,0.0,0.0,0.0,2,66590.0,66700.0,1,66700.0,66640.0,0.0,0.0,0.0,0.0,371
2023-05-09 21:03:15,cu2404,cu2404,66700.0,0.0,0.0,0.0,2,66600.0,66700.0,1,66700.0,66640.0,0.0,0.0,0.0,0.0,371
2023-05-09 21:03:16,cu2404,cu2404,66700.0,0.0,0.0,0.0,1,66600.0,66700.0,1,66700.0,66640.0,0.0,0.0,0.0,0.0,371
2023-05-09 21:03:16,cu2404,cu2404,66700.0,0.0,0.0,0.0,2,66600.0,66700.0,1,66700.0,66640.0,0.0,0.0,0.0,0.0,371
2023-05-09 21:03:17,cu2404,cu2404,66700.0,0.0,0.0,0.0,2,66610.0,66700.0,1,66700.0,66640.0,0.0,0.0,0.0,0.0,371
2023-05-09 21:03:17,cu2404,cu2404,66700.0,0.0,0.0,0.0,1,66490.0,66700.0,1,66700.0,66640.0,0.0,0.0,0.0,0.0,371
2023-05-09 21:03:18,cu2404,cu2404,66700.0,0.0,0.0,0.0,1,66510.0,66700.0,1,66700.0,66640.0,0.0,0.0,0.0,0.0,371
2023-05-09 21:03:18,cu2404,cu2404,66700.0,0.0,0.0,0.0,6,66520.0,66700.0,1,66700.0,66640.0,0.0,0.0,0.0,0.0,371
2023-05-09 21:03:19,cu2404,cu2404,66700.0,0.0,0.0,0.0,6,66520.0,66700.0,1,66700.0,66640.0,0.0,0.0,0.0,0.0,371
2023-05-09 21:03:19,cu2404,cu2404,66700.0,0.0,0.0,0.0,4,66530.0,66700.0,1,66700.0,66640.0,0.0,0.0,0.0,0.0,371
2023-05-09 21:03:20,cu2404,cu2404,66700.0,0.0,0.0,0.0,2,66540.0,66700.0,1,66700.0,66640.0,0.0,0.0,0.0,0.0,371
2023-05-09 21:03:20,cu2404,cu2404,66700.0,0.0,0.0,0.0,2,66540.0,66700.0,1,66700.0,66640.0,0.0,0.0,0.0,0.0,371
2023-05-09 21:03:21,cu2404,cu2404,66700.0,0.0,0.0,0.0,3,66550.0,66700.0,1,66700.0,66640.0,0.0,0.0,0.0,0.0,371
2023-05-09 21:03:21,cu2404,cu2404,66700.0,0.0,0.0,0.0,2,66580.0,66700.0,1,66700.0,66640.0,0.0,0.0,0.0,0.0,371
2023-05-09 21:03:22,cu2404,cu2404,66700.0,0.0,0.0,0.0,2,66590.0,66700.0,1,66700.0,66640.0,0.0,0.0,0.0,0.0,371
2023-05-09 21:03:23,cu2404,cu2404,66700.0,0.0,0.0,0.0,2,66590.0,66700.0,1,66700.0,66640.0,0.0,0.0,0.0,0.0,371
2023-05-09 21:03:24,cu2404,cu2404,66700.0,0.0,0.0,0.0,2,66590.0,66700.0,2,66700.0,66640.0,0.0,0.0,0.0,0.0,371
2023-05-09 21:03:25,cu2404,cu2404,66700.0,0.0,0.0,0.0,2,66590.0,66700.0,4,66700.0,66640.0,0.0,0.0,0.0,0.0,371
2023-05-09 21:03:26,cu2404,cu2404,66700.0,0.0,0.0,0.0,2,66590.0,66700.0,3,66700.0,66640.0,0.0,0.0,0.0,0.0,371
2023-05-09 21:03:28,cu2404,cu2404,66700.0,0.0,0.0,0.0,2,66590.0,66700.0,4,66700.0,66640.0,0.0,0.0,0.0,0.0,371
2023-05-09 21:03:28,cu2404,cu2404,66700.0,0.0,0.0,0.0,2,66590.0,66700.0,3,66700.0,66640.0,0.0,0.0,0.0,0.0,371
2023-05-09 21:03:29,cu2404,cu2404,66700.0,0.0,0.0,0.0,1,66590.0,66700.0,3,66700.0,66640.0,0.0,0.0,0.0,0.0,371
2023-05-09 21:03:30,cu2404,cu2404,66700.0,0.0,0.0,0.0,1,66590.0,66700.0,4,66700.0,66640.0,0.0,0.0,0.0,0.0,371
2023-05-09 21:03:31,cu2404,cu2404,66700.0,0.0,0.0,0.0,1,66590.0,66700.0,4,66700.0,66640.0,0.0,0.0,0.0,0.0,371
2023-05-09 21:03:32,cu2404,cu2404,66700.0,0.0,0.0,0.0,1,66490.0,66700.0,4,66700.0,66640.0,0.0,0.0,0.0,0.0,371
2023-05-09 21:03:32,cu2404,cu2404,66700.0,0.0,0.0,0.0,12,66500.0,66700.0,4,66700.0,66640.0,0.0,0.0,0.0,0.0,371
2023-05-09 21:03:33,cu2404,cu2404,66700.0,0.0,0.0,0.0,15,66500.0,66700.0,4,66700.0,66640.0,0.0,0.0,0.0,0.0,371
2023-05-09 21:03:33,cu2404,cu2404,66700.0,0.0,0.0,0.0,15,66500.0,66690.0,1,66700.0,66640.0,0.0,0.0,0.0,0.0,371
2023-05-09 21:03:34,cu2404,cu2404,66700.0,0.0,0.0,0.0,15,66500.0,66680.0,1,66700.0,66640.0,0.0,0.0,0.0,0.0,371
2023-05-09 21:03:34,cu2404,cu2404,66700.0,0.0,0.0,0.0,15,66500.0,66680.0,1,66700.0,66640.0,0.0,0.0,0.0,0.0,371
2023-05-09 21:03:38,cu2404,cu2404,66700.0,0.0,0.0,0.0,15,66500.0,66680.0,1,66700.0,66640.0,0.0,0.0,0.0,0.0,371
2023-05-09 21:03:38,cu2404,cu2404,66700.0,0.0,0.0,0.0,15,66500.0,66700.0,1,66700.0,66640.0,0.0,0.0,0.0,0.0,371
2023-05-09 21:03:39,cu2404,cu2404,66700.0,0.0,0.0,0.0,15,66500.0,66690.0,1,66700.0,66640.0,0.0,0.0,0.0,0.0,371
2023-05-09 21:03:39,cu2404,cu2404,66700.0,0.0,0.0,0.0,15,66500.0,66680.0,1,66700.0,66640.0,0.0,0.0,0.0,0.0,371
2023-05-09 21:03:40,cu2404,cu2404,66700.0,0.0,0.0,0.0,15,66500.0,66680.0,1,66700.0,66640.0,0.0,0.0,0.0,0.0,371
2023-05-09 21:03:40,cu2404,cu2404,66700.0,0.0,0.0,0.0,15,66500.0,66700.0,1,66700.0,66640.0,0.0,0.0,0.0,0.0,371
2023-05-09 21:03:41,cu2404,cu2404,66700.0,0.0,0.0,0.0,15,66500.0,66690.0,3,66700.0,66640.0,0.0,0.0,0.0,0.0,371
2023-05-09 21:03:42,cu2404,cu2404,66700.0,0.0,0.0,0.0,15,66500.0,66690.0,2,66700.0,66640.0,0.0,0.0,0.0,0.0,371
2023-05-09 21:03:43,cu2404,cu2404,66700.0,0.0,0.0,0.0,15,66500.0,66690.0,2,66700.0,66640.0,0.0,0.0,0.0,0.0,371
2023-05-09 21:03:43,cu2404,cu2404,66700.0,0.0,0.0,0.0,15,66500.0,66690.0,3,66700.0,66640.0,0.0,0.0,0.0,0.0,371
2023-05-09 21:03:44,cu2404,cu2404,66700.0,0.0,0.0,0.0,15,66500.0,66690.0,4,66700.0,66640.0,0.0,0.0,0.0,0.0,371
2023-05-09 21:03:45,cu2404,cu2404,66700.0,0.0,0.0,0.0,15,66500.0,66690.0,3,66700.0,66640.0,0.0,0.0,0.0,0.0,371
2023-05-09 21:03:45,cu2404,cu2404,66700.0,0.0,0.0,0.0,15,66500.0,66690.0,3,66700.0,66640.0,0.0,0.0,0.0,0.0,371
2023-05-09 21:03:46,cu2404,cu2404,66700.0,0.0,0.0,0.0,15,66500.0,66690.0,4,66700.0,66640.0,0.0,0.0,0.0,0.0,371
2023-05-09 21:03:47,cu2404,cu2404,66700.0,0.0,0.0,0.0,15,66500.0,66690.0,4,66700.0,66640.0,0.0,0.0,0.0,0.0,371
2023-05-09 21:03:48,cu2404,cu2404,66700.0,0.0,0.0,0.0,15,66500.0,66690.0,4,66700.0,66640.0,0.0,0.0,0.0,0.0,371
2023-05-09 21:03:48,cu2404,cu2404,66700.0,0.0,0.0,0.0,15,66500.0,66690.0,3,66700.0,66640.0,0.0,0.0,0.0,0.0,371
2023-05-09 21:03:49,cu2404,cu2404,66700.0,0.0,0.0,0.0,15,66500.0,66690.0,3,66700.0,66640.0,0.0,0.0,0.0,0.0,371
2023-05-09 21:03:49,cu2404,cu2404,66700.0,0.0,0.0,0.0,15,66500.0,66690.0,4,66700.0,66640.0,0.0,0.0,0.0,0.0,371
2023-05-09 21:03:50,cu2404,cu2404,66700.0,0.0,0.0,0.0,13,66500.0,66690.0,3,66700.0,66640.0,0.0,0.0,0.0,0.0,371
2023-05-09 21:03:51,cu2404,cu2404,66700.0,0.0,0.0,0.0,2,66510.0,66690.0,3,66700.0,66640.0,0.0,0.0,0.0,0.0,371
2023-05-09 21:03:52,cu2404,cu2404,66700.0,0.0,0.0,0.0,2,66520.0,66690.0,3,66700.0,66640.0,0.0,0.0,0.0,0.0,371
2023-05-09 21:03:52,cu2404,cu2404,66700.0,0.0,0.0,0.0,5,66530.0,66690.0,3,66700.0,66640.0,0.0,0.0,0.0,0.0,371
2023-05-09 21:03:53,cu2404,cu2404,66700.0,0.0,0.0,0.0,1,66540.0,66690.0,3,66700.0,66640.0,0.0,0.0,0.0,0.0,371
2023-05-09 21:03:53,cu2404,cu2404,66700.0,0.0,0.0,0.0,1,66540.0,66690.0,4,66700.0,66640.0,0.0,0.0,0.0,0.0,371
2023-05-09 21:03:54,cu2404,cu2404,66700.0,0.0,0.0,0.0,3,66550.0,66690.0,3,66700.0,66640.0,0.0,0.0,0.0,0.0,371
2023-05-09 21:03:54,cu2404,cu2404,66700.0,0.0,0.0,0.0,1,66560.0,66690.0,3,66700.0,66640.0,0.0,0.0,0.0,0.0,371
2023-05-09 21:03:55,cu2404,cu2404,66700.0,0.0,0.0,0.0,1,66560.0,66690.0,3,66700.0,66640.0,0.0,0.0,0.0,0.0,371
2023-05-09 21:03:55,cu2404,cu2404,66700.0,0.0,0.0,0.0,2,66560.0,66690.0,3,66700.0,66640.0,0.0,0.0,0.0,0.0,371
2023-05-09 21:03:56,cu2404,cu2404,66700.0,0.0,0.0,0.0,2,66560.0,66690.0,2,66700.0,66640.0,0.0,0.0,0.0,0.0,371
2023-05-09 21:03:56,cu2404,cu2404,66700.0,0.0,0.0,0.0,2,66560.0,66680.0,1,66700.0,66640.0,0.0,0.0,0.0,0.0,371
2023-05-09 21:03:57,cu2404,cu2404,66700.0,0.0,0.0,0.0,2,66560.0,66670.0,2,66700.0,66640.0,0.0,0.0,0.0,0.0,371
2023-05-09 21:03:59,cu2404,cu2404,66700.0,0.0,0.0,0.0,2,66560.0,66670.0,2,66700.0,66640.0,0.0,0.0,0.0,0.0,371
2023-05-09 21:04:02,cu2404,cu2404,66700.0,0.0,0.0,0.0,2,66560.0,66670.0,2,66700.0,66640.0,0.0,0.0,0.0,0.0,371
2023-05-09 21:04:03,cu2404,cu2404,66700.0,0.0,0.0,0.0,2,66560.0,66670.0,2,66700.0,66640.0,0.0,0.0,0.0,0.0,371
2023-05-09 21:04:03,cu2404,cu2404,66700.0,0.0,0.0,0.0,2,66560.0,66670.0,2,66700.0,66640.0,0.0,0.0,0.0,0.0,371
2023-05-09 21:04:04,cu2404,cu2404,66700.0,0.0,0.0,0.0,2,66560.0,66670.0,1,66700.0,66640.0,0.0,0.0,0.0,0.0,371
2023-05-09 21:04:04,cu2404,cu2404,66700.0,0.0,0.0,0.0,2,66560.0,66700.0,1,66700.0,66640.0,0.0,0.0,0.0,0.0,371
2023-05-09 21:04:05,cu2404,cu2404,66700.0,0.0,0.0,0.0,2,66560.0,66690.0,1,66700.0,66640.0,0.0,0.0,0.0,0.0,371
2023-05-09 21:04:05,cu2404,cu2404,66700.0,0.0,0.0,0.0,2,66560.0,66670.0,1,66700.0,66640.0,0.0,0.0,0.0,0.0,371
2023-05-09 21:04:06,cu2404,cu2404,66700.0,0.0,0.0,0.0,2,66560.0,66660.0,1,66700.0,66640.0,0.0,0.0,0.0,0.0,371
2023-05-09 21:04:06,cu2404,cu2404,66700.0,0.0,0.0,0.0,2,66560.0,66660.0,1,66700.0,66640.0,0.0,0.0,0.0,0.0,371
2023-05-09 21:04:07,cu2404,cu2404,66700.0,0.0,0.0,0.0,2,66560.0,66660.0,1,66700.0,66640.0,0.0,0.0,0.0,0.0,371
2023-05-09 21:04:07,cu2404,cu2404,66700.0,0.0,0.0,0.0,2,66560.0,66660.0,1,66700.0,66640.0,0.0,0.0,0.0,0.0,371
2023-05-09 21:04:08,cu2404,cu2404,66700.0,0.0,0.0,0.0,2,66560.0,66670.0,1,66700.0,66640.0,0.0,0.0,0.0,0.0,371
2023-05-09 21:04:08,cu2404,cu2404,66700.0,0.0,0.0,0.0,1,66560.0,66650.0,1,66700.0,66640.0,0.0,0.0,0.0,0.0,371
2023-05-09 21:04:09,cu2404,cu2404,66700.0,0.0,0.0,0.0,1,66560.0,66650.0,1,66700.0,66640.0,0.0,0.0,0.0,0.0,371
2023-05-09 21:04:09,cu2404,cu2404,66700.0,0.0,0.0,0.0,1,66560.0,66650.0,1,66700.0,66640.0,0.0,0.0,0.0,0.0,371
2023-05-09 21:04:10,cu2404,cu2404,66700.0,0.0,0.0,0.0,1,66560.0,66650.0,1,66700.0,66640.0,0.0,0.0,0.0,0.0,371
2023-05-09 21:04:10,cu2404,cu2404,66700.0,0.0,0.0,0.0,1,66560.0,66650.0,1,66700.0,66640.0,0.0,0.0,0.0,0.0,371
2023-05-09 21:04:11,cu2404,cu2404,66700.0,0.0,0.0,0.0,1,66560.0,66650.0,1,66700.0,66640.0,0.0,0.0,0.0,0.0,371
2023-05-09 21:04:11,cu2404,cu2404,66700.0,0.0,0.0,0.0,1,66560.0,66650.0,1,66700.0,66640.0,0.0,0.0,0.0,0.0,371
2023-05-09 21:04:12,cu2404,cu2404,66700.0,0.0,0.0,0.0,1,66560.0,66640.0,1,66700.0,66640.0,0.0,0.0,0.0,0.0,371
2023-05-09 21:04:12,cu2404,cu2404,66700.0,0.0,0.0,0.0,1,66560.0,66640.0,1,66700.0,66640.0,0.0,0.0,0.0,0.0,371
2023-05-09 21:04:13,cu2404,cu2404,66700.0,0.0,0.0,0.0,1,66560.0,66640.0,1,66700.0,66640.0,0.0,0.0,0.0,0.0,371
2023-05-09 21:04:13,cu2404,cu2404,66700.0,0.0,0.0,0.0,1,66560.0,66700.0,1,66700.0,66640.0,0.0,0.0,0.0,0.0,371
2023-05-09 21:04:14,cu2404,cu2404,66700.0,0.0,0.0,0.0,1,66560.0,66680.0,1,66700.0,66640.0,0.0,0.0,0.0,0.0,371
2023-05-09 21:04:14,cu2404,cu2404,66700.0,0.0,0.0,0.0,1,66560.0,66670.0,1,66700.0,66640.0,0.0,0.0,0.0,0.0,371
2023-05-09 21:04:15,cu2404,cu2404,66700.0,0.0,0.0,0.0,1,66560.0,66660.0,1,66700.0,66640.0,0.0,0.0,0.0,0.0,371
2023-05-09 21:04:15,cu2404,cu2404,66700.0,0.0,0.0,0.0,1,66560.0,66650.0,1,66700.0,66640.0,0.0,0.0,0.0,0.0,371
2023-05-09 21:04:16,cu2404,cu2404,66700.0,0.0,0.0,0.0,1,66560.0,66650.0,1,66700.0,66640.0,0.0,0.0,0.0,0.0,371
2023-05-09 21:04:16,cu2404,cu2404,66700.0,0.0,0.0,0.0,1,66560.0,66650.0,1,66700.0,66640.0,0.0,0.0,0.0,0.0,371
2023-05-09 21:04:19,cu2404,cu2404,66700.0,0.0,0.0,0.0,1,66560.0,66650.0,1,66700.0,66640.0,0.0,0.0,0.0,0.0,371
2023-05-09 21:04:20,cu2404,cu2404,66700.0,0.0,0.0,0.0,1,66490.0,66640.0,1,66700.0,66640.0,0.0,0.0,0.0,0.0,371
2023-05-09 21:04:20,cu2404,cu2404,66700.0,0.0,0.0,0.0,5,66500.0,66660.0,1,66700.0,66640.0,0.0,0.0,0.0,0.0,371
2023-05-09 21:04:21,cu2404,cu2404,66700.0,0.0,0.0,0.0,8,66500.0,66640.0,1,66700.0,66640.0,0.0,0.0,0.0,0.0,371
2023-05-09 21:04:21,cu2404,cu2404,66700.0,0.0,0.0,0.0,8,66500.0,66640.0,1,66700.0,66640.0,0.0,0.0,0.0,0.0,371
2023-05-09 21:04:22,cu2404,cu2404,66700.0,0.0,0.0,0.0,8,66500.0,66640.0,1,66700.0,66640.0,0.0,0.0,0.0,0.0,371
2023-05-09 21:04:22,cu2404,cu2404,66700.0,0.0,0.0,0.0,8,66500.0,66630.0,1,66700.0,66640.0,0.0,0.0,0.0,0.0,371
2023-05-09 21:04:23,cu2404,cu2404,66700.0,0.0,0.0,0.0,8,66500.0,66630.0,1,66700.0,66640.0,0.0,0.0,0.0,0.0,371
2023-05-09 21:04:23,cu2404,cu2404,66700.0,0.0,0.0,0.0,8,66500.0,66650.0,1,66700.0,66640.0,0.0,0.0,0.0,0.0,371
2023-05-09 21:04:24,cu2404,cu2404,66700.0,0.0,0.0,0.0,8,66500.0,66640.0,1,66700.0,66640.0,0.0,0.0,0.0,0.0,371
2023-05-09 21:04:24,cu2404,cu2404,66700.0,0.0,0.0,0.0,8,66500.0,66640.0,1,66700.0,66640.0,0.0,0.0,0.0,0.0,371
2023-05-09 21:04:26,cu2404,cu2404,66700.0,0.0,0.0,0.0,8,66500.0,66640.0,1,66700.0,66640.0,0.0,0.0,0.0,0.0,371
2023-05-09 21:04:26,cu2404,cu2404,66700.0,0.0,0.0,0.0,8,66500.0,66640.0,1,66700.0,66640.0,0.0,0.0,0.0,0.0,371
2023-05-09 21:04:27,cu2404,cu2404,66700.0,0.0,0.0,0.0,8,66500.0,66640.0,1,66700.0,66640.0,0.0,0.0,0.0,0.0,371
2023-05-09 21:04:28,cu2404,cu2404,66700.0,0.0,0.0,0.0,8,66500.0,66640.0,1,66700.0,66640.0,0.0,0.0,0.0,0.0,371
2023-05-09 21:04:29,cu2404,cu2404,66700.0,0.0,0.0,0.0,8,66500.0,66640.0,1,66700.0,66640.0,0.0,0.0,0.0,0.0,371
2023-05-09 21:04:31,cu2404,cu2404,66700.0,0.0,0.0,0.0,8,66500.0,66710.0,1,66700.0,66640.0,0.0,0.0,0.0,0.0,371
2023-05-09 21:04:31,cu2404,cu2404,66700.0,0.0,0.0,0.0,8,66500.0,66650.0,1,66700.0,66640.0,0.0,0.0,0.0,0.0,371
2023-05-09 21:04:32,cu2404,cu2404,66700.0,0.0,0.0,0.0,8,66500.0,66650.0,2,66700.0,66640.0,0.0,0.0,0.0,0.0,371
2023-05-09 21:04:32,cu2404,cu2404,66700.0,0.0,0.0,0.0,8,66500.0,66650.0,1,66700.0,66640.0,0.0,0.0,0.0,0.0,371
2023-05-09 21:04:33,cu2404,cu2404,66700.0,0.0,0.0,0.0,2,66510.0,66700.0,3,66700.0,66640.0,0.0,0.0,0.0,0.0,371
2023-05-09 21:04:34,cu2404,cu2404,66700.0,0.0,0.0,0.0,1,66520.0,66680.0,1,66700.0,66640.0,0.0,0.0,0.0,0.0,371
2023-05-09 21:04:34,cu2404,cu2404,66700.0,0.0,0.0,0.0,4,66530.0,66670.0,3,66700.0,66640.0,0.0,0.0,0.0,0.0,371
2023-05-09 21:04:35,cu2404,cu2404,66700.0,0.0,0.0,0.0,1,66540.0,66670.0,3,66700.0,66640.0,0.0,0.0,0.0,0.0,371
2023-05-09 21:04:35,cu2404,cu2404,66700.0,0.0,0.0,0.0,1,66540.0,66670.0,3,66700.0,66640.0,0.0,0.0,0.0,0.0,371
2023-05-09 21:04:36,cu2404,cu2404,66700.0,0.0,0.0,0.0,1,66550.0,66670.0,3,66700.0,66640.0,0.0,0.0,0.0,0.0,371
2023-05-09 21:04:36,cu2404,cu2404,66700.0,0.0,0.0,0.0,1,66560.0,66670.0,3,66700.0,66640.0,0.0,0.0,0.0,0.0,371
2023-05-09 21:04:37,cu2404,cu2404,66700.0,0.0,0.0,0.0,1,66560.0,66670.0,3,66700.0,66640.0,0.0,0.0,0.0,0.0,371
2023-05-09 21:04:37,cu2404,cu2404,66700.0,0.0,0.0,0.0,2,66560.0,66670.0,3,66700.0,66640.0,0.0,0.0,0.0,0.0,371
2023-05-09 21:04:38,cu2404,cu2404,66700.0,0.0,0.0,0.0,2,66560.0,66670.0,3,66700.0,66640.0,0.0,0.0,0.0,0.0,371
2023-05-09 21:04:38,cu2404,cu2404,66700.0,0.0,0.0,0.0,2,66560.0,66670.0,4,66700.0,66640.0,0.0,0.0,0.0,0.0,371
2023-05-09 21:04:39,cu2404,cu2404,66700.0,0.0,0.0,0.0,1,66560.0,66670.0,4,66700.0,66640.0,0.0,0.0,0.0,0.0,371
2023-05-09 21:04:40,cu2404,cu2404,66700.0,0.0,0.0,0.0,1,66560.0,66670.0,4,66700.0,66640.0,0.0,0.0,0.0,0.0,371
2023-05-09 21:04:41,cu2404,cu2404,66700.0,0.0,0.0,0.0,2,66520.0,66670.0,4,66700.0,66640.0,0.0,0.0,0.0,0.0,371
2023-05-09 21:04:41,cu2404,cu2404,66700.0,0.0,0.0,0.0,2,66530.0,66670.0,4,66700.0,66640.0,0.0,0.0,0.0,0.0,371
2023-05-09 21:04:42,cu2404,cu2404,66700.0,0.0,0.0,0.0,2,66530.0,66670.0,6,66700.0,66640.0,0.0,0.0,0.0,0.0,371
2023-05-09 21:04:44,cu2404,cu2404,66700.0,0.0,0.0,0.0,2,66530.0,66670.0,6,66700.0,66640.0,0.0,0.0,0.0,0.0,371
2023-05-09 21:04:46,cu2404,cu2404,66700.0,0.0,0.0,0.0,2,66530.0,66670.0,4,66700.0,66640.0,0.0,0.0,0.0,0.0,371
2023-05-09 21:04:49,cu2404,cu2404,66700.0,0.0,0.0,0.0,2,66530.0,66670.0,6,66700.0,66640.0,0.0,0.0,0.0,0.0,371
2023-05-09 21:04:50,cu2404,cu2404,66700.0,0.0,0.0,0.0,2,66530.0,66670.0,6,66700.0,66640.0,0.0,0.0,0.0,0.0,371
2023-05-09 21:04:51,cu2404,cu2404,66700.0,0.0,0.0,0.0,2,66530.0,66670.0,5,66700.0,66640.0,0.0,0.0,0.0,0.0,371
2023-05-09 21:04:52,cu2404,cu2404,66700.0,0.0,0.0,0.0,2,66530.0,66660.0,2,66700.0,66640.0,0.0,0.0,0.0,0.0,371
2023-05-09 21:04:52,cu2404,cu2404,66700.0,0.0,0.0,0.0,2,66530.0,66640.0,1,66700.0,66640.0,0.0,0.0,0.0,0.0,371
2023-05-09 21:04:53,cu2404,cu2404,66700.0,0.0,0.0,0.0,2,66530.0,66630.0,2,66700.0,66640.0,0.0,0.0,0.0,0.0,371
2023-05-09 21:04:54,cu2404,cu2404,66700.0,0.0,0.0,0.0,2,66530.0,66630.0,2,66700.0,66640.0,0.0,0.0,0.0,0.0,371
2023-05-09 21:04:55,cu2404,cu2404,66700.0,0.0,0.0,0.0,2,66530.0,66630.0,2,66700.0,66640.0,0.0,0.0,0.0,0.0,371
2023-05-09 21:04:55,cu2404,cu2404,66700.0,0.0,0.0,0.0,2,66530.0,66630.0,2,66700.0,66640.0,0.0,0.0,0.0,0.0,371
2023-05-09 21:04:56,cu2404,cu2404,66700.0,0.0,0.0,0.0,2,66530.0,66630.0,2,66700.0,66640.0,0.0,0.0,0.0,0.0,371
2023-05-09 21:04:57,cu2404,cu2404,66700.0,0.0,0.0,0.0,2,66530.0,66630.0,2,66700.0,66640.0,0.0,0.0,0.0,0.0,371
2023-05-09 21:05:01,cu2404,cu2404,66700.0,0.0,0.0,0.0,2,66530.0,66630.0,2,66700.0,66640.0,0.0,0.0,0.0,0.0,371
2023-05-09 21:05:01,cu2404,cu2404,66700.0,0.0,0.0,0.0,2,66530.0,66630.0,1,66700.0,66640.0,0.0,0.0,0.0,0.0,371
2023-05-09 21:05:02,cu2404,cu2404,66700.0,0.0,0.0,0.0,2,66530.0,66640.0,1,66700.0,66640.0,0.0,0.0,0.0,0.0,371
2023-05-09 21:05:02,cu2404,cu2404,66700.0,0.0,0.0,0.0,2,66530.0,66640.0,2,66700.0,66640.0,0.0,0.0,0.0,0.0,371
2023-05-09 21:05:03,cu2404,cu2404,66700.0,0.0,0.0,0.0,2,66530.0,66640.0,2,66700.0,66640.0,0.0,0.0,0.0,0.0,371
2023-05-09 21:05:04,cu2404,cu2404,66700.0,0.0,0.0,0.0,2,66530.0,66640.0,2,66700.0,66640.0,0.0,0.0,0.0,0.0,371
2023-05-09 21:05:04,cu2404,cu2404,66700.0,0.0,0.0,0.0,2,66530.0,66640.0,2,66700.0,66640.0,0.0,0.0,0.0,0.0,371
2023-05-09 21:05:05,cu2404,cu2404,66700.0,0.0,0.0,0.0,2,66530.0,66640.0,2,66700.0,66640.0,0.0,0.0,0.0,0.0,371
2023-05-09 21:05:06,cu2404,cu2404,66700.0,0.0,0.0,0.0,2,66530.0,66640.0,2,66700.0,66640.0,0.0,0.0,0.0,0.0,371
2023-05-09 21:05:06,cu2404,cu2404,66700.0,0.0,0.0,0.0,2,66530.0,66640.0,2,66700.0,66640.0,0.0,0.0,0.0,0.0,371
2023-05-09 21:05:07,cu2404,cu2404,66700.0,0.0,0.0,0.0,2,66530.0,66640.0,1,66700.0,66640.0,0.0,0.0,0.0,0.0,371
2023-05-09 21:05:08,cu2404,cu2404,66700.0,0.0,0.0,0.0,3,66540.0,66640.0,1,66700.0,66640.0,0.0,0.0,0.0,0.0,371
2023-05-09 21:05:08,cu2404,cu2404,66700.0,0.0,0.0,0.0,1,66540.0,66640.0,1,66700.0,66640.0,0.0,0.0,0.0,0.0,371
2023-05-09 21:05:10,cu2404,cu2404,66700.0,0.0,0.0,0.0,1,66540.0,66630.0,1,66700.0,66640.0,0.0,0.0,0.0,0.0,371
2023-05-09 21:05:10,cu2404,cu2404,66700.0,0.0,0.0,0.0,1,66550.0,66710.0,1,66700.0,66640.0,0.0,0.0,0.0,0.0,371
2023-05-09 21:05:11,cu2404,cu2404,66700.0,0.0,0.0,0.0,1,66490.0,66670.0,1,66700.0,66640.0,0.0,0.0,0.0,0.0,371
2023-05-09 21:05:11,cu2404,cu2404,66700.0,0.0,0.0,0.0,2,66500.0,66660.0,2,66700.0,66640.0,0.0,0.0,0.0,0.0,371
2023-05-09 21:05:12,cu2404,cu2404,66700.0,0.0,0.0,0.0,1,66510.0,66660.0,2,66700.0,66640.0,0.0,0.0,0.0,0.0,371
2023-05-09 21:05:12,cu2404,cu2404,66700.0,0.0,0.0,0.0,1,66520.0,66660.0,2,66700.0,66640.0,0.0,0.0,0.0,0.0,371
2023-05-09 21:05:13,cu2404,cu2404,66700.0,0.0,0.0,0.0,1,66530.0,66660.0,2,66700.0,66640.0,0.0,0.0,0.0,0.0,371
2023-05-09 21:05:13,cu2404,cu2404,66700.0,0.0,0.0,0.0,1,66540.0,66640.0,1,66700.0,66640.0,0.0,0.0,0.0,0.0,371
2023-05-09 21:05:14,cu2404,cu2404,66700.0,0.0,0.0,0.0,1,66540.0,66710.0,1,66700.0,66640.0,0.0,0.0,0.0,0.0,371
2023-05-09 21:05:14,cu2404,cu2404,66700.0,0.0,0.0,0.0,1,66550.0,66680.0,1,66700.0,66640.0,0.0,0.0,0.0,0.0,371
2023-05-09 21:05:15,cu2404,cu2404,66700.0,0.0,0.0,0.0,1,66560.0,66670.0,2,66700.0,66640.0,0.0,0.0,0.0,0.0,371
2023-05-09 21:05:15,cu2404,cu2404,66700.0,0.0,0.0,0.0,1,66560.0,66670.0,2,66700.0,66640.0,0.0,0.0,0.0,0.0,371
2023-05-09 21:05:16,cu2404,cu2404,66700.0,0.0,0.0,0.0,2,66560.0,66670.0,2,66700.0,66640.0,0.0,0.0,0.0,0.0,371
2023-05-09 21:05:17,cu2404,cu2404,66700.0,0.0,0.0,0.0,2,66560.0,66670.0,2,66700.0,66640.0,0.0,0.0,0.0,0.0,371
2023-05-09 21:05:17,cu2404,cu2404,66700.0,0.0,0.0,0.0,2,66560.0,66670.0,2,66700.0,66640.0,0.0,0.0,0.0,0.0,371
2023-05-09 21:05:22,cu2404,cu2404,66700.0,0.0,0.0,0.0,2,66560.0,66670.0,1,66700.0,66640.0,0.0,0.0,0.0,0.0,371
2023-05-09 21:05:22,cu2404,cu2404,66700.0,0.0,0.0,0.0,2,66560.0,66670.0,1,66700.0,66640.0,0.0,0.0,0.0,0.0,371
2023-05-09 21:05:23,cu2404,cu2404,66700.0,0.0,0.0,0.0,2,66560.0,66670.0,1,66700.0,66640.0,0.0,0.0,0.0,0.0,371
2023-05-09 21:05:24,cu2404,cu2404,66700.0,0.0,0.0,0.0,5,66560.0,66670.0,1,66700.0,66640.0,0.0,0.0,0.0,0.0,371
2023-05-09 21:05:25,cu2404,cu2404,66700.0,0.0,0.0,0.0,5,66560.0,66710.0,1,66700.0,66640.0,0.0,0.0,0.0,0.0,371
2023-05-09 21:05:26,cu2404,cu2404,66700.0,0.0,0.0,0.0,5,66560.0,66700.0,2,66700.0,66640.0,0.0,0.0,0.0,0.0,371
2023-05-09 21:05:26,cu2404,cu2404,66700.0,0.0,0.0,0.0,3,66570.0,66700.0,2,66700.0,66640.0,0.0,0.0,0.0,0.0,371
2023-05-09 21:05:27,cu2404,cu2404,66700.0,0.0,0.0,0.0,1,66580.0,66680.0,1,66700.0,66640.0,0.0,0.0,0.0,0.0,371
2023-05-09 21:05:27,cu2404,cu2404,66700.0,0.0,0.0,0.0,1,66590.0,66710.0,2,66700.0,66640.0,0.0,0.0,0.0,0.0,371
2023-05-09 21:05:28,cu2404,cu2404,66700.0,0.0,0.0,0.0,2,66590.0,66700.0,2,66700.0,66640.0,0.0,0.0,0.0,0.0,371
2023-05-09 21:05:28,cu2404,cu2404,66700.0,0.0,0.0,0.0,2,66590.0,66700.0,2,66700.0,66640.0,0.0,0.0,0.0,0.0,371
2023-05-09 21:05:29,cu2404,cu2404,66700.0,0.0,0.0,0.0,2,66590.0,66700.0,2,66700.0,66640.0,0.0,0.0,0.0,0.0,371
2023-05-09 21:05:30,cu2404,cu2404,66700.0,0.0,0.0,0.0,2,66590.0,66700.0,2,66700.0,66640.0,0.0,0.0,0.0,0.0,371
2023-05-09 21:05:32,cu2404,cu2404,66700.0,0.0,0.0,0.0,2,66590.0,66700.0,2,66700.0,66640.0,0.0,0.0,0.0,0.0,371
2023-05-09 21:05:33,cu2404,cu2404,66700.0,0.0,0.0,0.0,2,66590.0,66700.0,2,66700.0,66640.0,0.0,0.0,0.0,0.0,371
2023-05-09 21:05:33,cu2404,cu2404,66700.0,0.0,0.0,0.0,1,66590.0,66700.0,2,66700.0,66640.0,0.0,0.0,0.0,0.0,371
2023-05-09 21:05:34,cu2404,cu2404,66700.0,0.0,0.0,0.0,1,66590.0,66700.0,2,66700.0,66640.0,0.0,0.0,0.0,0.0,371
2023-05-09 21:05:34,cu2404,cu2404,66700.0,0.0,0.0,0.0,1,66590.0,66700.0,2,66700.0,66640.0,0.0,0.0,0.0,0.0,371
2023-05-09 21:05:39,cu2404,cu2404,66700.0,0.0,0.0,0.0,1,66590.0,66700.0,3,66700.0,66640.0,0.0,0.0,0.0,0.0,371
2023-05-09 21:05:40,cu2404,cu2404,66700.0,0.0,0.0,0.0,1,66590.0,66700.0,4,66700.0,66640.0,0.0,0.0,0.0,0.0,371
2023-05-09 21:05:40,cu2404,cu2404,66700.0,0.0,0.0,0.0,1,66500.0,66700.0,4,66700.0,66640.0,0.0,0.0,0.0,0.0,371
2023-05-09 21:05:41,cu2404,cu2404,66700.0,0.0,0.0,0.0,2,66510.0,66700.0,3,66700.0,66640.0,0.0,0.0,0.0,0.0,371
2023-05-09 21:05:41,cu2404,cu2404,66700.0,0.0,0.0,0.0,1,66520.0,66700.0,3,66700.0,66640.0,0.0,0.0,0.0,0.0,371
2023-05-09 21:05:42,cu2404,cu2404,66700.0,0.0,0.0,0.0,2,66530.0,66700.0,3,66700.0,66640.0,0.0,0.0,0.0,0.0,371
2023-05-09 21:05:42,cu2404,cu2404,66700.0,0.0,0.0,0.0,3,66530.0,66700.0,3,66700.0,66640.0,0.0,0.0,0.0,0.0,371
2023-05-09 21:05:43,cu2404,cu2404,66700.0,0.0,0.0,0.0,7,66530.0,66700.0,2,66700.0,66640.0,0.0,0.0,0.0,0.0,371
2023-05-09 21:05:43,cu2404,cu2404,66700.0,0.0,0.0,0.0,7,66530.0,66700.0,3,66700.0,66640.0,0.0,0.0,0.0,0.0,371
2023-05-09 21:05:44,cu2404,cu2404,66700.0,0.0,0.0,0.0,7,66530.0,66700.0,3,66700.0,66640.0,0.0,0.0,0.0,0.0,371
2023-05-09 21:05:44,cu2404,cu2404,66700.0,0.0,0.0,0.0,2,66540.0,66700.0,3,66700.0,66640.0,0.0,0.0,0.0,0.0,371
2023-05-09 21:05:45,cu2404,cu2404,66700.0,0.0,0.0,0.0,1,66550.0,66700.0,3,66700.0,66640.0,0.0,0.0,0.0,0.0,371
2023-05-09 21:05:45,cu2404,cu2404,66700.0,0.0,0.0,0.0,1,66560.0,66700.0,3,66700.0,66640.0,0.0,0.0,0.0,0.0,371
2023-05-09 21:05:46,cu2404,cu2404,66700.0,0.0,0.0,0.0,1,66570.0,66700.0,2,66700.0,66640.0,0.0,0.0,0.0,0.0,371
2023-05-09 21:05:46,cu2404,cu2404,66700.0,0.0,0.0,0.0,1,66570.0,66680.0,1,66700.0,66640.0,0.0,0.0,0.0,0.0,371
2023-05-09 21:05:47,cu2404,cu2404,66700.0,0.0,0.0,0.0,1,66580.0,66670.0,1,66700.0,66640.0,0.0,0.0,0.0,0.0,371
2023-05-09 21:05:47,cu2404,cu2404,66700.0,0.0,0.0,0.0,2,66580.0,66670.0,1,66700.0,66640.0,0.0,0.0,0.0,0.0,371
2023-05-09 21:05:48,cu2404,cu2404,66700.0,0.0,0.0,0.0,2,66580.0,66680.0,1,66700.0,66640.0,0.0,0.0,0.0,0.0,371
2023-05-09 21:05:49,cu2404,cu2404,66700.0,0.0,0.0,0.0,2,66580.0,66670.0,1,66700.0,66640.0,0.0,0.0,0.0,0.0,371
2023-05-09 21:05:49,cu2404,cu2404,66700.0,0.0,0.0,0.0,2,66580.0,66670.0,1,66700.0,66640.0,0.0,0.0,0.0,0.0,371
2023-05-09 21:05:50,cu2404,cu2404,66700.0,0.0,0.0,0.0,2,66580.0,66680.0,1,66700.0,66640.0,0.0,0.0,0.0,0.0,371
2023-05-09 21:05:50,cu2404,cu2404,66700.0,0.0,0.0,0.0,2,66580.0,66680.0,2,66700.0,66640.0,0.0,0.0,0.0,0.0,371
2023-05-09 21:05:51,cu2404,cu2404,66700.0,0.0,0.0,0.0,2,66580.0,66680.0,2,66700.0,66640.0,0.0,0.0,0.0,0.0,371
2023-05-09 21:05:53,cu2404,cu2404,66700.0,0.0,0.0,0.0,2,66580.0,66670.0,1,66700.0,66640.0,0.0,0.0,0.0,0.0,371
2023-05-09 21:05:54,cu2404,cu2404,66700.0,0.0,0.0,0.0,2,66580.0,66670.0,1,66700.0,66640.0,0.0,0.0,0.0,0.0,371
2023-05-09 21:05:54,cu2404,cu2404,66700.0,0.0,0.0,0.0,2,66580.0,66700.0,1,66700.0,66640.0,0.0,0.0,0.0,0.0,371
2023-05-09 21:05:55,cu2404,cu2404,66700.0,0.0,0.0,0.0,2,66580.0,66690.0,1,66700.0,66640.0,0.0,0.0,0.0,0.0,371
2023-05-09 21:05:55,cu2404,cu2404,66700.0,0.0,0.0,0.0,2,66580.0,66680.0,1,66700.0,66640.0,0.0,0.0,0.0,0.0,371
2023-05-09 21:05:56,cu2404,cu2404,66700.0,0.0,0.0,0.0,2,66580.0,66680.0,2,66700.0,66640.0,0.0,0.0,0.0,0.0,371
2023-05-09 21:05:57,cu2404,cu2404,66700.0,0.0,0.0,0.0,1,66590.0,66700.0,1,66700.0,66640.0,0.0,0.0,0.0,0.0,371
2023-05-09 21:05:57,cu2404,cu2404,66700.0,0.0,0.0,0.0,1,66590.0,66690.0,1,66700.0,66640.0,0.0,0.0,0.0,0.0,371
2023-05-09 21:05:58,cu2404,cu2404,66700.0,0.0,0.0,0.0,1,66600.0,66690.0,1,66700.0,66640.0,0.0,0.0,0.0,0.0,371
2023-05-09 21:05:58,cu2404,cu2404,66700.0,0.0,0.0,0.0,1,66610.0,66690.0,1,66700.0,66640.0,0.0,0.0,0.0,0.0,371
2023-05-09 21:05:59,cu2404,cu2404,66700.0,0.0,0.0,0.0,1,66610.0,66700.0,1,66700.0,66640.0,0.0,0.0,0.0,0.0,371
2023-05-09 21:05:59,cu2404,cu2404,66700.0,0.0,0.0,0.0,2,66580.0,66700.0,2,66700.0,66640.0,0.0,0.0,0.0,0.0,371
2023-05-09 21:06:00,cu2404,cu2404,66700.0,0.0,0.0,0.0,1,66590.0,66700.0,2,66700.0,66640.0,0.0,0.0,0.0,0.0,371
2023-05-09 21:06:00,cu2404,cu2404,66700.0,0.0,0.0,0.0,1,66600.0,66700.0,2,66700.0,66640.0,0.0,0.0,0.0,0.0,371
2023-05-09 21:06:01,cu2404,cu2404,66700.0,0.0,0.0,0.0,2,66600.0,66700.0,2,66700.0,66640.0,0.0,0.0,0.0,0.0,371
2023-05-09 21:06:01,cu2404,cu2404,66700.0,0.0,0.0,0.0,2,66600.0,66700.0,2,66700.0,66640.0,0.0,0.0,0.0,0.0,371
2023-05-09 21:06:05,cu2404,cu2404,66700.0,0.0,0.0,0.0,2,66600.0,66700.0,2,66700.0,66640.0,0.0,0.0,0.0,0.0,371
2023-05-09 21:06:06,cu2404,cu2404,66700.0,0.0,0.0,0.0,2,66600.0,66700.0,2,66700.0,66640.0,0.0,0.0,0.0,0.0,371
2023-05-09 21:06:07,cu2404,cu2404,66700.0,0.0,0.0,0.0,2,66600.0,66700.0,2,66700.0,66640.0,0.0,0.0,0.0,0.0,371
2023-05-09 21:06:08,cu2404,cu2404,66700.0,0.0,0.0,0.0,1,66600.0,66690.0,1,66700.0,66640.0,0.0,0.0,0.0,0.0,371
2023-05-09 21:06:08,cu2404,cu2404,66700.0,0.0,0.0,0.0,1,66600.0,66680.0,1,66700.0,66640.0,0.0,0.0,0.0,0.0,371
2023-05-09 21:06:09,cu2404,cu2404,66700.0,0.0,0.0,0.0,3,66510.0,66680.0,1,66700.0,66640.0,0.0,0.0,0.0,0.0,371
2023-05-09 21:06:10,cu2404,cu2404,66700.0,0.0,0.0,0.0,5,66520.0,66680.0,1,66700.0,66640.0,0.0,0.0,0.0,0.0,371
2023-05-09 21:06:10,cu2404,cu2404,66700.0,0.0,0.0,0.0,1,66530.0,66680.0,1,66700.0,66640.0,0.0,0.0,0.0,0.0,371
2023-05-09 21:06:11,cu2404,cu2404,66700.0,0.0,0.0,0.0,1,66540.0,66680.0,1,66700.0,66640.0,0.0,0.0,0.0,0.0,371
2023-05-09 21:06:11,cu2404,cu2404,66700.0,0.0,0.0,0.0,1,66540.0,66670.0,1,66700.0,66640.0,0.0,0.0,0.0,0.0,371
2023-05-09 21:06:12,cu2404,cu2404,66700.0,0.0,0.0,0.0,1,66550.0,66670.0,1,66700.0,66640.0,0.0,0.0,0.0,0.0,371
2023-05-09 21:06:12,cu2404,cu2404,66700.0,0.0,0.0,0.0,1,66560.0,66690.0,1,66700.0,66640.0,0.0,0.0,0.0,0.0,371
2023-05-09 21:06:13,cu2404,cu2404,66700.0,0.0,0.0,0.0,1,66560.0,66680.0,1,66700.0,66640.0,0.0,0.0,0.0,0.0,371
2023-05-09 21:06:13,cu2404,cu2404,66700.0,0.0,0.0,0.0,1,66570.0,66680.0,1,66700.0,66640.0,0.0,0.0,0.0,0.0,371
2023-05-09 21:06:14,cu2404,cu2404,66700.0,0.0,0.0,0.0,1,66580.0,66670.0,1,66700.0,66640.0,0.0,0.0,0.0,0.0,371
2023-05-09 21:06:14,cu2404,cu2404,66700.0,0.0,0.0,0.0,1,66580.0,66670.0,1,66700.0,66640.0,0.0,0.0,0.0,0.0,371
2023-05-09 21:06:15,cu2404,cu2404,66700.0,0.0,0.0,0.0,1,66580.0,66680.0,1,66700.0,66640.0,0.0,0.0,0.0,0.0,371
2023-05-09 21:06:15,cu2404,cu2404,66700.0,0.0,0.0,0.0,2,66580.0,66680.0,2,66700.0,66640.0,0.0,0.0,0.0,0.0,371
2023-05-09 21:06:18,cu2404,cu2404,66700.0,0.0,0.0,0.0,2,66580.0,66680.0,3,66700.0,66640.0,0.0,0.0,0.0,0.0,371
2023-05-09 21:06:18,cu2404,cu2404,66700.0,0.0,0.0,0.0,1,66580.0,66670.0,1,66700.0,66640.0,0.0,0.0,0.0,0.0,371
2023-05-09 21:06:19,cu2404,cu2404,66700.0,0.0,0.0,0.0,1,66580.0,66660.0,1,66700.0,66640.0,0.0,0.0,0.0,0.0,371
2023-05-09 21:06:19,cu2404,cu2404,66700.0,0.0,0.0,0.0,1,66580.0,66660.0,1,66700.0,66640.0,0.0,0.0,0.0,0.0,371
2023-05-09 21:06:20,cu2404,cu2404,66700.0,0.0,0.0,0.0,1,66580.0,66670.0,1,66700.0,66640.0,0.0,0.0,0.0,0.0,371
2023-05-09 21:06:21,cu2404,cu2404,66700.0,0.0,0.0,0.0,1,66580.0,66670.0,2,66700.0,66640.0,0.0,0.0,0.0,0.0,371
2023-05-09 21:06:22,cu2404,cu2404,66700.0,0.0,0.0,0.0,1,66500.0,66670.0,2,66700.0,66640.0,0.0,0.0,0.0,0.0,371
2023-05-09 21:06:22,cu2404,cu2404,66700.0,0.0,0.0,0.0,5,66510.0,66670.0,2,66700.0,66640.0,0.0,0.0,0.0,0.0,371
2023-05-09 21:06:23,cu2404,cu2404,66700.0,0.0,0.0,0.0,1,66520.0,66670.0,2,66700.0,66640.0,0.0,0.0,0.0,0.0,371
2023-05-09 21:06:23,cu2404,cu2404,66700.0,0.0,0.0,0.0,1,66530.0,66670.0,2,66700.0,66640.0,0.0,0.0,0.0,0.0,371
2023-05-09 21:06:24,cu2404,cu2404,66700.0,0.0,0.0,0.0,1,66530.0,66670.0,2,66700.0,66640.0,0.0,0.0,0.0,0.0,371
2023-05-09 21:06:24,cu2404,cu2404,66700.0,0.0,0.0,0.0,1,66540.0,66670.0,2,66700.0,66640.0,0.0,0.0,0.0,0.0,371
2023-05-09 21:06:25,cu2404,cu2404,66700.0,0.0,0.0,0.0,1,66550.0,66670.0,2,66700.0,66640.0,0.0,0.0,0.0,0.0,371
2023-05-09 21:06:25,cu2404,cu2404,66700.0,0.0,0.0,0.0,1,66550.0,66670.0,2,66700.0,66640.0,0.0,0.0,0.0,0.0,371
2023-05-09 21:06:26,cu2404,cu2404,66700.0,0.0,0.0,0.0,2,66550.0,66670.0,2,66700.0,66640.0,0.0,0.0,0.0,0.0,371
2023-05-09 21:06:28,cu2404,cu2404,66700.0,0.0,0.0,0.0,2,66550.0,66670.0,2,66700.0,66640.0,0.0,0.0,0.0,0.0,371
2023-05-09 21:06:29,cu2404,cu2404,66700.0,0.0,0.0,0.0,2,66550.0,66670.0,3,66700.0,66640.0,0.0,0.0,0.0,0.0,371
2023-05-09 21:06:30,cu2404,cu2404,66700.0,0.0,0.0,0.0,2,66550.0,66670.0,3,66700.0,66640.0,0.0,0.0,0.0,0.0,371
2023-05-09 21:06:30,cu2404,cu2404,66700.0,0.0,0.0,0.0,2,66550.0,66670.0,3,66700.0,66640.0,0.0,0.0,0.0,0.0,371
2023-05-09 21:06:31,cu2404,cu2404,66700.0,0.0,0.0,0.0,2,66550.0,66660.0,1,66700.0,66640.0,0.0,0.0,0.0,0.0,371
2023-05-09 21:06:32,cu2404,cu2404,66700.0,0.0,0.0,0.0,2,66550.0,66650.0,1,66700.0,66640.0,0.0,0.0,0.0,0.0,371
2023-05-09 21:06:33,cu2404,cu2404,66700.0,0.0,0.0,0.0,2,66550.0,66660.0,1,66700.0,66640.0,0.0,0.0,0.0,0.0,371
2023-05-09 21:06:33,cu2404,cu2404,66700.0,0.0,0.0,0.0,2,66550.0,66660.0,2,66700.0,66640.0,0.0,0.0,0.0,0.0,371
2023-05-09 21:06:34,cu2404,cu2404,66700.0,0.0,0.0,0.0,2,66550.0,66660.0,2,66700.0,66640.0,0.0,0.0,0.0,0.0,371
2023-05-09 21:06:35,cu2404,cu2404,66700.0,0.0,0.0,0.0,2,66550.0,66660.0,2,66700.0,66640.0,0.0,0.0,0.0,0.0,371
2023-05-09 21:06:41,cu2404,cu2404,66700.0,0.0,0.0,0.0,5,66550.0,66660.0,2,66700.0,66640.0,0.0,0.0,0.0,0.0,371
2023-05-09 21:06:42,cu2404,cu2404,66700.0,0.0,0.0,0.0,5,66550.0,66660.0,1,66700.0,66640.0,0.0,0.0,0.0,0.0,371
2023-05-09 21:06:43,cu2404,cu2404,66700.0,0.0,0.0,0.0,5,66550.0,66700.0,1,66700.0,66640.0,0.0,0.0,0.0,0.0,371
2023-05-09 21:06:43,cu2404,cu2404,66700.0,0.0,0.0,0.0,5,66550.0,66690.0,2,66700.0,66640.0,0.0,0.0,0.0,0.0,371
2023-05-09 21:06:44,cu2404,cu2404,66700.0,0.0,0.0,0.0,5,66550.0,66690.0,2,66700.0,66640.0,0.0,0.0,0.0,0.0,371
2023-05-09 21:06:44,cu2404,cu2404,66700.0,0.0,0.0,0.0,5,66550.0,66680.0,1,66700.0,66640.0,0.0,0.0,0.0,0.0,371
2023-05-09 21:06:45,cu2404,cu2404,66700.0,0.0,0.0,0.0,5,66550.0,66670.0,1,66700.0,66640.0,0.0,0.0,0.0,0.0,371
2023-05-09 21:06:46,cu2404,cu2404,66700.0,0.0,0.0,0.0,5,66550.0,66660.0,1,66700.0,66640.0,0.0,0.0,0.0,0.0,371
2023-05-09 21:06:46,cu2404,cu2404,66700.0,0.0,0.0,0.0,5,66550.0,66680.0,1,66700.0,66640.0,0.0,0.0,0.0,0.0,371
2023-05-09 21:06:47,cu2404,cu2404,66700.0,0.0,0.0,0.0,5,66550.0,66670.0,1,66700.0,66640.0,0.0,0.0,0.0,0.0,371
2023-05-09 21:06:47,cu2404,cu2404,66700.0,0.0,0.0,0.0,5,66550.0,66660.0,1,66700.0,66640.0,0.0,0.0,0.0,0.0,371
2023-05-09 21:06:48,cu2404,cu2404,66700.0,0.0,0.0,0.0,5,66550.0,66660.0,2,66700.0,66640.0,0.0,0.0,0.0,0.0,371
2023-05-09 21:06:50,cu2404,cu2404,66700.0,0.0,0.0,0.0,5,66550.0,66660.0,2,66700.0,66640.0,0.0,0.0,0.0,0.0,371
2023-05-09 21:06:50,cu2404,cu2404,66700.0,0.0,0.0,0.0,5,66550.0,66660.0,2,66700.0,66640.0,0.0,0.0,0.0,0.0,371
2023-05-09 21:07:01,cu2404,cu2404,66700.0,0.0,0.0,0.0,5,66550.0,66660.0,2,66700.0,66640.0,0.0,0.0,0.0,0.0,371
2023-05-09 21:07:01,cu2404,cu2404,66700.0,0.0,0.0,0.0,2,66550.0,66660.0,2,66700.0,66640.0,0.0,0.0,0.0,0.0,371
2023-05-09 21:07:02,cu2404,cu2404,66700.0,0.0,0.0,0.0,2,66550.0,66660.0,2,66700.0,66640.0,0.0,0.0,0.0,0.0,371
2023-05-09 21:07:02,cu2404,cu2404,66700.0,0.0,0.0,0.0,2,66550.0,66650.0,1,66700.0,66640.0,0.0,0.0,0.0,0.0,371
2023-05-09 21:07:03,cu2404,cu2404,66700.0,0.0,0.0,0.0,2,66550.0,66640.0,1,66700.0,66640.0,0.0,0.0,0.0,0.0,371
2023-05-09 21:07:03,cu2404,cu2404,66700.0,0.0,0.0,0.0,2,66550.0,66640.0,1,66700.0,66640.0,0.0,0.0,0.0,0.0,371
2023-05-09 21:07:04,cu2404,cu2404,66700.0,0.0,0.0,0.0,2,66550.0,66660.0,1,66700.0,66640.0,0.0,0.0,0.0,0.0,371
2023-05-09 21:07:04,cu2404,cu2404,66700.0,0.0,0.0,0.0,2,66550.0,66650.0,1,66700.0,66640.0,0.0,0.0,0.0,0.0,371
2023-05-09 21:07:05,cu2404,cu2404,66700.0,0.0,0.0,0.0,2,66550.0,66650.0,1,66700.0,66640.0,0.0,0.0,0.0,0.0,371
2023-05-09 21:07:07,cu2404,cu2404,66700.0,0.0,0.0,0.0,2,66550.0,66650.0,1,66700.0,66640.0,0.0,0.0,0.0,0.0,371
2023-05-09 21:07:07,cu2404,cu2404,66700.0,0.0,0.0,0.0,2,66550.0,66650.0,1,66700.0,66640.0,0.0,0.0,0.0,0.0,371
2023-05-09 21:07:08,cu2404,cu2404,66700.0,0.0,0.0,0.0,2,66550.0,66650.0,1,66700.0,66640.0,0.0,0.0,0.0,0.0,371
2023-05-09 21:07:09,cu2404,cu2404,66700.0,0.0,0.0,0.0,2,66550.0,66640.0,1,66700.0,66640.0,0.0,0.0,0.0,0.0,371
2023-05-09 21:07:09,cu2404,cu2404,66700.0,0.0,0.0,0.0,2,66550.0,66640.0,1,66700.0,66640.0,0.0,0.0,0.0,0.0,371
2023-05-09 21:07:10,cu2404,cu2404,66700.0,0.0,0.0,0.0,2,66550.0,66660.0,1,66700.0,66640.0,0.0,0.0,0.0,0.0,371
2023-05-09 21:07:11,cu2404,cu2404,66700.0,0.0,0.0,0.0,2,66550.0,66650.0,1,66700.0,66640.0,0.0,0.0,0.0,0.0,371
2023-05-09 21:07:11,cu2404,cu2404,66700.0,0.0,0.0,0.0,1,66550.0,66640.0,1,66700.0,66640.0,0.0,0.0,0.0,0.0,371
2023-05-09 21:07:12,cu2404,cu2404,66700.0,0.0,0.0,0.0,1,66550.0,66640.0,2,66700.0,66640.0,0.0,0.0,0.0,0.0,371
2023-05-09 21:07:18,cu2404,cu2404,66700.0,0.0,0.0,0.0,1,66550.0,66640.0,2,66700.0,66640.0,0.0,0.0,0.0,0.0,371
2023-05-09 21:07:18,cu2404,cu2404,66700.0,0.0,0.0,0.0,1,66550.0,66640.0,2,66700.0,66640.0,0.0,0.0,0.0,0.0,371
2023-05-09 21:07:20,cu2404,cu2404,66700.0,0.0,0.0,0.0,1,66560.0,66640.0,1,66700.0,66640.0,0.0,0.0,0.0,0.0,371
2023-05-09 21:07:20,cu2404,cu2404,66700.0,0.0,0.0,0.0,1,66560.0,66650.0,1,66700.0,66640.0,0.0,0.0,0.0,0.0,371
2023-05-09 21:07:21,cu2404,cu2404,66700.0,0.0,0.0,0.0,2,66560.0,66650.0,2,66700.0,66640.0,0.0,0.0,0.0,0.0,371
2023-05-09 21:07:24,cu2404,cu2404,66700.0,0.0,0.0,0.0,2,66560.0,66650.0,1,66700.0,66640.0,0.0,0.0,0.0,0.0,371
2023-05-09 21:07:25,cu2404,cu2404,66700.0,0.0,0.0,0.0,2,66560.0,66650.0,1,66700.0,66640.0,0.0,0.0,0.0,0.0,371
2023-05-09 21:07:26,cu2404,cu2404,66700.0,0.0,0.0,0.0,2,66560.0,66660.0,1,66700.0,66640.0,0.0,0.0,0.0,0.0,371
2023-05-09 21:07:26,cu2404,cu2404,66700.0,0.0,0.0,0.0,2,66560.0,66660.0,2,66700.0,66640.0,0.0,0.0,0.0,0.0,371
2023-05-09 21:07:29,cu2404,cu2404,66700.0,0.0,0.0,0.0,2,66560.0,66660.0,2,66700.0,66640.0,0.0,0.0,0.0,0.0,371
2023-05-09 21:07:30,cu2404,cu2404,66700.0,0.0,0.0,0.0,2,66560.0,66660.0,2,66700.0,66640.0,0.0,0.0,0.0,0.0,371
2023-05-09 21:07:30,cu2404,cu2404,66700.0,0.0,0.0,0.0,2,66560.0,66660.0,2,66700.0,66640.0,0.0,0.0,0.0,0.0,371
2023-05-09 21:07:31,cu2404,cu2404,66700.0,0.0,0.0,0.0,2,66560.0,66660.0,2,66700.0,66640.0,0.0,0.0,0.0,0.0,371
2023-05-09 21:07:33,cu2404,cu2404,66700.0,0.0,0.0,0.0,2,66560.0,66660.0,2,66700.0,66640.0,0.0,0.0,0.0,0.0,371
2023-05-09 21:07:34,cu2404,cu2404,66700.0,0.0,0.0,0.0,2,66560.0,66660.0,2,66700.0,66640.0,0.0,0.0,0.0,0.0,371
2023-05-09 21:07:37,cu2404,cu2404,66700.0,0.0,0.0,0.0,2,66560.0,66660.0,2,66700.0,66640.0,0.0,0.0,0.0,0.0,371
2023-05-09 21:07:38,cu2404,cu2404,66700.0,0.0,0.0,0.0,2,66560.0,66660.0,2,66700.0,66640.0,0.0,0.0,0.0,0.0,371
2023-05-09 21:07:39,cu2404,cu2404,66700.0,0.0,0.0,0.0,2,66560.0,66660.0,2,66700.0,66640.0,0.0,0.0,0.0,0.0,371
2023-05-09 21:07:39,cu2404,cu2404,66700.0,0.0,0.0,0.0,2,66560.0,66660.0,2,66700.0,66640.0,0.0,0.0,0.0,0.0,371
2023-05-09 21:07:54,cu2404,cu2404,66700.0,0.0,0.0,0.0,2,66560.0,66660.0,2,66700.0,66640.0,0.0,0.0,0.0,0.0,371
2023-05-09 21:07:54,cu2404,cu2404,66700.0,0.0,0.0,0.0,5,66560.0,66660.0,2,66700.0,66640.0,0.0,0.0,0.0,0.0,371
2023-05-09 21:07:56,cu2404,cu2404,66700.0,0.0,0.0,0.0,5,66560.0,66660.0,1,66700.0,66640.0,0.0,0.0,0.0,0.0,371
2023-05-09 21:07:56,cu2404,cu2404,66700.0,0.0,0.0,0.0,5,66560.0,66660.0,1,66700.0,66640.0,0.0,0.0,0.0,0.0,371
2023-05-09 21:07:57,cu2404,cu2404,66700.0,0.0,0.0,0.0,3,66570.0,66700.0,1,66700.0,66640.0,0.0,0.0,0.0,0.0,371
2023-05-09 21:07:57,cu2404,cu2404,66700.0,0.0,0.0,0.0,1,66570.0,66690.0,3,66700.0,66640.0,0.0,0.0,0.0,0.0,371
2023-05-09 21:07:58,cu2404,cu2404,66700.0,0.0,0.0,0.0,2,66570.0,66690.0,3,66700.0,66640.0,0.0,0.0,0.0,0.0,371
2023-05-09 21:07:58,cu2404,cu2404,66700.0,0.0,0.0,0.0,2,66570.0,66680.0,1,66700.0,66640.0,0.0,0.0,0.0,0.0,371
2023-05-09 21:07:59,cu2404,cu2404,66700.0,0.0,0.0,0.0,2,66570.0,66670.0,1,66700.0,66640.0,0.0,0.0,0.0,0.0,371
2023-05-09 21:07:59,cu2404,cu2404,66700.0,0.0,0.0,0.0,2,66570.0,66660.0,1,66700.0,66640.0,0.0,0.0,0.0,0.0,371
2023-05-09 21:08:00,cu2404,cu2404,66700.0,0.0,0.0,0.0,2,66570.0,66670.0,1,66700.0,66640.0,0.0,0.0,0.0,0.0,371
2023-05-09 21:08:00,cu2404,cu2404,66700.0,0.0,0.0,0.0,2,66570.0,66670.0,1,66700.0,66640.0,0.0,0.0,0.0,0.0,371
2023-05-09 21:08:01,cu2404,cu2404,66700.0,0.0,0.0,0.0,2,66570.0,66660.0,1,66700.0,66640.0,0.0,0.0,0.0,0.0,371
2023-05-09 21:08:01,cu2404,cu2404,66700.0,0.0,0.0,0.0,2,66570.0,66660.0,1,66700.0,66640.0,0.0,0.0,0.0,0.0,371
2023-05-09 21:08:02,cu2404,cu2404,66700.0,0.0,0.0,0.0,2,66570.0,66700.0,1,66700.0,66640.0,0.0,0.0,0.0,0.0,371
2023-05-09 21:08:02,cu2404,cu2404,66700.0,0.0,0.0,0.0,2,66570.0,66690.0,2,66700.0,66640.0,0.0,0.0,0.0,0.0,371
2023-05-09 21:08:03,cu2404,cu2404,66700.0,0.0,0.0,0.0,2,66570.0,66680.0,1,66700.0,66640.0,0.0,0.0,0.0,0.0,371
2023-05-09 21:08:03,cu2404,cu2404,66700.0,0.0,0.0,0.0,2,66570.0,66670.0,1,66700.0,66640.0,0.0,0.0,0.0,0.0,371
2023-05-09 21:08:04,cu2404,cu2404,66700.0,0.0,0.0,0.0,2,66570.0,66660.0,1,66700.0,66640.0,0.0,0.0,0.0,0.0,371
2023-05-09 21:08:04,cu2404,cu2404,66700.0,0.0,0.0,0.0,2,66570.0,66660.0,1,66700.0,66640.0,0.0,0.0,0.0,0.0,371
2023-05-09 21:08:05,cu2404,cu2404,66700.0,0.0,0.0,0.0,2,66570.0,66680.0,1,66700.0,66640.0,0.0,0.0,0.0,0.0,371
2023-05-09 21:08:05,cu2404,cu2404,66700.0,0.0,0.0,0.0,1,66580.0,66680.0,2,66700.0,66640.0,0.0,0.0,0.0,0.0,371
2023-05-09 21:08:06,cu2404,cu2404,66700.0,0.0,0.0,0.0,1,66580.0,66680.0,2,66700.0,66640.0,0.0,0.0,0.0,0.0,371
2023-05-09 21:08:06,cu2404,cu2404,66700.0,0.0,0.0,0.0,1,66590.0,66680.0,1,66700.0,66640.0,0.0,0.0,0.0,0.0,371
2023-05-09 21:08:07,cu2404,cu2404,66700.0,0.0,0.0,0.0,2,66590.0,66700.0,1,66700.0,66640.0,0.0,0.0,0.0,0.0,371
2023-05-09 21:08:07,cu2404,cu2404,66700.0,0.0,0.0,0.0,2,66590.0,66690.0,1,66700.0,66640.0,0.0,0.0,0.0,0.0,371
2023-05-09 21:08:08,cu2404,cu2404,66700.0,0.0,0.0,0.0,2,66590.0,66680.0,1,66700.0,66640.0,0.0,0.0,0.0,0.0,371
2023-05-09 21:08:08,cu2404,cu2404,66700.0,0.0,0.0,0.0,2,66590.0,66680.0,1,66700.0,66640.0,0.0,0.0,0.0,0.0,371
2023-05-09 21:08:09,cu2404,cu2404,66700.0,0.0,0.0,0.0,2,66590.0,66680.0,2,66700.0,66640.0,0.0,0.0,0.0,0.0,371
2023-05-09 21:08:09,cu2404,cu2404,66700.0,0.0,0.0,0.0,2,66590.0,66680.0,1,66700.0,66640.0,0.0,0.0,0.0,0.0,371
2023-05-09 21:08:10,cu2404,cu2404,66700.0,0.0,0.0,0.0,2,66590.0,66690.0,1,66700.0,66640.0,0.0,0.0,0.0,0.0,371
2023-05-09 21:08:10,cu2404,cu2404,66700.0,0.0,0.0,0.0,2,66590.0,66690.0,1,66700.0,66640.0,0.0,0.0,0.0,0.0,371
2023-05-09 21:08:11,cu2404,cu2404,66700.0,0.0,0.0,0.0,2,66590.0,66680.0,1,66700.0,66640.0,0.0,0.0,0.0,0.0,371
2023-05-09 21:08:11,cu2404,cu2404,66700.0,0.0,0.0,0.0,2,66590.0,66700.0,1,66700.0,66640.0,0.0,0.0,0.0,0.0,371
2023-05-09 21:08:12,cu2404,cu2404,66700.0,0.0,0.0,0.0,2,66590.0,66690.0,1,66700.0,66640.0,0.0,0.0,0.0,0.0,371
2023-05-09 21:08:13,cu2404,cu2404,66700.0,0.0,0.0,0.0,2,66590.0,66680.0,1,66700.0,66640.0,0.0,0.0,0.0,0.0,371
2023-05-09 21:08:13,cu2404,cu2404,66700.0,0.0,0.0,0.0,2,66590.0,66680.0,1,66700.0,66640.0,0.0,0.0,0.0,0.0,371
2023-05-09 21:08:14,cu2404,cu2404,66700.0,0.0,0.0,0.0,2,66590.0,66710.0,1,66700.0,66640.0,0.0,0.0,0.0,0.0,371
2023-05-09 21:08:14,cu2404,cu2404,66700.0,0.0,0.0,0.0,2,66590.0,66700.0,2,66700.0,66640.0,0.0,0.0,0.0,0.0,371
2023-05-09 21:08:15,cu2404,cu2404,66700.0,0.0,0.0,0.0,2,66600.0,66700.0,2,66700.0,66640.0,0.0,0.0,0.0,0.0,371
2023-05-09 21:08:15,cu2404,cu2404,66700.0,0.0,0.0,0.0,1,66600.0,66700.0,2,66700.0,66640.0,0.0,0.0,0.0,0.0,371
2023-05-09 21:08:16,cu2404,cu2404,66700.0,0.0,0.0,0.0,2,66600.0,66700.0,2,66700.0,66640.0,0.0,0.0,0.0,0.0,371
2023-05-09 21:08:17,cu2404,cu2404,66700.0,0.0,0.0,0.0,2,66600.0,66700.0,1,66700.0,66640.0,0.0,0.0,0.0,0.0,371
2023-05-09 21:08:18,cu2404,cu2404,66700.0,0.0,0.0,0.0,2,66600.0,66700.0,2,66700.0,66640.0,0.0,0.0,0.0,0.0,371
2023-05-09 21:08:18,cu2404,cu2404,66700.0,0.0,0.0,0.0,2,66610.0,66700.0,2,66700.0,66640.0,0.0,0.0,0.0,0.0,371
2023-05-09 21:08:19,cu2404,cu2404,66700.0,0.0,0.0,0.0,1,66500.0,66700.0,2,66700.0,66640.0,0.0,0.0,0.0,0.0,371
2023-05-09 21:08:19,cu2404,cu2404,66700.0,0.0,0.0,0.0,1,66520.0,66700.0,2,66700.0,66640.0,0.0,0.0,0.0,0.0,371
2023-05-09 21:08:20,cu2404,cu2404,66700.0,0.0,0.0,0.0,6,66530.0,66700.0,2,66700.0,66640.0,0.0,0.0,0.0,0.0,371
2023-05-09 21:08:20,cu2404,cu2404,66700.0,0.0,0.0,0.0,6,66530.0,66700.0,2,66700.0,66640.0,0.0,0.0,0.0,0.0,371
2023-05-09 21:08:21,cu2404,cu2404,66700.0,0.0,0.0,0.0,3,66540.0,66700.0,2,66700.0,66640.0,0.0,0.0,0.0,0.0,371
2023-05-09 21:08:21,cu2404,cu2404,66700.0,0.0,0.0,0.0,2,66550.0,66700.0,1,66700.0,66640.0,0.0,0.0,0.0,0.0,371
2023-05-09 21:08:22,cu2404,cu2404,66700.0,0.0,0.0,0.0,1,66560.0,66720.0,1,66700.0,66640.0,0.0,0.0,0.0,0.0,371
2023-05-09 21:08:22,cu2404,cu2404,66700.0,0.0,0.0,0.0,1,66570.0,66710.0,1,66700.0,66640.0,0.0,0.0,0.0,0.0,371
2023-05-09 21:08:23,cu2404,cu2404,66700.0,0.0,0.0,0.0,1,66580.0,66710.0,1,66700.0,66640.0,0.0,0.0,0.0,0.0,371
2023-05-09 21:08:23,cu2404,cu2404,66700.0,0.0,0.0,0.0,2,66590.0,66700.0,1,66700.0,66640.0,0.0,0.0,0.0,0.0,371
2023-05-09 21:08:24,cu2404,cu2404,66700.0,0.0,0.0,0.0,2,66590.0,66700.0,1,66700.0,66640.0,0.0,0.0,0.0,0.0,371
2023-05-09 21:08:24,cu2404,cu2404,66700.0,0.0,0.0,0.0,2,66590.0,66700.0,1,66700.0,66640.0,0.0,0.0,0.0,0.0,371
2023-05-09 21:08:25,cu2404,cu2404,66700.0,0.0,0.0,0.0,2,66590.0,66700.0,1,66700.0,66640.0,0.0,0.0,0.0,0.0,371
2023-05-09 21:08:25,cu2404,cu2404,66700.0,0.0,0.0,0.0,2,66590.0,66700.0,1,66700.0,66640.0,0.0,0.0,0.0,0.0,371
2023-05-09 21:08:26,cu2404,cu2404,66700.0,0.0,0.0,0.0,5,66590.0,66700.0,1,66700.0,66640.0,0.0,0.0,0.0,0.0,371
2023-05-09 21:08:26,cu2404,cu2404,66700.0,0.0,0.0,0.0,5,66590.0,66700.0,1,66700.0,66640.0,0.0,0.0,0.0,0.0,371
2023-05-09 21:08:27,cu2404,cu2404,66700.0,0.0,0.0,0.0,5,66590.0,66700.0,1,66700.0,66640.0,0.0,0.0,0.0,0.0,371
2023-05-09 21:08:29,cu2404,cu2404,66700.0,0.0,0.0,0.0,5,66590.0,66700.0,1,66700.0,66640.0,0.0,0.0,0.0,0.0,371
2023-05-09 21:08:30,cu2404,cu2404,66700.0,0.0,0.0,0.0,5,66590.0,66700.0,1,66700.0,66640.0,0.0,0.0,0.0,0.0,371
2023-05-09 21:08:31,cu2404,cu2404,66700.0,0.0,0.0,0.0,5,66590.0,66700.0,1,66700.0,66640.0,0.0,0.0,0.0,0.0,371
2023-05-09 21:08:31,cu2404,cu2404,66700.0,0.0,0.0,0.0,2,66590.0,66690.0,1,66700.0,66640.0,0.0,0.0,0.0,0.0,371
2023-05-09 21:08:32,cu2404,cu2404,66700.0,0.0,0.0,0.0,2,66590.0,66690.0,2,66700.0,66640.0,0.0,0.0,0.0,0.0,371
2023-05-09 21:08:32,cu2404,cu2404,66700.0,0.0,0.0,0.0,2,66590.0,66690.0,1,66700.0,66640.0,0.0,0.0,0.0,0.0,371
2023-05-09 21:08:33,cu2404,cu2404,66700.0,0.0,0.0,0.0,2,66590.0,66720.0,1,66700.0,66640.0,0.0,0.0,0.0,0.0,371
2023-05-09 21:08:33,cu2404,cu2404,66700.0,0.0,0.0,0.0,2,66590.0,66700.0,1,66700.0,66640.0,0.0,0.0,0.0,0.0,371
2023-05-09 21:08:34,cu2404,cu2404,66700.0,0.0,0.0,0.0,2,66590.0,66690.0,2,66700.0,66640.0,0.0,0.0,0.0,0.0,371
2023-05-09 21:08:36,cu2404,cu2404,66700.0,0.0,0.0,0.0,2,66590.0,66690.0,2,66700.0,66640.0,0.0,0.0,0.0,0.0,371
2023-05-09 21:08:36,cu2404,cu2404,66700.0,0.0,0.0,0.0,2,66590.0,66690.0,1,66700.0,66640.0,0.0,0.0,0.0,0.0,371
2023-05-09 21:08:37,cu2404,cu2404,66700.0,0.0,0.0,0.0,2,66590.0,66690.0,1,66700.0,66640.0,0.0,0.0,0.0,0.0,371
2023-05-09 21:08:38,cu2404,cu2404,66700.0,0.0,0.0,0.0,2,66590.0,66690.0,1,66700.0,66640.0,0.0,0.0,0.0,0.0,371
2023-05-09 21:08:39,cu2404,cu2404,66700.0,0.0,0.0,0.0,2,66590.0,66690.0,1,66700.0,66640.0,0.0,0.0,0.0,0.0,371
2023-05-09 21:08:47,cu2404,cu2404,66700.0,0.0,0.0,0.0,2,66590.0,66690.0,1,66700.0,66640.0,0.0,0.0,0.0,0.0,371
2023-05-09 21:08:48,cu2404,cu2404,66700.0,0.0,0.0,0.0,2,66590.0,66700.0,1,66700.0,66640.0,0.0,0.0,0.0,0.0,371
2023-05-09 21:08:49,cu2404,cu2404,66700.0,0.0,0.0,0.0,2,66590.0,66700.0,2,66700.0,66640.0,0.0,0.0,0.0,0.0,371
2023-05-09 21:08:50,cu2404,cu2404,66700.0,0.0,0.0,0.0,2,66590.0,66690.0,1,66700.0,66640.0,0.0,0.0,0.0,0.0,371
2023-05-09 21:08:51,cu2404,cu2404,66700.0,0.0,0.0,0.0,2,66590.0,66680.0,1,66700.0,66640.0,0.0,0.0,0.0,0.0,371
2023-05-09 21:08:51,cu2404,cu2404,66700.0,0.0,0.0,0.0,2,66590.0,66680.0,1,66700.0,66640.0,0.0,0.0,0.0,0.0,371
2023-05-09 21:08:53,cu2404,cu2404,66700.0,0.0,0.0,0.0,2,66590.0,66680.0,1,66700.0,66640.0,0.0,0.0,0.0,0.0,371
2023-05-09 21:08:54,cu2404,cu2404,66700.0,0.0,0.0,0.0,2,66590.0,66720.0,1,66700.0,66640.0,0.0,0.0,0.0,0.0,371
2023-05-09 21:08:55,cu2404,cu2404,66700.0,0.0,0.0,0.0,2,66590.0,66700.0,1,66700.0,66640.0,0.0,0.0,0.0,0.0,371
2023-05-09 21:08:55,cu2404,cu2404,66700.0,0.0,0.0,0.0,2,66590.0,66690.0,2,66700.0,66640.0,0.0,0.0,0.0,0.0,371
2023-05-09 21:08:56,cu2404,cu2404,66700.0,0.0,0.0,0.0,2,66590.0,66690.0,2,66700.0,66640.0,0.0,0.0,0.0,0.0,371
2023-05-09 21:08:56,cu2404,cu2404,66700.0,0.0,0.0,0.0,2,66590.0,66690.0,2,66700.0,66640.0,0.0,0.0,0.0,0.0,371
2023-05-09 21:09:00,cu2404,cu2404,66700.0,0.0,0.0,0.0,2,66590.0,66690.0,2,66700.0,66640.0,0.0,0.0,0.0,0.0,371
2023-05-09 21:09:01,cu2404,cu2404,66700.0,0.0,0.0,0.0,2,66590.0,66690.0,2,66700.0,66640.0,0.0,0.0,0.0,0.0,371
2023-05-09 21:09:04,cu2404,cu2404,66700.0,0.0,0.0,0.0,2,66590.0,66690.0,2,66700.0,66640.0,0.0,0.0,0.0,0.0,371
2023-05-09 21:09:05,cu2404,cu2404,66700.0,0.0,0.0,0.0,2,66590.0,66690.0,2,66700.0,66640.0,0.0,0.0,0.0,0.0,371
2023-05-09 21:09:08,cu2404,cu2404,66700.0,0.0,0.0,0.0,2,66590.0,66690.0,2,66700.0,66640.0,0.0,0.0,0.0,0.0,371
2023-05-09 21:09:08,cu2404,cu2404,66700.0,0.0,0.0,0.0,1,66590.0,66690.0,2,66700.0,66640.0,0.0,0.0,0.0,0.0,371
2023-05-09 21:09:09,cu2404,cu2404,66700.0,0.0,0.0,0.0,2,66590.0,66690.0,2,66700.0,66640.0,0.0,0.0,0.0,0.0,371
2023-05-09 21:09:09,cu2404,cu2404,66700.0,0.0,0.0,0.0,2,66590.0,66690.0,2,66700.0,66640.0,0.0,0.0,0.0,0.0,371
2023-05-09 21:09:10,cu2404,cu2404,66700.0,0.0,0.0,0.0,2,66590.0,66690.0,2,66700.0,66640.0,0.0,0.0,0.0,0.0,371
2023-05-09 21:09:11,cu2404,cu2404,66700.0,0.0,0.0,0.0,2,66590.0,66690.0,2,66700.0,66640.0,0.0,0.0,0.0,0.0,371
2023-05-09 21:09:12,cu2404,cu2404,66700.0,0.0,0.0,0.0,2,66590.0,66690.0,2,66700.0,66640.0,0.0,0.0,0.0,0.0,371
2023-05-09 21:09:13,cu2404,cu2404,66700.0,0.0,0.0,0.0,2,66590.0,66690.0,2,66700.0,66640.0,0.0,0.0,0.0,0.0,371
2023-05-09 21:09:13,cu2404,cu2404,66700.0,0.0,0.0,0.0,2,66590.0,66690.0,2,66700.0,66640.0,0.0,0.0,0.0,0.0,371
2023-05-09 21:09:14,cu2404,cu2404,66700.0,0.0,0.0,0.0,2,66590.0,66690.0,2,66700.0,66640.0,0.0,0.0,0.0,0.0,371
2023-05-09 21:09:17,cu2404,cu2404,66700.0,0.0,0.0,0.0,2,66590.0,66690.0,2,66700.0,66640.0,0.0,0.0,0.0,0.0,371
2023-05-09 21:09:17,cu2404,cu2404,66700.0,0.0,0.0,0.0,2,66590.0,66690.0,2,66700.0,66640.0,0.0,0.0,0.0,0.0,371
2023-05-09 21:09:18,cu2404,cu2404,66700.0,0.0,0.0,0.0,1,66600.0,66690.0,2,66700.0,66640.0,0.0,0.0,0.0,0.0,371
2023-05-09 21:09:19,cu2404,cu2404,66700.0,0.0,0.0,0.0,1,66600.0,66690.0,2,66700.0,66640.0,0.0,0.0,0.0,0.0,371
2023-05-09 21:09:29,cu2404,cu2404,66700.0,0.0,0.0,0.0,2,66600.0,66690.0,2,66700.0,66640.0,0.0,0.0,0.0,0.0,371
2023-05-09 21:09:32,cu2404,cu2404,66700.0,0.0,0.0,0.0,1,66600.0,66690.0,2,66700.0,66640.0,0.0,0.0,0.0,0.0,371
2023-05-09 21:09:37,cu2404,cu2404,66700.0,0.0,0.0,0.0,2,66600.0,66690.0,2,66700.0,66640.0,0.0,0.0,0.0,0.0,371
2023-05-09 21:09:39,cu2404,cu2404,66700.0,0.0,0.0,0.0,1,66600.0,66690.0,2,66700.0,66640.0,0.0,0.0,0.0,0.0,371
2023-05-09 21:09:44,cu2404,cu2404,66700.0,0.0,0.0,0.0,1,66600.0,66690.0,2,66700.0,66640.0,0.0,0.0,0.0,0.0,371
2023-05-09 21:09:45,cu2404,cu2404,66700.0,0.0,0.0,0.0,1,66600.0,66690.0,2,66700.0,66640.0,0.0,0.0,0.0,0.0,371
2023-05-09 21:09:45,cu2404,cu2404,66700.0,0.0,0.0,0.0,1,66600.0,66690.0,2,66700.0,66640.0,0.0,0.0,0.0,0.0,371
2023-05-09 21:09:46,cu2404,cu2404,66700.0,0.0,0.0,0.0,1,66600.0,66690.0,2,66700.0,66640.0,0.0,0.0,0.0,0.0,371
2023-05-09 21:09:47,cu2404,cu2404,66700.0,0.0,0.0,0.0,1,66600.0,66690.0,2,66700.0,66640.0,0.0,0.0,0.0,0.0,371
2023-05-09 21:09:47,cu2404,cu2404,66700.0,0.0,0.0,0.0,1,66600.0,66690.0,2,66700.0,66640.0,0.0,0.0,0.0,0.0,371
2023-05-09 21:09:48,cu2404,cu2404,66700.0,0.0,0.0,0.0,1,66600.0,66690.0,2,66700.0,66640.0,0.0,0.0,0.0,0.0,371
2023-05-09 21:09:49,cu2404,cu2404,66700.0,0.0,0.0,0.0,1,66600.0,66690.0,2,66700.0,66640.0,0.0,0.0,0.0,0.0,371
2023-05-09 21:09:50,cu2404,cu2404,66700.0,0.0,0.0,0.0,1,66500.0,66690.0,2,66700.0,66640.0,0.0,0.0,0.0,0.0,371
2023-05-09 21:09:51,cu2404,cu2404,66700.0,0.0,0.0,0.0,13,66510.0,66690.0,2,66700.0,66640.0,0.0,0.0,0.0,0.0,371
2023-05-09 21:09:51,cu2404,cu2404,66700.0,0.0,0.0,0.0,1,66520.0,66690.0,2,66700.0,66640.0,0.0,0.0,0.0,0.0,371
2023-05-09 21:09:52,cu2404,cu2404,66700.0,0.0,0.0,0.0,2,66530.0,66690.0,2,66700.0,66640.0,0.0,0.0,0.0,0.0,371
2023-05-09 21:09:52,cu2404,cu2404,66700.0,0.0,0.0,0.0,2,66550.0,66690.0,2,66700.0,66640.0,0.0,0.0,0.0,0.0,371
2023-05-09 21:09:53,cu2404,cu2404,66700.0,0.0,0.0,0.0,3,66560.0,66690.0,2,66700.0,66640.0,0.0,0.0,0.0,0.0,371
2023-05-09 21:09:53,cu2404,cu2404,66700.0,0.0,0.0,0.0,3,66560.0,66690.0,2,66700.0,66640.0,0.0,0.0,0.0,0.0,371
2023-05-09 21:09:54,cu2404,cu2404,66700.0,0.0,0.0,0.0,6,66560.0,66690.0,2,66700.0,66640.0,0.0,0.0,0.0,0.0,371
2023-05-09 21:09:55,cu2404,cu2404,66700.0,0.0,0.0,0.0,5,66560.0,66690.0,2,66700.0,66640.0,0.0,0.0,0.0,0.0,371
2023-05-09 21:10:01,cu2404,cu2404,66700.0,0.0,0.0,0.0,5,66560.0,66690.0,2,66700.0,66640.0,0.0,0.0,0.0,0.0,371
2023-05-09 21:10:01,cu2404,cu2404,66700.0,0.0,0.0,0.0,5,66560.0,66690.0,2,66700.0,66640.0,0.0,0.0,0.0,0.0,371
2023-05-09 21:10:06,cu2404,cu2404,66700.0,0.0,0.0,0.0,5,66560.0,66690.0,1,66700.0,66640.0,0.0,0.0,0.0,0.0,371
2023-05-09 21:10:06,cu2404,cu2404,66700.0,0.0,0.0,0.0,5,66560.0,66700.0,1,66700.0,66640.0,0.0,0.0,0.0,0.0,371
2023-05-09 21:10:07,cu2404,cu2404,66700.0,0.0,0.0,0.0,2,66560.0,66720.0,1,66700.0,66640.0,0.0,0.0,0.0,0.0,371
2023-05-09 21:10:07,cu2404,cu2404,66700.0,0.0,0.0,0.0,3,66570.0,66690.0,2,66700.0,66640.0,0.0,0.0,0.0,0.0,371
2023-05-09 21:10:08,cu2404,cu2404,66700.0,0.0,0.0,0.0,3,66570.0,66690.0,1,66700.0,66640.0,0.0,0.0,0.0,0.0,371
2023-05-09 21:10:08,cu2404,cu2404,66700.0,0.0,0.0,0.0,1,66580.0,66690.0,1,66700.0,66640.0,0.0,0.0,0.0,0.0,371
2023-05-09 21:10:09,cu2404,cu2404,66700.0,0.0,0.0,0.0,1,66580.0,66720.0,1,66700.0,66640.0,0.0,0.0,0.0,0.0,371
2023-05-09 21:10:09,cu2404,cu2404,66700.0,0.0,0.0,0.0,3,66590.0,66720.0,2,66700.0,66640.0,0.0,0.0,0.0,0.0,371
2023-05-09 21:10:10,cu2404,cu2404,66700.0,0.0,0.0,0.0,1,66560.0,66700.0,1,66700.0,66640.0,0.0,0.0,0.0,0.0,371
2023-05-09 21:10:10,cu2404,cu2404,66700.0,0.0,0.0,0.0,4,66570.0,66690.0,1,66700.0,66640.0,0.0,0.0,0.0,0.0,371
2023-05-09 21:10:11,cu2404,cu2404,66700.0,0.0,0.0,0.0,2,66590.0,66690.0,1,66700.0,66640.0,0.0,0.0,0.0,0.0,371
2023-05-09 21:10:12,cu2404,cu2404,66700.0,0.0,0.0,0.0,2,66590.0,66690.0,1,66700.0,66640.0,0.0,0.0,0.0,0.0,371
2023-05-09 21:10:12,cu2404,cu2404,66700.0,0.0,0.0,0.0,1,66600.0,66690.0,1,66700.0,66640.0,0.0,0.0,0.0,0.0,371
2023-05-09 21:10:13,cu2404,cu2404,66700.0,0.0,0.0,0.0,1,66600.0,66690.0,1,66700.0,66640.0,0.0,0.0,0.0,0.0,371
2023-05-09 21:10:13,cu2404,cu2404,66700.0,0.0,0.0,0.0,1,66600.0,66690.0,1,66700.0,66640.0,0.0,0.0,0.0,0.0,371
2023-05-09 21:10:14,cu2404,cu2404,66700.0,0.0,0.0,0.0,1,66600.0,66690.0,1,66700.0,66640.0,0.0,0.0,0.0,0.0,371
2023-05-09 21:10:14,cu2404,cu2404,66700.0,0.0,0.0,0.0,1,66600.0,66710.0,1,66700.0,66640.0,0.0,0.0,0.0,0.0,371
2023-05-09 21:10:15,cu2404,cu2404,66700.0,0.0,0.0,0.0,1,66600.0,66720.0,1,66700.0,66640.0,0.0,0.0,0.0,0.0,371
2023-05-09 21:10:15,cu2404,cu2404,66700.0,0.0,0.0,0.0,1,66600.0,66710.0,1,66700.0,66640.0,0.0,0.0,0.0,0.0,371
2023-05-09 21:10:20,cu2404,cu2404,66700.0,0.0,0.0,0.0,1,66600.0,66710.0,1,66700.0,66640.0,0.0,0.0,0.0,0.0,371
2023-05-09 21:10:20,cu2404,cu2404,66700.0,0.0,0.0,0.0,2,66610.0,66720.0,1,66700.0,66640.0,0.0,0.0,0.0,0.0,371
2023-05-09 21:10:21,cu2404,cu2404,66700.0,0.0,0.0,0.0,1,66580.0,66720.0,1,66700.0,66640.0,0.0,0.0,0.0,0.0,371
2023-05-09 21:10:21,cu2404,cu2404,66700.0,0.0,0.0,0.0,3,66590.0,66720.0,1,66700.0,66640.0,0.0,0.0,0.0,0.0,371
2023-05-09 21:10:22,cu2404,cu2404,66700.0,0.0,0.0,0.0,1,66600.0,66720.0,1,66700.0,66640.0,0.0,0.0,0.0,0.0,371
2023-05-09 21:10:24,cu2404,cu2404,66700.0,0.0,0.0,0.0,1,66600.0,66720.0,1,66700.0,66640.0,0.0,0.0,0.0,0.0,371
2023-05-09 21:10:25,cu2404,cu2404,66700.0,0.0,0.0,0.0,4,66600.0,66720.0,1,66700.0,66640.0,0.0,0.0,0.0,0.0,371
2023-05-09 21:10:26,cu2404,cu2404,66700.0,0.0,0.0,0.0,2,66610.0,66720.0,1,66700.0,66640.0,0.0,0.0,0.0,0.0,371
2023-05-09 21:10:27,cu2404,cu2404,66700.0,0.0,0.0,0.0,3,66600.0,66720.0,1,66700.0,66640.0,0.0,0.0,0.0,0.0,371
2023-05-09 21:10:28,cu2404,cu2404,66700.0,0.0,0.0,0.0,1,66610.0,66720.0,1,66700.0,66640.0,0.0,0.0,0.0,0.0,371
2023-05-09 21:10:29,cu2404,cu2404,66700.0,0.0,0.0,0.0,1,66610.0,66720.0,1,66700.0,66640.0,0.0,0.0,0.0,0.0,371
2023-05-09 21:10:31,cu2404,cu2404,66700.0,0.0,0.0,0.0,1,66610.0,66720.0,1,66700.0,66640.0,0.0,0.0,0.0,0.0,371
2023-05-09 21:10:32,cu2404,cu2404,66700.0,0.0,0.0,0.0,1,66610.0,66720.0,2,66700.0,66640.0,0.0,0.0,0.0,0.0,371
2023-05-09 21:10:35,cu2404,cu2404,66700.0,0.0,0.0,0.0,1,66610.0,66720.0,2,66700.0,66640.0,0.0,0.0,0.0,0.0,371
2023-05-09 21:10:35,cu2404,cu2404,66700.0,0.0,0.0,0.0,2,66610.0,66720.0,2,66700.0,66640.0,0.0,0.0,0.0,0.0,371
2023-05-09 21:10:39,cu2404,cu2404,66700.0,0.0,0.0,0.0,2,66610.0,66720.0,2,66700.0,66640.0,0.0,0.0,0.0,0.0,371
2023-05-09 21:10:40,cu2404,cu2404,66700.0,0.0,0.0,0.0,2,66610.0,66720.0,2,66700.0,66640.0,0.0,0.0,0.0,0.0,371
2023-05-09 21:10:45,cu2404,cu2404,66700.0,0.0,0.0,0.0,1,66620.0,66720.0,2,66700.0,66640.0,0.0,0.0,0.0,0.0,371
2023-05-09 21:10:45,cu2404,cu2404,66700.0,0.0,0.0,0.0,1,66620.0,66720.0,2,66700.0,66640.0,0.0,0.0,0.0,0.0,371
2023-05-09 21:10:46,cu2404,cu2404,66700.0,0.0,0.0,0.0,1,66630.0,66720.0,2,66700.0,66640.0,0.0,0.0,0.0,0.0,371
2023-05-09 21:10:46,cu2404,cu2404,66700.0,0.0,0.0,0.0,1,66630.0,66720.0,2,66700.0,66640.0,0.0,0.0,0.0,0.0,371
2023-05-09 21:10:48,cu2404,cu2404,66700.0,0.0,0.0,0.0,1,66630.0,66720.0,2,66700.0,66640.0,0.0,0.0,0.0,0.0,371
2023-05-09 21:10:48,cu2404,cu2404,66700.0,0.0,0.0,0.0,1,66630.0,66720.0,2,66700.0,66640.0,0.0,0.0,0.0,0.0,371
2023-05-09 21:10:54,cu2404,cu2404,66700.0,0.0,0.0,0.0,1,66630.0,66720.0,2,66700.0,66640.0,0.0,0.0,0.0,0.0,371
2023-05-09 21:10:55,cu2404,cu2404,66700.0,0.0,0.0,0.0,1,66630.0,66720.0,2,66700.0,66640.0,0.0,0.0,0.0,0.0,371
2023-05-09 21:10:59,cu2404,cu2404,66700.0,0.0,0.0,0.0,2,66630.0,66720.0,1,66700.0,66640.0,0.0,0.0,0.0,0.0,371
2023-05-09 21:10:59,cu2404,cu2404,66700.0,0.0,0.0,0.0,2,66630.0,66720.0,1,66700.0,66640.0,0.0,0.0,0.0,0.0,371
2023-05-09 21:11:00,cu2404,cu2404,66700.0,0.0,0.0,0.0,3,66640.0,66720.0,1,66700.0,66640.0,0.0,0.0,0.0,0.0,371
2023-05-09 21:11:00,cu2404,cu2404,66700.0,0.0,0.0,0.0,1,66500.0,66720.0,1,66700.0,66640.0,0.0,0.0,0.0,0.0,371
2023-05-09 21:11:01,cu2404,cu2404,66700.0,0.0,0.0,0.0,12,66510.0,66720.0,1,66700.0,66640.0,0.0,0.0,0.0,0.0,371
2023-05-09 21:11:01,cu2404,cu2404,66700.0,0.0,0.0,0.0,1,66540.0,66720.0,1,66700.0,66640.0,0.0,0.0,0.0,0.0,371
2023-05-09 21:11:02,cu2404,cu2404,66700.0,0.0,0.0,0.0,2,66550.0,66720.0,1,66700.0,66640.0,0.0,0.0,0.0,0.0,371
2023-05-09 21:11:02,cu2404,cu2404,66700.0,0.0,0.0,0.0,4,66560.0,66720.0,2,66700.0,66640.0,0.0,0.0,0.0,0.0,371
2023-05-09 21:11:03,cu2404,cu2404,66700.0,0.0,0.0,0.0,3,66570.0,66720.0,2,66700.0,66640.0,0.0,0.0,0.0,0.0,371
2023-05-09 21:11:03,cu2404,cu2404,66700.0,0.0,0.0,0.0,3,66570.0,66720.0,2,66700.0,66640.0,0.0,0.0,0.0,0.0,371
2023-05-09 21:11:04,cu2404,cu2404,66700.0,0.0,0.0,0.0,8,66580.0,66720.0,2,66700.0,66640.0,0.0,0.0,0.0,0.0,371
2023-05-09 21:11:04,cu2404,cu2404,66700.0,0.0,0.0,0.0,4,66590.0,66720.0,2,66700.0,66640.0,0.0,0.0,0.0,0.0,371
2023-05-09 21:11:05,cu2404,cu2404,66700.0,0.0,0.0,0.0,1,66600.0,66720.0,2,66700.0,66640.0,0.0,0.0,0.0,0.0,371
2023-05-09 21:11:05,cu2404,cu2404,66700.0,0.0,0.0,0.0,1,66610.0,66720.0,2,66700.0,66640.0,0.0,0.0,0.0,0.0,371
2023-05-09 21:11:06,cu2404,cu2404,66700.0,0.0,0.0,0.0,1,66610.0,66720.0,2,66700.0,66640.0,0.0,0.0,0.0,0.0,371
2023-05-09 21:11:06,cu2404,cu2404,66700.0,0.0,0.0,0.0,1,66620.0,66720.0,2,66700.0,66640.0,0.0,0.0,0.0,0.0,371
2023-05-09 21:11:07,cu2404,cu2404,66700.0,0.0,0.0,0.0,4,66620.0,66720.0,2,66700.0,66640.0,0.0,0.0,0.0,0.0,371
2023-05-09 21:11:09,cu2404,cu2404,66700.0,0.0,0.0,0.0,4,66620.0,66720.0,2,66700.0,66640.0,0.0,0.0,0.0,0.0,371
2023-05-09 21:11:10,cu2404,cu2404,66700.0,0.0,0.0,0.0,4,66620.0,66720.0,2,66700.0,66640.0,0.0,0.0,0.0,0.0,371
2023-05-09 21:11:11,cu2404,cu2404,66700.0,0.0,0.0,0.0,5,66620.0,66720.0,2,66700.0,66640.0,0.0,0.0,0.0,0.0,371
2023-05-09 21:11:13,cu2404,cu2404,66700.0,0.0,0.0,0.0,1,66630.0,66720.0,1,66700.0,66640.0,0.0,0.0,0.0,0.0,371
2023-05-09 21:11:13,cu2404,cu2404,66700.0,0.0,0.0,0.0,3,66620.0,66720.0,2,66700.0,66640.0,0.0,0.0,0.0,0.0,371
2023-05-09 21:11:14,cu2404,cu2404,66700.0,0.0,0.0,0.0,1,66630.0,66720.0,1,66700.0,66640.0,0.0,0.0,0.0,0.0,371
2023-05-09 21:11:14,cu2404,cu2404,66700.0,0.0,0.0,0.0,1,66630.0,66720.0,2,66700.0,66640.0,0.0,0.0,0.0,0.0,371
2023-05-09 21:11:15,cu2404,cu2404,66700.0,0.0,0.0,0.0,1,66630.0,66720.0,1,66700.0,66640.0,0.0,0.0,0.0,0.0,371
2023-05-09 21:11:18,cu2404,cu2404,66700.0,0.0,0.0,0.0,1,66630.0,66720.0,1,66700.0,66640.0,0.0,0.0,0.0,0.0,371
2023-05-09 21:11:20,cu2404,cu2404,66700.0,0.0,0.0,0.0,1,66630.0,66720.0,1,66700.0,66640.0,0.0,0.0,0.0,0.0,371
2023-05-09 21:11:20,cu2404,cu2404,66700.0,0.0,0.0,0.0,1,66630.0,66720.0,1,66700.0,66640.0,0.0,0.0,0.0,0.0,371
2023-05-09 21:11:21,cu2404,cu2404,66700.0,0.0,0.0,0.0,1,66630.0,66720.0,1,66700.0,66640.0,0.0,0.0,0.0,0.0,371
2023-05-09 21:11:21,cu2404,cu2404,66700.0,0.0,0.0,0.0,1,66630.0,66760.0,1,66700.0,66640.0,0.0,0.0,0.0,0.0,371
2023-05-09 21:11:22,cu2404,cu2404,66700.0,0.0,0.0,0.0,1,66630.0,66740.0,1,66700.0,66640.0,0.0,0.0,0.0,0.0,371
2023-05-09 21:11:22,cu2404,cu2404,66700.0,0.0,0.0,0.0,1,66630.0,66730.0,2,66700.0,66640.0,0.0,0.0,0.0,0.0,371
2023-05-09 21:11:24,cu2404,cu2404,66700.0,0.0,0.0,0.0,1,66630.0,66730.0,2,66700.0,66640.0,0.0,0.0,0.0,0.0,371
2023-05-09 21:11:25,cu2404,cu2404,66700.0,0.0,0.0,0.0,1,66630.0,66730.0,2,66700.0,66640.0,0.0,0.0,0.0,0.0,371
2023-05-09 21:11:25,cu2404,cu2404,66700.0,0.0,0.0,0.0,5,66630.0,66730.0,1,66700.0,66640.0,0.0,0.0,0.0,0.0,371
2023-05-09 21:11:26,cu2404,cu2404,66700.0,0.0,0.0,0.0,5,66630.0,66730.0,2,66700.0,66640.0,0.0,0.0,0.0,0.0,371
2023-05-09 21:11:27,cu2404,cu2404,66700.0,0.0,0.0,0.0,5,66630.0,66730.0,2,66700.0,66640.0,0.0,0.0,0.0,0.0,371
2023-05-09 21:11:27,cu2404,cu2404,66700.0,0.0,0.0,0.0,5,66630.0,66730.0,2,66700.0,66640.0,0.0,0.0,0.0,0.0,371
2023-05-09 21:11:31,cu2404,cu2404,66700.0,0.0,0.0,0.0,5,66630.0,66730.0,2,66700.0,66640.0,0.0,0.0,0.0,0.0,371
2023-05-09 21:11:31,cu2404,cu2404,66700.0,0.0,0.0,0.0,5,66630.0,66730.0,2,66700.0,66640.0,0.0,0.0,0.0,0.0,371
2023-05-09 21:11:33,cu2404,cu2404,66700.0,0.0,0.0,0.0,5,66630.0,66730.0,1,66700.0,66640.0,0.0,0.0,0.0,0.0,371
2023-05-09 21:11:34,cu2404,cu2404,66700.0,0.0,0.0,0.0,5,66630.0,66730.0,1,66700.0,66640.0,0.0,0.0,0.0,0.0,371
2023-05-09 21:11:34,cu2404,cu2404,66700.0,0.0,0.0,0.0,5,66630.0,66760.0,1,66700.0,66640.0,0.0,0.0,0.0,0.0,371
2023-05-09 21:11:35,cu2404,cu2404,66700.0,0.0,0.0,0.0,5,66630.0,66740.0,1,66700.0,66640.0,0.0,0.0,0.0,0.0,371
2023-05-09 21:11:35,cu2404,cu2404,66700.0,0.0,0.0,0.0,5,66630.0,66740.0,2,66700.0,66640.0,0.0,0.0,0.0,0.0,371
2023-05-09 21:11:36,cu2404,cu2404,66700.0,0.0,0.0,0.0,5,66630.0,66730.0,1,66700.0,66640.0,0.0,0.0,0.0,0.0,371
2023-05-09 21:11:36,cu2404,cu2404,66700.0,0.0,0.0,0.0,5,66630.0,66730.0,1,66700.0,66640.0,0.0,0.0,0.0,0.0,371
2023-05-09 21:11:37,cu2404,cu2404,66700.0,0.0,0.0,0.0,5,66630.0,66730.0,2,66700.0,66640.0,0.0,0.0,0.0,0.0,371
2023-05-09 21:11:37,cu2404,cu2404,66700.0,0.0,0.0,0.0,5,66630.0,66730.0,2,66700.0,66640.0,0.0,0.0,0.0,0.0,371
2023-05-09 21:11:39,cu2404,cu2404,66700.0,0.0,0.0,0.0,5,66630.0,66730.0,2,66700.0,66640.0,0.0,0.0,0.0,0.0,371
2023-05-09 21:11:39,cu2404,cu2404,66700.0,0.0,0.0,0.0,5,66630.0,66730.0,2,66700.0,66640.0,0.0,0.0,0.0,0.0,371
2023-05-09 21:11:40,cu2404,cu2404,66700.0,0.0,0.0,0.0,2,66630.0,66730.0,2,66700.0,66640.0,0.0,0.0,0.0,0.0,371
2023-05-09 21:11:42,cu2404,cu2404,66700.0,0.0,0.0,0.0,2,66630.0,66730.0,2,66700.0,66640.0,0.0,0.0,0.0,0.0,371
2023-05-09 21:11:42,cu2404,cu2404,66700.0,0.0,0.0,0.0,5,66630.0,66730.0,2,66700.0,66640.0,0.0,0.0,0.0,0.0,371
2023-05-09 21:11:43,cu2404,cu2404,66700.0,0.0,0.0,0.0,5,66630.0,66730.0,2,66700.0,66640.0,0.0,0.0,0.0,0.0,371
2023-05-09 21:11:44,cu2404,cu2404,66700.0,0.0,0.0,0.0,5,66630.0,66730.0,1,66700.0,66640.0,0.0,0.0,0.0,0.0,371
2023-05-09 21:11:45,cu2404,cu2404,66700.0,0.0,0.0,0.0,5,66630.0,66740.0,1,66700.0,66640.0,0.0,0.0,0.0,0.0,371
2023-05-09 21:11:45,cu2404,cu2404,66700.0,0.0,0.0,0.0,2,66630.0,66740.0,1,66700.0,66640.0,0.0,0.0,0.0,0.0,371
2023-05-09 21:11:46,cu2404,cu2404,66700.0,0.0,0.0,0.0,3,66640.0,66730.0,1,66700.0,66640.0,0.0,0.0,0.0,0.0,371
2023-05-09 21:11:46,cu2404,cu2404,66700.0,0.0,0.0,0.0,1,66650.0,66770.0,1,66700.0,66640.0,0.0,0.0,0.0,0.0,371
2023-05-09 21:11:47,cu2404,cu2404,66700.0,0.0,0.0,0.0,2,66650.0,66760.0,2,66700.0,66640.0,0.0,0.0,0.0,0.0,371
2023-05-09 21:11:47,cu2404,cu2404,66700.0,0.0,0.0,0.0,2,66650.0,66760.0,1,66700.0,66640.0,0.0,0.0,0.0,0.0,371
2023-05-09 21:11:48,cu2404,cu2404,66700.0,0.0,0.0,0.0,2,66650.0,66760.0,1,66700.0,66640.0,0.0,0.0,0.0,0.0,371
2023-05-09 21:11:48,cu2404,cu2404,66700.0,0.0,0.0,0.0,2,66650.0,66760.0,1,66700.0,66640.0,0.0,0.0,0.0,0.0,371
2023-05-09 21:11:49,cu2404,cu2404,66700.0,0.0,0.0,0.0,3,66660.0,66760.0,1,66700.0,66640.0,0.0,0.0,0.0,0.0,371
2023-05-09 21:11:49,cu2404,cu2404,66700.0,0.0,0.0,0.0,3,66660.0,66760.0,1,66700.0,66640.0,0.0,0.0,0.0,0.0,371
2023-05-09 21:11:50,cu2404,cu2404,66700.0,0.0,0.0,0.0,3,66660.0,66760.0,1,66700.0,66640.0,0.0,0.0,0.0,0.0,371
2023-05-09 21:11:50,cu2404,cu2404,66700.0,0.0,0.0,0.0,1,66670.0,66760.0,1,66700.0,66640.0,0.0,0.0,0.0,0.0,371
2023-05-09 21:11:51,cu2404,cu2404,66700.0,0.0,0.0,0.0,1,66670.0,66820.0,1,66700.0,66640.0,0.0,0.0,0.0,0.0,371
2023-05-09 21:11:52,cu2404,cu2404,66700.0,0.0,0.0,0.0,1,66670.0,66800.0,1,66700.0,66640.0,0.0,0.0,0.0,0.0,371
2023-05-09 21:11:52,cu2404,cu2404,66700.0,0.0,0.0,0.0,1,66670.0,66790.0,2,66700.0,66640.0,0.0,0.0,0.0,0.0,371
2023-05-09 21:11:53,cu2404,cu2404,66700.0,0.0,0.0,0.0,1,66670.0,66790.0,2,66700.0,66640.0,0.0,0.0,0.0,0.0,371
2023-05-09 21:11:53,cu2404,cu2404,66700.0,0.0,0.0,0.0,1,66670.0,66790.0,2,66700.0,66640.0,0.0,0.0,0.0,0.0,371
2023-05-09 21:11:54,cu2404,cu2404,66700.0,0.0,0.0,0.0,1,66670.0,66790.0,2,66700.0,66640.0,0.0,0.0,0.0,0.0,371
2023-05-09 21:11:55,cu2404,cu2404,66700.0,0.0,0.0,0.0,1,66670.0,66790.0,2,66700.0,66640.0,0.0,0.0,0.0,0.0,371
2023-05-09 21:11:59,cu2404,cu2404,66700.0,0.0,0.0,0.0,1,66670.0,66790.0,3,66700.0,66640.0,0.0,0.0,0.0,0.0,371
2023-05-09 21:12:00,cu2404,cu2404,66700.0,0.0,0.0,0.0,1,66670.0,66790.0,3,66700.0,66640.0,0.0,0.0,0.0,0.0,371
2023-05-09 21:12:02,cu2404,cu2404,66700.0,0.0,0.0,0.0,1,66670.0,66790.0,4,66700.0,66640.0,0.0,0.0,0.0,0.0,371
2023-05-09 21:12:03,cu2404,cu2404,66700.0,0.0,0.0,0.0,1,66670.0,66790.0,3,66700.0,66640.0,0.0,0.0,0.0,0.0,371
2023-05-09 21:12:03,cu2404,cu2404,66700.0,0.0,0.0,0.0,1,66670.0,66790.0,3,66700.0,66640.0,0.0,0.0,0.0,0.0,371
2023-05-09 21:12:05,cu2404,cu2404,66700.0,0.0,0.0,0.0,1,66670.0,66790.0,4,66700.0,66640.0,0.0,0.0,0.0,0.0,371
2023-05-09 21:12:05,cu2404,cu2404,66700.0,0.0,0.0,0.0,1,66670.0,66780.0,1,66700.0,66640.0,0.0,0.0,0.0,0.0,371
2023-05-09 21:12:06,cu2404,cu2404,66700.0,0.0,0.0,0.0,1,66670.0,66770.0,2,66700.0,66640.0,0.0,0.0,0.0,0.0,371
2023-05-09 21:12:06,cu2404,cu2404,66700.0,0.0,0.0,0.0,1,66670.0,66770.0,2,66700.0,66640.0,0.0,0.0,0.0,0.0,371
2023-05-09 21:12:08,cu2404,cu2404,66700.0,0.0,0.0,0.0,1,66670.0,66770.0,2,66700.0,66640.0,0.0,0.0,0.0,0.0,371
2023-05-09 21:12:08,cu2404,cu2404,66700.0,0.0,0.0,0.0,1,66670.0,66770.0,2,66700.0,66640.0,0.0,0.0,0.0,0.0,371
2023-05-09 21:12:10,cu2404,cu2404,66700.0,0.0,0.0,0.0,1,66670.0,66770.0,2,66700.0,66640.0,0.0,0.0,0.0,0.0,371
2023-05-09 21:12:12,cu2404,cu2404,66700.0,0.0,0.0,0.0,1,66670.0,66770.0,2,66700.0,66640.0,0.0,0.0,0.0,0.0,371
2023-05-09 21:12:13,cu2404,cu2404,66700.0,0.0,0.0,0.0,1,66670.0,66770.0,2,66700.0,66640.0,0.0,0.0,0.0,0.0,371
2023-05-09 21:12:13,cu2404,cu2404,66700.0,0.0,0.0,0.0,1,66670.0,66770.0,2,66700.0,66640.0,0.0,0.0,0.0,0.0,371
2023-05-09 21:12:14,cu2404,cu2404,66700.0,0.0,0.0,0.0,1,66670.0,66770.0,2,66700.0,66640.0,0.0,0.0,0.0,0.0,371
2023-05-09 21:12:14,cu2404,cu2404,66700.0,0.0,0.0,0.0,1,66670.0,66770.0,2,66700.0,66640.0,0.0,0.0,0.0,0.0,371
2023-05-09 21:12:20,cu2404,cu2404,66700.0,0.0,0.0,0.0,1,66670.0,66770.0,2,66700.0,66640.0,0.0,0.0,0.0,0.0,371
2023-05-09 21:12:20,cu2404,cu2404,66700.0,0.0,0.0,0.0,1,66670.0,66770.0,2,66700.0,66640.0,0.0,0.0,0.0,0.0,371
2023-05-09 21:12:21,cu2404,cu2404,66700.0,0.0,0.0,0.0,2,66670.0,66770.0,2,66700.0,66640.0,0.0,0.0,0.0,0.0,371
2023-05-09 21:12:24,cu2404,cu2404,66700.0,0.0,0.0,0.0,1,66670.0,66770.0,2,66700.0,66640.0,0.0,0.0,0.0,0.0,371
2023-05-09 21:12:27,cu2404,cu2404,66700.0,0.0,0.0,0.0,1,66670.0,66770.0,2,66700.0,66640.0,0.0,0.0,0.0,0.0,371
2023-05-09 21:12:28,cu2404,cu2404,66700.0,0.0,0.0,0.0,1,66670.0,66770.0,2,66700.0,66640.0,0.0,0.0,0.0,0.0,371
2023-05-09 21:12:32,cu2404,cu2404,66700.0,0.0,0.0,0.0,1,66670.0,66770.0,2,66700.0,66640.0,0.0,0.0,0.0,0.0,371
2023-05-09 21:12:33,cu2404,cu2404,66700.0,0.0,0.0,0.0,1,66670.0,66770.0,2,66700.0,66640.0,0.0,0.0,0.0,0.0,371
2023-05-09 21:12:42,cu2404,cu2404,66700.0,0.0,0.0,0.0,1,66670.0,66770.0,2,66700.0,66640.0,0.0,0.0,0.0,0.0,371
2023-05-09 21:12:42,cu2404,cu2404,66700.0,0.0,0.0,0.0,1,66670.0,66770.0,2,66700.0,66640.0,0.0,0.0,0.0,0.0,371
2023-05-09 21:12:43,cu2404,cu2404,66700.0,0.0,0.0,0.0,1,66670.0,66770.0,2,66700.0,66640.0,0.0,0.0,0.0,0.0,371
2023-05-09 21:12:44,cu2404,cu2404,66700.0,0.0,0.0,0.0,1,66670.0,66770.0,2,66700.0,66640.0,0.0,0.0,0.0,0.0,371
2023-05-09 21:12:47,cu2404,cu2404,66700.0,0.0,0.0,0.0,1,66670.0,66770.0,2,66700.0,66640.0,0.0,0.0,0.0,0.0,371
2023-05-09 21:12:48,cu2404,cu2404,66700.0,0.0,0.0,0.0,1,66670.0,66770.0,2,66700.0,66640.0,0.0,0.0,0.0,0.0,371
2023-05-09 21:12:50,cu2404,cu2404,66700.0,0.0,0.0,0.0,1,66670.0,66770.0,2,66700.0,66640.0,0.0,0.0,0.0,0.0,371
2023-05-09 21:12:50,cu2404,cu2404,66700.0,0.0,0.0,0.0,1,66670.0,66770.0,2,66700.0,66640.0,0.0,0.0,0.0,0.0,371
2023-05-09 21:12:55,cu2404,cu2404,66700.0,0.0,0.0,0.0,1,66670.0,66770.0,2,66700.0,66640.0,0.0,0.0,0.0,0.0,371
2023-05-09 21:12:55,cu2404,cu2404,66700.0,0.0,0.0,0.0,1,66670.0,66770.0,2,66700.0,66640.0,0.0,0.0,0.0,0.0,371
2023-05-09 21:12:56,cu2404,cu2404,66700.0,0.0,0.0,0.0,1,66670.0,66770.0,2,66700.0,66640.0,0.0,0.0,0.0,0.0,371
2023-05-09 21:12:57,cu2404,cu2404,66700.0,0.0,0.0,0.0,1,66680.0,66770.0,1,66700.0,66640.0,0.0,0.0,0.0,0.0,371
2023-05-09 21:12:57,cu2404,cu2404,66700.0,0.0,0.0,0.0,1,66680.0,66810.0,1,66700.0,66640.0,0.0,0.0,0.0,0.0,371
2023-05-09 21:12:58,cu2404,cu2404,66700.0,0.0,0.0,0.0,4,66690.0,66800.0,2,66700.0,66640.0,0.0,0.0,0.0,0.0,371
2023-05-09 21:12:58,cu2404,cu2404,66700.0,0.0,0.0,0.0,1,66690.0,66790.0,1,66700.0,66640.0,0.0,0.0,0.0,0.0,371
2023-05-09 21:12:59,cu2404,cu2404,66700.0,0.0,0.0,0.0,1,66690.0,66780.0,1,66700.0,66640.0,0.0,0.0,0.0,0.0,371
2023-05-09 21:13:00,cu2404,cu2404,66700.0,0.0,0.0,0.0,1,66690.0,66770.0,1,66700.0,66640.0,0.0,0.0,0.0,0.0,371
2023-05-09 21:13:00,cu2404,cu2404,66700.0,0.0,0.0,0.0,1,66690.0,66770.0,1,66700.0,66640.0,0.0,0.0,0.0,0.0,371
2023-05-09 21:13:01,cu2404,cu2404,66700.0,0.0,0.0,0.0,1,66690.0,66800.0,1,66700.0,66640.0,0.0,0.0,0.0,0.0,371
2023-05-09 21:13:01,cu2404,cu2404,66700.0,0.0,0.0,0.0,1,66690.0,66790.0,1,66700.0,66640.0,0.0,0.0,0.0,0.0,371
2023-05-09 21:13:02,cu2404,cu2404,66700.0,0.0,0.0,0.0,1,66690.0,66780.0,1,66700.0,66640.0,0.0,0.0,0.0,0.0,371
2023-05-09 21:13:02,cu2404,cu2404,66700.0,0.0,0.0,0.0,1,66690.0,66780.0,2,66700.0,66640.0,0.0,0.0,0.0,0.0,371
2023-05-09 21:13:03,cu2404,cu2404,66700.0,0.0,0.0,0.0,1,66690.0,66770.0,1,66700.0,66640.0,0.0,0.0,0.0,0.0,371
2023-05-09 21:13:04,cu2404,cu2404,66700.0,0.0,0.0,0.0,1,66690.0,66760.0,1,66700.0,66640.0,0.0,0.0,0.0,0.0,371
2023-05-09 21:13:05,cu2404,cu2404,66700.0,0.0,0.0,0.0,1,66690.0,66760.0,2,66700.0,66640.0,0.0,0.0,0.0,0.0,371
2023-05-09 21:13:06,cu2404,cu2404,66700.0,0.0,0.0,0.0,1,66540.0,66760.0,2,66700.0,66640.0,0.0,0.0,0.0,0.0,371
2023-05-09 21:13:07,cu2404,cu2404,66700.0,0.0,0.0,0.0,12,66550.0,66760.0,2,66700.0,66640.0,0.0,0.0,0.0,0.0,371
2023-05-09 21:13:07,cu2404,cu2404,66700.0,0.0,0.0,0.0,1,66580.0,66760.0,2,66700.0,66640.0,0.0,0.0,0.0,0.0,371
2023-05-09 21:13:08,cu2404,cu2404,66700.0,0.0,0.0,0.0,2,66590.0,66760.0,2,66700.0,66640.0,0.0,0.0,0.0,0.0,371
2023-05-09 21:13:08,cu2404,cu2404,66700.0,0.0,0.0,0.0,2,66590.0,66760.0,2,66700.0,66640.0,0.0,0.0,0.0,0.0,371
2023-05-09 21:13:09,cu2404,cu2404,66700.0,0.0,0.0,0.0,8,66600.0,66760.0,2,66700.0,66640.0,0.0,0.0,0.0,0.0,371
2023-05-09 21:13:09,cu2404,cu2404,66700.0,0.0,0.0,0.0,2,66610.0,66760.0,2,66700.0,66640.0,0.0,0.0,0.0,0.0,371
2023-05-09 21:13:10,cu2404,cu2404,66700.0,0.0,0.0,0.0,4,66620.0,66760.0,2,66700.0,66640.0,0.0,0.0,0.0,0.0,371
2023-05-09 21:13:10,cu2404,cu2404,66700.0,0.0,0.0,0.0,2,66630.0,66760.0,2,66700.0,66640.0,0.0,0.0,0.0,0.0,371
2023-05-09 21:13:11,cu2404,cu2404,66700.0,0.0,0.0,0.0,5,66630.0,66760.0,2,66700.0,66640.0,0.0,0.0,0.0,0.0,371
2023-05-09 21:13:16,cu2404,cu2404,66700.0,0.0,0.0,0.0,5,66630.0,66760.0,2,66700.0,66640.0,0.0,0.0,0.0,0.0,371
2023-05-09 21:13:16,cu2404,cu2404,66700.0,0.0,0.0,0.0,3,66640.0,66760.0,2,66700.0,66640.0,0.0,0.0,0.0,0.0,371
2023-05-09 21:13:17,cu2404,cu2404,66700.0,0.0,0.0,0.0,1,66650.0,66760.0,2,66700.0,66640.0,0.0,0.0,0.0,0.0,371
2023-05-09 21:13:17,cu2404,cu2404,66700.0,0.0,0.0,0.0,1,66660.0,66760.0,2,66700.0,66640.0,0.0,0.0,0.0,0.0,371
2023-05-09 21:13:18,cu2404,cu2404,66700.0,0.0,0.0,0.0,1,66660.0,66760.0,2,66700.0,66640.0,0.0,0.0,0.0,0.0,371
2023-05-09 21:13:18,cu2404,cu2404,66700.0,0.0,0.0,0.0,1,66660.0,66760.0,2,66700.0,66640.0,0.0,0.0,0.0,0.0,371
2023-05-09 21:13:19,cu2404,cu2404,66700.0,0.0,0.0,0.0,1,66660.0,66760.0,2,66700.0,66640.0,0.0,0.0,0.0,0.0,371
2023-05-09 21:13:21,cu2404,cu2404,66700.0,0.0,0.0,0.0,1,66660.0,66760.0,2,66700.0,66640.0,0.0,0.0,0.0,0.0,371
2023-05-09 21:13:21,cu2404,cu2404,66700.0,0.0,0.0,0.0,1,66660.0,66760.0,2,66700.0,66640.0,0.0,0.0,0.0,0.0,371
2023-05-09 21:13:24,cu2404,cu2404,66700.0,0.0,0.0,0.0,1,66660.0,66760.0,2,66700.0,66640.0,0.0,0.0,0.0,0.0,371
2023-05-09 21:13:25,cu2404,cu2404,66700.0,0.0,0.0,0.0,1,66660.0,66760.0,1,66700.0,66640.0,0.0,0.0,0.0,0.0,371
2023-05-09 21:13:25,cu2404,cu2404,66700.0,0.0,0.0,0.0,5,66660.0,66820.0,1,66700.0,66640.0,0.0,0.0,0.0,0.0,371
2023-05-09 21:13:26,cu2404,cu2404,66700.0,0.0,0.0,0.0,5,66660.0,66770.0,1,66700.0,66640.0,0.0,0.0,0.0,0.0,371
2023-05-09 21:13:26,cu2404,cu2404,66700.0,0.0,0.0,0.0,5,66660.0,66770.0,2,66700.0,66640.0,0.0,0.0,0.0,0.0,371
2023-05-09 21:13:27,cu2404,cu2404,66700.0,0.0,0.0,0.0,5,66660.0,66770.0,2,66700.0,66640.0,0.0,0.0,0.0,0.0,371
2023-05-09 21:13:28,cu2404,cu2404,66700.0,0.0,0.0,0.0,5,66660.0,66770.0,2,66700.0,66640.0,0.0,0.0,0.0,0.0,371
2023-05-09 21:13:29,cu2404,cu2404,66700.0,0.0,0.0,0.0,5,66660.0,66770.0,2,66700.0,66640.0,0.0,0.0,0.0,0.0,371
2023-05-09 21:13:30,cu2404,cu2404,66700.0,0.0,0.0,0.0,2,66660.0,66770.0,2,66700.0,66640.0,0.0,0.0,0.0,0.0,371
2023-05-09 21:13:31,cu2404,cu2404,66700.0,0.0,0.0,0.0,2,66660.0,66770.0,2,66700.0,66640.0,0.0,0.0,0.0,0.0,371
2023-05-09 21:13:32,cu2404,cu2404,66700.0,0.0,0.0,0.0,2,66660.0,66770.0,2,66700.0,66640.0,0.0,0.0,0.0,0.0,371
2023-05-09 21:13:32,cu2404,cu2404,66700.0,0.0,0.0,0.0,5,66660.0,66770.0,2,66700.0,66640.0,0.0,0.0,0.0,0.0,371
2023-05-09 21:13:35,cu2404,cu2404,66700.0,0.0,0.0,0.0,2,66660.0,66770.0,2,66700.0,66640.0,0.0,0.0,0.0,0.0,371
2023-05-09 21:13:36,cu2404,cu2404,66700.0,0.0,0.0,0.0,2,66660.0,66770.0,2,66700.0,66640.0,0.0,0.0,0.0,0.0,371
2023-05-09 21:13:37,cu2404,cu2404,66700.0,0.0,0.0,0.0,2,66660.0,66770.0,2,66700.0,66640.0,0.0,0.0,0.0,0.0,371
2023-05-09 21:13:37,cu2404,cu2404,66700.0,0.0,0.0,0.0,2,66660.0,66770.0,2,66700.0,66640.0,0.0,0.0,0.0,0.0,371
2023-05-09 21:13:38,cu2404,cu2404,66700.0,0.0,0.0,0.0,5,66660.0,66770.0,1,66700.0,66640.0,0.0,0.0,0.0,0.0,371
2023-05-09 21:13:38,cu2404,cu2404,66700.0,0.0,0.0,0.0,5,66660.0,66770.0,1,66700.0,66640.0,0.0,0.0,0.0,0.0,371
2023-05-09 21:13:39,cu2404,cu2404,66700.0,0.0,0.0,0.0,5,66660.0,66770.0,1,66700.0,66640.0,0.0,0.0,0.0,0.0,371
2023-05-09 21:13:39,cu2404,cu2404,66700.0,0.0,0.0,0.0,1,66670.0,66770.0,1,66700.0,66640.0,0.0,0.0,0.0,0.0,371
2023-05-09 21:13:40,cu2404,cu2404,66700.0,0.0,0.0,0.0,1,66670.0,66820.0,3,66700.0,66640.0,0.0,0.0,0.0,0.0,371
2023-05-09 21:13:40,cu2404,cu2404,66700.0,0.0,0.0,0.0,1,66680.0,66810.0,3,66700.0,66640.0,0.0,0.0,0.0,0.0,371
2023-05-09 21:13:41,cu2404,cu2404,66700.0,0.0,0.0,0.0,1,66680.0,66800.0,1,66700.0,66640.0,0.0,0.0,0.0,0.0,371
2023-05-09 21:13:41,cu2404,cu2404,66700.0,0.0,0.0,0.0,1,66680.0,66790.0,1,66700.0,66640.0,0.0,0.0,0.0,0.0,371
2023-05-09 21:13:42,cu2404,cu2404,66700.0,0.0,0.0,0.0,1,66680.0,66780.0,1,66700.0,66640.0,0.0,0.0,0.0,0.0,371
2023-05-09 21:13:43,cu2404,cu2404,66700.0,0.0,0.0,0.0,1,66680.0,66780.0,2,66700.0,66640.0,0.0,0.0,0.0,0.0,371
2023-05-09 21:13:43,cu2404,cu2404,66700.0,0.0,0.0,0.0,1,66680.0,66780.0,2,66700.0,66640.0,0.0,0.0,0.0,0.0,371
2023-05-09 21:13:44,cu2404,cu2404,66700.0,0.0,0.0,0.0,1,66680.0,66780.0,2,66700.0,66640.0,0.0,0.0,0.0,0.0,371
2023-05-09 21:13:47,cu2404,cu2404,66700.0,0.0,0.0,0.0,1,66680.0,66780.0,2,66700.0,66640.0,0.0,0.0,0.0,0.0,371
2023-05-09 21:13:48,cu2404,cu2404,66700.0,0.0,0.0,0.0,1,66680.0,66780.0,2,66700.0,66640.0,0.0,0.0,0.0,0.0,371
2023-05-09 21:13:49,cu2404,cu2404,66700.0,0.0,0.0,0.0,1,66680.0,66780.0,2,66700.0,66640.0,0.0,0.0,0.0,0.0,371
2023-05-09 21:13:49,cu2404,cu2404,66700.0,0.0,0.0,0.0,1,66680.0,66780.0,2,66700.0,66640.0,0.0,0.0,0.0,0.0,371
2023-05-09 21:13:50,cu2404,cu2404,66700.0,0.0,0.0,0.0,1,66680.0,66770.0,1,66700.0,66640.0,0.0,0.0,0.0,0.0,371
2023-05-09 21:13:51,cu2404,cu2404,66700.0,0.0,0.0,0.0,1,66680.0,66760.0,1,66700.0,66640.0,0.0,0.0,0.0,0.0,371
2023-05-09 21:13:51,cu2404,cu2404,66700.0,0.0,0.0,0.0,1,66680.0,66760.0,1,66700.0,66640.0,0.0,0.0,0.0,0.0,371
2023-05-09 21:13:52,cu2404,cu2404,66700.0,0.0,0.0,0.0,1,66680.0,66760.0,1,66700.0,66640.0,0.0,0.0,0.0,0.0,371
2023-05-09 21:13:53,cu2404,cu2404,66700.0,0.0,0.0,0.0,1,66680.0,66780.0,1,66700.0,66640.0,0.0,0.0,0.0,0.0,371
2023-05-09 21:13:53,cu2404,cu2404,66700.0,0.0,0.0,0.0,1,66680.0,66770.0,1,66700.0,66640.0,0.0,0.0,0.0,0.0,371
2023-05-09 21:13:54,cu2404,cu2404,66700.0,0.0,0.0,0.0,1,66680.0,66760.0,1,66700.0,66640.0,0.0,0.0,0.0,0.0,371
2023-05-09 21:13:54,cu2404,cu2404,66700.0,0.0,0.0,0.0,1,66680.0,66760.0,1,66700.0,66640.0,0.0,0.0,0.0,0.0,371
2023-05-09 21:13:56,cu2404,cu2404,66700.0,0.0,0.0,0.0,1,66680.0,66780.0,1,66700.0,66640.0,0.0,0.0,0.0,0.0,371
2023-05-09 21:13:57,cu2404,cu2404,66700.0,0.0,0.0,0.0,1,66680.0,66770.0,1,66700.0,66640.0,0.0,0.0,0.0,0.0,371
2023-05-09 21:13:57,cu2404,cu2404,66700.0,0.0,0.0,0.0,1,66680.0,66770.0,1,66700.0,66640.0,0.0,0.0,0.0,0.0,371
2023-05-09 21:13:58,cu2404,cu2404,66700.0,0.0,0.0,0.0,1,66680.0,66780.0,1,66700.0,66640.0,0.0,0.0,0.0,0.0,371
2023-05-09 21:13:58,cu2404,cu2404,66700.0,0.0,0.0,0.0,1,66680.0,66780.0,2,66700.0,66640.0,0.0,0.0,0.0,0.0,371
2023-05-09 21:14:01,cu2404,cu2404,66700.0,0.0,0.0,0.0,1,66680.0,66770.0,1,66700.0,66640.0,0.0,0.0,0.0,0.0,371
2023-05-09 21:14:01,cu2404,cu2404,66700.0,0.0,0.0,0.0,1,66680.0,66760.0,1,66700.0,66640.0,0.0,0.0,0.0,0.0,371
2023-05-09 21:14:02,cu2404,cu2404,66700.0,0.0,0.0,0.0,1,66680.0,66760.0,1,66700.0,66640.0,0.0,0.0,0.0,0.0,371
2023-05-09 21:14:03,cu2404,cu2404,66700.0,0.0,0.0,0.0,1,66680.0,66780.0,1,66700.0,66640.0,0.0,0.0,0.0,0.0,371
2023-05-09 21:14:03,cu2404,cu2404,66700.0,0.0,0.0,0.0,1,66680.0,66770.0,1,66700.0,66640.0,0.0,0.0,0.0,0.0,371
2023-05-09 21:14:05,cu2404,cu2404,66700.0,0.0,0.0,0.0,1,66680.0,66760.0,1,66700.0,66640.0,0.0,0.0,0.0,0.0,371
2023-05-09 21:14:05,cu2404,cu2404,66700.0,0.0,0.0,0.0,1,66680.0,66760.0,1,66700.0,66640.0,0.0,0.0,0.0,0.0,371
2023-05-09 21:14:06,cu2404,cu2404,66700.0,0.0,0.0,0.0,1,66680.0,66760.0,1,66700.0,66640.0,0.0,0.0,0.0,0.0,371
2023-05-09 21:14:06,cu2404,cu2404,66700.0,0.0,0.0,0.0,1,66680.0,66760.0,1,66700.0,66640.0,0.0,0.0,0.0,0.0,371
2023-05-09 21:14:07,cu2404,cu2404,66700.0,0.0,0.0,0.0,1,66680.0,66780.0,1,66700.0,66640.0,0.0,0.0,0.0,0.0,371
2023-05-09 21:14:07,cu2404,cu2404,66700.0,0.0,0.0,0.0,1,66680.0,66770.0,1,66700.0,66640.0,0.0,0.0,0.0,0.0,371
2023-05-09 21:14:08,cu2404,cu2404,66700.0,0.0,0.0,0.0,1,66680.0,66760.0,1,66700.0,66640.0,0.0,0.0,0.0,0.0,371
2023-05-09 21:14:09,cu2404,cu2404,66700.0,0.0,0.0,0.0,1,66680.0,66760.0,1,66700.0,66640.0,0.0,0.0,0.0,0.0,371
2023-05-09 21:14:09,cu2404,cu2404,66700.0,0.0,0.0,0.0,1,66680.0,66770.0,1,66700.0,66640.0,0.0,0.0,0.0,0.0,371
2023-05-09 21:14:10,cu2404,cu2404,66700.0,0.0,0.0,0.0,1,66680.0,66770.0,2,66700.0,66640.0,0.0,0.0,0.0,0.0,371
2023-05-09 21:14:24,cu2404,cu2404,66700.0,0.0,0.0,0.0,1,66680.0,66760.0,1,66700.0,66640.0,0.0,0.0,0.0,0.0,371
2023-05-09 21:14:25,cu2404,cu2404,66700.0,0.0,0.0,0.0,1,66680.0,66760.0,1,66700.0,66640.0,0.0,0.0,0.0,0.0,371
2023-05-09 21:14:25,cu2404,cu2404,66700.0,0.0,0.0,0.0,1,66680.0,66760.0,1,66700.0,66640.0,0.0,0.0,0.0,0.0,371
2023-05-09 21:14:28,cu2404,cu2404,66700.0,0.0,0.0,0.0,1,66680.0,66820.0,1,66700.0,66640.0,0.0,0.0,0.0,0.0,371
2023-05-09 21:14:29,cu2404,cu2404,66700.0,0.0,0.0,0.0,1,66680.0,66760.0,1,66700.0,66640.0,0.0,0.0,0.0,0.0,371
2023-05-09 21:14:29,cu2404,cu2404,66700.0,0.0,0.0,0.0,1,66680.0,66790.0,1,66700.0,66640.0,0.0,0.0,0.0,0.0,371
2023-05-09 21:14:30,cu2404,cu2404,66700.0,0.0,0.0,0.0,1,66680.0,66780.0,2,66700.0,66640.0,0.0,0.0,0.0,0.0,371
2023-05-09 21:14:30,cu2404,cu2404,66700.0,0.0,0.0,0.0,1,66680.0,66770.0,1,66700.0,66640.0,0.0,0.0,0.0,0.0,371
2023-05-09 21:14:31,cu2404,cu2404,66700.0,0.0,0.0,0.0,1,66680.0,66770.0,2,66700.0,66640.0,0.0,0.0,0.0,0.0,371
2023-05-09 21:14:31,cu2404,cu2404,66700.0,0.0,0.0,0.0,1,66680.0,66770.0,2,66700.0,66640.0,0.0,0.0,0.0,0.0,371
2023-05-09 21:14:32,cu2404,cu2404,66700.0,0.0,0.0,0.0,1,66680.0,66770.0,2,66700.0,66640.0,0.0,0.0,0.0,0.0,371
2023-05-09 21:14:33,cu2404,cu2404,66700.0,0.0,0.0,0.0,1,66680.0,66770.0,2,66700.0,66640.0,0.0,0.0,0.0,0.0,371
2023-05-09 21:14:33,cu2404,cu2404,66700.0,0.0,0.0,0.0,1,66680.0,66770.0,2,66700.0,66640.0,0.0,0.0,0.0,0.0,371
2023-05-09 21:14:42,cu2404,cu2404,66700.0,0.0,0.0,0.0,1,66680.0,66770.0,2,66700.0,66640.0,0.0,0.0,0.0,0.0,371
2023-05-09 21:14:43,cu2404,cu2404,66700.0,0.0,0.0,0.0,1,66680.0,66770.0,2,66700.0,66640.0,0.0,0.0,0.0,0.0,371
2023-05-09 21:14:52,cu2404,cu2404,66700.0,0.0,0.0,0.0,1,66680.0,66770.0,2,66700.0,66640.0,0.0,0.0,0.0,0.0,371
2023-05-09 21:14:53,cu2404,cu2404,66700.0,0.0,0.0,0.0,1,66680.0,66770.0,2,66700.0,66640.0,0.0,0.0,0.0,0.0,371
2023-05-09 21:15:00,cu2404,cu2404,66700.0,0.0,0.0,0.0,1,66680.0,66760.0,1,66700.0,66640.0,0.0,0.0,0.0,0.0,371
2023-05-09 21:15:00,cu2404,cu2404,66700.0,0.0,0.0,0.0,1,66680.0,66760.0,1,66700.0,66640.0,0.0,0.0,0.0,0.0,371
2023-05-09 21:15:01,cu2404,cu2404,66700.0,0.0,0.0,0.0,3,66630.0,66760.0,1,66700.0,66640.0,0.0,0.0,0.0,0.0,371
2023-05-09 21:15:01,cu2404,cu2404,66700.0,0.0,0.0,0.0,5,66640.0,66780.0,1,66700.0,66640.0,0.0,0.0,0.0,0.0,371
2023-05-09 21:15:02,cu2404,cu2404,66700.0,0.0,0.0,0.0,1,66650.0,66770.0,2,66700.0,66640.0,0.0,0.0,0.0,0.0,371
2023-05-09 21:15:02,cu2404,cu2404,66700.0,0.0,0.0,0.0,1,66660.0,66770.0,2,66700.0,66640.0,0.0,0.0,0.0,0.0,371
2023-05-09 21:15:03,cu2404,cu2404,66700.0,0.0,0.0,0.0,3,66660.0,66770.0,2,66700.0,66640.0,0.0,0.0,0.0,0.0,371
2023-05-09 21:15:03,cu2404,cu2404,66700.0,0.0,0.0,0.0,1,66670.0,66770.0,2,66700.0,66640.0,0.0,0.0,0.0,0.0,371
2023-05-09 21:15:04,cu2404,cu2404,66700.0,0.0,0.0,0.0,1,66670.0,66770.0,2,66700.0,66640.0,0.0,0.0,0.0,0.0,371
2023-05-09 21:15:05,cu2404,cu2404,66700.0,0.0,0.0,0.0,1,66680.0,66770.0,1,66700.0,66640.0,0.0,0.0,0.0,0.0,371
2023-05-09 21:15:05,cu2404,cu2404,66700.0,0.0,0.0,0.0,3,66680.0,66820.0,1,66700.0,66640.0,0.0,0.0,0.0,0.0,371
2023-05-09 21:15:06,cu2404,cu2404,66700.0,0.0,0.0,0.0,1,66690.0,66810.0,3,66700.0,66640.0,0.0,0.0,0.0,0.0,371
2023-05-09 21:15:06,cu2404,cu2404,66700.0,0.0,0.0,0.0,1,66700.0,66810.0,3,66700.0,66640.0,0.0,0.0,0.0,0.0,371
2023-05-09 21:15:07,cu2404,cu2404,66700.0,0.0,0.0,0.0,2,66680.0,66810.0,3,66700.0,66640.0,0.0,0.0,0.0,0.0,371
2023-05-09 21:15:07,cu2404,cu2404,66700.0,0.0,0.0,0.0,2,66690.0,66810.0,3,66700.0,66640.0,0.0,0.0,0.0,0.0,371
2023-05-09 21:15:08,cu2404,cu2404,66700.0,0.0,0.0,0.0,2,66690.0,66810.0,3,66700.0,66640.0,0.0,0.0,0.0,0.0,371
2023-05-09 21:15:11,cu2404,cu2404,66700.0,0.0,0.0,0.0,3,66690.0,66810.0,3,66700.0,66640.0,0.0,0.0,0.0,0.0,371
2023-05-09 21:15:12,cu2404,cu2404,66700.0,0.0,0.0,0.0,5,66690.0,66810.0,3,66700.0,66640.0,0.0,0.0,0.0,0.0,371
2023-05-09 21:15:14,cu2404,cu2404,66700.0,0.0,0.0,0.0,2,66690.0,66810.0,3,66700.0,66640.0,0.0,0.0,0.0,0.0,371
2023-05-09 21:15:15,cu2404,cu2404,66700.0,0.0,0.0,0.0,5,66690.0,66810.0,3,66700.0,66640.0,0.0,0.0,0.0,0.0,371
2023-05-09 21:15:18,cu2404,cu2404,66700.0,0.0,0.0,0.0,5,66690.0,66810.0,2,66700.0,66640.0,0.0,0.0,0.0,0.0,371
2023-05-09 21:15:18,cu2404,cu2404,66700.0,0.0,0.0,0.0,2,66690.0,66810.0,2,66700.0,66640.0,0.0,0.0,0.0,0.0,371
2023-05-09 21:15:19,cu2404,cu2404,66700.0,0.0,0.0,0.0,3,66700.0,66810.0,2,66700.0,66640.0,0.0,0.0,0.0,0.0,371
2023-05-09 21:15:19,cu2404,cu2404,66700.0,0.0,0.0,0.0,6,66700.0,66810.0,2,66700.0,66640.0,0.0,0.0,0.0,0.0,371
2023-05-09 21:15:20,cu2404,cu2404,66700.0,0.0,0.0,0.0,1,66710.0,66810.0,2,66700.0,66640.0,0.0,0.0,0.0,0.0,371
2023-05-09 21:15:20,cu2404,cu2404,66700.0,0.0,0.0,0.0,1,66710.0,66810.0,2,66700.0,66640.0,0.0,0.0,0.0,0.0,371
2023-05-09 21:15:21,cu2404,cu2404,66700.0,0.0,0.0,0.0,1,66710.0,66810.0,2,66700.0,66640.0,0.0,0.0,0.0,0.0,371
2023-05-09 21:15:23,cu2404,cu2404,66700.0,0.0,0.0,0.0,1,66710.0,66810.0,2,66700.0,66640.0,0.0,0.0,0.0,0.0,371
2023-05-09 21:15:24,cu2404,cu2404,66700.0,0.0,0.0,0.0,2,66710.0,66810.0,2,66700.0,66640.0,0.0,0.0,0.0,0.0,371
2023-05-09 21:15:27,cu2404,cu2404,66700.0,0.0,0.0,0.0,5,66710.0,66810.0,1,66700.0,66640.0,0.0,0.0,0.0,0.0,371
2023-05-09 21:15:27,cu2404,cu2404,66700.0,0.0,0.0,0.0,1,66720.0,66810.0,1,66700.0,66640.0,0.0,0.0,0.0,0.0,371
2023-05-09 21:15:28,cu2404,cu2404,66700.0,0.0,0.0,0.0,1,66720.0,66810.0,1,66700.0,66640.0,0.0,0.0,0.0,0.0,371
2023-05-09 21:15:28,cu2404,cu2404,66700.0,0.0,0.0,0.0,1,66730.0,66850.0,1,66700.0,66640.0,0.0,0.0,0.0,0.0,371
2023-05-09 21:15:29,cu2404,cu2404,66700.0,0.0,0.0,0.0,1,66730.0,66840.0,2,66700.0,66640.0,0.0,0.0,0.0,0.0,371
2023-05-09 21:15:29,cu2404,cu2404,66700.0,0.0,0.0,0.0,3,66740.0,66840.0,2,66700.0,66640.0,0.0,0.0,0.0,0.0,371
2023-05-09 21:15:30,cu2404,cu2404,66700.0,0.0,0.0,0.0,3,66710.0,66830.0,1,66700.0,66640.0,0.0,0.0,0.0,0.0,371
2023-05-09 21:15:30,cu2404,cu2404,66700.0,0.0,0.0,0.0,1,66720.0,66830.0,2,66700.0,66640.0,0.0,0.0,0.0,0.0,371
2023-05-09 21:15:31,cu2404,cu2404,66700.0,0.0,0.0,0.0,1,66730.0,66830.0,2,66700.0,66640.0,0.0,0.0,0.0,0.0,371
2023-05-09 21:15:31,cu2404,cu2404,66700.0,0.0,0.0,0.0,4,66730.0,66830.0,2,66700.0,66640.0,0.0,0.0,0.0,0.0,371
2023-05-09 21:15:32,cu2404,cu2404,66700.0,0.0,0.0,0.0,1,66730.0,66820.0,1,66700.0,66640.0,0.0,0.0,0.0,0.0,371
2023-05-09 21:15:32,cu2404,cu2404,66700.0,0.0,0.0,0.0,1,66730.0,66810.0,1,66700.0,66640.0,0.0,0.0,0.0,0.0,371
2023-05-09 21:15:33,cu2404,cu2404,66700.0,0.0,0.0,0.0,1,66730.0,66860.0,1,66700.0,66640.0,0.0,0.0,0.0,0.0,371
2023-05-09 21:15:33,cu2404,cu2404,66700.0,0.0,0.0,0.0,1,66730.0,66850.0,3,66700.0,66640.0,0.0,0.0,0.0,0.0,371
2023-05-09 21:15:34,cu2404,cu2404,66700.0,0.0,0.0,0.0,1,66730.0,66840.0,1,66700.0,66640.0,0.0,0.0,0.0,0.0,371
2023-05-09 21:15:34,cu2404,cu2404,66700.0,0.0,0.0,0.0,1,66730.0,66830.0,2,66700.0,66640.0,0.0,0.0,0.0,0.0,371
2023-05-09 21:15:36,cu2404,cu2404,66700.0,0.0,0.0,0.0,1,66730.0,66830.0,2,66700.0,66640.0,0.0,0.0,0.0,0.0,371
2023-05-09 21:15:44,cu2404,cu2404,66700.0,0.0,0.0,0.0,1,66700.0,66830.0,2,66700.0,66640.0,0.0,0.0,0.0,0.0,371
2023-05-09 21:15:44,cu2404,cu2404,66700.0,0.0,0.0,0.0,1,66710.0,66820.0,1,66700.0,66640.0,0.0,0.0,0.0,0.0,371
2023-05-09 21:15:45,cu2404,cu2404,66700.0,0.0,0.0,0.0,2,66710.0,66820.0,2,66700.0,66640.0,0.0,0.0,0.0,0.0,371
2023-05-09 21:15:46,cu2404,cu2404,66700.0,0.0,0.0,0.0,2,66710.0,66810.0,1,66700.0,66640.0,0.0,0.0,0.0,0.0,371
2023-05-09 21:15:47,cu2404,cu2404,66700.0,0.0,0.0,0.0,1,66710.0,66800.0,1,66700.0,66640.0,0.0,0.0,0.0,0.0,371
2023-05-09 21:15:48,cu2404,cu2404,66700.0,0.0,0.0,0.0,1,66710.0,66820.0,1,66700.0,66640.0,0.0,0.0,0.0,0.0,371
2023-05-09 21:15:48,cu2404,cu2404,66700.0,0.0,0.0,0.0,1,66710.0,66810.0,2,66700.0,66640.0,0.0,0.0,0.0,0.0,371
2023-05-09 21:15:49,cu2404,cu2404,66700.0,0.0,0.0,0.0,2,66720.0,66810.0,2,66700.0,66640.0,0.0,0.0,0.0,0.0,371
2023-05-09 21:15:49,cu2404,cu2404,66700.0,0.0,0.0,0.0,1,66700.0,66810.0,1,66700.0,66640.0,0.0,0.0,0.0,0.0,371
2023-05-09 21:15:50,cu2404,cu2404,66700.0,0.0,0.0,0.0,5,66710.0,66860.0,1,66700.0,66640.0,0.0,0.0,0.0,0.0,371
2023-05-09 21:15:50,cu2404,cu2404,66700.0,0.0,0.0,0.0,7,66710.0,66850.0,4,66700.0,66640.0,0.0,0.0,0.0,0.0,371
2023-05-09 21:15:51,cu2404,cu2404,66700.0,0.0,0.0,0.0,7,66710.0,66850.0,4,66700.0,66640.0,0.0,0.0,0.0,0.0,371
2023-05-09 21:15:54,cu2404,cu2404,66700.0,0.0,0.0,0.0,4,66710.0,66850.0,5,66700.0,66640.0,0.0,0.0,0.0,0.0,371
2023-05-09 21:15:55,cu2404,cu2404,66700.0,0.0,0.0,0.0,4,66710.0,66850.0,4,66700.0,66640.0,0.0,0.0,0.0,0.0,371
2023-05-09 21:15:57,cu2404,cu2404,66700.0,0.0,0.0,0.0,4,66710.0,66850.0,4,66700.0,66640.0,0.0,0.0,0.0,0.0,371
2023-05-09 21:15:58,cu2404,cu2404,66700.0,0.0,0.0,0.0,8,66710.0,66850.0,4,66700.0,66640.0,0.0,0.0,0.0,0.0,371
2023-05-09 21:15:58,cu2404,cu2404,66700.0,0.0,0.0,0.0,5,66710.0,66850.0,4,66700.0,66640.0,0.0,0.0,0.0,0.0,371
2023-05-09 21:16:01,cu2404,cu2404,66700.0,0.0,0.0,0.0,2,66720.0,66850.0,4,66700.0,66640.0,0.0,0.0,0.0,0.0,371
2023-05-09 21:16:02,cu2404,cu2404,66700.0,0.0,0.0,0.0,3,66720.0,66850.0,4,66700.0,66640.0,0.0,0.0,0.0,0.0,371
2023-05-09 21:16:02,cu2404,cu2404,66700.0,0.0,0.0,0.0,1,66730.0,66850.0,4,66700.0,66640.0,0.0,0.0,0.0,0.0,371
2023-05-09 21:16:03,cu2404,cu2404,66700.0,0.0,0.0,0.0,1,66730.0,66850.0,4,66700.0,66640.0,0.0,0.0,0.0,0.0,371
2023-05-09 21:16:03,cu2404,cu2404,66700.0,0.0,0.0,0.0,1,66730.0,66850.0,5,66700.0,66640.0,0.0,0.0,0.0,0.0,371
2023-05-09 21:16:05,cu2404,cu2404,66700.0,0.0,0.0,0.0,1,66730.0,66850.0,5,66700.0,66640.0,0.0,0.0,0.0,0.0,371
2023-05-09 21:16:08,cu2404,cu2404,66700.0,0.0,0.0,0.0,1,66730.0,66850.0,4,66700.0,66640.0,0.0,0.0,0.0,0.0,371
2023-05-09 21:16:10,cu2404,cu2404,66700.0,0.0,0.0,0.0,1,66730.0,66850.0,5,66700.0,66640.0,0.0,0.0,0.0,0.0,371
2023-05-09 21:16:10,cu2404,cu2404,66700.0,0.0,0.0,0.0,1,66730.0,66850.0,4,66700.0,66640.0,0.0,0.0,0.0,0.0,371
2023-05-09 21:16:13,cu2404,cu2404,66700.0,0.0,0.0,0.0,1,66730.0,66850.0,4,66700.0,66640.0,0.0,0.0,0.0,0.0,371
2023-05-09 21:16:14,cu2404,cu2404,66700.0,0.0,0.0,0.0,1,66730.0,66850.0,4,66700.0,66640.0,0.0,0.0,0.0,0.0,371
2023-05-09 21:16:14,cu2404,cu2404,66700.0,0.0,0.0,0.0,1,66730.0,66850.0,3,66700.0,66640.0,0.0,0.0,0.0,0.0,371
2023-05-09 21:16:18,cu2404,cu2404,66700.0,0.0,0.0,0.0,1,66730.0,66850.0,4,66700.0,66640.0,0.0,0.0,0.0,0.0,371
2023-05-09 21:16:21,cu2404,cu2404,66700.0,0.0,0.0,0.0,1,66730.0,66850.0,3,66700.0,66640.0,0.0,0.0,0.0,0.0,371
2023-05-09 21:16:22,cu2404,cu2404,66700.0,0.0,0.0,0.0,1,66730.0,66850.0,4,66700.0,66640.0,0.0,0.0,0.0,0.0,371
2023-05-09 21:16:24,cu2404,cu2404,66700.0,0.0,0.0,0.0,1,66730.0,66850.0,3,66700.0,66640.0,0.0,0.0,0.0,0.0,371
2023-05-09 21:16:25,cu2404,cu2404,66700.0,0.0,0.0,0.0,1,66730.0,66850.0,4,66700.0,66640.0,0.0,0.0,0.0,0.0,371
2023-05-09 21:16:27,cu2404,cu2404,66700.0,0.0,0.0,0.0,1,66730.0,66850.0,3,66700.0,66640.0,0.0,0.0,0.0,0.0,371
2023-05-09 21:16:28,cu2404,cu2404,66700.0,0.0,0.0,0.0,1,66730.0,66850.0,4,66700.0,66640.0,0.0,0.0,0.0,0.0,371
2023-05-09 21:16:31,cu2404,cu2404,66700.0,0.0,0.0,0.0,1,66730.0,66850.0,3,66700.0,66640.0,0.0,0.0,0.0,0.0,371
2023-05-09 21:16:31,cu2404,cu2404,66700.0,0.0,0.0,0.0,1,66730.0,66840.0,1,66700.0,66640.0,0.0,0.0,0.0,0.0,371
2023-05-09 21:16:32,cu2404,cu2404,66700.0,0.0,0.0,0.0,1,66730.0,66830.0,2,66700.0,66640.0,0.0,0.0,0.0,0.0,371
2023-05-09 21:16:34,cu2404,cu2404,66700.0,0.0,0.0,0.0,1,66730.0,66830.0,2,66700.0,66640.0,0.0,0.0,0.0,0.0,371
2023-05-09 21:16:40,cu2404,cu2404,66700.0,0.0,0.0,0.0,1,66700.0,66830.0,2,66700.0,66640.0,0.0,0.0,0.0,0.0,371
2023-05-09 21:16:41,cu2404,cu2404,66700.0,0.0,0.0,0.0,5,66700.0,66830.0,2,66700.0,66640.0,0.0,0.0,0.0,0.0,371
2023-05-09 21:16:41,cu2404,cu2404,66700.0,0.0,0.0,0.0,3,66710.0,66830.0,2,66700.0,66640.0,0.0,0.0,0.0,0.0,371
2023-05-09 21:16:42,cu2404,cu2404,66700.0,0.0,0.0,0.0,1,66710.0,66820.0,1,66700.0,66640.0,0.0,0.0,0.0,0.0,371
2023-05-09 21:16:42,cu2404,cu2404,66700.0,0.0,0.0,0.0,1,66710.0,66810.0,2,66700.0,66640.0,0.0,0.0,0.0,0.0,371
2023-05-09 21:16:44,cu2404,cu2404,66700.0,0.0,0.0,0.0,1,66710.0,66810.0,2,66700.0,66640.0,0.0,0.0,0.0,0.0,371
2023-05-09 21:16:49,cu2404,cu2404,66700.0,0.0,0.0,0.0,2,66710.0,66810.0,2,66700.0,66640.0,0.0,0.0,0.0,0.0,371
2023-05-09 21:16:50,cu2404,cu2404,66700.0,0.0,0.0,0.0,3,66720.0,66810.0,1,66700.0,66640.0,0.0,0.0,0.0,0.0,371
2023-05-09 21:16:50,cu2404,cu2404,66700.0,0.0,0.0,0.0,1,66700.0,66810.0,1,66700.0,66640.0,0.0,0.0,0.0,0.0,371
2023-05-09 21:16:51,cu2404,cu2404,66700.0,0.0,0.0,0.0,3,66710.0,66810.0,1,66700.0,66640.0,0.0,0.0,0.0,0.0,371
2023-05-09 21:16:52,cu2404,cu2404,66700.0,0.0,0.0,0.0,1,66720.0,66810.0,1,66700.0,66640.0,0.0,0.0,0.0,0.0,371
2023-05-09 21:16:52,cu2404,cu2404,66700.0,0.0,0.0,0.0,1,66720.0,66860.0,1,66700.0,66640.0,0.0,0.0,0.0,0.0,371
2023-05-09 21:16:53,cu2404,cu2404,66700.0,0.0,0.0,0.0,1,66720.0,66850.0,4,66700.0,66640.0,0.0,0.0,0.0,0.0,371
2023-05-09 21:16:53,cu2404,cu2404,66700.0,0.0,0.0,0.0,1,66720.0,66850.0,4,66700.0,66640.0,0.0,0.0,0.0,0.0,371
2023-05-09 21:16:55,cu2404,cu2404,66700.0,0.0,0.0,0.0,1,66720.0,66850.0,5,66700.0,66640.0,0.0,0.0,0.0,0.0,371
2023-05-09 21:16:58,cu2404,cu2404,66700.0,0.0,0.0,0.0,1,66720.0,66830.0,1,66700.0,66640.0,0.0,0.0,0.0,0.0,371
2023-05-09 21:16:59,cu2404,cu2404,66700.0,0.0,0.0,0.0,1,66720.0,66820.0,1,66700.0,66640.0,0.0,0.0,0.0,0.0,371
2023-05-09 21:16:59,cu2404,cu2404,66700.0,0.0,0.0,0.0,1,66720.0,66820.0,1,66700.0,66640.0,0.0,0.0,0.0,0.0,371
2023-05-09 21:17:00,cu2404,cu2404,66700.0,0.0,0.0,0.0,1,66720.0,66810.0,1,66700.0,66640.0,0.0,0.0,0.0,0.0,371
2023-05-09 21:17:00,cu2404,cu2404,66700.0,0.0,0.0,0.0,1,66720.0,66810.0,2,66700.0,66640.0,0.0,0.0,0.0,0.0,371
2023-05-09 21:17:01,cu2404,cu2404,66700.0,0.0,0.0,0.0,1,66720.0,66800.0,1,66700.0,66640.0,0.0,0.0,0.0,0.0,371
2023-05-09 21:17:01,cu2404,cu2404,66700.0,0.0,0.0,0.0,1,66720.0,66790.0,1,66700.0,66640.0,0.0,0.0,0.0,0.0,371
2023-05-09 21:17:02,cu2404,cu2404,66700.0,0.0,0.0,0.0,1,66720.0,66800.0,1,66700.0,66640.0,0.0,0.0,0.0,0.0,371
2023-05-09 21:17:03,cu2404,cu2404,66700.0,0.0,0.0,0.0,1,66720.0,66800.0,1,66700.0,66640.0,0.0,0.0,0.0,0.0,371
2023-05-09 21:17:03,cu2404,cu2404,66700.0,0.0,0.0,0.0,2,66710.0,66800.0,1,66700.0,66640.0,0.0,0.0,0.0,0.0,371
2023-05-09 21:17:04,cu2404,cu2404,66700.0,0.0,0.0,0.0,1,66700.0,66800.0,1,66700.0,66640.0,0.0,0.0,0.0,0.0,371
2023-05-09 21:17:05,cu2404,cu2404,66700.0,0.0,0.0,0.0,1,66700.0,66790.0,1,66700.0,66640.0,0.0,0.0,0.0,0.0,371
2023-05-09 21:17:05,cu2404,cu2404,66700.0,0.0,0.0,0.0,1,66700.0,66790.0,1,66700.0,66640.0,0.0,0.0,0.0,0.0,371
2023-05-09 21:17:06,cu2404,cu2404,66700.0,0.0,0.0,0.0,1,66700.0,66820.0,1,66700.0,66640.0,0.0,0.0,0.0,0.0,371
2023-05-09 21:17:06,cu2404,cu2404,66700.0,0.0,0.0,0.0,2,66700.0,66810.0,2,66700.0,66640.0,0.0,0.0,0.0,0.0,371
2023-05-09 21:17:07,cu2404,cu2404,66700.0,0.0,0.0,0.0,2,66700.0,66810.0,2,66700.0,66640.0,0.0,0.0,0.0,0.0,371
2023-05-09 21:17:08,cu2404,cu2404,66700.0,0.0,0.0,0.0,2,66700.0,66800.0,1,66700.0,66640.0,0.0,0.0,0.0,0.0,371
2023-05-09 21:17:08,cu2404,cu2404,66700.0,0.0,0.0,0.0,2,66700.0,66800.0,2,66700.0,66640.0,0.0,0.0,0.0,0.0,371
2023-05-09 21:17:09,cu2404,cu2404,66700.0,0.0,0.0,0.0,2,66700.0,66800.0,2,66700.0,66640.0,0.0,0.0,0.0,0.0,371
2023-05-09 21:17:11,cu2404,cu2404,66700.0,0.0,0.0,0.0,2,66700.0,66800.0,2,66700.0,66640.0,0.0,0.0,0.0,0.0,371
2023-05-09 21:17:11,cu2404,cu2404,66700.0,0.0,0.0,0.0,3,66700.0,66800.0,2,66700.0,66640.0,0.0,0.0,0.0,0.0,371
2023-05-09 21:17:12,cu2404,cu2404,66700.0,0.0,0.0,0.0,1,66710.0,66800.0,1,66700.0,66640.0,0.0,0.0,0.0,0.0,371
2023-05-09 21:17:12,cu2404,cu2404,66700.0,0.0,0.0,0.0,3,66720.0,66800.0,1,66700.0,66640.0,0.0,0.0,0.0,0.0,371
2023-05-09 21:17:13,cu2404,cu2404,66700.0,0.0,0.0,0.0,3,66720.0,66800.0,1,66700.0,66640.0,0.0,0.0,0.0,0.0,371
2023-05-09 21:17:13,cu2404,cu2404,66700.0,0.0,0.0,0.0,1,66700.0,66800.0,1,66700.0,66640.0,0.0,0.0,0.0,0.0,371
2023-05-09 21:17:14,cu2404,cu2404,66700.0,0.0,0.0,0.0,1,66710.0,66800.0,1,66700.0,66640.0,0.0,0.0,0.0,0.0,371
2023-05-09 21:17:16,cu2404,cu2404,66700.0,0.0,0.0,0.0,2,66710.0,66800.0,1,66700.0,66640.0,0.0,0.0,0.0,0.0,371
2023-05-09 21:17:31,cu2404,cu2404,66700.0,0.0,0.0,0.0,1,66710.0,66800.0,1,66700.0,66640.0,0.0,0.0,0.0,0.0,371
2023-05-09 21:17:34,cu2404,cu2404,66700.0,0.0,0.0,0.0,3,66720.0,66800.0,1,66700.0,66640.0,0.0,0.0,0.0,0.0,371
2023-05-09 21:17:34,cu2404,cu2404,66700.0,0.0,0.0,0.0,1,66700.0,66800.0,1,66700.0,66640.0,0.0,0.0,0.0,0.0,371
2023-05-09 21:17:35,cu2404,cu2404,66700.0,0.0,0.0,0.0,2,66700.0,66800.0,1,66700.0,66640.0,0.0,0.0,0.0,0.0,371
2023-05-09 21:17:35,cu2404,cu2404,66700.0,0.0,0.0,0.0,1,66710.0,66800.0,1,66700.0,66640.0,0.0,0.0,0.0,0.0,371
2023-05-09 21:17:36,cu2404,cu2404,66700.0,0.0,0.0,0.0,1,66710.0,66800.0,1,66700.0,66640.0,0.0,0.0,0.0,0.0,371
2023-05-09 21:17:50,cu2404,cu2404,66700.0,0.0,0.0,0.0,2,66710.0,66800.0,1,66700.0,66640.0,0.0,0.0,0.0,0.0,371
2023-05-09 21:17:52,cu2404,cu2404,66700.0,0.0,0.0,0.0,1,66710.0,66800.0,1,66700.0,66640.0,0.0,0.0,0.0,0.0,371
2023-05-09 21:17:59,cu2404,cu2404,66700.0,0.0,0.0,0.0,1,66710.0,66860.0,1,66700.0,66640.0,0.0,0.0,0.0,0.0,371
2023-05-09 21:17:59,cu2404,cu2404,66700.0,0.0,0.0,0.0,1,66710.0,66850.0,4,66700.0,66640.0,0.0,0.0,0.0,0.0,371
2023-05-09 21:18:00,cu2404,cu2404,66700.0,0.0,0.0,0.0,1,66710.0,66840.0,1,66700.0,66640.0,0.0,0.0,0.0,0.0,371
2023-05-09 21:18:00,cu2404,cu2404,66700.0,0.0,0.0,0.0,1,66710.0,66830.0,1,66700.0,66640.0,0.0,0.0,0.0,0.0,371
2023-05-09 21:18:01,cu2404,cu2404,66700.0,0.0,0.0,0.0,1,66710.0,66830.0,1,66700.0,66640.0,0.0,0.0,0.0,0.0,371
2023-05-09 21:18:01,cu2404,cu2404,66700.0,0.0,0.0,0.0,1,66710.0,66820.0,2,66700.0,66640.0,0.0,0.0,0.0,0.0,371
2023-05-09 21:18:02,cu2404,cu2404,66700.0,0.0,0.0,0.0,1,66710.0,66810.0,1,66700.0,66640.0,0.0,0.0,0.0,0.0,371
2023-05-09 21:18:02,cu2404,cu2404,66700.0,0.0,0.0,0.0,1,66710.0,66800.0,1,66700.0,66640.0,0.0,0.0,0.0,0.0,371
2023-05-09 21:18:03,cu2404,cu2404,66700.0,0.0,0.0,0.0,1,66710.0,66800.0,1,66700.0,66640.0,0.0,0.0,0.0,0.0,371
2023-05-09 21:18:04,cu2404,cu2404,66700.0,0.0,0.0,0.0,1,66710.0,66810.0,1,66700.0,66640.0,0.0,0.0,0.0,0.0,371
2023-05-09 21:18:05,cu2404,cu2404,66700.0,0.0,0.0,0.0,1,66710.0,66810.0,2,66700.0,66640.0,0.0,0.0,0.0,0.0,371
2023-05-09 21:18:15,cu2404,cu2404,66700.0,0.0,0.0,0.0,1,66710.0,66810.0,2,66700.0,66640.0,0.0,0.0,0.0,0.0,371
2023-05-09 21:18:15,cu2404,cu2404,66700.0,0.0,0.0,0.0,1,66710.0,66800.0,1,66700.0,66640.0,0.0,0.0,0.0,0.0,371
2023-05-09 21:18:16,cu2404,cu2404,66700.0,0.0,0.0,0.0,1,66710.0,66790.0,1,66700.0,66640.0,0.0,0.0,0.0,0.0,371
2023-05-09 21:18:16,cu2404,cu2404,66700.0,0.0,0.0,0.0,1,66710.0,66790.0,2,66700.0,66640.0,0.0,0.0,0.0,0.0,371
2023-05-09 21:18:17,cu2404,cu2404,66700.0,0.0,0.0,0.0,1,66710.0,66790.0,1,66700.0,66640.0,0.0,0.0,0.0,0.0,371
2023-05-09 21:18:30,cu2404,cu2404,66700.0,0.0,0.0,0.0,1,66710.0,66780.0,1,66700.0,66640.0,0.0,0.0,0.0,0.0,371
2023-05-09 21:18:31,cu2404,cu2404,66700.0,0.0,0.0,0.0,1,66710.0,66780.0,1,66700.0,66640.0,0.0,0.0,0.0,0.0,371
2023-05-09 21:18:31,cu2404,cu2404,66700.0,0.0,0.0,0.0,1,66710.0,66790.0,1,66700.0,66640.0,0.0,0.0,0.0,0.0,371
2023-05-09 21:18:32,cu2404,cu2404,66700.0,0.0,0.0,0.0,1,66710.0,66790.0,2,66700.0,66640.0,0.0,0.0,0.0,0.0,371
2023-05-09 21:18:38,cu2404,cu2404,66700.0,0.0,0.0,0.0,1,66660.0,66790.0,2,66700.0,66640.0,0.0,0.0,0.0,0.0,371
2023-05-09 21:18:38,cu2404,cu2404,66700.0,0.0,0.0,0.0,4,66670.0,66790.0,2,66700.0,66640.0,0.0,0.0,0.0,0.0,371
2023-05-09 21:18:39,cu2404,cu2404,66700.0,0.0,0.0,0.0,1,66680.0,66790.0,2,66700.0,66640.0,0.0,0.0,0.0,0.0,371
2023-05-09 21:18:39,cu2404,cu2404,66700.0,0.0,0.0,0.0,2,66680.0,66790.0,2,66700.0,66640.0,0.0,0.0,0.0,0.0,371
2023-05-09 21:18:41,cu2404,cu2404,66700.0,0.0,0.0,0.0,2,66680.0,66790.0,2,66700.0,66640.0,0.0,0.0,0.0,0.0,371
2023-05-09 21:18:42,cu2404,cu2404,66700.0,0.0,0.0,0.0,5,66680.0,66790.0,2,66700.0,66640.0,0.0,0.0,0.0,0.0,371
2023-05-09 21:18:44,cu2404,cu2404,66700.0,0.0,0.0,0.0,2,66680.0,66790.0,2,66700.0,66640.0,0.0,0.0,0.0,0.0,371
2023-05-09 21:19:00,cu2404,cu2404,66700.0,0.0,0.0,0.0,2,66680.0,66790.0,2,66700.0,66640.0,0.0,0.0,0.0,0.0,371
2023-05-09 21:19:00,cu2404,cu2404,66700.0,0.0,0.0,0.0,2,66680.0,66790.0,2,66700.0,66640.0,0.0,0.0,0.0,0.0,371
2023-05-09 21:19:02,cu2404,cu2404,66700.0,0.0,0.0,0.0,2,66680.0,66780.0,1,66700.0,66640.0,0.0,0.0,0.0,0.0,371
2023-05-09 21:19:05,cu2404,cu2404,66700.0,0.0,0.0,0.0,2,66680.0,66770.0,1,66700.0,66640.0,0.0,0.0,0.0,0.0,371
2023-05-09 21:19:05,cu2404,cu2404,66700.0,0.0,0.0,0.0,2,66680.0,66770.0,1,66700.0,66640.0,0.0,0.0,0.0,0.0,371
2023-05-09 21:19:12,cu2404,cu2404,66700.0,0.0,0.0,0.0,2,66680.0,66790.0,1,66700.0,66640.0,0.0,0.0,0.0,0.0,371
2023-05-09 21:19:13,cu2404,cu2404,66700.0,0.0,0.0,0.0,1,66680.0,66780.0,1,66700.0,66640.0,0.0,0.0,0.0,0.0,371
2023-05-09 21:19:14,cu2404,cu2404,66700.0,0.0,0.0,0.0,1,66680.0,66770.0,1,66700.0,66640.0,0.0,0.0,0.0,0.0,371
2023-05-09 21:19:14,cu2404,cu2404,66700.0,0.0,0.0,0.0,1,66680.0,66770.0,1,66700.0,66640.0,0.0,0.0,0.0,0.0,371
2023-05-09 21:19:15,cu2404,cu2404,66700.0,0.0,0.0,0.0,1,66680.0,66790.0,1,66700.0,66640.0,0.0,0.0,0.0,0.0,371
2023-05-09 21:19:16,cu2404,cu2404,66700.0,0.0,0.0,0.0,1,66680.0,66780.0,1,66700.0,66640.0,0.0,0.0,0.0,0.0,371
2023-05-09 21:19:16,cu2404,cu2404,66700.0,0.0,0.0,0.0,1,66680.0,66770.0,1,66700.0,66640.0,0.0,0.0,0.0,0.0,371
2023-05-09 21:19:17,cu2404,cu2404,66700.0,0.0,0.0,0.0,1,66680.0,66770.0,1,66700.0,66640.0,0.0,0.0,0.0,0.0,371
2023-05-09 21:19:17,cu2404,cu2404,66700.0,0.0,0.0,0.0,1,66680.0,66790.0,1,66700.0,66640.0,0.0,0.0,0.0,0.0,371
2023-05-09 21:19:18,cu2404,cu2404,66700.0,0.0,0.0,0.0,1,66680.0,66780.0,1,66700.0,66640.0,0.0,0.0,0.0,0.0,371
2023-05-09 21:19:18,cu2404,cu2404,66700.0,0.0,0.0,0.0,1,66680.0,66780.0,1,66700.0,66640.0,0.0,0.0,0.0,0.0,371
2023-05-09 21:19:19,cu2404,cu2404,66700.0,0.0,0.0,0.0,5,66680.0,66860.0,1,66700.0,66640.0,0.0,0.0,0.0,0.0,371
2023-05-09 21:19:19,cu2404,cu2404,66700.0,0.0,0.0,0.0,5,66680.0,66790.0,1,66700.0,66640.0,0.0,0.0,0.0,0.0,371
2023-05-09 21:19:20,cu2404,cu2404,66700.0,0.0,0.0,0.0,1,66690.0,66790.0,1,66700.0,66640.0,0.0,0.0,0.0,0.0,371
2023-05-09 21:19:20,cu2404,cu2404,66700.0,0.0,0.0,0.0,3,66680.0,66790.0,1,66700.0,66640.0,0.0,0.0,0.0,0.0,371
2023-05-09 21:19:21,cu2404,cu2404,66700.0,0.0,0.0,0.0,1,66690.0,66780.0,1,66700.0,66640.0,0.0,0.0,0.0,0.0,371
2023-05-09 21:19:21,cu2404,cu2404,66700.0,0.0,0.0,0.0,1,66690.0,66780.0,1,66700.0,66640.0,0.0,0.0,0.0,0.0,371
2023-05-09 21:19:22,cu2404,cu2404,66700.0,0.0,0.0,0.0,1,66690.0,66790.0,1,66700.0,66640.0,0.0,0.0,0.0,0.0,371
2023-05-09 21:19:22,cu2404,cu2404,66700.0,0.0,0.0,0.0,1,66690.0,66790.0,1,66700.0,66640.0,0.0,0.0,0.0,0.0,371
2023-05-09 21:19:23,cu2404,cu2404,66700.0,0.0,0.0,0.0,1,66690.0,66780.0,1,66700.0,66640.0,0.0,0.0,0.0,0.0,371
2023-05-09 21:19:23,cu2404,cu2404,66700.0,0.0,0.0,0.0,1,66690.0,66780.0,1,66700.0,66640.0,0.0,0.0,0.0,0.0,371
2023-05-09 21:19:26,cu2404,cu2404,66700.0,0.0,0.0,0.0,1,66690.0,66790.0,1,66700.0,66640.0,0.0,0.0,0.0,0.0,371
2023-05-09 21:19:26,cu2404,cu2404,66700.0,0.0,0.0,0.0,1,66690.0,66790.0,2,66700.0,66640.0,0.0,0.0,0.0,0.0,371
2023-05-09 21:19:43,cu2404,cu2404,66700.0,0.0,0.0,0.0,1,66700.0,66790.0,1,66700.0,66640.0,0.0,0.0,0.0,0.0,371
2023-05-09 21:19:43,cu2404,cu2404,66700.0,0.0,0.0,0.0,3,66710.0,66790.0,1,66700.0,66640.0,0.0,0.0,0.0,0.0,371
2023-05-09 21:19:44,cu2404,cu2404,66700.0,0.0,0.0,0.0,1,66710.0,66790.0,1,66700.0,66640.0,0.0,0.0,0.0,0.0,371
2023-05-09 21:19:46,cu2404,cu2404,66700.0,0.0,0.0,0.0,1,66710.0,66790.0,2,66700.0,66640.0,0.0,0.0,0.0,0.0,371
2023-05-09 21:19:47,cu2404,cu2404,66700.0,0.0,0.0,0.0,1,66710.0,66790.0,1,66700.0,66640.0,0.0,0.0,0.0,0.0,371
2023-05-09 21:19:48,cu2404,cu2404,66700.0,0.0,0.0,0.0,1,66710.0,66850.0,1,66700.0,66640.0,0.0,0.0,0.0,0.0,371
2023-05-09 21:19:48,cu2404,cu2404,66700.0,0.0,0.0,0.0,3,66720.0,66840.0,4,66700.0,66640.0,0.0,0.0,0.0,0.0,371
2023-05-09 21:19:49,cu2404,cu2404,66700.0,0.0,0.0,0.0,1,66660.0,66830.0,1,66700.0,66640.0,0.0,0.0,0.0,0.0,371
2023-05-09 21:19:49,cu2404,cu2404,66700.0,0.0,0.0,0.0,5,66670.0,66820.0,1,66700.0,66640.0,0.0,0.0,0.0,0.0,371
2023-05-09 21:19:50,cu2404,cu2404,66700.0,0.0,0.0,0.0,1,66680.0,66810.0,1,66700.0,66640.0,0.0,0.0,0.0,0.0,371
2023-05-09 21:19:50,cu2404,cu2404,66700.0,0.0,0.0,0.0,1,66690.0,66800.0,1,66700.0,66640.0,0.0,0.0,0.0,0.0,371
2023-05-09 21:19:51,cu2404,cu2404,66700.0,0.0,0.0,0.0,1,66700.0,66790.0,1,66700.0,66640.0,0.0,0.0,0.0,0.0,371
2023-05-09 21:19:51,cu2404,cu2404,66700.0,0.0,0.0,0.0,1,66700.0,66790.0,1,66700.0,66640.0,0.0,0.0,0.0,0.0,371
2023-05-09 21:19:52,cu2404,cu2404,66700.0,0.0,0.0,0.0,1,66700.0,66800.0,1,66700.0,66640.0,0.0,0.0,0.0,0.0,371
2023-05-09 21:19:52,cu2404,cu2404,66700.0,0.0,0.0,0.0,1,66700.0,66800.0,2,66700.0,66640.0,0.0,0.0,0.0,0.0,371
2023-05-09 21:20:10,cu2404,cu2404,66700.0,0.0,0.0,0.0,1,66700.0,66800.0,1,66700.0,66640.0,0.0,0.0,0.0,0.0,371
2023-05-09 21:20:10,cu2404,cu2404,66700.0,0.0,0.0,0.0,2,66700.0,66800.0,1,66700.0,66640.0,0.0,0.0,0.0,0.0,371
2023-05-09 21:20:11,cu2404,cu2404,66700.0,0.0,0.0,0.0,2,66710.0,66850.0,1,66700.0,66640.0,0.0,0.0,0.0,0.0,371
2023-05-09 21:20:11,cu2404,cu2404,66700.0,0.0,0.0,0.0,1,66660.0,66840.0,3,66700.0,66640.0,0.0,0.0,0.0,0.0,371
2023-05-09 21:20:12,cu2404,cu2404,66700.0,0.0,0.0,0.0,4,66670.0,66840.0,3,66700.0,66640.0,0.0,0.0,0.0,0.0,371
2023-05-09 21:20:12,cu2404,cu2404,66700.0,0.0,0.0,0.0,4,66670.0,66830.0,1,66700.0,66640.0,0.0,0.0,0.0,0.0,371
2023-05-09 21:20:13,cu2404,cu2404,66700.0,0.0,0.0,0.0,4,66680.0,66820.0,1,66700.0,66640.0,0.0,0.0,0.0,0.0,371
2023-05-09 21:20:13,cu2404,cu2404,66700.0,0.0,0.0,0.0,1,66690.0,66810.0,1,66700.0,66640.0,0.0,0.0,0.0,0.0,371
2023-05-09 21:20:14,cu2404,cu2404,66700.0,0.0,0.0,0.0,1,66690.0,66810.0,2,66700.0,66640.0,0.0,0.0,0.0,0.0,371
2023-05-09 21:20:14,cu2404,cu2404,66700.0,0.0,0.0,0.0,3,66700.0,66810.0,2,66700.0,66640.0,0.0,0.0,0.0,0.0,371
2023-05-09 21:20:15,cu2404,cu2404,66700.0,0.0,0.0,0.0,4,66700.0,66810.0,2,66700.0,66640.0,0.0,0.0,0.0,0.0,371
2023-05-09 21:20:15,cu2404,cu2404,66700.0,0.0,0.0,0.0,4,66700.0,66810.0,2,66700.0,66640.0,0.0,0.0,0.0,0.0,371
2023-05-09 21:20:16,cu2404,cu2404,66700.0,0.0,0.0,0.0,7,66700.0,66810.0,2,66700.0,66640.0,0.0,0.0,0.0,0.0,371
2023-05-09 21:20:20,cu2404,cu2404,66700.0,0.0,0.0,0.0,5,66700.0,66810.0,2,66700.0,66640.0,0.0,0.0,0.0,0.0,371
2023-05-09 21:20:29,cu2404,cu2404,66700.0,0.0,0.0,0.0,5,66700.0,66810.0,1,66700.0,66640.0,0.0,0.0,0.0,0.0,371
2023-05-09 21:20:30,cu2404,cu2404,66700.0,0.0,0.0,0.0,1,66710.0,66850.0,1,66700.0,66640.0,0.0,0.0,0.0,0.0,371
2023-05-09 21:20:30,cu2404,cu2404,66700.0,0.0,0.0,0.0,7,66710.0,66840.0,2,66700.0,66640.0,0.0,0.0,0.0,0.0,371
2023-05-09 21:20:31,cu2404,cu2404,66700.0,0.0,0.0,0.0,1,66720.0,66830.0,1,66700.0,66640.0,0.0,0.0,0.0,0.0,371
2023-05-09 21:20:31,cu2404,cu2404,66700.0,0.0,0.0,0.0,1,66720.0,66820.0,1,66700.0,66640.0,0.0,0.0,0.0,0.0,371
2023-05-09 21:20:32,cu2404,cu2404,66700.0,0.0,0.0,0.0,1,66720.0,66810.0,1,66700.0,66640.0,0.0,0.0,0.0,0.0,371
2023-05-09 21:20:32,cu2404,cu2404,66700.0,0.0,0.0,0.0,1,66720.0,66810.0,1,66700.0,66640.0,0.0,0.0,0.0,0.0,371
2023-05-09 21:20:33,cu2404,cu2404,66700.0,0.0,0.0,0.0,1,66720.0,66850.0,1,66700.0,66640.0,0.0,0.0,0.0,0.0,371
2023-05-09 21:20:33,cu2404,cu2404,66700.0,0.0,0.0,0.0,1,66720.0,66830.0,1,66700.0,66640.0,0.0,0.0,0.0,0.0,371
2023-05-09 21:20:34,cu2404,cu2404,66700.0,0.0,0.0,0.0,1,66720.0,66820.0,1,66700.0,66640.0,0.0,0.0,0.0,0.0,371
2023-05-09 21:20:37,cu2404,cu2404,66700.0,0.0,0.0,0.0,1,66720.0,66810.0,1,66700.0,66640.0,0.0,0.0,0.0,0.0,371
2023-05-09 21:20:38,cu2404,cu2404,66700.0,0.0,0.0,0.0,1,66720.0,66810.0,1,66700.0,66640.0,0.0,0.0,0.0,0.0,371
2023-05-09 21:20:41,cu2404,cu2404,66700.0,0.0,0.0,0.0,1,66720.0,66820.0,1,66700.0,66640.0,0.0,0.0,0.0,0.0,371
2023-05-09 21:20:42,cu2404,cu2404,66700.0,0.0,0.0,0.0,1,66720.0,66820.0,2,66700.0,66640.0,0.0,0.0,0.0,0.0,371
2023-05-09 21:20:42,cu2404,cu2404,66700.0,0.0,0.0,0.0,1,66730.0,66820.0,1,66700.0,66640.0,0.0,0.0,0.0,0.0,371
2023-05-09 21:20:43,cu2404,cu2404,66700.0,0.0,0.0,0.0,1,66730.0,66820.0,1,66700.0,66640.0,0.0,0.0,0.0,0.0,371
2023-05-09 21:20:43,cu2404,cu2404,66700.0,0.0,0.0,0.0,1,66740.0,66820.0,1,66700.0,66640.0,0.0,0.0,0.0,0.0,371
2023-05-09 21:20:44,cu2404,cu2404,66700.0,0.0,0.0,0.0,1,66740.0,66820.0,1,66700.0,66640.0,0.0,0.0,0.0,0.0,371
2023-05-09 21:20:45,cu2404,cu2404,66700.0,0.0,0.0,0.0,1,66740.0,66850.0,1,66700.0,66640.0,0.0,0.0,0.0,0.0,371
2023-05-09 21:20:45,cu2404,cu2404,66700.0,0.0,0.0,0.0,1,66740.0,66840.0,2,66700.0,66640.0,0.0,0.0,0.0,0.0,371
2023-05-09 21:20:46,cu2404,cu2404,66700.0,0.0,0.0,0.0,1,66740.0,66830.0,1,66700.0,66640.0,0.0,0.0,0.0,0.0,371
2023-05-09 21:20:46,cu2404,cu2404,66700.0,0.0,0.0,0.0,2,66750.0,66830.0,2,66700.0,66640.0,0.0,0.0,0.0,0.0,371
2023-05-09 21:20:47,cu2404,cu2404,66700.0,0.0,0.0,0.0,1,66690.0,66830.0,2,66700.0,66640.0,0.0,0.0,0.0,0.0,371
2023-05-09 21:20:47,cu2404,cu2404,66700.0,0.0,0.0,0.0,4,66700.0,66830.0,2,66700.0,66640.0,0.0,0.0,0.0,0.0,371
2023-05-09 21:20:48,cu2404,cu2404,66700.0,0.0,0.0,0.0,4,66700.0,66830.0,2,66700.0,66640.0,0.0,0.0,0.0,0.0,371
2023-05-09 21:20:48,cu2404,cu2404,66700.0,0.0,0.0,0.0,1,66710.0,66830.0,2,66700.0,66640.0,0.0,0.0,0.0,0.0,371
2023-05-09 21:20:49,cu2404,cu2404,66700.0,0.0,0.0,0.0,1,66720.0,66830.0,2,66700.0,66640.0,0.0,0.0,0.0,0.0,371
2023-05-09 21:20:49,cu2404,cu2404,66700.0,0.0,0.0,0.0,1,66720.0,66830.0,2,66700.0,66640.0,0.0,0.0,0.0,0.0,371
2023-05-09 21:20:50,cu2404,cu2404,66700.0,0.0,0.0,0.0,1,66730.0,66830.0,2,66700.0,66640.0,0.0,0.0,0.0,0.0,371
2023-05-09 21:20:50,cu2404,cu2404,66700.0,0.0,0.0,0.0,1,66730.0,66830.0,2,66700.0,66640.0,0.0,0.0,0.0,0.0,371
2023-05-09 21:20:53,cu2404,cu2404,66700.0,0.0,0.0,0.0,1,66730.0,66830.0,2,66700.0,66640.0,0.0,0.0,0.0,0.0,371
2023-05-09 21:21:06,cu2404,cu2404,66700.0,0.0,0.0,0.0,1,66730.0,66820.0,1,66700.0,66640.0,0.0,0.0,0.0,0.0,371
2023-05-09 21:21:06,cu2404,cu2404,66700.0,0.0,0.0,0.0,1,66730.0,66810.0,1,66700.0,66640.0,0.0,0.0,0.0,0.0,371
2023-05-09 21:21:07,cu2404,cu2404,66700.0,0.0,0.0,0.0,1,66730.0,66800.0,1,66700.0,66640.0,0.0,0.0,0.0,0.0,371
2023-05-09 21:21:07,cu2404,cu2404,66700.0,0.0,0.0,0.0,1,66730.0,66800.0,1,66700.0,66640.0,0.0,0.0,0.0,0.0,371
2023-05-09 21:21:13,cu2404,cu2404,66700.0,0.0,0.0,0.0,1,66730.0,66860.0,1,66700.0,66640.0,0.0,0.0,0.0,0.0,371
2023-05-09 21:21:14,cu2404,cu2404,66700.0,0.0,0.0,0.0,1,66730.0,66850.0,4,66700.0,66640.0,0.0,0.0,0.0,0.0,371
2023-05-09 21:21:14,cu2404,cu2404,66700.0,0.0,0.0,0.0,2,66740.0,66840.0,1,66700.0,66640.0,0.0,0.0,0.0,0.0,371
2023-05-09 21:21:15,cu2404,cu2404,66700.0,0.0,0.0,0.0,1,66700.0,66830.0,1,66700.0,66640.0,0.0,0.0,0.0,0.0,371
2023-05-09 21:21:15,cu2404,cu2404,66700.0,0.0,0.0,0.0,5,66710.0,66830.0,1,66700.0,66640.0,0.0,0.0,0.0,0.0,371
2023-05-09 21:21:16,cu2404,cu2404,66700.0,0.0,0.0,0.0,5,66710.0,66830.0,1,66700.0,66640.0,0.0,0.0,0.0,0.0,371
2023-05-09 21:21:18,cu2404,cu2404,66700.0,0.0,0.0,0.0,2,66710.0,66820.0,1,66700.0,66640.0,0.0,0.0,0.0,0.0,371
2023-05-09 21:21:18,cu2404,cu2404,66700.0,0.0,0.0,0.0,2,66710.0,66810.0,1,66700.0,66640.0,0.0,0.0,0.0,0.0,371
2023-05-09 21:21:20,cu2404,cu2404,66700.0,0.0,0.0,0.0,2,66710.0,66810.0,1,66700.0,66640.0,0.0,0.0,0.0,0.0,371
2023-05-09 21:21:20,cu2404,cu2404,66700.0,0.0,0.0,0.0,2,66710.0,66800.0,1,66700.0,66640.0,0.0,0.0,0.0,0.0,371
2023-05-09 21:21:21,cu2404,cu2404,66700.0,0.0,0.0,0.0,2,66710.0,66800.0,1,66700.0,66640.0,0.0,0.0,0.0,0.0,371
2023-05-09 21:21:21,cu2404,cu2404,66700.0,0.0,0.0,0.0,2,66710.0,66810.0,1,66700.0,66640.0,0.0,0.0,0.0,0.0,371
2023-05-09 21:21:22,cu2404,cu2404,66700.0,0.0,0.0,0.0,2,66710.0,66810.0,2,66700.0,66640.0,0.0,0.0,0.0,0.0,371
2023-05-09 21:21:22,cu2404,cu2404,66700.0,0.0,0.0,0.0,1,66710.0,66810.0,2,66700.0,66640.0,0.0,0.0,0.0,0.0,371
2023-05-09 21:21:27,cu2404,cu2404,66700.0,0.0,0.0,0.0,1,66710.0,66800.0,1,66700.0,66640.0,0.0,0.0,0.0,0.0,371
2023-05-09 21:21:28,cu2404,cu2404,66700.0,0.0,0.0,0.0,1,66710.0,66790.0,1,66700.0,66640.0,0.0,0.0,0.0,0.0,371
2023-05-09 21:21:28,cu2404,cu2404,66700.0,0.0,0.0,0.0,1,66710.0,66790.0,1,66700.0,66640.0,0.0,0.0,0.0,0.0,371
2023-05-09 21:21:29,cu2404,cu2404,66700.0,0.0,0.0,0.0,1,66710.0,66800.0,1,66700.0,66640.0,0.0,0.0,0.0,0.0,371
2023-05-09 21:21:29,cu2404,cu2404,66700.0,0.0,0.0,0.0,1,66710.0,66800.0,2,66700.0,66640.0,0.0,0.0,0.0,0.0,371
2023-05-09 21:21:33,cu2404,cu2404,66700.0,0.0,0.0,0.0,1,66710.0,66790.0,1,66700.0,66640.0,0.0,0.0,0.0,0.0,371
2023-05-09 21:21:34,cu2404,cu2404,66700.0,0.0,0.0,0.0,1,66710.0,66780.0,1,66700.0,66640.0,0.0,0.0,0.0,0.0,371
2023-05-09 21:21:34,cu2404,cu2404,66700.0,0.0,0.0,0.0,1,66710.0,66780.0,1,66700.0,66640.0,0.0,0.0,0.0,0.0,371
2023-05-09 21:21:35,cu2404,cu2404,66700.0,0.0,0.0,0.0,1,66710.0,66790.0,1,66700.0,66640.0,0.0,0.0,0.0,0.0,371
2023-05-09 21:21:36,cu2404,cu2404,66700.0,0.0,0.0,0.0,1,66710.0,66790.0,2,66700.0,66640.0,0.0,0.0,0.0,0.0,371
2023-05-09 21:21:36,cu2404,cu2404,66700.0,0.0,0.0,0.0,1,66660.0,66790.0,2,66700.0,66640.0,0.0,0.0,0.0,0.0,371
2023-05-09 21:21:37,cu2404,cu2404,66700.0,0.0,0.0,0.0,4,66670.0,66790.0,2,66700.0,66640.0,0.0,0.0,0.0,0.0,371
2023-05-09 21:21:37,cu2404,cu2404,66700.0,0.0,0.0,0.0,1,66680.0,66790.0,2,66700.0,66640.0,0.0,0.0,0.0,0.0,371
2023-05-09 21:21:38,cu2404,cu2404,66700.0,0.0,0.0,0.0,2,66680.0,66790.0,2,66700.0,66640.0,0.0,0.0,0.0,0.0,371
2023-05-09 21:21:40,cu2404,cu2404,66700.0,0.0,0.0,0.0,2,66680.0,66790.0,2,66700.0,66640.0,0.0,0.0,0.0,0.0,371
2023-05-09 21:21:42,cu2404,cu2404,66700.0,0.0,0.0,0.0,5,66680.0,66790.0,2,66700.0,66640.0,0.0,0.0,0.0,0.0,371
2023-05-09 21:21:49,cu2404,cu2404,66700.0,0.0,0.0,0.0,2,66690.0,66790.0,2,66700.0,66640.0,0.0,0.0,0.0,0.0,371
2023-05-09 21:21:49,cu2404,cu2404,66700.0,0.0,0.0,0.0,3,66680.0,66790.0,2,66700.0,66640.0,0.0,0.0,0.0,0.0,371
2023-05-09 21:21:50,cu2404,cu2404,66700.0,0.0,0.0,0.0,1,66690.0,66790.0,2,66700.0,66640.0,0.0,0.0,0.0,0.0,371
2023-05-09 21:21:50,cu2404,cu2404,66700.0,0.0,0.0,0.0,1,66690.0,66790.0,2,66700.0,66640.0,0.0,0.0,0.0,0.0,371
2023-05-09 21:21:54,cu2404,cu2404,66700.0,0.0,0.0,0.0,1,66690.0,66790.0,2,66700.0,66640.0,0.0,0.0,0.0,0.0,371
2023-05-09 21:21:59,cu2404,cu2404,66700.0,0.0,0.0,0.0,1,66690.0,66780.0,1,66700.0,66640.0,0.0,0.0,0.0,0.0,371
2023-05-09 21:21:59,cu2404,cu2404,66700.0,0.0,0.0,0.0,1,66690.0,66770.0,1,66700.0,66640.0,0.0,0.0,0.0,0.0,371
2023-05-09 21:22:00,cu2404,cu2404,66700.0,0.0,0.0,0.0,1,66690.0,66770.0,1,66700.0,66640.0,0.0,0.0,0.0,0.0,371
2023-05-09 21:22:00,cu2404,cu2404,66700.0,0.0,0.0,0.0,1,66690.0,66770.0,1,66700.0,66640.0,0.0,0.0,0.0,0.0,371
2023-05-09 21:22:03,cu2404,cu2404,66700.0,0.0,0.0,0.0,1,66690.0,66770.0,1,66700.0,66640.0,0.0,0.0,0.0,0.0,371
2023-05-09 21:22:04,cu2404,cu2404,66700.0,0.0,0.0,0.0,1,66690.0,66770.0,1,66700.0,66640.0,0.0,0.0,0.0,0.0,371
2023-05-09 21:22:05,cu2404,cu2404,66700.0,0.0,0.0,0.0,1,66690.0,66770.0,1,66700.0,66640.0,0.0,0.0,0.0,0.0,371
2023-05-09 21:22:06,cu2404,cu2404,66700.0,0.0,0.0,0.0,1,66690.0,66770.0,1,66700.0,66640.0,0.0,0.0,0.0,0.0,371
2023-05-09 21:22:08,cu2404,cu2404,66700.0,0.0,0.0,0.0,1,66690.0,66860.0,1,66700.0,66640.0,0.0,0.0,0.0,0.0,371
2023-05-09 21:22:09,cu2404,cu2404,66700.0,0.0,0.0,0.0,1,66690.0,66820.0,1,66700.0,66640.0,0.0,0.0,0.0,0.0,371
2023-05-09 21:22:09,cu2404,cu2404,66700.0,0.0,0.0,0.0,1,66690.0,66810.0,1,66700.0,66640.0,0.0,0.0,0.0,0.0,371
2023-05-09 21:22:10,cu2404,cu2404,66700.0,0.0,0.0,0.0,1,66690.0,66800.0,1,66700.0,66640.0,0.0,0.0,0.0,0.0,371
2023-05-09 21:22:10,cu2404,cu2404,66700.0,0.0,0.0,0.0,1,66690.0,66790.0,1,66700.0,66640.0,0.0,0.0,0.0,0.0,371
2023-05-09 21:22:11,cu2404,cu2404,66700.0,0.0,0.0,0.0,1,66690.0,66780.0,1,66700.0,66640.0,0.0,0.0,0.0,0.0,371
2023-05-09 21:22:11,cu2404,cu2404,66700.0,0.0,0.0,0.0,1,66690.0,66780.0,1,66700.0,66640.0,0.0,0.0,0.0,0.0,371
2023-05-09 21:22:13,cu2404,cu2404,66700.0,0.0,0.0,0.0,1,66690.0,66790.0,1,66700.0,66640.0,0.0,0.0,0.0,0.0,371
2023-05-09 21:22:13,cu2404,cu2404,66700.0,0.0,0.0,0.0,1,66690.0,66790.0,2,66700.0,66640.0,0.0,0.0,0.0,0.0,371
2023-05-09 21:22:16,cu2404,cu2404,66700.0,0.0,0.0,0.0,1,66690.0,66780.0,1,66700.0,66640.0,0.0,0.0,0.0,0.0,371
2023-05-09 21:22:20,cu2404,cu2404,66700.0,0.0,0.0,0.0,1,66690.0,66770.0,1,66700.0,66640.0,0.0,0.0,0.0,0.0,371
2023-05-09 21:22:20,cu2404,cu2404,66700.0,0.0,0.0,0.0,1,66690.0,66770.0,1,66700.0,66640.0,0.0,0.0,0.0,0.0,371
2023-05-09 21:22:24,cu2404,cu2404,66700.0,0.0,0.0,0.0,1,66690.0,66790.0,1,66700.0,66640.0,0.0,0.0,0.0,0.0,371
2023-05-09 21:22:25,cu2404,cu2404,66700.0,0.0,0.0,0.0,1,66690.0,66780.0,1,66700.0,66640.0,0.0,0.0,0.0,0.0,371
2023-05-09 21:22:25,cu2404,cu2404,66700.0,0.0,0.0,0.0,1,66690.0,66780.0,2,66700.0,66640.0,0.0,0.0,0.0,0.0,371
2023-05-09 21:22:26,cu2404,cu2404,66700.0,0.0,0.0,0.0,1,66690.0,66770.0,1,66700.0,66640.0,0.0,0.0,0.0,0.0,371
2023-05-09 21:22:26,cu2404,cu2404,66700.0,0.0,0.0,0.0,1,66690.0,66770.0,2,66700.0,66640.0,0.0,0.0,0.0,0.0,371
2023-05-09 21:22:30,cu2404,cu2404,66700.0,0.0,0.0,0.0,1,66660.0,66770.0,2,66700.0,66640.0,0.0,0.0,0.0,0.0,371
2023-05-09 21:22:31,cu2404,cu2404,66700.0,0.0,0.0,0.0,3,66670.0,66770.0,2,66700.0,66640.0,0.0,0.0,0.0,0.0,371
2023-05-09 21:22:31,cu2404,cu2404,66700.0,0.0,0.0,0.0,3,66670.0,66770.0,2,66700.0,66640.0,0.0,0.0,0.0,0.0,371
2023-05-09 21:22:39,cu2404,cu2404,66700.0,0.0,0.0,0.0,3,66670.0,66770.0,2,66700.0,66640.0,0.0,0.0,0.0,0.0,371
2023-05-09 21:22:39,cu2404,cu2404,66700.0,0.0,0.0,0.0,3,66670.0,66770.0,2,66700.0,66640.0,0.0,0.0,0.0,0.0,371
2023-05-09 21:22:45,cu2404,cu2404,66700.0,0.0,0.0,0.0,3,66670.0,66760.0,1,66700.0,66640.0,0.0,0.0,0.0,0.0,371
2023-05-09 21:22:46,cu2404,cu2404,66700.0,0.0,0.0,0.0,1,66670.0,66760.0,1,66700.0,66640.0,0.0,0.0,0.0,0.0,371
2023-05-09 21:22:51,cu2404,cu2404,66700.0,0.0,0.0,0.0,1,66670.0,66750.0,1,66700.0,66640.0,0.0,0.0,0.0,0.0,371
2023-05-09 21:22:51,cu2404,cu2404,66700.0,0.0,0.0,0.0,1,66670.0,66750.0,2,66700.0,66640.0,0.0,0.0,0.0,0.0,371
2023-05-09 21:22:52,cu2404,cu2404,66700.0,0.0,0.0,0.0,1,66670.0,66750.0,2,66700.0,66640.0,0.0,0.0,0.0,0.0,371
2023-05-09 21:22:55,cu2404,cu2404,66700.0,0.0,0.0,0.0,1,66670.0,66750.0,1,66700.0,66640.0,0.0,0.0,0.0,0.0,371
2023-05-09 21:22:57,cu2404,cu2404,66700.0,0.0,0.0,0.0,1,66670.0,66750.0,1,66700.0,66640.0,0.0,0.0,0.0,0.0,371
2023-05-09 21:22:57,cu2404,cu2404,66700.0,0.0,0.0,0.0,1,66670.0,66750.0,1,66700.0,66640.0,0.0,0.0,0.0,0.0,371
2023-05-09 21:23:00,cu2404,cu2404,66700.0,0.0,0.0,0.0,1,66670.0,66860.0,1,66700.0,66640.0,0.0,0.0,0.0,0.0,371
2023-05-09 21:23:00,cu2404,cu2404,66700.0,0.0,0.0,0.0,1,66670.0,66760.0,1,66700.0,66640.0,0.0,0.0,0.0,0.0,371
2023-05-09 21:23:01,cu2404,cu2404,66700.0,0.0,0.0,0.0,1,66670.0,66760.0,1,66700.0,66640.0,0.0,0.0,0.0,0.0,371
2023-05-09 21:23:03,cu2404,cu2404,66700.0,0.0,0.0,0.0,1,66670.0,66750.0,1,66700.0,66640.0,0.0,0.0,0.0,0.0,371
2023-05-09 21:23:03,cu2404,cu2404,66700.0,0.0,0.0,0.0,1,66670.0,66770.0,1,66700.0,66640.0,0.0,0.0,0.0,0.0,371
2023-05-09 21:23:04,cu2404,cu2404,66700.0,0.0,0.0,0.0,1,66670.0,66760.0,1,66700.0,66640.0,0.0,0.0,0.0,0.0,371
2023-05-09 21:23:07,cu2404,cu2404,66700.0,0.0,0.0,0.0,1,66670.0,66750.0,1,66700.0,66640.0,0.0,0.0,0.0,0.0,371
2023-05-09 21:23:07,cu2404,cu2404,66700.0,0.0,0.0,0.0,1,66670.0,66750.0,1,66700.0,66640.0,0.0,0.0,0.0,0.0,371
2023-05-09 21:23:08,cu2404,cu2404,66700.0,0.0,0.0,0.0,1,66670.0,66770.0,1,66700.0,66640.0,0.0,0.0,0.0,0.0,371
2023-05-09 21:23:08,cu2404,cu2404,66700.0,0.0,0.0,0.0,1,66670.0,66760.0,2,66700.0,66640.0,0.0,0.0,0.0,0.0,371
2023-05-09 21:23:09,cu2404,cu2404,66700.0,0.0,0.0,0.0,1,66670.0,66750.0,1,66700.0,66640.0,0.0,0.0,0.0,0.0,371
2023-05-09 21:23:09,cu2404,cu2404,66700.0,0.0,0.0,0.0,1,66670.0,66760.0,1,66700.0,66640.0,0.0,0.0,0.0,0.0,371
2023-05-09 21:23:10,cu2404,cu2404,66700.0,0.0,0.0,0.0,1,66670.0,66760.0,2,66700.0,66640.0,0.0,0.0,0.0,0.0,371
2023-05-09 21:23:10,cu2404,cu2404,66700.0,0.0,0.0,0.0,1,66670.0,66750.0,1,66700.0,66640.0,0.0,0.0,0.0,0.0,371
2023-05-09 21:23:11,cu2404,cu2404,66700.0,0.0,0.0,0.0,1,66670.0,66750.0,1,66700.0,66640.0,0.0,0.0,0.0,0.0,371
2023-05-09 21:23:16,cu2404,cu2404,66700.0,0.0,0.0,0.0,1,66670.0,66750.0,2,66700.0,66640.0,0.0,0.0,0.0,0.0,371
2023-05-09 21:23:22,cu2404,cu2404,66700.0,0.0,0.0,0.0,1,66620.0,66750.0,2,66700.0,66640.0,0.0,0.0,0.0,0.0,371
2023-05-09 21:23:22,cu2404,cu2404,66700.0,0.0,0.0,0.0,4,66630.0,66750.0,2,66700.0,66640.0,0.0,0.0,0.0,0.0,371
2023-05-09 21:23:23,cu2404,cu2404,66700.0,0.0,0.0,0.0,1,66640.0,66750.0,2,66700.0,66640.0,0.0,0.0,0.0,0.0,371
2023-05-09 21:23:23,cu2404,cu2404,66700.0,0.0,0.0,0.0,2,66640.0,66750.0,2,66700.0,66640.0,0.0,0.0,0.0,0.0,371
2023-05-09 21:23:25,cu2404,cu2404,66700.0,0.0,0.0,0.0,2,66640.0,66750.0,2,66700.0,66640.0,0.0,0.0,0.0,0.0,371
2023-05-09 21:23:37,cu2404,cu2404,66700.0,0.0,0.0,0.0,2,66640.0,66740.0,1,66700.0,66640.0,0.0,0.0,0.0,0.0,371
2023-05-09 21:23:38,cu2404,cu2404,66700.0,0.0,0.0,0.0,1,66640.0,66740.0,2,66700.0,66640.0,0.0,0.0,0.0,0.0,371
2023-05-09 21:23:38,cu2404,cu2404,66700.0,0.0,0.0,0.0,1,66640.0,66730.0,1,66700.0,66640.0,0.0,0.0,0.0,0.0,371
2023-05-09 21:23:39,cu2404,cu2404,66700.0,0.0,0.0,0.0,1,66640.0,66730.0,1,66700.0,66640.0,0.0,0.0,0.0,0.0,371
2023-05-09 21:23:40,cu2404,cu2404,66700.0,0.0,0.0,0.0,1,66640.0,66730.0,1,66700.0,66640.0,0.0,0.0,0.0,0.0,371
2023-05-09 21:23:44,cu2404,cu2404,66700.0,0.0,0.0,0.0,1,66640.0,66740.0,1,66700.0,66640.0,0.0,0.0,0.0,0.0,371
2023-05-09 21:23:45,cu2404,cu2404,66700.0,0.0,0.0,0.0,1,66640.0,66740.0,2,66700.0,66640.0,0.0,0.0,0.0,0.0,371
2023-05-09 21:23:48,cu2404,cu2404,66700.0,0.0,0.0,0.0,1,66640.0,66730.0,1,66700.0,66640.0,0.0,0.0,0.0,0.0,371
2023-05-09 21:23:48,cu2404,cu2404,66700.0,0.0,0.0,0.0,1,66640.0,66740.0,1,66700.0,66640.0,0.0,0.0,0.0,0.0,371
2023-05-09 21:23:49,cu2404,cu2404,66700.0,0.0,0.0,0.0,1,66640.0,66740.0,2,66700.0,66640.0,0.0,0.0,0.0,0.0,371
2023-05-09 21:23:53,cu2404,cu2404,66700.0,0.0,0.0,0.0,1,66640.0,66740.0,1,66700.0,66640.0,0.0,0.0,0.0,0.0,371
2023-05-09 21:23:53,cu2404,cu2404,66700.0,0.0,0.0,0.0,1,66640.0,66740.0,2,66700.0,66640.0,0.0,0.0,0.0,0.0,371
2023-05-09 21:24:04,cu2404,cu2404,66700.0,0.0,0.0,0.0,1,66640.0,66730.0,1,66700.0,66640.0,0.0,0.0,0.0,0.0,371
2023-05-09 21:24:04,cu2404,cu2404,66700.0,0.0,0.0,0.0,1,66640.0,66730.0,2,66700.0,66640.0,0.0,0.0,0.0,0.0,371
2023-05-09 21:24:36,cu2404,cu2404,66700.0,0.0,0.0,0.0,1,66640.0,66730.0,2,66700.0,66640.0,0.0,0.0,0.0,0.0,371
2023-05-09 21:24:37,cu2404,cu2404,66700.0,0.0,0.0,0.0,1,66640.0,66730.0,2,66700.0,66640.0,0.0,0.0,0.0,0.0,371
2023-05-09 21:24:39,cu2404,cu2404,66700.0,0.0,0.0,0.0,1,66640.0,66730.0,1,66700.0,66640.0,0.0,0.0,0.0,0.0,371
2023-05-09 21:24:41,cu2404,cu2404,66700.0,0.0,0.0,0.0,1,66640.0,66730.0,1,66700.0,66640.0,0.0,0.0,0.0,0.0,371
2023-05-09 21:24:41,cu2404,cu2404,66700.0,0.0,0.0,0.0,1,66640.0,66740.0,1,66700.0,66640.0,0.0,0.0,0.0,0.0,371
2023-05-09 21:24:42,cu2404,cu2404,66700.0,0.0,0.0,0.0,1,66640.0,66740.0,2,66700.0,66640.0,0.0,0.0,0.0,0.0,371
2023-05-09 21:24:49,cu2404,cu2404,66700.0,0.0,0.0,0.0,1,66640.0,66730.0,1,66700.0,66640.0,0.0,0.0,0.0,0.0,371
2023-05-09 21:24:49,cu2404,cu2404,66700.0,0.0,0.0,0.0,1,66640.0,66730.0,1,66700.0,66640.0,0.0,0.0,0.0,0.0,371
2023-05-09 21:24:50,cu2404,cu2404,66700.0,0.0,0.0,0.0,1,66640.0,66730.0,2,66700.0,66640.0,0.0,0.0,0.0,0.0,371
2023-05-09 21:25:01,cu2404,cu2404,66700.0,0.0,0.0,0.0,2,66640.0,66740.0,1,66700.0,66640.0,0.0,0.0,0.0,0.0,371
2023-05-09 21:25:02,cu2404,cu2404,66700.0,0.0,0.0,0.0,2,66640.0,66740.0,2,66700.0,66640.0,0.0,0.0,0.0,0.0,371
2023-05-09 21:25:03,cu2404,cu2404,66700.0,0.0,0.0,0.0,2,66640.0,66730.0,1,66700.0,66640.0,0.0,0.0,0.0,0.0,371
2023-05-09 21:25:04,cu2404,cu2404,66700.0,0.0,0.0,0.0,2,66640.0,66730.0,1,66700.0,66640.0,0.0,0.0,0.0,0.0,371
2023-05-09 21:25:05,cu2404,cu2404,66700.0,0.0,0.0,0.0,2,66640.0,66740.0,1,66700.0,66640.0,0.0,0.0,0.0,0.0,371
2023-05-09 21:25:05,cu2404,cu2404,66700.0,0.0,0.0,0.0,2,66640.0,66740.0,2,66700.0,66640.0,0.0,0.0,0.0,0.0,371
2023-05-09 21:25:06,cu2404,cu2404,66700.0,0.0,0.0,0.0,1,66640.0,66740.0,2,66700.0,66640.0,0.0,0.0,0.0,0.0,371
2023-05-09 21:25:10,cu2404,cu2404,66700.0,0.0,0.0,0.0,1,66640.0,66730.0,1,66700.0,66640.0,0.0,0.0,0.0,0.0,371
2023-05-09 21:25:11,cu2404,cu2404,66700.0,0.0,0.0,0.0,1,66640.0,66730.0,1,66700.0,66640.0,0.0,0.0,0.0,0.0,371
2023-05-09 21:25:16,cu2404,cu2404,66700.0,0.0,0.0,0.0,1,66640.0,66730.0,2,66700.0,66640.0,0.0,0.0,0.0,0.0,371
2023-05-09 21:25:16,cu2404,cu2404,66700.0,0.0,0.0,0.0,1,66640.0,66730.0,1,66700.0,66640.0,0.0,0.0,0.0,0.0,371
2023-05-09 21:25:18,cu2404,cu2404,66700.0,0.0,0.0,0.0,1,66640.0,66740.0,1,66700.0,66640.0,0.0,0.0,0.0,0.0,371
2023-05-09 21:25:19,cu2404,cu2404,66700.0,0.0,0.0,0.0,1,66640.0,66740.0,2,66700.0,66640.0,0.0,0.0,0.0,0.0,371
2023-05-09 21:25:37,cu2404,cu2404,66700.0,0.0,0.0,0.0,1,66640.0,66860.0,1,66700.0,66640.0,0.0,0.0,0.0,0.0,371
2023-05-09 21:25:38,cu2404,cu2404,66640.0,1.0,333200.0,0.0,1,66620.0,66750.0,1,66700.0,66640.0,66640.0,66640.0,1.0,333200.0,371
2023-05-09 21:25:38,cu2404,cu2404,66640.0,0.0,0.0,0.0,5,66630.0,66750.0,1,66700.0,66640.0,66640.0,66640.0,1.0,333200.0,371
2023-05-09 21:25:39,cu2404,cu2404,66640.0,0.0,0.0,0.0,5,66630.0,66750.0,1,66700.0,66640.0,66640.0,66640.0,1.0,333200.0,371
2023-05-09 21:25:39,cu2404,cu2404,66640.0,0.0,0.0,0.0,5,66630.0,66740.0,1,66700.0,66640.0,66640.0,66640.0,1.0,333200.0,371
2023-05-09 21:25:40,cu2404,cu2404,66640.0,0.0,0.0,0.0,5,66630.0,66740.0,1,66700.0,66640.0,66640.0,66640.0,1.0,333200.0,371
2023-05-09 21:25:40,cu2404,cu2404,66640.0,0.0,0.0,0.0,5,66630.0,66740.0,1,66700.0,66640.0,66640.0,66640.0,1.0,333200.0,371
2023-05-09 21:25:41,cu2404,cu2404,66640.0,0.0,0.0,0.0,5,66630.0,66860.0,1,66700.0,66640.0,66640.0,66640.0,1.0,333200.0,371
2023-05-09 21:25:41,cu2404,cu2404,66640.0,0.0,0.0,0.0,2,66640.0,66780.0,1,66700.0,66640.0,66640.0,66640.0,1.0,333200.0,371
2023-05-09 21:25:42,cu2404,cu2404,66640.0,0.0,0.0,0.0,3,66640.0,66770.0,1,66700.0,66640.0,66640.0,66640.0,1.0,333200.0,371
2023-05-09 21:25:42,cu2404,cu2404,66640.0,0.0,0.0,0.0,3,66640.0,66760.0,1,66700.0,66640.0,66640.0,66640.0,1.0,333200.0,371
2023-05-09 21:25:43,cu2404,cu2404,66640.0,0.0,0.0,0.0,3,66640.0,66750.0,1,66700.0,66640.0,66640.0,66640.0,1.0,333200.0,371
2023-05-09 21:25:43,cu2404,cu2404,66640.0,0.0,0.0,0.0,3,66640.0,66740.0,1,66700.0,66640.0,66640.0,66640.0,1.0,333200.0,371
2023-05-09 21:25:44,cu2404,cu2404,66640.0,0.0,0.0,0.0,3,66640.0,66760.0,1,66700.0,66640.0,66640.0,66640.0,1.0,333200.0,371
2023-05-09 21:25:44,cu2404,cu2404,66640.0,0.0,0.0,0.0,3,66640.0,66750.0,1,66700.0,66640.0,66640.0,66640.0,1.0,333200.0,371
2023-05-09 21:25:45,cu2404,cu2404,66640.0,0.0,0.0,0.0,3,66640.0,66740.0,1,66700.0,66640.0,66640.0,66640.0,1.0,333200.0,371
2023-05-09 21:25:46,cu2404,cu2404,66640.0,0.0,0.0,0.0,3,66640.0,66740.0,1,66700.0,66640.0,66640.0,66640.0,1.0,333200.0,371
2023-05-09 21:25:46,cu2404,cu2404,66640.0,0.0,0.0,0.0,3,66640.0,66760.0,1,66700.0,66640.0,66640.0,66640.0,1.0,333200.0,371
2023-05-09 21:25:47,cu2404,cu2404,66640.0,0.0,0.0,0.0,3,66640.0,66750.0,1,66700.0,66640.0,66640.0,66640.0,1.0,333200.0,371
2023-05-09 21:25:48,cu2404,cu2404,66640.0,0.0,0.0,0.0,1,66650.0,66740.0,1,66700.0,66640.0,66640.0,66640.0,1.0,333200.0,371
2023-05-09 21:25:48,cu2404,cu2404,66640.0,0.0,0.0,0.0,1,66650.0,66750.0,1,66700.0,66640.0,66640.0,66640.0,1.0,333200.0,371
2023-05-09 21:25:49,cu2404,cu2404,66640.0,0.0,0.0,0.0,1,66650.0,66750.0,2,66700.0,66640.0,66640.0,66640.0,1.0,333200.0,371
2023-05-09 21:25:52,cu2404,cu2404,66640.0,0.0,0.0,0.0,1,66650.0,66750.0,2,66700.0,66640.0,66640.0,66640.0,1.0,333200.0,371
2023-05-09 21:25:55,cu2404,cu2404,66640.0,0.0,0.0,0.0,1,66660.0,66750.0,1,66700.0,66640.0,66640.0,66640.0,1.0,333200.0,371
2023-05-09 21:25:55,cu2404,cu2404,66640.0,0.0,0.0,0.0,1,66660.0,66760.0,1,66700.0,66640.0,66640.0,66640.0,1.0,333200.0,371
2023-05-09 21:25:56,cu2404,cu2404,66640.0,0.0,0.0,0.0,1,66670.0,66760.0,1,66700.0,66640.0,66640.0,66640.0,1.0,333200.0,371
2023-05-09 21:25:56,cu2404,cu2404,66640.0,0.0,0.0,0.0,1,66670.0,66760.0,1,66700.0,66640.0,66640.0,66640.0,1.0,333200.0,371
2023-05-09 21:25:57,cu2404,cu2404,66640.0,0.0,0.0,0.0,1,66670.0,66750.0,1,66700.0,66640.0,66640.0,66640.0,1.0,333200.0,371
2023-05-09 21:25:57,cu2404,cu2404,66640.0,0.0,0.0,0.0,1,66670.0,66750.0,1,66700.0,66640.0,66640.0,66640.0,1.0,333200.0,371
2023-05-09 21:26:03,cu2404,cu2404,66640.0,0.0,0.0,0.0,1,66670.0,66770.0,1,66700.0,66640.0,66640.0,66640.0,1.0,333200.0,371
2023-05-09 21:26:04,cu2404,cu2404,66640.0,0.0,0.0,0.0,2,66640.0,66760.0,1,66700.0,66640.0,66640.0,66640.0,1.0,333200.0,371
2023-05-09 21:26:04,cu2404,cu2404,66640.0,0.0,0.0,0.0,1,66650.0,66750.0,1,66700.0,66640.0,66640.0,66640.0,1.0,333200.0,371
2023-05-09 21:26:05,cu2404,cu2404,66640.0,0.0,0.0,0.0,1,66650.0,66750.0,1,66700.0,66640.0,66640.0,66640.0,1.0,333200.0,371
2023-05-09 21:26:05,cu2404,cu2404,66640.0,0.0,0.0,0.0,1,66650.0,66770.0,1,66700.0,66640.0,66640.0,66640.0,1.0,333200.0,371
2023-05-09 21:26:06,cu2404,cu2404,66640.0,0.0,0.0,0.0,1,66650.0,66760.0,1,66700.0,66640.0,66640.0,66640.0,1.0,333200.0,371
2023-05-09 21:26:07,cu2404,cu2404,66640.0,0.0,0.0,0.0,1,66650.0,66750.0,1,66700.0,66640.0,66640.0,66640.0,1.0,333200.0,371
2023-05-09 21:26:07,cu2404,cu2404,66640.0,0.0,0.0,0.0,1,66650.0,66750.0,1,66700.0,66640.0,66640.0,66640.0,1.0,333200.0,371
2023-05-09 21:26:08,cu2404,cu2404,66640.0,0.0,0.0,0.0,1,66650.0,66770.0,1,66700.0,66640.0,66640.0,66640.0,1.0,333200.0,371
2023-05-09 21:26:09,cu2404,cu2404,66640.0,0.0,0.0,0.0,1,66650.0,66760.0,1,66700.0,66640.0,66640.0,66640.0,1.0,333200.0,371
2023-05-09 21:26:09,cu2404,cu2404,66640.0,0.0,0.0,0.0,1,66650.0,66750.0,1,66700.0,66640.0,66640.0,66640.0,1.0,333200.0,371
2023-05-09 21:26:10,cu2404,cu2404,66640.0,0.0,0.0,0.0,1,66650.0,66750.0,1,66700.0,66640.0,66640.0,66640.0,1.0,333200.0,371
2023-05-09 21:26:13,cu2404,cu2404,66640.0,0.0,0.0,0.0,3,66660.0,66750.0,1,66700.0,66640.0,66640.0,66640.0,1.0,333200.0,371
2023-05-09 21:26:13,cu2404,cu2404,66640.0,0.0,0.0,0.0,3,66660.0,66750.0,1,66700.0,66640.0,66640.0,66640.0,1.0,333200.0,371
2023-05-09 21:26:15,cu2404,cu2404,66640.0,0.0,0.0,0.0,3,66660.0,66770.0,1,66700.0,66640.0,66640.0,66640.0,1.0,333200.0,371
2023-05-09 21:26:15,cu2404,cu2404,66640.0,0.0,0.0,0.0,3,66660.0,66760.0,1,66700.0,66640.0,66640.0,66640.0,1.0,333200.0,371
2023-05-09 21:26:18,cu2404,cu2404,66640.0,0.0,0.0,0.0,3,66660.0,66750.0,1,66700.0,66640.0,66640.0,66640.0,1.0,333200.0,371
2023-05-09 21:26:19,cu2404,cu2404,66640.0,0.0,0.0,0.0,3,66660.0,66750.0,1,66700.0,66640.0,66640.0,66640.0,1.0,333200.0,371
2023-05-09 21:26:20,cu2404,cu2404,66640.0,0.0,0.0,0.0,3,66660.0,66770.0,1,66700.0,66640.0,66640.0,66640.0,1.0,333200.0,371
2023-05-09 21:26:21,cu2404,cu2404,66640.0,0.0,0.0,0.0,3,66660.0,66760.0,1,66700.0,66640.0,66640.0,66640.0,1.0,333200.0,371
2023-05-09 21:26:23,cu2404,cu2404,66640.0,0.0,0.0,0.0,3,66660.0,66750.0,1,66700.0,66640.0,66640.0,66640.0,1.0,333200.0,371
2023-05-09 21:26:24,cu2404,cu2404,66640.0,0.0,0.0,0.0,3,66660.0,66750.0,1,66700.0,66640.0,66640.0,66640.0,1.0,333200.0,371
2023-05-09 21:26:25,cu2404,cu2404,66640.0,0.0,0.0,0.0,3,66660.0,66770.0,1,66700.0,66640.0,66640.0,66640.0,1.0,333200.0,371
2023-05-09 21:26:26,cu2404,cu2404,66640.0,0.0,0.0,0.0,3,66660.0,66760.0,1,66700.0,66640.0,66640.0,66640.0,1.0,333200.0,371
2023-05-09 21:26:27,cu2404,cu2404,66640.0,0.0,0.0,0.0,3,66660.0,66750.0,1,66700.0,66640.0,66640.0,66640.0,1.0,333200.0,371
2023-05-09 21:26:28,cu2404,cu2404,66640.0,0.0,0.0,0.0,3,66660.0,66750.0,1,66700.0,66640.0,66640.0,66640.0,1.0,333200.0,371
2023-05-09 21:26:28,cu2404,cu2404,66640.0,0.0,0.0,0.0,3,66660.0,66770.0,1,66700.0,66640.0,66640.0,66640.0,1.0,333200.0,371
2023-05-09 21:26:29,cu2404,cu2404,66640.0,0.0,0.0,0.0,3,66660.0,66760.0,1,66700.0,66640.0,66640.0,66640.0,1.0,333200.0,371
2023-05-09 21:26:30,cu2404,cu2404,66640.0,0.0,0.0,0.0,3,66660.0,66760.0,1,66700.0,66640.0,66640.0,66640.0,1.0,333200.0,371
2023-05-09 21:26:31,cu2404,cu2404,66640.0,0.0,0.0,0.0,4,66660.0,66860.0,1,66700.0,66640.0,66640.0,66640.0,1.0,333200.0,371
2023-05-09 21:26:32,cu2404,cu2404,66640.0,0.0,0.0,0.0,1,66670.0,66770.0,1,66700.0,66640.0,66640.0,66640.0,1.0,333200.0,371
2023-05-09 21:26:32,cu2404,cu2404,66640.0,0.0,0.0,0.0,1,66670.0,66770.0,2,66700.0,66640.0,66640.0,66640.0,1.0,333200.0,371
2023-05-09 21:26:34,cu2404,cu2404,66640.0,0.0,0.0,0.0,3,66680.0,66770.0,2,66700.0,66640.0,66640.0,66640.0,1.0,333200.0,371
2023-05-09 21:26:34,cu2404,cu2404,66640.0,0.0,0.0,0.0,3,66680.0,66770.0,2,66700.0,66640.0,66640.0,66640.0,1.0,333200.0,371
2023-05-09 21:26:41,cu2404,cu2404,66640.0,0.0,0.0,0.0,3,66680.0,66760.0,1,66700.0,66640.0,66640.0,66640.0,1.0,333200.0,371
2023-05-09 21:26:49,cu2404,cu2404,66640.0,0.0,0.0,0.0,3,66680.0,66770.0,1,66700.0,66640.0,66640.0,66640.0,1.0,333200.0,371
2023-05-09 21:26:50,cu2404,cu2404,66640.0,0.0,0.0,0.0,3,66680.0,66770.0,2,66700.0,66640.0,66640.0,66640.0,1.0,333200.0,371
2023-05-09 21:27:16,cu2404,cu2404,66640.0,0.0,0.0,0.0,3,66680.0,66770.0,1,66700.0,66640.0,66640.0,66640.0,1.0,333200.0,371
2023-05-09 21:27:17,cu2404,cu2404,66640.0,0.0,0.0,0.0,3,66680.0,66820.0,1,66700.0,66640.0,66640.0,66640.0,1.0,333200.0,371
2023-05-09 21:27:18,cu2404,cu2404,66640.0,0.0,0.0,0.0,1,66690.0,66810.0,3,66700.0,66640.0,66640.0,66640.0,1.0,333200.0,371
2023-05-09 21:27:18,cu2404,cu2404,66640.0,0.0,0.0,0.0,1,66620.0,66810.0,3,66700.0,66640.0,66640.0,66640.0,1.0,333200.0,371
2023-05-09 21:27:19,cu2404,cu2404,66640.0,0.0,0.0,0.0,5,66630.0,66810.0,3,66700.0,66640.0,66640.0,66640.0,1.0,333200.0,371
2023-05-09 21:27:20,cu2404,cu2404,66640.0,0.0,0.0,0.0,5,66630.0,66800.0,1,66700.0,66640.0,66640.0,66640.0,1.0,333200.0,371
2023-05-09 21:27:20,cu2404,cu2404,66640.0,0.0,0.0,0.0,6,66640.0,66790.0,1,66700.0,66640.0,66640.0,66640.0,1.0,333200.0,371
2023-05-09 21:27:21,cu2404,cu2404,66640.0,0.0,0.0,0.0,1,66650.0,66790.0,1,66700.0,66640.0,66640.0,66640.0,1.0,333200.0,371
2023-05-09 21:27:21,cu2404,cu2404,66640.0,0.0,0.0,0.0,2,66670.0,66790.0,1,66700.0,66640.0,66640.0,66640.0,1.0,333200.0,371
2023-05-09 21:27:22,cu2404,cu2404,66640.0,0.0,0.0,0.0,3,66670.0,66780.0,1,66700.0,66640.0,66640.0,66640.0,1.0,333200.0,371
2023-05-09 21:27:22,cu2404,cu2404,66640.0,0.0,0.0,0.0,3,66680.0,66780.0,2,66700.0,66640.0,66640.0,66640.0,1.0,333200.0,371
2023-05-09 21:27:23,cu2404,cu2404,66640.0,0.0,0.0,0.0,3,66680.0,66780.0,2,66700.0,66640.0,66640.0,66640.0,1.0,333200.0,371
2023-05-09 21:27:23,cu2404,cu2404,66640.0,0.0,0.0,0.0,3,66680.0,66770.0,1,66700.0,66640.0,66640.0,66640.0,1.0,333200.0,371
2023-05-09 21:27:24,cu2404,cu2404,66640.0,0.0,0.0,0.0,3,66680.0,66770.0,1,66700.0,66640.0,66640.0,66640.0,1.0,333200.0,371
2023-05-09 21:27:24,cu2404,cu2404,66640.0,0.0,0.0,0.0,3,66680.0,66770.0,1,66700.0,66640.0,66640.0,66640.0,1.0,333200.0,371
2023-05-09 21:28:18,cu2404,cu2404,66640.0,0.0,0.0,0.0,3,66680.0,66760.0,1,66700.0,66640.0,66640.0,66640.0,1.0,333200.0,371
2023-05-09 21:28:19,cu2404,cu2404,66640.0,0.0,0.0,0.0,3,66680.0,66760.0,2,66700.0,66640.0,66640.0,66640.0,1.0,333200.0,371
2023-05-09 21:28:20,cu2404,cu2404,66640.0,0.0,0.0,0.0,3,66680.0,66760.0,1,66700.0,66640.0,66640.0,66640.0,1.0,333200.0,371
2023-05-09 21:28:22,cu2404,cu2404,66640.0,0.0,0.0,0.0,3,66680.0,66820.0,1,66700.0,66640.0,66640.0,66640.0,1.0,333200.0,371
2023-05-09 21:28:22,cu2404,cu2404,66640.0,0.0,0.0,0.0,3,66690.0,66810.0,3,66700.0,66640.0,66640.0,66640.0,1.0,333200.0,371
2023-05-09 21:28:23,cu2404,cu2404,66640.0,0.0,0.0,0.0,3,66690.0,66800.0,1,66700.0,66640.0,66640.0,66640.0,1.0,333200.0,371
2023-05-09 21:28:23,cu2404,cu2404,66640.0,0.0,0.0,0.0,1,66620.0,66790.0,1,66700.0,66640.0,66640.0,66640.0,1.0,333200.0,371
2023-05-09 21:28:24,cu2404,cu2404,66640.0,0.0,0.0,0.0,10,66630.0,66790.0,1,66700.0,66640.0,66640.0,66640.0,1.0,333200.0,371
2023-05-09 21:28:25,cu2404,cu2404,66640.0,0.0,0.0,0.0,10,66630.0,66790.0,1,66700.0,66640.0,66640.0,66640.0,1.0,333200.0,371
2023-05-09 21:28:25,cu2404,cu2404,66640.0,0.0,0.0,0.0,10,66630.0,66790.0,1,66700.0,66640.0,66640.0,66640.0,1.0,333200.0,371
2023-05-09 21:28:26,cu2404,cu2404,66640.0,0.0,0.0,0.0,11,66630.0,66790.0,1,66700.0,66640.0,66640.0,66640.0,1.0,333200.0,371
2023-05-09 21:28:26,cu2404,cu2404,66640.0,0.0,0.0,0.0,3,66640.0,66790.0,1,66700.0,66640.0,66640.0,66640.0,1.0,333200.0,371
2023-05-09 21:28:27,cu2404,cu2404,66640.0,0.0,0.0,0.0,1,66650.0,66780.0,1,66700.0,66640.0,66640.0,66640.0,1.0,333200.0,371
2023-05-09 21:28:27,cu2404,cu2404,66640.0,0.0,0.0,0.0,1,66650.0,66770.0,1,66700.0,66640.0,66640.0,66640.0,1.0,333200.0,371
2023-05-09 21:28:28,cu2404,cu2404,66640.0,0.0,0.0,0.0,2,66660.0,66770.0,1,66700.0,66640.0,66640.0,66640.0,1.0,333200.0,371
2023-05-09 21:28:28,cu2404,cu2404,66640.0,0.0,0.0,0.0,3,66660.0,66770.0,1,66700.0,66640.0,66640.0,66640.0,1.0,333200.0,371
2023-05-09 21:28:29,cu2404,cu2404,66640.0,0.0,0.0,0.0,3,66670.0,66770.0,1,66700.0,66640.0,66640.0,66640.0,1.0,333200.0,371
2023-05-09 21:28:30,cu2404,cu2404,66640.0,0.0,0.0,0.0,3,66670.0,66770.0,1,66700.0,66640.0,66640.0,66640.0,1.0,333200.0,371
2023-05-09 21:28:32,cu2404,cu2404,66640.0,0.0,0.0,0.0,3,66670.0,66760.0,1,66700.0,66640.0,66640.0,66640.0,1.0,333200.0,371
2023-05-09 21:28:33,cu2404,cu2404,66640.0,0.0,0.0,0.0,3,66670.0,66760.0,2,66700.0,66640.0,66640.0,66640.0,1.0,333200.0,371
2023-05-09 21:28:38,cu2404,cu2404,66640.0,0.0,0.0,0.0,3,66670.0,66760.0,1,66700.0,66640.0,66640.0,66640.0,1.0,333200.0,371
2023-05-09 21:28:45,cu2404,cu2404,66640.0,0.0,0.0,0.0,3,66670.0,66820.0,1,66700.0,66640.0,66640.0,66640.0,1.0,333200.0,371
2023-05-09 21:28:45,cu2404,cu2404,66640.0,0.0,0.0,0.0,3,66670.0,66800.0,1,66700.0,66640.0,66640.0,66640.0,1.0,333200.0,371
2023-05-09 21:28:46,cu2404,cu2404,66640.0,0.0,0.0,0.0,3,66670.0,66790.0,1,66700.0,66640.0,66640.0,66640.0,1.0,333200.0,371
2023-05-09 21:28:46,cu2404,cu2404,66640.0,0.0,0.0,0.0,3,66670.0,66780.0,1,66700.0,66640.0,66640.0,66640.0,1.0,333200.0,371
2023-05-09 21:28:47,cu2404,cu2404,66640.0,0.0,0.0,0.0,3,66670.0,66770.0,1,66700.0,66640.0,66640.0,66640.0,1.0,333200.0,371
2023-05-09 21:28:47,cu2404,cu2404,66640.0,0.0,0.0,0.0,3,66670.0,66770.0,1,66700.0,66640.0,66640.0,66640.0,1.0,333200.0,371
2023-05-09 21:28:48,cu2404,cu2404,66640.0,0.0,0.0,0.0,3,66670.0,66770.0,1,66700.0,66640.0,66640.0,66640.0,1.0,333200.0,371
2023-05-09 21:28:48,cu2404,cu2404,66640.0,0.0,0.0,0.0,3,66670.0,66770.0,1,66700.0,66640.0,66640.0,66640.0,1.0,333200.0,371
2023-05-09 21:28:55,cu2404,cu2404,66640.0,0.0,0.0,0.0,3,66670.0,66760.0,1,66700.0,66640.0,66640.0,66640.0,1.0,333200.0,371
2023-05-09 21:28:56,cu2404,cu2404,66640.0,0.0,0.0,0.0,3,66670.0,66760.0,1,66700.0,66640.0,66640.0,66640.0,1.0,333200.0,371
2023-05-09 21:28:56,cu2404,cu2404,66640.0,0.0,0.0,0.0,3,66670.0,66780.0,1,66700.0,66640.0,66640.0,66640.0,1.0,333200.0,371
2023-05-09 21:28:57,cu2404,cu2404,66640.0,0.0,0.0,0.0,3,66670.0,66770.0,1,66700.0,66640.0,66640.0,66640.0,1.0,333200.0,371
2023-05-09 21:28:58,cu2404,cu2404,66640.0,0.0,0.0,0.0,3,66670.0,66770.0,1,66700.0,66640.0,66640.0,66640.0,1.0,333200.0,371
2023-05-09 21:29:35,cu2404,cu2404,66640.0,0.0,0.0,0.0,3,66670.0,66760.0,1,66700.0,66640.0,66640.0,66640.0,1.0,333200.0,371
2023-05-09 21:29:35,cu2404,cu2404,66640.0,0.0,0.0,0.0,3,66670.0,66760.0,1,66700.0,66640.0,66640.0,66640.0,1.0,333200.0,371
2023-05-09 21:29:36,cu2404,cu2404,66640.0,0.0,0.0,0.0,3,66670.0,66780.0,1,66700.0,66640.0,66640.0,66640.0,1.0,333200.0,371
2023-05-09 21:29:36,cu2404,cu2404,66640.0,0.0,0.0,0.0,3,66670.0,66770.0,1,66700.0,66640.0,66640.0,66640.0,1.0,333200.0,371
2023-05-09 21:29:37,cu2404,cu2404,66640.0,0.0,0.0,0.0,3,66670.0,66760.0,1,66700.0,66640.0,66640.0,66640.0,1.0,333200.0,371
2023-05-09 21:29:38,cu2404,cu2404,66640.0,0.0,0.0,0.0,3,66670.0,66760.0,1,66700.0,66640.0,66640.0,66640.0,1.0,333200.0,371
2023-05-09 21:29:40,cu2404,cu2404,66640.0,0.0,0.0,0.0,3,66670.0,66780.0,1,66700.0,66640.0,66640.0,66640.0,1.0,333200.0,371
2023-05-09 21:29:41,cu2404,cu2404,66640.0,0.0,0.0,0.0,3,66670.0,66770.0,1,66700.0,66640.0,66640.0,66640.0,1.0,333200.0,371
2023-05-09 21:29:41,cu2404,cu2404,66640.0,0.0,0.0,0.0,3,66670.0,66770.0,1,66700.0,66640.0,66640.0,66640.0,1.0,333200.0,371
2023-05-09 21:29:43,cu2404,cu2404,66640.0,0.0,0.0,0.0,3,66670.0,66760.0,1,66700.0,66640.0,66640.0,66640.0,1.0,333200.0,371
2023-05-09 21:29:44,cu2404,cu2404,66640.0,0.0,0.0,0.0,3,66670.0,66760.0,1,66700.0,66640.0,66640.0,66640.0,1.0,333200.0,371
2023-05-09 21:29:45,cu2404,cu2404,66640.0,0.0,0.0,0.0,3,66670.0,66780.0,1,66700.0,66640.0,66640.0,66640.0,1.0,333200.0,371
2023-05-09 21:29:46,cu2404,cu2404,66640.0,0.0,0.0,0.0,3,66670.0,66770.0,1,66700.0,66640.0,66640.0,66640.0,1.0,333200.0,371
2023-05-09 21:29:46,cu2404,cu2404,66640.0,0.0,0.0,0.0,3,66670.0,66760.0,1,66700.0,66640.0,66640.0,66640.0,1.0,333200.0,371
2023-05-09 21:29:47,cu2404,cu2404,66640.0,0.0,0.0,0.0,3,66670.0,66760.0,1,66700.0,66640.0,66640.0,66640.0,1.0,333200.0,371
2023-05-09 21:29:48,cu2404,cu2404,66640.0,0.0,0.0,0.0,3,66670.0,66780.0,1,66700.0,66640.0,66640.0,66640.0,1.0,333200.0,371
2023-05-09 21:29:48,cu2404,cu2404,66640.0,0.0,0.0,0.0,3,66670.0,66770.0,1,66700.0,66640.0,66640.0,66640.0,1.0,333200.0,371
2023-05-09 21:29:50,cu2404,cu2404,66640.0,0.0,0.0,0.0,3,66670.0,66760.0,1,66700.0,66640.0,66640.0,66640.0,1.0,333200.0,371
2023-05-09 21:29:51,cu2404,cu2404,66640.0,0.0,0.0,0.0,3,66670.0,66760.0,2,66700.0,66640.0,66640.0,66640.0,1.0,333200.0,371
2023-05-09 21:29:51,cu2404,cu2404,66640.0,0.0,0.0,0.0,3,66670.0,66750.0,1,66700.0,66640.0,66640.0,66640.0,1.0,333200.0,371
2023-05-09 21:29:52,cu2404,cu2404,66640.0,0.0,0.0,0.0,3,66670.0,66750.0,1,66700.0,66640.0,66640.0,66640.0,1.0,333200.0,371
2023-05-09 21:30:00,cu2404,cu2404,66640.0,0.0,0.0,0.0,3,66670.0,66760.0,1,66700.0,66640.0,66640.0,66640.0,1.0,333200.0,371
2023-05-09 21:30:01,cu2404,cu2404,66640.0,0.0,0.0,0.0,3,66680.0,66750.0,1,66700.0,66640.0,66640.0,66640.0,1.0,333200.0,371
2023-05-09 21:30:01,cu2404,cu2404,66640.0,0.0,0.0,0.0,3,66680.0,66750.0,1,66700.0,66640.0,66640.0,66640.0,1.0,333200.0,371
2023-05-09 21:30:02,cu2404,cu2404,66640.0,0.0,0.0,0.0,1,66630.0,66750.0,1,66700.0,66640.0,66640.0,66640.0,1.0,333200.0,371
2023-05-09 21:30:02,cu2404,cu2404,66640.0,0.0,0.0,0.0,4,66640.0,66750.0,1,66700.0,66640.0,66640.0,66640.0,1.0,333200.0,371
2023-05-09 21:30:03,cu2404,cu2404,66640.0,0.0,0.0,0.0,3,66650.0,66740.0,2,66700.0,66640.0,66640.0,66640.0,1.0,333200.0,371
2023-05-09 21:30:03,cu2404,cu2404,66640.0,0.0,0.0,0.0,5,66640.0,66740.0,2,66700.0,66640.0,66640.0,66640.0,1.0,333200.0,371
2023-05-09 21:30:05,cu2404,cu2404,66640.0,0.0,0.0,0.0,2,66640.0,66740.0,2,66700.0,66640.0,66640.0,66640.0,1.0,333200.0,371
2023-05-09 21:30:12,cu2404,cu2404,66640.0,0.0,0.0,0.0,3,66650.0,66740.0,2,66700.0,66640.0,66640.0,66640.0,1.0,333200.0,371
2023-05-09 21:30:15,cu2404,cu2404,66640.0,0.0,0.0,0.0,1,66660.0,66740.0,2,66700.0,66640.0,66640.0,66640.0,1.0,333200.0,371
2023-05-09 21:30:16,cu2404,cu2404,66640.0,0.0,0.0,0.0,1,66660.0,66740.0,2,66700.0,66640.0,66640.0,66640.0,1.0,333200.0,371
2023-05-09 21:30:18,cu2404,cu2404,66640.0,0.0,0.0,0.0,1,66660.0,66740.0,2,66700.0,66640.0,66640.0,66640.0,1.0,333200.0,371
2023-05-09 21:30:28,cu2404,cu2404,66640.0,0.0,0.0,0.0,1,66630.0,66740.0,2,66700.0,66640.0,66640.0,66640.0,1.0,333200.0,371
2023-05-09 21:30:29,cu2404,cu2404,66640.0,0.0,0.0,0.0,3,66640.0,66740.0,2,66700.0,66640.0,66640.0,66640.0,1.0,333200.0,371
2023-05-09 21:30:44,cu2404,cu2404,66640.0,0.0,0.0,0.0,3,66640.0,66740.0,2,66700.0,66640.0,66640.0,66640.0,1.0,333200.0,371
2023-05-09 21:30:44,cu2404,cu2404,66640.0,0.0,0.0,0.0,3,66640.0,66740.0,2,66700.0,66640.0,66640.0,66640.0,1.0,333200.0,371
2023-05-09 21:30:47,cu2404,cu2404,66640.0,0.0,0.0,0.0,3,66640.0,66730.0,1,66700.0,66640.0,66640.0,66640.0,1.0,333200.0,371
2023-05-09 21:30:47,cu2404,cu2404,66640.0,0.0,0.0,0.0,3,66640.0,66720.0,2,66700.0,66640.0,66640.0,66640.0,1.0,333200.0,371
2023-05-09 21:30:51,cu2404,cu2404,66640.0,0.0,0.0,0.0,1,66590.0,66720.0,2,66700.0,66640.0,66640.0,66640.0,1.0,333200.0,371
2023-05-09 21:30:52,cu2404,cu2404,66640.0,0.0,0.0,0.0,4,66600.0,66720.0,2,66700.0,66640.0,66640.0,66640.0,1.0,333200.0,371
2023-05-09 21:30:52,cu2404,cu2404,66640.0,0.0,0.0,0.0,6,66600.0,66720.0,2,66700.0,66640.0,66640.0,66640.0,1.0,333200.0,371
2023-05-09 21:30:53,cu2404,cu2404,66640.0,0.0,0.0,0.0,3,66610.0,66720.0,2,66700.0,66640.0,66640.0,66640.0,1.0,333200.0,371
2023-05-09 21:30:53,cu2404,cu2404,66640.0,0.0,0.0,0.0,1,66620.0,66720.0,2,66700.0,66640.0,66640.0,66640.0,1.0,333200.0,371
2023-05-09 21:30:54,cu2404,cu2404,66640.0,0.0,0.0,0.0,1,66620.0,66720.0,2,66700.0,66640.0,66640.0,66640.0,1.0,333200.0,371
2023-05-09 21:30:54,cu2404,cu2404,66640.0,0.0,0.0,0.0,4,66620.0,66720.0,2,66700.0,66640.0,66640.0,66640.0,1.0,333200.0,371
2023-05-09 21:30:57,cu2404,cu2404,66640.0,0.0,0.0,0.0,4,66620.0,66720.0,2,66700.0,66640.0,66640.0,66640.0,1.0,333200.0,371
2023-05-09 21:31:14,cu2404,cu2404,66640.0,0.0,0.0,0.0,4,66620.0,66720.0,2,66700.0,66640.0,66640.0,66640.0,1.0,333200.0,371
2023-05-09 21:31:30,cu2404,cu2404,66640.0,0.0,0.0,0.0,4,66620.0,66720.0,2,66700.0,66640.0,66640.0,66640.0,1.0,333200.0,371
2023-05-09 21:31:32,cu2404,cu2404,66640.0,0.0,0.0,0.0,3,66620.0,66720.0,2,66700.0,66640.0,66640.0,66640.0,1.0,333200.0,371
2023-05-09 21:31:32,cu2404,cu2404,66640.0,0.0,0.0,0.0,2,66600.0,66710.0,1,66700.0,66640.0,66640.0,66640.0,1.0,333200.0,371
2023-05-09 21:31:33,cu2404,cu2404,66640.0,0.0,0.0,0.0,1,66600.0,66700.0,1,66700.0,66640.0,66640.0,66640.0,1.0,333200.0,371
2023-05-09 21:31:33,cu2404,cu2404,66640.0,0.0,0.0,0.0,4,66600.0,66700.0,2,66700.0,66640.0,66640.0,66640.0,1.0,333200.0,371
2023-05-09 21:31:36,cu2404,cu2404,66640.0,0.0,0.0,0.0,4,66600.0,66700.0,2,66700.0,66640.0,66640.0,66640.0,1.0,333200.0,371
2023-05-09 21:31:37,cu2404,cu2404,66640.0,0.0,0.0,0.0,1,66610.0,66700.0,2,66700.0,66640.0,66640.0,66640.0,1.0,333200.0,371
2023-05-09 21:31:37,cu2404,cu2404,66640.0,0.0,0.0,0.0,1,66610.0,66700.0,2,66700.0,66640.0,66640.0,66640.0,1.0,333200.0,371
2023-05-09 21:31:40,cu2404,cu2404,66640.0,0.0,0.0,0.0,4,66610.0,66700.0,2,66700.0,66640.0,66640.0,66640.0,1.0,333200.0,371
2023-05-09 21:31:45,cu2404,cu2404,66640.0,0.0,0.0,0.0,3,66610.0,66700.0,2,66700.0,66640.0,66640.0,66640.0,1.0,333200.0,371
2023-05-09 21:31:48,cu2404,cu2404,66640.0,0.0,0.0,0.0,1,66590.0,66700.0,2,66700.0,66640.0,66640.0,66640.0,1.0,333200.0,371
2023-05-09 21:31:49,cu2404,cu2404,66640.0,0.0,0.0,0.0,1,66600.0,66700.0,2,66700.0,66640.0,66640.0,66640.0,1.0,333200.0,371
2023-05-09 21:31:50,cu2404,cu2404,66640.0,0.0,0.0,0.0,4,66600.0,66700.0,2,66700.0,66640.0,66640.0,66640.0,1.0,333200.0,371
2023-05-09 21:31:58,cu2404,cu2404,66640.0,0.0,0.0,0.0,4,66600.0,66700.0,2,66700.0,66640.0,66640.0,66640.0,1.0,333200.0,371
2023-05-09 21:31:59,cu2404,cu2404,66640.0,0.0,0.0,0.0,2,66610.0,66700.0,2,66700.0,66640.0,66640.0,66640.0,1.0,333200.0,371
2023-05-09 21:31:59,cu2404,cu2404,66640.0,0.0,0.0,0.0,1,66610.0,66700.0,2,66700.0,66640.0,66640.0,66640.0,1.0,333200.0,371
2023-05-09 21:32:00,cu2404,cu2404,66640.0,0.0,0.0,0.0,4,66610.0,66700.0,2,66700.0,66640.0,66640.0,66640.0,1.0,333200.0,371
2023-05-09 21:32:00,cu2404,cu2404,66640.0,0.0,0.0,0.0,4,66610.0,66700.0,1,66700.0,66640.0,66640.0,66640.0,1.0,333200.0,371
2023-05-09 21:32:04,cu2404,cu2404,66640.0,0.0,0.0,0.0,4,66610.0,66690.0,1,66700.0,66640.0,66640.0,66640.0,1.0,333200.0,371
2023-05-09 21:32:05,cu2404,cu2404,66640.0,0.0,0.0,0.0,4,66610.0,66690.0,1,66700.0,66640.0,66640.0,66640.0,1.0,333200.0,371
2023-05-09 21:32:07,cu2404,cu2404,66640.0,0.0,0.0,0.0,4,66610.0,66700.0,1,66700.0,66640.0,66640.0,66640.0,1.0,333200.0,371
2023-05-09 21:32:07,cu2404,cu2404,66640.0,0.0,0.0,0.0,4,66610.0,66700.0,2,66700.0,66640.0,66640.0,66640.0,1.0,333200.0,371
2023-05-09 21:32:28,cu2404,cu2404,66640.0,0.0,0.0,0.0,1,66620.0,66700.0,2,66700.0,66640.0,66640.0,66640.0,1.0,333200.0,371
2023-05-09 21:32:29,cu2404,cu2404,66640.0,0.0,0.0,0.0,1,66620.0,66700.0,2,66700.0,66640.0,66640.0,66640.0,1.0,333200.0,371
2023-05-09 21:32:29,cu2404,cu2404,66640.0,0.0,0.0,0.0,4,66620.0,66700.0,2,66700.0,66640.0,66640.0,66640.0,1.0,333200.0,371
2023-05-09 21:32:32,cu2404,cu2404,66640.0,0.0,0.0,0.0,3,66620.0,66700.0,2,66700.0,66640.0,66640.0,66640.0,1.0,333200.0,371
2023-05-09 21:32:36,cu2404,cu2404,66640.0,0.0,0.0,0.0,3,66620.0,66700.0,1,66700.0,66640.0,66640.0,66640.0,1.0,333200.0,371
2023-05-09 21:32:37,cu2404,cu2404,66640.0,0.0,0.0,0.0,4,66620.0,66820.0,1,66700.0,66640.0,66640.0,66640.0,1.0,333200.0,371
2023-05-09 21:32:37,cu2404,cu2404,66640.0,0.0,0.0,0.0,4,66620.0,66750.0,1,66700.0,66640.0,66640.0,66640.0,1.0,333200.0,371
2023-05-09 21:32:38,cu2404,cu2404,66640.0,0.0,0.0,0.0,4,66620.0,66730.0,1,66700.0,66640.0,66640.0,66640.0,1.0,333200.0,371
2023-05-09 21:32:38,cu2404,cu2404,66640.0,0.0,0.0,0.0,4,66620.0,66720.0,1,66700.0,66640.0,66640.0,66640.0,1.0,333200.0,371
2023-05-09 21:32:39,cu2404,cu2404,66640.0,0.0,0.0,0.0,4,66620.0,66720.0,2,66700.0,66640.0,66640.0,66640.0,1.0,333200.0,371
2023-05-09 21:32:39,cu2404,cu2404,66640.0,0.0,0.0,0.0,4,66620.0,66720.0,2,66700.0,66640.0,66640.0,66640.0,1.0,333200.0,371
2023-05-09 21:32:40,cu2404,cu2404,66640.0,0.0,0.0,0.0,4,66620.0,66720.0,2,66700.0,66640.0,66640.0,66640.0,1.0,333200.0,371
2023-05-09 21:32:41,cu2404,cu2404,66640.0,0.0,0.0,0.0,2,66630.0,66720.0,2,66700.0,66640.0,66640.0,66640.0,1.0,333200.0,371
2023-05-09 21:32:41,cu2404,cu2404,66640.0,0.0,0.0,0.0,1,66600.0,66720.0,2,66700.0,66640.0,66640.0,66640.0,1.0,333200.0,371
2023-05-09 21:32:42,cu2404,cu2404,66640.0,0.0,0.0,0.0,4,66610.0,66720.0,2,66700.0,66640.0,66640.0,66640.0,1.0,333200.0,371
2023-05-09 21:32:42,cu2404,cu2404,66640.0,0.0,0.0,0.0,6,66610.0,66720.0,2,66700.0,66640.0,66640.0,66640.0,1.0,333200.0,371
2023-05-09 21:32:46,cu2404,cu2404,66640.0,0.0,0.0,0.0,9,66610.0,66720.0,2,66700.0,66640.0,66640.0,66640.0,1.0,333200.0,371
2023-05-09 21:32:48,cu2404,cu2404,66640.0,0.0,0.0,0.0,9,66610.0,66720.0,2,66700.0,66640.0,66640.0,66640.0,1.0,333200.0,371
2023-05-09 21:32:49,cu2404,cu2404,66640.0,0.0,0.0,0.0,6,66610.0,66720.0,2,66700.0,66640.0,66640.0,66640.0,1.0,333200.0,371
2023-05-09 21:32:49,cu2404,cu2404,66640.0,0.0,0.0,0.0,3,66620.0,66720.0,1,66700.0,66640.0,66640.0,66640.0,1.0,333200.0,371
2023-05-09 21:32:50,cu2404,cu2404,66640.0,0.0,0.0,0.0,1,66630.0,66720.0,1,66700.0,66640.0,66640.0,66640.0,1.0,333200.0,371
2023-05-09 21:32:50,cu2404,cu2404,66640.0,0.0,0.0,0.0,3,66640.0,66760.0,1,66700.0,66640.0,66640.0,66640.0,1.0,333200.0,371
2023-05-09 21:32:51,cu2404,cu2404,66640.0,0.0,0.0,0.0,4,66640.0,66750.0,2,66700.0,66640.0,66640.0,66640.0,1.0,333200.0,371
2023-05-09 21:32:51,cu2404,cu2404,66640.0,0.0,0.0,0.0,1,66650.0,66750.0,3,66700.0,66640.0,66640.0,66640.0,1.0,333200.0,371
2023-05-09 21:32:52,cu2404,cu2404,66640.0,0.0,0.0,0.0,1,66590.0,66750.0,3,66700.0,66640.0,66640.0,66640.0,1.0,333200.0,371
2023-05-09 21:32:52,cu2404,cu2404,66640.0,0.0,0.0,0.0,4,66600.0,66750.0,3,66700.0,66640.0,66640.0,66640.0,1.0,333200.0,371
2023-05-09 21:32:53,cu2404,cu2404,66640.0,0.0,0.0,0.0,1,66610.0,66750.0,3,66700.0,66640.0,66640.0,66640.0,1.0,333200.0,371
2023-05-09 21:32:53,cu2404,cu2404,66640.0,0.0,0.0,0.0,3,66620.0,66750.0,3,66700.0,66640.0,66640.0,66640.0,1.0,333200.0,371
2023-05-09 21:32:54,cu2404,cu2404,66640.0,0.0,0.0,0.0,5,66630.0,66750.0,3,66700.0,66640.0,66640.0,66640.0,1.0,333200.0,371
2023-05-09 21:32:54,cu2404,cu2404,66640.0,0.0,0.0,0.0,1,66640.0,66750.0,3,66700.0,66640.0,66640.0,66640.0,1.0,333200.0,371
2023-05-09 21:32:55,cu2404,cu2404,66640.0,0.0,0.0,0.0,1,66640.0,66750.0,3,66700.0,66640.0,66640.0,66640.0,1.0,333200.0,371
2023-05-09 21:32:55,cu2404,cu2404,66640.0,0.0,0.0,0.0,3,66650.0,66750.0,3,66700.0,66640.0,66640.0,66640.0,1.0,333200.0,371
2023-05-09 21:32:56,cu2404,cu2404,66640.0,0.0,0.0,0.0,3,66650.0,66750.0,3,66700.0,66640.0,66640.0,66640.0,1.0,333200.0,371
2023-05-09 21:32:58,cu2404,cu2404,66640.0,0.0,0.0,0.0,3,66650.0,66750.0,3,66700.0,66640.0,66640.0,66640.0,1.0,333200.0,371
2023-05-09 21:33:06,cu2404,cu2404,66640.0,0.0,0.0,0.0,1,66660.0,66750.0,3,66700.0,66640.0,66640.0,66640.0,1.0,333200.0,371
2023-05-09 21:33:07,cu2404,cu2404,66640.0,0.0,0.0,0.0,1,66660.0,66750.0,3,66700.0,66640.0,66640.0,66640.0,1.0,333200.0,371
2023-05-09 21:33:07,cu2404,cu2404,66640.0,0.0,0.0,0.0,3,66660.0,66750.0,3,66700.0,66640.0,66640.0,66640.0,1.0,333200.0,371
2023-05-09 21:33:08,cu2404,cu2404,66640.0,0.0,0.0,0.0,3,66660.0,66750.0,3,66700.0,66640.0,66640.0,66640.0,1.0,333200.0,371
2023-05-09 21:33:29,cu2404,cu2404,66640.0,0.0,0.0,0.0,4,66660.0,66750.0,3,66700.0,66640.0,66640.0,66640.0,1.0,333200.0,371
2023-05-09 21:33:30,cu2404,cu2404,66640.0,0.0,0.0,0.0,3,66660.0,66750.0,3,66700.0,66640.0,66640.0,66640.0,1.0,333200.0,371
2023-05-09 21:33:48,cu2404,cu2404,66640.0,0.0,0.0,0.0,1,66670.0,66750.0,3,66700.0,66640.0,66640.0,66640.0,1.0,333200.0,371
2023-05-09 21:33:48,cu2404,cu2404,66640.0,0.0,0.0,0.0,1,66670.0,66750.0,3,66700.0,66640.0,66640.0,66640.0,1.0,333200.0,371
2023-05-09 21:33:56,cu2404,cu2404,66640.0,0.0,0.0,0.0,4,66670.0,66750.0,3,66700.0,66640.0,66640.0,66640.0,1.0,333200.0,371
2023-05-09 21:33:56,cu2404,cu2404,66640.0,0.0,0.0,0.0,4,66670.0,66750.0,2,66700.0,66640.0,66640.0,66640.0,1.0,333200.0,371
2023-05-09 21:33:57,cu2404,cu2404,66640.0,0.0,0.0,0.0,3,66680.0,66750.0,3,66700.0,66640.0,66640.0,66640.0,1.0,333200.0,371
2023-05-09 21:33:57,cu2404,cu2404,66640.0,0.0,0.0,0.0,1,66690.0,66750.0,3,66700.0,66640.0,66640.0,66640.0,1.0,333200.0,371
2023-05-09 21:33:58,cu2404,cu2404,66640.0,0.0,0.0,0.0,1,66590.0,66740.0,1,66700.0,66640.0,66640.0,66640.0,1.0,333200.0,371
2023-05-09 21:33:58,cu2404,cu2404,66640.0,0.0,0.0,0.0,8,66600.0,66740.0,1,66700.0,66640.0,66640.0,66640.0,1.0,333200.0,371
2023-05-09 21:33:59,cu2404,cu2404,66640.0,0.0,0.0,0.0,11,66600.0,66730.0,1,66700.0,66640.0,66640.0,66640.0,1.0,333200.0,371
2023-05-09 21:33:59,cu2404,cu2404,66640.0,0.0,0.0,0.0,3,66610.0,66730.0,1,66700.0,66640.0,66640.0,66640.0,1.0,333200.0,371
2023-05-09 21:34:00,cu2404,cu2404,66640.0,0.0,0.0,0.0,1,66620.0,66740.0,1,66700.0,66640.0,66640.0,66640.0,1.0,333200.0,371
2023-05-09 21:34:00,cu2404,cu2404,66640.0,0.0,0.0,0.0,2,66640.0,66740.0,2,66700.0,66640.0,66640.0,66640.0,1.0,333200.0,371
2023-05-09 21:34:01,cu2404,cu2404,66640.0,0.0,0.0,0.0,1,66650.0,66740.0,2,66700.0,66640.0,66640.0,66640.0,1.0,333200.0,371
2023-05-09 21:34:01,cu2404,cu2404,66640.0,0.0,0.0,0.0,3,66660.0,66740.0,2,66700.0,66640.0,66640.0,66640.0,1.0,333200.0,371
2023-05-09 21:34:02,cu2404,cu2404,66640.0,0.0,0.0,0.0,1,66670.0,66740.0,1,66700.0,66640.0,66640.0,66640.0,1.0,333200.0,371
2023-05-09 21:34:02,cu2404,cu2404,66640.0,0.0,0.0,0.0,1,66670.0,66740.0,1,66700.0,66640.0,66640.0,66640.0,1.0,333200.0,371
2023-05-09 21:34:07,cu2404,cu2404,66640.0,0.0,0.0,0.0,4,66670.0,67000.0,1,66700.0,66640.0,66640.0,66640.0,1.0,333200.0,371
2023-05-09 21:34:08,cu2404,cu2404,66640.0,0.0,0.0,0.0,4,66670.0,66760.0,1,66700.0,66640.0,66640.0,66640.0,1.0,333200.0,371
2023-05-09 21:34:08,cu2404,cu2404,66640.0,0.0,0.0,0.0,4,66670.0,66760.0,1,66700.0,66640.0,66640.0,66640.0,1.0,333200.0,371
2023-05-09 21:34:10,cu2404,cu2404,66640.0,0.0,0.0,0.0,4,66670.0,66790.0,1,66700.0,66640.0,66640.0,66640.0,1.0,333200.0,371
2023-05-09 21:34:11,cu2404,cu2404,66640.0,0.0,0.0,0.0,4,66670.0,66780.0,1,66700.0,66640.0,66640.0,66640.0,1.0,333200.0,371
2023-05-09 21:34:11,cu2404,cu2404,66640.0,0.0,0.0,0.0,4,66670.0,66780.0,1,66700.0,66640.0,66640.0,66640.0,1.0,333200.0,371
2023-05-09 21:34:12,cu2404,cu2404,66640.0,0.0,0.0,0.0,4,66670.0,66770.0,1,66700.0,66640.0,66640.0,66640.0,1.0,333200.0,371
2023-05-09 21:34:28,cu2404,cu2404,66640.0,0.0,0.0,0.0,4,66670.0,66770.0,1,66700.0,66640.0,66640.0,66640.0,1.0,333200.0,371
2023-05-09 21:34:28,cu2404,cu2404,66640.0,0.0,0.0,0.0,4,66670.0,66770.0,1,66700.0,66640.0,66640.0,66640.0,1.0,333200.0,371
2023-05-09 21:34:37,cu2404,cu2404,66640.0,0.0,0.0,0.0,4,66670.0,66770.0,1,66700.0,66640.0,66640.0,66640.0,1.0,333200.0,371
2023-05-09 21:34:37,cu2404,cu2404,66640.0,0.0,0.0,0.0,4,66670.0,66790.0,1,66700.0,66640.0,66640.0,66640.0,1.0,333200.0,371
2023-05-09 21:34:38,cu2404,cu2404,66640.0,0.0,0.0,0.0,4,66670.0,66780.0,1,66700.0,66640.0,66640.0,66640.0,1.0,333200.0,371
2023-05-09 21:34:40,cu2404,cu2404,66640.0,0.0,0.0,0.0,4,66670.0,66770.0,1,66700.0,66640.0,66640.0,66640.0,1.0,333200.0,371
2023-05-09 21:34:43,cu2404,cu2404,66640.0,0.0,0.0,0.0,2,66680.0,66770.0,1,66700.0,66640.0,66640.0,66640.0,1.0,333200.0,371
2023-05-09 21:34:44,cu2404,cu2404,66640.0,0.0,0.0,0.0,1,66690.0,66770.0,1,66700.0,66640.0,66640.0,66640.0,1.0,333200.0,371
2023-05-09 21:34:44,cu2404,cu2404,66640.0,0.0,0.0,0.0,4,66690.0,66770.0,1,66700.0,66640.0,66640.0,66640.0,1.0,333200.0,371
2023-05-09 21:34:45,cu2404,cu2404,66640.0,0.0,0.0,0.0,4,66690.0,66770.0,1,66700.0,66640.0,66640.0,66640.0,1.0,333200.0,371
2023-05-09 21:34:56,cu2404,cu2404,66640.0,0.0,0.0,0.0,4,66690.0,66800.0,1,66700.0,66640.0,66640.0,66640.0,1.0,333200.0,371
2023-05-09 21:34:57,cu2404,cu2404,66640.0,0.0,0.0,0.0,4,66690.0,66790.0,1,66700.0,66640.0,66640.0,66640.0,1.0,333200.0,371
2023-05-09 21:34:57,cu2404,cu2404,66640.0,0.0,0.0,0.0,3,66700.0,66790.0,1,66700.0,66640.0,66640.0,66640.0,1.0,333200.0,371
2023-05-09 21:34:58,cu2404,cu2404,66640.0,0.0,0.0,0.0,1,66710.0,66790.0,1,66700.0,66640.0,66640.0,66640.0,1.0,333200.0,371
2023-05-09 21:34:59,cu2404,cu2404,66640.0,0.0,0.0,0.0,1,66710.0,66790.0,1,66700.0,66640.0,66640.0,66640.0,1.0,333200.0,371
2023-05-09 21:35:00,cu2404,cu2404,66640.0,0.0,0.0,0.0,1,66710.0,66810.0,1,66700.0,66640.0,66640.0,66640.0,1.0,333200.0,371
2023-05-09 21:35:00,cu2404,cu2404,66640.0,0.0,0.0,0.0,2,66720.0,66810.0,1,66700.0,66640.0,66640.0,66640.0,1.0,333200.0,371
2023-05-09 21:35:01,cu2404,cu2404,66640.0,0.0,0.0,0.0,1,66730.0,66830.0,1,66700.0,66640.0,66640.0,66640.0,1.0,333200.0,371
2023-05-09 21:35:01,cu2404,cu2404,66640.0,0.0,0.0,0.0,1,66730.0,66820.0,1,66700.0,66640.0,66640.0,66640.0,1.0,333200.0,371
2023-05-09 21:35:02,cu2404,cu2404,66640.0,0.0,0.0,0.0,1,66730.0,66810.0,1,66700.0,66640.0,66640.0,66640.0,1.0,333200.0,371
2023-05-09 21:35:04,cu2404,cu2404,66640.0,0.0,0.0,0.0,1,66730.0,66810.0,1,66700.0,66640.0,66640.0,66640.0,1.0,333200.0,371
2023-05-09 21:35:05,cu2404,cu2404,66640.0,0.0,0.0,0.0,1,66730.0,66810.0,1,66700.0,66640.0,66640.0,66640.0,1.0,333200.0,371
2023-05-09 21:35:16,cu2404,cu2404,66640.0,0.0,0.0,0.0,1,66730.0,66810.0,1,66700.0,66640.0,66640.0,66640.0,1.0,333200.0,371
2023-05-09 21:35:17,cu2404,cu2404,66640.0,0.0,0.0,0.0,1,66730.0,66810.0,1,66700.0,66640.0,66640.0,66640.0,1.0,333200.0,371
2023-05-09 21:35:53,cu2404,cu2404,66640.0,0.0,0.0,0.0,1,66590.0,66810.0,1,66700.0,66640.0,66640.0,66640.0,1.0,333200.0,371
2023-05-09 21:35:53,cu2404,cu2404,66640.0,0.0,0.0,0.0,2,66600.0,66810.0,1,66700.0,66640.0,66640.0,66640.0,1.0,333200.0,371
2023-05-09 21:35:54,cu2404,cu2404,66640.0,0.0,0.0,0.0,8,66610.0,66810.0,1,66700.0,66640.0,66640.0,66640.0,1.0,333200.0,371
2023-05-09 21:35:54,cu2404,cu2404,66640.0,0.0,0.0,0.0,6,66620.0,66810.0,2,66700.0,66640.0,66640.0,66640.0,1.0,333200.0,371
2023-05-09 21:35:55,cu2404,cu2404,66640.0,0.0,0.0,0.0,6,66620.0,66810.0,3,66700.0,66640.0,66640.0,66640.0,1.0,333200.0,371
2023-05-09 21:35:55,cu2404,cu2404,66640.0,0.0,0.0,0.0,9,66630.0,66800.0,1,66700.0,66640.0,66640.0,66640.0,1.0,333200.0,371
2023-05-09 21:35:56,cu2404,cu2404,66640.0,0.0,0.0,0.0,2,66640.0,66800.0,1,66700.0,66640.0,66640.0,66640.0,1.0,333200.0,371
2023-05-09 21:35:56,cu2404,cu2404,66640.0,0.0,0.0,0.0,1,66650.0,66790.0,1,66700.0,66640.0,66640.0,66640.0,1.0,333200.0,371
2023-05-09 21:35:57,cu2404,cu2404,66640.0,0.0,0.0,0.0,1,66660.0,66790.0,1,66700.0,66640.0,66640.0,66640.0,1.0,333200.0,371
2023-05-09 21:35:57,cu2404,cu2404,66640.0,0.0,0.0,0.0,1,66660.0,66790.0,1,66700.0,66640.0,66640.0,66640.0,1.0,333200.0,371
2023-05-09 21:35:59,cu2404,cu2404,66640.0,0.0,0.0,0.0,3,66670.0,66790.0,1,66700.0,66640.0,66640.0,66640.0,1.0,333200.0,371
2023-05-09 21:36:00,cu2404,cu2404,66640.0,0.0,0.0,0.0,1,66680.0,66790.0,1,66700.0,66640.0,66640.0,66640.0,1.0,333200.0,371
2023-05-09 21:36:00,cu2404,cu2404,66640.0,0.0,0.0,0.0,1,66680.0,66790.0,1,66700.0,66640.0,66640.0,66640.0,1.0,333200.0,371
2023-05-09 21:36:01,cu2404,cu2404,66640.0,0.0,0.0,0.0,3,66690.0,66790.0,1,66700.0,66640.0,66640.0,66640.0,1.0,333200.0,371
2023-05-09 21:36:01,cu2404,cu2404,66640.0,0.0,0.0,0.0,1,66700.0,66790.0,1,66700.0,66640.0,66640.0,66640.0,1.0,333200.0,371
2023-05-09 21:36:02,cu2404,cu2404,66640.0,0.0,0.0,0.0,3,66700.0,66790.0,1,66700.0,66640.0,66640.0,66640.0,1.0,333200.0,371
2023-05-09 21:36:05,cu2404,cu2404,66640.0,0.0,0.0,0.0,3,66700.0,66790.0,1,66700.0,66640.0,66640.0,66640.0,1.0,333200.0,371
2023-05-09 21:36:05,cu2404,cu2404,66640.0,0.0,0.0,0.0,3,66700.0,66790.0,1,66700.0,66640.0,66640.0,66640.0,1.0,333200.0,371
2023-05-09 21:36:06,cu2404,cu2404,66640.0,0.0,0.0,0.0,3,66700.0,66790.0,1,66700.0,66640.0,66640.0,66640.0,1.0,333200.0,371
2023-05-09 21:36:10,cu2404,cu2404,66640.0,0.0,0.0,0.0,6,66700.0,66790.0,1,66700.0,66640.0,66640.0,66640.0,1.0,333200.0,371
2023-05-09 21:36:11,cu2404,cu2404,66640.0,0.0,0.0,0.0,6,66700.0,66790.0,1,66700.0,66640.0,66640.0,66640.0,1.0,333200.0,371
2023-05-09 21:36:12,cu2404,cu2404,66640.0,0.0,0.0,0.0,6,66700.0,66790.0,1,66700.0,66640.0,66640.0,66640.0,1.0,333200.0,371
2023-05-09 21:36:14,cu2404,cu2404,66640.0,0.0,0.0,0.0,6,66700.0,66790.0,1,66700.0,66640.0,66640.0,66640.0,1.0,333200.0,371
2023-05-09 21:36:15,cu2404,cu2404,66640.0,0.0,0.0,0.0,6,66700.0,66790.0,1,66700.0,66640.0,66640.0,66640.0,1.0,333200.0,371
2023-05-09 21:36:18,cu2404,cu2404,66640.0,0.0,0.0,0.0,6,66700.0,66800.0,1,66700.0,66640.0,66640.0,66640.0,1.0,333200.0,371
2023-05-09 21:36:21,cu2404,cu2404,66640.0,0.0,0.0,0.0,6,66700.0,66790.0,1,66700.0,66640.0,66640.0,66640.0,1.0,333200.0,371
2023-05-09 21:36:21,cu2404,cu2404,66640.0,0.0,0.0,0.0,6,66700.0,66800.0,1,66700.0,66640.0,66640.0,66640.0,1.0,333200.0,371
2023-05-09 21:36:40,cu2404,cu2404,66640.0,0.0,0.0,0.0,6,66700.0,66840.0,1,66700.0,66640.0,66640.0,66640.0,1.0,333200.0,371
2023-05-09 21:36:41,cu2404,cu2404,66640.0,0.0,0.0,0.0,6,66700.0,66830.0,3,66700.0,66640.0,66640.0,66640.0,1.0,333200.0,371
2023-05-09 21:36:41,cu2404,cu2404,66640.0,0.0,0.0,0.0,6,66700.0,66810.0,1,66700.0,66640.0,66640.0,66640.0,1.0,333200.0,371
2023-05-09 21:36:42,cu2404,cu2404,66640.0,0.0,0.0,0.0,6,66700.0,66810.0,1,66700.0,66640.0,66640.0,66640.0,1.0,333200.0,371
2023-05-09 21:36:44,cu2404,cu2404,66640.0,0.0,0.0,0.0,6,66700.0,66840.0,2,66700.0,66640.0,66640.0,66640.0,1.0,333200.0,371
2023-05-09 21:36:45,cu2404,cu2404,66640.0,0.0,0.0,0.0,6,66700.0,66830.0,2,66700.0,66640.0,66640.0,66640.0,1.0,333200.0,371
2023-05-09 21:36:45,cu2404,cu2404,66640.0,0.0,0.0,0.0,6,66700.0,66830.0,2,66700.0,66640.0,66640.0,66640.0,1.0,333200.0,371
2023-05-09 21:36:51,cu2404,cu2404,66640.0,0.0,0.0,0.0,6,66700.0,66830.0,2,66700.0,66640.0,66640.0,66640.0,1.0,333200.0,371
2023-05-09 21:36:52,cu2404,cu2404,66640.0,0.0,0.0,0.0,7,66700.0,66830.0,2,66700.0,66640.0,66640.0,66640.0,1.0,333200.0,371
2023-05-09 21:36:57,cu2404,cu2404,66640.0,0.0,0.0,0.0,4,66700.0,66830.0,2,66700.0,66640.0,66640.0,66640.0,1.0,333200.0,371
2023-05-09 21:37:02,cu2404,cu2404,66640.0,0.0,0.0,0.0,4,66700.0,66830.0,2,66700.0,66640.0,66640.0,66640.0,1.0,333200.0,371
2023-05-09 21:37:02,cu2404,cu2404,66640.0,0.0,0.0,0.0,2,66710.0,66830.0,2,66700.0,66640.0,66640.0,66640.0,1.0,333200.0,371
2023-05-09 21:37:03,cu2404,cu2404,66640.0,0.0,0.0,0.0,1,66720.0,66830.0,2,66700.0,66640.0,66640.0,66640.0,1.0,333200.0,371
2023-05-09 21:37:04,cu2404,cu2404,66640.0,0.0,0.0,0.0,4,66720.0,66830.0,2,66700.0,66640.0,66640.0,66640.0,1.0,333200.0,371
2023-05-09 21:37:11,cu2404,cu2404,66640.0,0.0,0.0,0.0,4,66720.0,66830.0,2,66700.0,66640.0,66640.0,66640.0,1.0,333200.0,371
2023-05-09 21:37:11,cu2404,cu2404,66640.0,0.0,0.0,0.0,4,66720.0,66830.0,3,66700.0,66640.0,66640.0,66640.0,1.0,333200.0,371
2023-05-09 21:37:18,cu2404,cu2404,66640.0,0.0,0.0,0.0,1,66720.0,66830.0,6,66700.0,66640.0,66640.0,66640.0,1.0,333200.0,371
2023-05-09 21:37:18,cu2404,cu2404,66640.0,0.0,0.0,0.0,1,66720.0,66820.0,2,66700.0,66640.0,66640.0,66640.0,1.0,333200.0,371
2023-05-09 21:37:19,cu2404,cu2404,66640.0,0.0,0.0,0.0,1,66720.0,66820.0,3,66700.0,66640.0,66640.0,66640.0,1.0,333200.0,371
2023-05-09 21:37:19,cu2404,cu2404,66640.0,0.0,0.0,0.0,1,66610.0,66820.0,3,66700.0,66640.0,66640.0,66640.0,1.0,333200.0,371
2023-05-09 21:37:20,cu2404,cu2404,66640.0,0.0,0.0,0.0,10,66620.0,66820.0,3,66700.0,66640.0,66640.0,66640.0,1.0,333200.0,371
2023-05-09 21:37:20,cu2404,cu2404,66640.0,0.0,0.0,0.0,7,66630.0,66810.0,1,66700.0,66640.0,66640.0,66640.0,1.0,333200.0,371
2023-05-09 21:37:21,cu2404,cu2404,66640.0,0.0,0.0,0.0,2,66640.0,66810.0,1,66700.0,66640.0,66640.0,66640.0,1.0,333200.0,371
2023-05-09 21:37:21,cu2404,cu2404,66640.0,0.0,0.0,0.0,2,66640.0,66810.0,1,66700.0,66640.0,66640.0,66640.0,1.0,333200.0,371
2023-05-09 21:37:22,cu2404,cu2404,66640.0,0.0,0.0,0.0,7,66650.0,66810.0,1,66700.0,66640.0,66640.0,66640.0,1.0,333200.0,371
2023-05-09 21:37:22,cu2404,cu2404,66640.0,0.0,0.0,0.0,1,66660.0,66810.0,1,66700.0,66640.0,66640.0,66640.0,1.0,333200.0,371
2023-05-09 21:37:23,cu2404,cu2404,66640.0,0.0,0.0,0.0,3,66670.0,66810.0,1,66700.0,66640.0,66640.0,66640.0,1.0,333200.0,371
2023-05-09 21:37:23,cu2404,cu2404,66640.0,0.0,0.0,0.0,1,66680.0,66810.0,1,66700.0,66640.0,66640.0,66640.0,1.0,333200.0,371
2023-05-09 21:37:24,cu2404,cu2404,66640.0,0.0,0.0,0.0,4,66680.0,66810.0,1,66700.0,66640.0,66640.0,66640.0,1.0,333200.0,371
2023-05-09 21:37:25,cu2404,cu2404,66640.0,0.0,0.0,0.0,3,66690.0,66810.0,1,66700.0,66640.0,66640.0,66640.0,1.0,333200.0,371
2023-05-09 21:37:25,cu2404,cu2404,66640.0,0.0,0.0,0.0,1,66700.0,66810.0,1,66700.0,66640.0,66640.0,66640.0,1.0,333200.0,371
2023-05-09 21:37:26,cu2404,cu2404,66640.0,0.0,0.0,0.0,1,66700.0,66810.0,1,66700.0,66640.0,66640.0,66640.0,1.0,333200.0,371
2023-05-09 21:37:26,cu2404,cu2404,66640.0,0.0,0.0,0.0,4,66700.0,66810.0,1,66700.0,66640.0,66640.0,66640.0,1.0,333200.0,371
2023-05-09 21:37:31,cu2404,cu2404,66640.0,0.0,0.0,0.0,4,66700.0,66810.0,1,66700.0,66640.0,66640.0,66640.0,1.0,333200.0,371
2023-05-09 21:37:31,cu2404,cu2404,66640.0,0.0,0.0,0.0,4,66700.0,66810.0,1,66700.0,66640.0,66640.0,66640.0,1.0,333200.0,371
2023-05-09 21:37:32,cu2404,cu2404,66640.0,0.0,0.0,0.0,4,66700.0,66830.0,1,66700.0,66640.0,66640.0,66640.0,1.0,333200.0,371
2023-05-09 21:37:32,cu2404,cu2404,66640.0,0.0,0.0,0.0,4,66700.0,66820.0,1,66700.0,66640.0,66640.0,66640.0,1.0,333200.0,371
2023-05-09 21:37:34,cu2404,cu2404,66640.0,0.0,0.0,0.0,4,66700.0,66810.0,1,66700.0,66640.0,66640.0,66640.0,1.0,333200.0,371
2023-05-09 21:37:37,cu2404,cu2404,66640.0,0.0,0.0,0.0,4,66700.0,66810.0,1,66700.0,66640.0,66640.0,66640.0,1.0,333200.0,371
2023-05-09 21:37:37,cu2404,cu2404,66640.0,0.0,0.0,0.0,4,66700.0,66800.0,1,66700.0,66640.0,66640.0,66640.0,1.0,333200.0,371
2023-05-09 21:37:38,cu2404,cu2404,66640.0,0.0,0.0,0.0,4,66700.0,66800.0,1,66700.0,66640.0,66640.0,66640.0,1.0,333200.0,371
2023-05-09 21:37:38,cu2404,cu2404,66640.0,0.0,0.0,0.0,4,66700.0,66800.0,1,66700.0,66640.0,66640.0,66640.0,1.0,333200.0,371
2023-05-09 21:37:39,cu2404,cu2404,66640.0,0.0,0.0,0.0,4,66700.0,66790.0,1,66700.0,66640.0,66640.0,66640.0,1.0,333200.0,371
2023-05-09 21:37:46,cu2404,cu2404,66640.0,0.0,0.0,0.0,4,66700.0,66800.0,1,66700.0,66640.0,66640.0,66640.0,1.0,333200.0,371
2023-05-09 21:37:48,cu2404,cu2404,66640.0,0.0,0.0,0.0,4,66700.0,66790.0,1,66700.0,66640.0,66640.0,66640.0,1.0,333200.0,371
2023-05-09 21:38:12,cu2404,cu2404,66640.0,0.0,0.0,0.0,1,66700.0,66790.0,1,66700.0,66640.0,66640.0,66640.0,1.0,333200.0,371
2023-05-09 21:38:13,cu2404,cu2404,66640.0,0.0,0.0,0.0,1,66700.0,66780.0,1,66700.0,66640.0,66640.0,66640.0,1.0,333200.0,371
2023-05-09 21:38:13,cu2404,cu2404,66640.0,0.0,0.0,0.0,1,66700.0,66780.0,1,66700.0,66640.0,66640.0,66640.0,1.0,333200.0,371
2023-05-09 21:38:14,cu2404,cu2404,66640.0,0.0,0.0,0.0,1,66700.0,66770.0,1,66700.0,66640.0,66640.0,66640.0,1.0,333200.0,371
2023-05-09 21:38:19,cu2404,cu2404,66640.0,0.0,0.0,0.0,1,66610.0,66770.0,1,66700.0,66640.0,66640.0,66640.0,1.0,333200.0,371
2023-05-09 21:38:19,cu2404,cu2404,66640.0,0.0,0.0,0.0,5,66620.0,66770.0,1,66700.0,66640.0,66640.0,66640.0,1.0,333200.0,371
2023-05-09 21:38:20,cu2404,cu2404,66640.0,0.0,0.0,0.0,3,66630.0,66770.0,1,66700.0,66640.0,66640.0,66640.0,1.0,333200.0,371
2023-05-09 21:38:20,cu2404,cu2404,66640.0,0.0,0.0,0.0,3,66640.0,66770.0,1,66700.0,66640.0,66640.0,66640.0,1.0,333200.0,371
2023-05-09 21:38:21,cu2404,cu2404,66640.0,0.0,0.0,0.0,3,66640.0,66770.0,1,66700.0,66640.0,66640.0,66640.0,1.0,333200.0,371
2023-05-09 21:38:23,cu2404,cu2404,66640.0,0.0,0.0,0.0,3,66650.0,66770.0,1,66700.0,66640.0,66640.0,66640.0,1.0,333200.0,371
2023-05-09 21:38:23,cu2404,cu2404,66640.0,0.0,0.0,0.0,1,66660.0,66770.0,1,66700.0,66640.0,66640.0,66640.0,1.0,333200.0,371
2023-05-09 21:38:24,cu2404,cu2404,66640.0,0.0,0.0,0.0,1,66660.0,66770.0,1,66700.0,66640.0,66640.0,66640.0,1.0,333200.0,371
2023-05-09 21:38:24,cu2404,cu2404,66640.0,0.0,0.0,0.0,3,66670.0,66770.0,1,66700.0,66640.0,66640.0,66640.0,1.0,333200.0,371
2023-05-09 21:38:25,cu2404,cu2404,66640.0,0.0,0.0,0.0,1,66680.0,66770.0,1,66700.0,66640.0,66640.0,66640.0,1.0,333200.0,371
2023-05-09 21:38:25,cu2404,cu2404,66640.0,0.0,0.0,0.0,1,66680.0,66770.0,1,66700.0,66640.0,66640.0,66640.0,1.0,333200.0,371
2023-05-09 21:38:30,cu2404,cu2404,66640.0,0.0,0.0,0.0,4,66680.0,66770.0,1,66700.0,66640.0,66640.0,66640.0,1.0,333200.0,371
2023-05-09 21:38:39,cu2404,cu2404,66640.0,0.0,0.0,0.0,4,66680.0,66770.0,1,66700.0,66640.0,66640.0,66640.0,1.0,333200.0,371
2023-05-09 21:39:04,cu2404,cu2404,66640.0,0.0,0.0,0.0,4,66680.0,66780.0,1,66700.0,66640.0,66640.0,66640.0,1.0,333200.0,371
2023-05-09 21:39:05,cu2404,cu2404,66640.0,0.0,0.0,0.0,4,66680.0,66770.0,1,66700.0,66640.0,66640.0,66640.0,1.0,333200.0,371
2023-05-09 21:39:05,cu2404,cu2404,66640.0,0.0,0.0,0.0,4,66680.0,66780.0,1,66700.0,66640.0,66640.0,66640.0,1.0,333200.0,371
2023-05-09 21:39:10,cu2404,cu2404,66640.0,0.0,0.0,0.0,2,66690.0,66780.0,1,66700.0,66640.0,66640.0,66640.0,1.0,333200.0,371
2023-05-09 21:39:10,cu2404,cu2404,66640.0,0.0,0.0,0.0,3,66690.0,66780.0,1,66700.0,66640.0,66640.0,66640.0,1.0,333200.0,371
2023-05-09 21:39:11,cu2404,cu2404,66640.0,0.0,0.0,0.0,3,66690.0,66780.0,1,66700.0,66640.0,66640.0,66640.0,1.0,333200.0,371
2023-05-09 21:39:15,cu2404,cu2404,66640.0,0.0,0.0,0.0,3,66690.0,66770.0,1,66700.0,66640.0,66640.0,66640.0,1.0,333200.0,371
2023-05-09 21:39:16,cu2404,cu2404,66640.0,0.0,0.0,0.0,1,66620.0,66770.0,1,66700.0,66640.0,66640.0,66640.0,1.0,333200.0,371
2023-05-09 21:39:17,cu2404,cu2404,66640.0,0.0,0.0,0.0,1,66630.0,66770.0,1,66700.0,66640.0,66640.0,66640.0,1.0,333200.0,371
2023-05-09 21:39:17,cu2404,cu2404,66640.0,0.0,0.0,0.0,2,66640.0,66770.0,1,66700.0,66640.0,66640.0,66640.0,1.0,333200.0,371
2023-05-09 21:39:18,cu2404,cu2404,66640.0,0.0,0.0,0.0,4,66650.0,66770.0,1,66700.0,66640.0,66640.0,66640.0,1.0,333200.0,371
2023-05-09 21:39:19,cu2404,cu2404,66640.0,0.0,0.0,0.0,4,66650.0,66770.0,1,66700.0,66640.0,66640.0,66640.0,1.0,333200.0,371
2023-05-09 21:39:19,cu2404,cu2404,66640.0,0.0,0.0,0.0,2,66680.0,66770.0,1,66700.0,66640.0,66640.0,66640.0,1.0,333200.0,371
2023-05-09 21:39:20,cu2404,cu2404,66640.0,0.0,0.0,0.0,3,66680.0,66770.0,1,66700.0,66640.0,66640.0,66640.0,1.0,333200.0,371
2023-05-09 21:39:20,cu2404,cu2404,66640.0,0.0,0.0,0.0,3,66680.0,66770.0,1,66700.0,66640.0,66640.0,66640.0,1.0,333200.0,371
2023-05-09 21:39:24,cu2404,cu2404,66640.0,0.0,0.0,0.0,3,66680.0,66770.0,1,66700.0,66640.0,66640.0,66640.0,1.0,333200.0,371
2023-05-09 21:39:28,cu2404,cu2404,66640.0,0.0,0.0,0.0,6,66680.0,66770.0,1,66700.0,66640.0,66640.0,66640.0,1.0,333200.0,371
2023-05-09 21:39:44,cu2404,cu2404,66640.0,0.0,0.0,0.0,6,66680.0,66770.0,1,66700.0,66640.0,66640.0,66640.0,1.0,333200.0,371
2023-05-09 21:39:44,cu2404,cu2404,66640.0,0.0,0.0,0.0,6,66680.0,66790.0,1,66700.0,66640.0,66640.0,66640.0,1.0,333200.0,371
2023-05-09 21:39:45,cu2404,cu2404,66640.0,0.0,0.0,0.0,6,66680.0,66780.0,2,66700.0,66640.0,66640.0,66640.0,1.0,333200.0,371
2023-05-09 21:39:45,cu2404,cu2404,66640.0,0.0,0.0,0.0,6,66680.0,66780.0,2,66700.0,66640.0,66640.0,66640.0,1.0,333200.0,371
2023-05-09 21:39:46,cu2404,cu2404,66640.0,0.0,0.0,0.0,6,66680.0,66770.0,1,66700.0,66640.0,66640.0,66640.0,1.0,333200.0,371
2023-05-09 21:39:47,cu2404,cu2404,66640.0,0.0,0.0,0.0,6,66680.0,66780.0,2,66700.0,66640.0,66640.0,66640.0,1.0,333200.0,371
2023-05-09 21:39:47,cu2404,cu2404,66640.0,0.0,0.0,0.0,6,66680.0,66780.0,3,66700.0,66640.0,66640.0,66640.0,1.0,333200.0,371
2023-05-09 21:39:48,cu2404,cu2404,66640.0,0.0,0.0,0.0,4,66680.0,66780.0,3,66700.0,66640.0,66640.0,66640.0,1.0,333200.0,371
2023-05-09 21:40:03,cu2404,cu2404,66640.0,0.0,0.0,0.0,1,66690.0,66780.0,2,66700.0,66640.0,66640.0,66640.0,1.0,333200.0,371
2023-05-09 21:40:03,cu2404,cu2404,66640.0,0.0,0.0,0.0,1,66690.0,66780.0,2,66700.0,66640.0,66640.0,66640.0,1.0,333200.0,371
2023-05-09 21:40:06,cu2404,cu2404,66640.0,0.0,0.0,0.0,1,66690.0,66780.0,2,66700.0,66640.0,66640.0,66640.0,1.0,333200.0,371
2023-05-09 21:40:07,cu2404,cu2404,66640.0,0.0,0.0,0.0,1,66690.0,66780.0,2,66700.0,66640.0,66640.0,66640.0,1.0,333200.0,371
2023-05-09 21:40:43,cu2404,cu2404,66640.0,0.0,0.0,0.0,1,66690.0,66780.0,2,66700.0,66640.0,66640.0,66640.0,1.0,333200.0,371
2023-05-09 21:40:43,cu2404,cu2404,66640.0,0.0,0.0,0.0,1,66690.0,66780.0,2,66700.0,66640.0,66640.0,66640.0,1.0,333200.0,371
2023-05-09 21:41:16,cu2404,cu2404,66640.0,0.0,0.0,0.0,1,66690.0,66780.0,1,66700.0,66640.0,66640.0,66640.0,1.0,333200.0,371
2023-05-09 21:41:18,cu2404,cu2404,66640.0,0.0,0.0,0.0,4,66690.0,66790.0,1,66700.0,66640.0,66640.0,66640.0,1.0,333200.0,371
2023-05-09 21:41:19,cu2404,cu2404,66640.0,0.0,0.0,0.0,4,66690.0,66840.0,1,66700.0,66640.0,66640.0,66640.0,1.0,333200.0,371
2023-05-09 21:41:19,cu2404,cu2404,66640.0,0.0,0.0,0.0,4,66690.0,66820.0,1,66700.0,66640.0,66640.0,66640.0,1.0,333200.0,371
2023-05-09 21:41:20,cu2404,cu2404,66640.0,0.0,0.0,0.0,4,66690.0,66790.0,1,66700.0,66640.0,66640.0,66640.0,1.0,333200.0,371
2023-05-09 21:41:20,cu2404,cu2404,66640.0,0.0,0.0,0.0,4,66690.0,66790.0,1,66700.0,66640.0,66640.0,66640.0,1.0,333200.0,371
2023-05-09 21:41:22,cu2404,cu2404,66640.0,0.0,0.0,0.0,4,66690.0,66830.0,4,66700.0,66640.0,66640.0,66640.0,1.0,333200.0,371
2023-05-09 21:41:22,cu2404,cu2404,66640.0,0.0,0.0,0.0,4,66690.0,66820.0,3,66700.0,66640.0,66640.0,66640.0,1.0,333200.0,371
2023-05-09 21:41:23,cu2404,cu2404,66640.0,0.0,0.0,0.0,4,66690.0,66820.0,3,66700.0,66640.0,66640.0,66640.0,1.0,333200.0,371
2023-05-09 21:41:24,cu2404,cu2404,66640.0,0.0,0.0,0.0,4,66690.0,66820.0,4,66700.0,66640.0,66640.0,66640.0,1.0,333200.0,371
2023-05-09 21:41:31,cu2404,cu2404,66640.0,0.0,0.0,0.0,4,66690.0,66820.0,3,66700.0,66640.0,66640.0,66640.0,1.0,333200.0,371
2023-05-09 21:41:31,cu2404,cu2404,66640.0,0.0,0.0,0.0,4,66690.0,66810.0,1,66700.0,66640.0,66640.0,66640.0,1.0,333200.0,371
2023-05-09 21:41:32,cu2404,cu2404,66640.0,0.0,0.0,0.0,4,66690.0,66800.0,1,66700.0,66640.0,66640.0,66640.0,1.0,333200.0,371
2023-05-09 21:41:34,cu2404,cu2404,66640.0,0.0,0.0,0.0,4,66690.0,66800.0,1,66700.0,66640.0,66640.0,66640.0,1.0,333200.0,371
2023-05-09 21:41:35,cu2404,cu2404,66640.0,0.0,0.0,0.0,4,66690.0,66810.0,1,66700.0,66640.0,66640.0,66640.0,1.0,333200.0,371
2023-05-09 21:41:56,cu2404,cu2404,66640.0,0.0,0.0,0.0,4,66690.0,66810.0,2,66700.0,66640.0,66640.0,66640.0,1.0,333200.0,371
2023-05-09 21:41:59,cu2404,cu2404,66640.0,0.0,0.0,0.0,4,66690.0,66810.0,3,66700.0,66640.0,66640.0,66640.0,1.0,333200.0,371
2023-05-09 21:42:32,cu2404,cu2404,66640.0,0.0,0.0,0.0,4,66690.0,66810.0,2,66700.0,66640.0,66640.0,66640.0,1.0,333200.0,371
2023-05-09 21:42:43,cu2404,cu2404,66640.0,0.0,0.0,0.0,4,66690.0,66810.0,1,66700.0,66640.0,66640.0,66640.0,1.0,333200.0,371
2023-05-09 21:42:45,cu2404,cu2404,66640.0,0.0,0.0,0.0,2,66700.0,66810.0,1,66700.0,66640.0,66640.0,66640.0,1.0,333200.0,371
2023-05-09 21:42:46,cu2404,cu2404,66640.0,0.0,0.0,0.0,1,66710.0,66810.0,1,66700.0,66640.0,66640.0,66640.0,1.0,333200.0,371
2023-05-09 21:42:48,cu2404,cu2404,66640.0,0.0,0.0,0.0,4,66710.0,66810.0,1,66700.0,66640.0,66640.0,66640.0,1.0,333200.0,371
2023-05-09 21:42:54,cu2404,cu2404,66640.0,0.0,0.0,0.0,4,66710.0,66810.0,1,66700.0,66640.0,66640.0,66640.0,1.0,333200.0,371
2023-05-09 21:42:55,cu2404,cu2404,66640.0,0.0,0.0,0.0,4,66710.0,66820.0,1,66700.0,66640.0,66640.0,66640.0,1.0,333200.0,371
2023-05-09 21:43:02,cu2404,cu2404,66640.0,0.0,0.0,0.0,1,66720.0,66820.0,1,66700.0,66640.0,66640.0,66640.0,1.0,333200.0,371
2023-05-09 21:43:02,cu2404,cu2404,66640.0,0.0,0.0,0.0,1,66730.0,66820.0,1,66700.0,66640.0,66640.0,66640.0,1.0,333200.0,371
2023-05-09 21:43:03,cu2404,cu2404,66640.0,0.0,0.0,0.0,3,66740.0,66820.0,1,66700.0,66640.0,66640.0,66640.0,1.0,333200.0,371
2023-05-09 21:43:03,cu2404,cu2404,66640.0,0.0,0.0,0.0,1,66750.0,66820.0,1,66700.0,66640.0,66640.0,66640.0,1.0,333200.0,371
2023-05-09 21:43:04,cu2404,cu2404,66640.0,0.0,0.0,0.0,1,66750.0,66820.0,1,66700.0,66640.0,66640.0,66640.0,1.0,333200.0,371
2023-05-09 21:43:04,cu2404,cu2404,66640.0,0.0,0.0,0.0,1,66750.0,66860.0,1,66700.0,66640.0,66640.0,66640.0,1.0,333200.0,371
2023-05-09 21:43:05,cu2404,cu2404,66640.0,0.0,0.0,0.0,1,66750.0,66850.0,2,66700.0,66640.0,66640.0,66640.0,1.0,333200.0,371
2023-05-09 21:43:05,cu2404,cu2404,66640.0,0.0,0.0,0.0,1,66750.0,66850.0,3,66700.0,66640.0,66640.0,66640.0,1.0,333200.0,371
2023-05-09 21:43:06,cu2404,cu2404,66640.0,0.0,0.0,0.0,1,66750.0,66850.0,3,66700.0,66640.0,66640.0,66640.0,1.0,333200.0,371
2023-05-09 21:43:06,cu2404,cu2404,66640.0,0.0,0.0,0.0,1,66750.0,66850.0,4,66700.0,66640.0,66640.0,66640.0,1.0,333200.0,371
2023-05-09 21:43:09,cu2404,cu2404,66640.0,0.0,0.0,0.0,1,66750.0,66850.0,4,66700.0,66640.0,66640.0,66640.0,1.0,333200.0,371
2023-05-09 21:43:09,cu2404,cu2404,66640.0,0.0,0.0,0.0,1,66750.0,66850.0,4,66700.0,66640.0,66640.0,66640.0,1.0,333200.0,371
2023-05-09 21:43:19,cu2404,cu2404,66640.0,0.0,0.0,0.0,1,66750.0,66850.0,3,66700.0,66640.0,66640.0,66640.0,1.0,333200.0,371
2023-05-09 21:43:23,cu2404,cu2404,66640.0,0.0,0.0,0.0,1,66750.0,66850.0,3,66700.0,66640.0,66640.0,66640.0,1.0,333200.0,371
2023-05-09 21:43:24,cu2404,cu2404,66640.0,0.0,0.0,0.0,1,66750.0,66850.0,4,66700.0,66640.0,66640.0,66640.0,1.0,333200.0,371
2023-05-09 21:43:28,cu2404,cu2404,66640.0,0.0,0.0,0.0,1,66750.0,66850.0,2,66700.0,66640.0,66640.0,66640.0,1.0,333200.0,371
2023-05-09 21:43:29,cu2404,cu2404,66640.0,0.0,0.0,0.0,1,66750.0,66840.0,2,66700.0,66640.0,66640.0,66640.0,1.0,333200.0,371
2023-05-09 21:43:29,cu2404,cu2404,66640.0,0.0,0.0,0.0,1,66750.0,66830.0,2,66700.0,66640.0,66640.0,66640.0,1.0,333200.0,371
2023-05-09 21:43:32,cu2404,cu2404,66640.0,0.0,0.0,0.0,1,66750.0,66830.0,2,66700.0,66640.0,66640.0,66640.0,1.0,333200.0,371
2023-05-09 21:43:33,cu2404,cu2404,66640.0,0.0,0.0,0.0,1,66750.0,66830.0,3,66700.0,66640.0,66640.0,66640.0,1.0,333200.0,371
2023-05-09 21:43:33,cu2404,cu2404,66640.0,0.0,0.0,0.0,1,66750.0,66830.0,2,66700.0,66640.0,66640.0,66640.0,1.0,333200.0,371
2023-05-09 21:43:35,cu2404,cu2404,66640.0,0.0,0.0,0.0,1,66750.0,66830.0,3,66700.0,66640.0,66640.0,66640.0,1.0,333200.0,371
2023-05-09 21:43:36,cu2404,cu2404,66640.0,0.0,0.0,0.0,1,66610.0,66830.0,3,66700.0,66640.0,66640.0,66640.0,1.0,333200.0,371
2023-05-09 21:43:36,cu2404,cu2404,66640.0,0.0,0.0,0.0,9,66620.0,66830.0,3,66700.0,66640.0,66640.0,66640.0,1.0,333200.0,371
2023-05-09 21:43:37,cu2404,cu2404,66640.0,0.0,0.0,0.0,3,66630.0,66830.0,3,66700.0,66640.0,66640.0,66640.0,1.0,333200.0,371
2023-05-09 21:43:37,cu2404,cu2404,66640.0,0.0,0.0,0.0,3,66640.0,66830.0,3,66700.0,66640.0,66640.0,66640.0,1.0,333200.0,371
2023-05-09 21:43:38,cu2404,cu2404,66640.0,0.0,0.0,0.0,4,66640.0,66830.0,3,66700.0,66640.0,66640.0,66640.0,1.0,333200.0,371
2023-05-09 21:43:38,cu2404,cu2404,66640.0,0.0,0.0,0.0,3,66680.0,66830.0,3,66700.0,66640.0,66640.0,66640.0,1.0,333200.0,371
2023-05-09 21:43:39,cu2404,cu2404,66640.0,0.0,0.0,0.0,1,66690.0,66830.0,3,66700.0,66640.0,66640.0,66640.0,1.0,333200.0,371
2023-05-09 21:43:39,cu2404,cu2404,66640.0,0.0,0.0,0.0,1,66690.0,66830.0,3,66700.0,66640.0,66640.0,66640.0,1.0,333200.0,371
2023-05-09 21:43:40,cu2404,cu2404,66640.0,0.0,0.0,0.0,1,66690.0,66830.0,3,66700.0,66640.0,66640.0,66640.0,1.0,333200.0,371
2023-05-09 21:43:40,cu2404,cu2404,66640.0,0.0,0.0,0.0,2,66710.0,66830.0,3,66700.0,66640.0,66640.0,66640.0,1.0,333200.0,371
2023-05-09 21:43:41,cu2404,cu2404,66640.0,0.0,0.0,0.0,1,66720.0,66830.0,3,66700.0,66640.0,66640.0,66640.0,1.0,333200.0,371
2023-05-09 21:43:45,cu2404,cu2404,66640.0,0.0,0.0,0.0,4,66720.0,66830.0,1,66700.0,66640.0,66640.0,66640.0,1.0,333200.0,371
2023-05-09 21:43:46,cu2404,cu2404,66640.0,0.0,0.0,0.0,4,66720.0,66830.0,1,66700.0,66640.0,66640.0,66640.0,1.0,333200.0,371
2023-05-09 21:43:46,cu2404,cu2404,66640.0,0.0,0.0,0.0,4,66720.0,66830.0,1,66700.0,66640.0,66640.0,66640.0,1.0,333200.0,371
2023-05-09 21:43:48,cu2404,cu2404,66640.0,0.0,0.0,0.0,4,66720.0,66830.0,1,66700.0,66640.0,66640.0,66640.0,1.0,333200.0,371
2023-05-09 21:43:49,cu2404,cu2404,66640.0,0.0,0.0,0.0,4,66720.0,66830.0,1,66700.0,66640.0,66640.0,66640.0,1.0,333200.0,371
2023-05-09 21:43:51,cu2404,cu2404,66640.0,0.0,0.0,0.0,4,66720.0,66830.0,1,66700.0,66640.0,66640.0,66640.0,1.0,333200.0,371
2023-05-09 21:43:52,cu2404,cu2404,66640.0,0.0,0.0,0.0,4,66720.0,66850.0,1,66700.0,66640.0,66640.0,66640.0,1.0,333200.0,371
2023-05-09 21:43:53,cu2404,cu2404,66640.0,0.0,0.0,0.0,4,66720.0,66830.0,1,66700.0,66640.0,66640.0,66640.0,1.0,333200.0,371
2023-05-09 21:43:53,cu2404,cu2404,66640.0,0.0,0.0,0.0,4,66720.0,66830.0,1,66700.0,66640.0,66640.0,66640.0,1.0,333200.0,371
2023-05-09 21:43:54,cu2404,cu2404,66640.0,0.0,0.0,0.0,4,66720.0,66820.0,1,66700.0,66640.0,66640.0,66640.0,1.0,333200.0,371
2023-05-09 21:43:54,cu2404,cu2404,66640.0,0.0,0.0,0.0,4,66720.0,66820.0,1,66700.0,66640.0,66640.0,66640.0,1.0,333200.0,371
2023-05-09 21:43:55,cu2404,cu2404,66640.0,0.0,0.0,0.0,4,66720.0,66820.0,1,66700.0,66640.0,66640.0,66640.0,1.0,333200.0,371
2023-05-09 21:44:02,cu2404,cu2404,66640.0,0.0,0.0,0.0,4,66720.0,66820.0,1,66700.0,66640.0,66640.0,66640.0,1.0,333200.0,371
2023-05-09 21:44:08,cu2404,cu2404,66640.0,0.0,0.0,0.0,4,66720.0,66820.0,1,66700.0,66640.0,66640.0,66640.0,1.0,333200.0,371
2023-05-09 21:44:09,cu2404,cu2404,66640.0,0.0,0.0,0.0,4,66720.0,66830.0,1,66700.0,66640.0,66640.0,66640.0,1.0,333200.0,371
2023-05-09 21:44:18,cu2404,cu2404,66640.0,0.0,0.0,0.0,4,66720.0,66830.0,1,66700.0,66640.0,66640.0,66640.0,1.0,333200.0,371
2023-05-09 21:44:27,cu2404,cu2404,66640.0,0.0,0.0,0.0,4,66720.0,66830.0,1,66700.0,66640.0,66640.0,66640.0,1.0,333200.0,371
2023-05-09 21:44:28,cu2404,cu2404,66640.0,0.0,0.0,0.0,4,66720.0,66830.0,1,66700.0,66640.0,66640.0,66640.0,1.0,333200.0,371
2023-05-09 21:44:32,cu2404,cu2404,66640.0,0.0,0.0,0.0,4,66720.0,66830.0,2,66700.0,66640.0,66640.0,66640.0,1.0,333200.0,371
2023-05-09 21:44:33,cu2404,cu2404,66640.0,0.0,0.0,0.0,4,66720.0,66820.0,1,66700.0,66640.0,66640.0,66640.0,1.0,333200.0,371
2023-05-09 21:44:33,cu2404,cu2404,66640.0,0.0,0.0,0.0,4,66720.0,66810.0,1,66700.0,66640.0,66640.0,66640.0,1.0,333200.0,371
2023-05-09 21:45:09,cu2404,cu2404,66640.0,0.0,0.0,0.0,4,66720.0,66860.0,1,66700.0,66640.0,66640.0,66640.0,1.0,333200.0,371
2023-05-09 21:45:10,cu2404,cu2404,66640.0,0.0,0.0,0.0,4,66720.0,66850.0,4,66700.0,66640.0,66640.0,66640.0,1.0,333200.0,371
2023-05-09 21:45:10,cu2404,cu2404,66640.0,0.0,0.0,0.0,4,66720.0,66830.0,1,66700.0,66640.0,66640.0,66640.0,1.0,333200.0,371
2023-05-09 21:45:11,cu2404,cu2404,66640.0,0.0,0.0,0.0,4,66720.0,66830.0,1,66700.0,66640.0,66640.0,66640.0,1.0,333200.0,371
2023-05-09 21:45:11,cu2404,cu2404,66640.0,0.0,0.0,0.0,4,66720.0,66820.0,1,66700.0,66640.0,66640.0,66640.0,1.0,333200.0,371
2023-05-09 21:45:12,cu2404,cu2404,66640.0,0.0,0.0,0.0,4,66720.0,66820.0,1,66700.0,66640.0,66640.0,66640.0,1.0,333200.0,371
2023-05-09 21:45:13,cu2404,cu2404,66640.0,0.0,0.0,0.0,4,66720.0,66820.0,1,66700.0,66640.0,66640.0,66640.0,1.0,333200.0,371
2023-05-09 21:45:20,cu2404,cu2404,66640.0,0.0,0.0,0.0,4,66720.0,66820.0,1,66700.0,66640.0,66640.0,66640.0,1.0,333200.0,371
2023-05-09 21:45:21,cu2404,cu2404,66640.0,0.0,0.0,0.0,4,66720.0,66820.0,1,66700.0,66640.0,66640.0,66640.0,1.0,333200.0,371
2023-05-09 21:45:22,cu2404,cu2404,66640.0,0.0,0.0,0.0,4,66720.0,66820.0,1,66700.0,66640.0,66640.0,66640.0,1.0,333200.0,371
2023-05-09 21:45:23,cu2404,cu2404,66640.0,0.0,0.0,0.0,4,66720.0,66850.0,1,66700.0,66640.0,66640.0,66640.0,1.0,333200.0,371
2023-05-09 21:45:23,cu2404,cu2404,66640.0,0.0,0.0,0.0,4,66720.0,66830.0,1,66700.0,66640.0,66640.0,66640.0,1.0,333200.0,371
2023-05-09 21:45:24,cu2404,cu2404,66640.0,0.0,0.0,0.0,4,66720.0,66830.0,1,66700.0,66640.0,66640.0,66640.0,1.0,333200.0,371
2023-05-09 21:45:25,cu2404,cu2404,66640.0,0.0,0.0,0.0,4,66720.0,66820.0,1,66700.0,66640.0,66640.0,66640.0,1.0,333200.0,371
2023-05-09 21:45:29,cu2404,cu2404,66640.0,0.0,0.0,0.0,4,66720.0,66820.0,1,66700.0,66640.0,66640.0,66640.0,1.0,333200.0,371
2023-05-09 21:45:35,cu2404,cu2404,66640.0,0.0,0.0,0.0,4,66720.0,66820.0,2,66700.0,66640.0,66640.0,66640.0,1.0,333200.0,371
2023-05-09 21:45:36,cu2404,cu2404,66640.0,0.0,0.0,0.0,4,66720.0,66810.0,1,66700.0,66640.0,66640.0,66640.0,1.0,333200.0,371
2023-05-09 21:45:36,cu2404,cu2404,66640.0,0.0,0.0,0.0,4,66720.0,66800.0,1,66700.0,66640.0,66640.0,66640.0,1.0,333200.0,371
2023-05-09 21:45:37,cu2404,cu2404,66640.0,0.0,0.0,0.0,4,66720.0,66800.0,1,66700.0,66640.0,66640.0,66640.0,1.0,333200.0,371
2023-05-09 21:45:48,cu2404,cu2404,66640.0,0.0,0.0,0.0,4,66720.0,66860.0,1,66700.0,66640.0,66640.0,66640.0,1.0,333200.0,371
2023-05-09 21:45:49,cu2404,cu2404,66640.0,0.0,0.0,0.0,4,66720.0,66840.0,1,66700.0,66640.0,66640.0,66640.0,1.0,333200.0,371
2023-05-09 21:45:49,cu2404,cu2404,66640.0,0.0,0.0,0.0,4,66720.0,66830.0,1,66700.0,66640.0,66640.0,66640.0,1.0,333200.0,371
2023-05-09 21:45:50,cu2404,cu2404,66640.0,0.0,0.0,0.0,4,66720.0,66830.0,1,66700.0,66640.0,66640.0,66640.0,1.0,333200.0,371
2023-05-09 21:45:56,cu2404,cu2404,66640.0,0.0,0.0,0.0,4,66720.0,66830.0,2,66700.0,66640.0,66640.0,66640.0,1.0,333200.0,371
2023-05-09 21:45:57,cu2404,cu2404,66640.0,0.0,0.0,0.0,4,66720.0,66830.0,1,66700.0,66640.0,66640.0,66640.0,1.0,333200.0,371
2023-05-09 21:46:01,cu2404,cu2404,66640.0,0.0,0.0,0.0,4,66720.0,66830.0,2,66700.0,66640.0,66640.0,66640.0,1.0,333200.0,371
2023-05-09 21:46:03,cu2404,cu2404,66640.0,0.0,0.0,0.0,4,66720.0,66830.0,1,66700.0,66640.0,66640.0,66640.0,1.0,333200.0,371
2023-05-09 21:46:04,cu2404,cu2404,66640.0,0.0,0.0,0.0,4,66720.0,66830.0,1,66700.0,66640.0,66640.0,66640.0,1.0,333200.0,371
2023-05-09 21:46:04,cu2404,cu2404,66640.0,0.0,0.0,0.0,4,66720.0,66830.0,2,66700.0,66640.0,66640.0,66640.0,1.0,333200.0,371
2023-05-09 21:46:11,cu2404,cu2404,66640.0,0.0,0.0,0.0,4,66720.0,66830.0,3,66700.0,66640.0,66640.0,66640.0,1.0,333200.0,371
2023-05-09 21:46:12,cu2404,cu2404,66640.0,0.0,0.0,0.0,1,66720.0,66830.0,3,66700.0,66640.0,66640.0,66640.0,1.0,333200.0,371
2023-05-09 21:46:14,cu2404,cu2404,66640.0,0.0,0.0,0.0,4,66720.0,66830.0,3,66700.0,66640.0,66640.0,66640.0,1.0,333200.0,371
2023-05-09 21:46:15,cu2404,cu2404,66640.0,0.0,0.0,0.0,4,66720.0,66830.0,2,66700.0,66640.0,66640.0,66640.0,1.0,333200.0,371
2023-05-09 21:46:16,cu2404,cu2404,66640.0,0.0,0.0,0.0,4,66720.0,66830.0,1,66700.0,66640.0,66640.0,66640.0,1.0,333200.0,371
2023-05-09 21:46:17,cu2404,cu2404,66640.0,0.0,0.0,0.0,4,66720.0,66840.0,1,66700.0,66640.0,66640.0,66640.0,1.0,333200.0,371
2023-05-09 21:46:17,cu2404,cu2404,66640.0,0.0,0.0,0.0,4,66720.0,66840.0,2,66700.0,66640.0,66640.0,66640.0,1.0,333200.0,371
2023-05-09 21:46:20,cu2404,cu2404,66640.0,0.0,0.0,0.0,4,66720.0,66840.0,1,66700.0,66640.0,66640.0,66640.0,1.0,333200.0,371
2023-05-09 21:46:22,cu2404,cu2404,66640.0,0.0,0.0,0.0,4,66720.0,66840.0,2,66700.0,66640.0,66640.0,66640.0,1.0,333200.0,371
2023-05-09 21:46:23,cu2404,cu2404,66640.0,0.0,0.0,0.0,3,66730.0,66840.0,2,66700.0,66640.0,66640.0,66640.0,1.0,333200.0,371
2023-05-09 21:46:23,cu2404,cu2404,66640.0,0.0,0.0,0.0,4,66730.0,66840.0,2,66700.0,66640.0,66640.0,66640.0,1.0,333200.0,371
2023-05-09 21:46:24,cu2404,cu2404,66640.0,0.0,0.0,0.0,1,66730.0,66840.0,2,66700.0,66640.0,66640.0,66640.0,1.0,333200.0,371
2023-05-09 21:46:24,cu2404,cu2404,66640.0,0.0,0.0,0.0,2,66740.0,66840.0,2,66700.0,66640.0,66640.0,66640.0,1.0,333200.0,371
2023-05-09 21:46:25,cu2404,cu2404,66640.0,0.0,0.0,0.0,1,66640.0,66830.0,1,66700.0,66640.0,66640.0,66640.0,1.0,333200.0,371
2023-05-09 21:46:25,cu2404,cu2404,66640.0,0.0,0.0,0.0,5,66650.0,66830.0,1,66700.0,66640.0,66640.0,66640.0,1.0,333200.0,371
2023-05-09 21:46:27,cu2404,cu2404,66640.0,0.0,0.0,0.0,6,66660.0,66820.0,1,66700.0,66640.0,66640.0,66640.0,1.0,333200.0,371
2023-05-09 21:46:27,cu2404,cu2404,66640.0,0.0,0.0,0.0,2,66670.0,66820.0,1,66700.0,66640.0,66640.0,66640.0,1.0,333200.0,371
2023-05-09 21:46:28,cu2404,cu2404,66640.0,0.0,0.0,0.0,3,66710.0,66820.0,1,66700.0,66640.0,66640.0,66640.0,1.0,333200.0,371
2023-05-09 21:46:28,cu2404,cu2404,66640.0,0.0,0.0,0.0,1,66720.0,66820.0,1,66700.0,66640.0,66640.0,66640.0,1.0,333200.0,371
2023-05-09 21:46:30,cu2404,cu2404,66640.0,0.0,0.0,0.0,4,66720.0,66820.0,1,66700.0,66640.0,66640.0,66640.0,1.0,333200.0,371
2023-05-09 21:46:31,cu2404,cu2404,66640.0,0.0,0.0,0.0,4,66720.0,66820.0,1,66700.0,66640.0,66640.0,66640.0,1.0,333200.0,371
2023-05-09 21:46:32,cu2404,cu2404,66640.0,0.0,0.0,0.0,4,66720.0,66820.0,1,66700.0,66640.0,66640.0,66640.0,1.0,333200.0,371
2023-05-09 21:46:36,cu2404,cu2404,66640.0,0.0,0.0,0.0,4,66720.0,66820.0,1,66700.0,66640.0,66640.0,66640.0,1.0,333200.0,371
2023-05-09 21:46:37,cu2404,cu2404,66640.0,0.0,0.0,0.0,4,66720.0,66850.0,1,66700.0,66640.0,66640.0,66640.0,1.0,333200.0,371
2023-05-09 21:46:37,cu2404,cu2404,66640.0,0.0,0.0,0.0,4,66720.0,66830.0,1,66700.0,66640.0,66640.0,66640.0,1.0,333200.0,371
2023-05-09 21:46:38,cu2404,cu2404,66640.0,0.0,0.0,0.0,4,66720.0,66820.0,1,66700.0,66640.0,66640.0,66640.0,1.0,333200.0,371
2023-05-09 21:46:43,cu2404,cu2404,66640.0,0.0,0.0,0.0,7,66720.0,66830.0,1,66700.0,66640.0,66640.0,66640.0,1.0,333200.0,371
2023-05-09 21:46:44,cu2404,cu2404,66640.0,0.0,0.0,0.0,7,66720.0,66830.0,1,66700.0,66640.0,66640.0,66640.0,1.0,333200.0,371
2023-05-09 21:46:44,cu2404,cu2404,66640.0,0.0,0.0,0.0,2,66730.0,66830.0,1,66700.0,66640.0,66640.0,66640.0,1.0,333200.0,371
2023-05-09 21:46:45,cu2404,cu2404,66640.0,0.0,0.0,0.0,1,66740.0,66830.0,1,66700.0,66640.0,66640.0,66640.0,1.0,333200.0,371
2023-05-09 21:46:48,cu2404,cu2404,66640.0,0.0,0.0,0.0,4,66740.0,66830.0,1,66700.0,66640.0,66640.0,66640.0,1.0,333200.0,371
2023-05-09 21:46:50,cu2404,cu2404,66640.0,0.0,0.0,0.0,4,66740.0,66820.0,1,66700.0,66640.0,66640.0,66640.0,1.0,333200.0,371
2023-05-09 21:46:50,cu2404,cu2404,66640.0,0.0,0.0,0.0,4,66740.0,66830.0,1,66700.0,66640.0,66640.0,66640.0,1.0,333200.0,371
2023-05-09 21:46:53,cu2404,cu2404,66640.0,0.0,0.0,0.0,4,66740.0,66820.0,1,66700.0,66640.0,66640.0,66640.0,1.0,333200.0,371
2023-05-09 21:46:54,cu2404,cu2404,66640.0,0.0,0.0,0.0,4,66740.0,66830.0,1,66700.0,66640.0,66640.0,66640.0,1.0,333200.0,371
2023-05-09 21:46:55,cu2404,cu2404,66640.0,0.0,0.0,0.0,4,66740.0,66820.0,1,66700.0,66640.0,66640.0,66640.0,1.0,333200.0,371
2023-05-09 21:46:56,cu2404,cu2404,66640.0,0.0,0.0,0.0,4,66740.0,66820.0,1,66700.0,66640.0,66640.0,66640.0,1.0,333200.0,371
2023-05-09 21:46:57,cu2404,cu2404,66640.0,0.0,0.0,0.0,4,66740.0,66830.0,1,66700.0,66640.0,66640.0,66640.0,1.0,333200.0,371
2023-05-09 21:47:12,cu2404,cu2404,66640.0,0.0,0.0,0.0,4,66740.0,66860.0,1,66700.0,66640.0,66640.0,66640.0,1.0,333200.0,371
2023-05-09 21:47:12,cu2404,cu2404,66640.0,0.0,0.0,0.0,4,66740.0,66850.0,1,66700.0,66640.0,66640.0,66640.0,1.0,333200.0,371
2023-05-09 21:47:13,cu2404,cu2404,66640.0,0.0,0.0,0.0,4,66740.0,66850.0,1,66700.0,66640.0,66640.0,66640.0,1.0,333200.0,371
2023-05-09 21:47:13,cu2404,cu2404,66640.0,0.0,0.0,0.0,4,66740.0,66840.0,1,66700.0,66640.0,66640.0,66640.0,1.0,333200.0,371
2023-05-09 21:47:21,cu2404,cu2404,66640.0,0.0,0.0,0.0,4,66740.0,66840.0,1,66700.0,66640.0,66640.0,66640.0,1.0,333200.0,371
2023-05-09 21:47:22,cu2404,cu2404,66640.0,0.0,0.0,0.0,4,66740.0,66830.0,1,66700.0,66640.0,66640.0,66640.0,1.0,333200.0,371
2023-05-09 21:47:22,cu2404,cu2404,66640.0,0.0,0.0,0.0,4,66740.0,66830.0,1,66700.0,66640.0,66640.0,66640.0,1.0,333200.0,371
2023-05-09 21:47:26,cu2404,cu2404,66640.0,0.0,0.0,0.0,4,66740.0,66860.0,1,66700.0,66640.0,66640.0,66640.0,1.0,333200.0,371
2023-05-09 21:47:26,cu2404,cu2404,66640.0,0.0,0.0,0.0,4,66740.0,66850.0,2,66700.0,66640.0,66640.0,66640.0,1.0,333200.0,371
2023-05-09 21:47:27,cu2404,cu2404,66640.0,0.0,0.0,0.0,4,66740.0,66850.0,2,66700.0,66640.0,66640.0,66640.0,1.0,333200.0,371
2023-05-09 21:47:27,cu2404,cu2404,66640.0,0.0,0.0,0.0,2,66750.0,66850.0,2,66700.0,66640.0,66640.0,66640.0,1.0,333200.0,371
2023-05-09 21:47:28,cu2404,cu2404,66640.0,0.0,0.0,0.0,3,66750.0,66850.0,2,66700.0,66640.0,66640.0,66640.0,1.0,333200.0,371
2023-05-09 21:47:28,cu2404,cu2404,66640.0,0.0,0.0,0.0,6,66750.0,66850.0,2,66700.0,66640.0,66640.0,66640.0,1.0,333200.0,371
2023-05-09 21:47:36,cu2404,cu2404,66640.0,0.0,0.0,0.0,5,66750.0,66850.0,2,66700.0,66640.0,66640.0,66640.0,1.0,333200.0,371
2023-05-09 21:47:37,cu2404,cu2404,66640.0,0.0,0.0,0.0,5,66750.0,66850.0,2,66700.0,66640.0,66640.0,66640.0,1.0,333200.0,371
2023-05-09 21:47:37,cu2404,cu2404,66640.0,0.0,0.0,0.0,4,66750.0,66850.0,2,66700.0,66640.0,66640.0,66640.0,1.0,333200.0,371
2023-05-09 21:47:38,cu2404,cu2404,66640.0,0.0,0.0,0.0,2,66760.0,66850.0,2,66700.0,66640.0,66640.0,66640.0,1.0,333200.0,371
2023-05-09 21:47:38,cu2404,cu2404,66640.0,0.0,0.0,0.0,2,66760.0,66850.0,2,66700.0,66640.0,66640.0,66640.0,1.0,333200.0,371
2023-05-09 21:47:39,cu2404,cu2404,66640.0,0.0,0.0,0.0,5,66760.0,66850.0,2,66700.0,66640.0,66640.0,66640.0,1.0,333200.0,371
2023-05-09 21:47:44,cu2404,cu2404,66640.0,0.0,0.0,0.0,6,66760.0,66850.0,2,66700.0,66640.0,66640.0,66640.0,1.0,333200.0,371
2023-05-09 21:47:46,cu2404,cu2404,66640.0,0.0,0.0,0.0,5,66760.0,66850.0,2,66700.0,66640.0,66640.0,66640.0,1.0,333200.0,371
2023-05-09 21:47:49,cu2404,cu2404,66640.0,0.0,0.0,0.0,6,66760.0,66850.0,2,66700.0,66640.0,66640.0,66640.0,1.0,333200.0,371
2023-05-09 21:47:56,cu2404,cu2404,66640.0,0.0,0.0,0.0,7,66760.0,66850.0,2,66700.0,66640.0,66640.0,66640.0,1.0,333200.0,371
2023-05-09 21:48:00,cu2404,cu2404,66640.0,0.0,0.0,0.0,4,66760.0,66850.0,2,66700.0,66640.0,66640.0,66640.0,1.0,333200.0,371
2023-05-09 21:48:00,cu2404,cu2404,66640.0,0.0,0.0,0.0,3,66760.0,66850.0,2,66700.0,66640.0,66640.0,66640.0,1.0,333200.0,371
2023-05-09 21:48:01,cu2404,cu2404,66640.0,0.0,0.0,0.0,2,66770.0,67000.0,1,66700.0,66640.0,66640.0,66640.0,1.0,333200.0,371
2023-05-09 21:48:01,cu2404,cu2404,66640.0,0.0,0.0,0.0,2,66770.0,66860.0,1,66700.0,66640.0,66640.0,66640.0,1.0,333200.0,371
2023-05-09 21:48:02,cu2404,cu2404,66640.0,0.0,0.0,0.0,3,66780.0,66880.0,1,66700.0,66640.0,66640.0,66640.0,1.0,333200.0,371
2023-05-09 21:48:02,cu2404,cu2404,66640.0,0.0,0.0,0.0,3,66780.0,66870.0,1,66700.0,66640.0,66640.0,66640.0,1.0,333200.0,371
2023-05-09 21:48:03,cu2404,cu2404,66640.0,0.0,0.0,0.0,3,66780.0,66860.0,1,66700.0,66640.0,66640.0,66640.0,1.0,333200.0,371
2023-05-09 21:48:03,cu2404,cu2404,66640.0,0.0,0.0,0.0,3,66780.0,66860.0,1,66700.0,66640.0,66640.0,66640.0,1.0,333200.0,371
2023-05-09 21:48:04,cu2404,cu2404,66640.0,0.0,0.0,0.0,3,66780.0,66860.0,1,66700.0,66640.0,66640.0,66640.0,1.0,333200.0,371
2023-05-09 21:48:13,cu2404,cu2404,66640.0,0.0,0.0,0.0,3,66780.0,66860.0,1,66700.0,66640.0,66640.0,66640.0,1.0,333200.0,371
2023-05-09 21:48:14,cu2404,cu2404,66640.0,0.0,0.0,0.0,3,66780.0,66870.0,1,66700.0,66640.0,66640.0,66640.0,1.0,333200.0,371
2023-05-09 21:48:15,cu2404,cu2404,66640.0,0.0,0.0,0.0,3,66790.0,66870.0,1,66700.0,66640.0,66640.0,66640.0,1.0,333200.0,371
2023-05-09 21:48:15,cu2404,cu2404,66640.0,0.0,0.0,0.0,2,66790.0,66870.0,1,66700.0,66640.0,66640.0,66640.0,1.0,333200.0,371
2023-05-09 21:48:16,cu2404,cu2404,66640.0,0.0,0.0,0.0,5,66790.0,66870.0,1,66700.0,66640.0,66640.0,66640.0,1.0,333200.0,371
2023-05-09 21:48:17,cu2404,cu2404,66640.0,0.0,0.0,0.0,5,66790.0,66860.0,1,66700.0,66640.0,66640.0,66640.0,1.0,333200.0,371
2023-05-09 21:48:17,cu2404,cu2404,66640.0,0.0,0.0,0.0,5,66790.0,66870.0,1,66700.0,66640.0,66640.0,66640.0,1.0,333200.0,371
2023-05-09 21:48:23,cu2404,cu2404,66640.0,0.0,0.0,0.0,5,66790.0,66860.0,1,66700.0,66640.0,66640.0,66640.0,1.0,333200.0,371
2023-05-09 21:48:23,cu2404,cu2404,66640.0,0.0,0.0,0.0,3,66790.0,66870.0,1,66700.0,66640.0,66640.0,66640.0,1.0,333200.0,371
2023-05-09 21:48:25,cu2404,cu2404,66640.0,0.0,0.0,0.0,3,66790.0,67000.0,2,66700.0,66640.0,66640.0,66640.0,1.0,333200.0,371
2023-05-09 21:48:26,cu2404,cu2404,66640.0,0.0,0.0,0.0,3,66790.0,66880.0,1,66700.0,66640.0,66640.0,66640.0,1.0,333200.0,371
2023-05-09 21:48:26,cu2404,cu2404,66640.0,0.0,0.0,0.0,3,66790.0,66890.0,1,66700.0,66640.0,66640.0,66640.0,1.0,333200.0,371
2023-05-09 21:48:27,cu2404,cu2404,66640.0,0.0,0.0,0.0,3,66790.0,66870.0,1,66700.0,66640.0,66640.0,66640.0,1.0,333200.0,371
2023-05-09 21:48:27,cu2404,cu2404,66640.0,0.0,0.0,0.0,3,66790.0,66870.0,1,66700.0,66640.0,66640.0,66640.0,1.0,333200.0,371
2023-05-09 21:48:28,cu2404,cu2404,66640.0,0.0,0.0,0.0,3,66790.0,66860.0,1,66700.0,66640.0,66640.0,66640.0,1.0,333200.0,371
2023-05-09 21:48:28,cu2404,cu2404,66640.0,0.0,0.0,0.0,1,66640.0,66860.0,1,66700.0,66640.0,66640.0,66640.0,1.0,333200.0,371
2023-05-09 21:48:29,cu2404,cu2404,66640.0,0.0,0.0,0.0,2,66700.0,66860.0,1,66700.0,66640.0,66640.0,66640.0,1.0,333200.0,371
2023-05-09 21:48:29,cu2404,cu2404,66640.0,0.0,0.0,0.0,5,66710.0,66860.0,1,66700.0,66640.0,66640.0,66640.0,1.0,333200.0,371
2023-05-09 21:48:30,cu2404,cu2404,66640.0,0.0,0.0,0.0,5,66710.0,66860.0,1,66700.0,66640.0,66640.0,66640.0,1.0,333200.0,371
2023-05-09 21:48:30,cu2404,cu2404,66640.0,0.0,0.0,0.0,1,66720.0,66860.0,1,66700.0,66640.0,66640.0,66640.0,1.0,333200.0,371
2023-05-09 21:48:31,cu2404,cu2404,66640.0,0.0,0.0,0.0,2,66730.0,66860.0,1,66700.0,66640.0,66640.0,66640.0,1.0,333200.0,371
2023-05-09 21:48:31,cu2404,cu2404,66640.0,0.0,0.0,0.0,3,66740.0,66860.0,1,66700.0,66640.0,66640.0,66640.0,1.0,333200.0,371
2023-05-09 21:48:32,cu2404,cu2404,66640.0,0.0,0.0,0.0,2,66750.0,66860.0,1,66700.0,66640.0,66640.0,66640.0,1.0,333200.0,371
2023-05-09 21:48:32,cu2404,cu2404,66640.0,0.0,0.0,0.0,1,66770.0,66860.0,1,66700.0,66640.0,66640.0,66640.0,1.0,333200.0,371
2023-05-09 21:48:33,cu2404,cu2404,66640.0,0.0,0.0,0.0,1,66770.0,66860.0,1,66700.0,66640.0,66640.0,66640.0,1.0,333200.0,371
2023-05-09 21:48:33,cu2404,cu2404,66640.0,0.0,0.0,0.0,4,66770.0,66860.0,1,66700.0,66640.0,66640.0,66640.0,1.0,333200.0,371
2023-05-09 21:48:34,cu2404,cu2404,66640.0,0.0,0.0,0.0,6,66770.0,66860.0,1,66700.0,66640.0,66640.0,66640.0,1.0,333200.0,371
2023-05-09 21:48:35,cu2404,cu2404,66640.0,0.0,0.0,0.0,5,66770.0,66860.0,1,66700.0,66640.0,66640.0,66640.0,1.0,333200.0,371
2023-05-09 21:48:40,cu2404,cu2404,66640.0,0.0,0.0,0.0,5,66770.0,66860.0,1,66700.0,66640.0,66640.0,66640.0,1.0,333200.0,371
2023-05-09 21:48:41,cu2404,cu2404,66640.0,0.0,0.0,0.0,5,66770.0,66860.0,1,66700.0,66640.0,66640.0,66640.0,1.0,333200.0,371
2023-05-09 21:49:15,cu2404,cu2404,66640.0,0.0,0.0,0.0,5,66770.0,66860.0,1,66700.0,66640.0,66640.0,66640.0,1.0,333200.0,371
2023-05-09 21:49:15,cu2404,cu2404,66640.0,0.0,0.0,0.0,3,66770.0,66870.0,1,66700.0,66640.0,66640.0,66640.0,1.0,333200.0,371
2023-05-09 21:49:16,cu2404,cu2404,66640.0,0.0,0.0,0.0,3,66770.0,66860.0,1,66700.0,66640.0,66640.0,66640.0,1.0,333200.0,371
2023-05-09 21:49:17,cu2404,cu2404,66640.0,0.0,0.0,0.0,3,66770.0,66850.0,1,66700.0,66640.0,66640.0,66640.0,1.0,333200.0,371
2023-05-09 21:49:22,cu2404,cu2404,66640.0,0.0,0.0,0.0,3,66780.0,66850.0,1,66700.0,66640.0,66640.0,66640.0,1.0,333200.0,371
2023-05-09 21:49:23,cu2404,cu2404,66640.0,0.0,0.0,0.0,3,66780.0,66850.0,1,66700.0,66640.0,66640.0,66640.0,1.0,333200.0,371
2023-05-09 21:49:23,cu2404,cu2404,66640.0,0.0,0.0,0.0,2,66780.0,66850.0,1,66700.0,66640.0,66640.0,66640.0,1.0,333200.0,371
2023-05-09 21:49:25,cu2404,cu2404,66640.0,0.0,0.0,0.0,5,66780.0,66850.0,1,66700.0,66640.0,66640.0,66640.0,1.0,333200.0,371
2023-05-09 21:49:26,cu2404,cu2404,66640.0,0.0,0.0,0.0,5,66780.0,66860.0,1,66700.0,66640.0,66640.0,66640.0,1.0,333200.0,371
2023-05-09 21:49:29,cu2404,cu2404,66640.0,0.0,0.0,0.0,5,66780.0,66860.0,1,66700.0,66640.0,66640.0,66640.0,1.0,333200.0,371
2023-05-09 21:49:30,cu2404,cu2404,66640.0,0.0,0.0,0.0,5,66780.0,66860.0,1,66700.0,66640.0,66640.0,66640.0,1.0,333200.0,371
2023-05-09 21:49:39,cu2404,cu2404,66640.0,0.0,0.0,0.0,6,66780.0,66860.0,1,66700.0,66640.0,66640.0,66640.0,1.0,333200.0,371
2023-05-09 21:49:41,cu2404,cu2404,66640.0,0.0,0.0,0.0,6,66780.0,66850.0,1,66700.0,66640.0,66640.0,66640.0,1.0,333200.0,371
2023-05-09 21:49:43,cu2404,cu2404,66640.0,0.0,0.0,0.0,3,66780.0,66850.0,1,66700.0,66640.0,66640.0,66640.0,1.0,333200.0,371
2023-05-09 21:49:45,cu2404,cu2404,66640.0,0.0,0.0,0.0,3,66780.0,66860.0,1,66700.0,66640.0,66640.0,66640.0,1.0,333200.0,371
2023-05-09 21:49:45,cu2404,cu2404,66640.0,0.0,0.0,0.0,6,66780.0,66860.0,1,66700.0,66640.0,66640.0,66640.0,1.0,333200.0,371
2023-05-09 21:49:47,cu2404,cu2404,66640.0,0.0,0.0,0.0,1,66790.0,67000.0,2,66700.0,66640.0,66640.0,66640.0,1.0,333200.0,371
2023-05-09 21:49:47,cu2404,cu2404,66640.0,0.0,0.0,0.0,1,66790.0,66870.0,1,66700.0,66640.0,66640.0,66640.0,1.0,333200.0,371
2023-05-09 21:49:48,cu2404,cu2404,66640.0,0.0,0.0,0.0,4,66790.0,66880.0,1,66700.0,66640.0,66640.0,66640.0,1.0,333200.0,371
2023-05-09 21:49:48,cu2404,cu2404,66640.0,0.0,0.0,0.0,4,66790.0,66870.0,1,66700.0,66640.0,66640.0,66640.0,1.0,333200.0,371
2023-05-09 21:49:51,cu2404,cu2404,66640.0,0.0,0.0,0.0,4,66790.0,66860.0,1,66700.0,66640.0,66640.0,66640.0,1.0,333200.0,371
2023-05-09 21:49:52,cu2404,cu2404,66640.0,0.0,0.0,0.0,4,66790.0,66870.0,1,66700.0,66640.0,66640.0,66640.0,1.0,333200.0,371
2023-05-09 21:49:52,cu2404,cu2404,66640.0,0.0,0.0,0.0,4,66790.0,66860.0,1,66700.0,66640.0,66640.0,66640.0,1.0,333200.0,371
2023-05-09 21:49:56,cu2404,cu2404,66640.0,0.0,0.0,0.0,4,66790.0,66870.0,1,66700.0,66640.0,66640.0,66640.0,1.0,333200.0,371
2023-05-09 21:50:03,cu2404,cu2404,66640.0,0.0,0.0,0.0,4,66790.0,66870.0,1,66700.0,66640.0,66640.0,66640.0,1.0,333200.0,371
2023-05-09 21:50:05,cu2404,cu2404,66640.0,0.0,0.0,0.0,4,66790.0,66860.0,1,66700.0,66640.0,66640.0,66640.0,1.0,333200.0,371
2023-05-09 21:50:05,cu2404,cu2404,66640.0,0.0,0.0,0.0,4,66790.0,66870.0,2,66700.0,66640.0,66640.0,66640.0,1.0,333200.0,371
2023-05-09 21:50:11,cu2404,cu2404,66640.0,0.0,0.0,0.0,4,66790.0,67000.0,2,66700.0,66640.0,66640.0,66640.0,1.0,333200.0,371
2023-05-09 21:50:11,cu2404,cu2404,66640.0,0.0,0.0,0.0,4,66790.0,66920.0,1,66700.0,66640.0,66640.0,66640.0,1.0,333200.0,371
2023-05-09 21:50:12,cu2404,cu2404,66640.0,0.0,0.0,0.0,7,66790.0,66920.0,1,66700.0,66640.0,66640.0,66640.0,1.0,333200.0,371
2023-05-09 21:50:12,cu2404,cu2404,66640.0,0.0,0.0,0.0,7,66790.0,66910.0,1,66700.0,66640.0,66640.0,66640.0,1.0,333200.0,371
2023-05-09 21:50:13,cu2404,cu2404,66640.0,0.0,0.0,0.0,7,66790.0,66910.0,2,66700.0,66640.0,66640.0,66640.0,1.0,333200.0,371
2023-05-09 21:50:14,cu2404,cu2404,66640.0,0.0,0.0,0.0,7,66790.0,66910.0,2,66700.0,66640.0,66640.0,66640.0,1.0,333200.0,371
2023-05-09 21:50:14,cu2404,cu2404,66640.0,0.0,0.0,0.0,4,66790.0,66910.0,2,66700.0,66640.0,66640.0,66640.0,1.0,333200.0,371
2023-05-09 21:50:15,cu2404,cu2404,66640.0,0.0,0.0,0.0,1,66800.0,66910.0,2,66700.0,66640.0,66640.0,66640.0,1.0,333200.0,371
2023-05-09 21:50:16,cu2404,cu2404,66640.0,0.0,0.0,0.0,1,66810.0,66910.0,2,66700.0,66640.0,66640.0,66640.0,1.0,333200.0,371
2023-05-09 21:50:16,cu2404,cu2404,66640.0,0.0,0.0,0.0,1,66810.0,66910.0,2,66700.0,66640.0,66640.0,66640.0,1.0,333200.0,371
2023-05-09 21:50:17,cu2404,cu2404,66640.0,0.0,0.0,0.0,1,66810.0,66910.0,2,66700.0,66640.0,66640.0,66640.0,1.0,333200.0,371
2023-05-09 21:50:17,cu2404,cu2404,66640.0,0.0,0.0,0.0,4,66810.0,66910.0,2,66700.0,66640.0,66640.0,66640.0,1.0,333200.0,371
2023-05-09 21:50:18,cu2404,cu2404,66640.0,0.0,0.0,0.0,4,66810.0,66910.0,2,66700.0,66640.0,66640.0,66640.0,1.0,333200.0,371
2023-05-09 21:50:19,cu2404,cu2404,66640.0,0.0,0.0,0.0,4,66810.0,66910.0,2,66700.0,66640.0,66640.0,66640.0,1.0,333200.0,371
2023-05-09 21:50:19,cu2404,cu2404,66640.0,0.0,0.0,0.0,4,66810.0,66910.0,1,66700.0,66640.0,66640.0,66640.0,1.0,333200.0,371
2023-05-09 21:50:21,cu2404,cu2404,66640.0,0.0,0.0,0.0,2,66820.0,66910.0,1,66700.0,66640.0,66640.0,66640.0,1.0,333200.0,371
2023-05-09 21:50:21,cu2404,cu2404,66640.0,0.0,0.0,0.0,1,66830.0,66910.0,1,66700.0,66640.0,66640.0,66640.0,1.0,333200.0,371
2023-05-09 21:50:22,cu2404,cu2404,66640.0,0.0,0.0,0.0,1,66830.0,67000.0,2,66700.0,66640.0,66640.0,66640.0,1.0,333200.0,371
2023-05-09 21:50:23,cu2404,cu2404,66640.0,0.0,0.0,0.0,1,66830.0,66940.0,1,66700.0,66640.0,66640.0,66640.0,1.0,333200.0,371
2023-05-09 21:50:23,cu2404,cu2404,66640.0,0.0,0.0,0.0,1,66830.0,66920.0,1,66700.0,66640.0,66640.0,66640.0,1.0,333200.0,371
2023-05-09 21:50:24,cu2404,cu2404,66640.0,0.0,0.0,0.0,2,66840.0,66920.0,1,66700.0,66640.0,66640.0,66640.0,1.0,333200.0,371
2023-05-09 21:50:24,cu2404,cu2404,66640.0,0.0,0.0,0.0,1,66640.0,66920.0,1,66700.0,66640.0,66640.0,66640.0,1.0,333200.0,371
2023-05-09 21:50:25,cu2404,cu2404,66640.0,0.0,0.0,0.0,14,66650.0,66920.0,1,66700.0,66640.0,66640.0,66640.0,1.0,333200.0,371
2023-05-09 21:50:25,cu2404,cu2404,66640.0,0.0,0.0,0.0,3,66730.0,66930.0,1,66700.0,66640.0,66640.0,66640.0,1.0,333200.0,371
2023-05-09 21:50:26,cu2404,cu2404,66640.0,0.0,0.0,0.0,2,66740.0,66930.0,2,66700.0,66640.0,66640.0,66640.0,1.0,333200.0,371
2023-05-09 21:50:26,cu2404,cu2404,66640.0,0.0,0.0,0.0,5,66750.0,66920.0,1,66700.0,66640.0,66640.0,66640.0,1.0,333200.0,371
2023-05-09 21:50:27,cu2404,cu2404,66640.0,0.0,0.0,0.0,4,66760.0,66920.0,1,66700.0,66640.0,66640.0,66640.0,1.0,333200.0,371
2023-05-09 21:50:27,cu2404,cu2404,66640.0,0.0,0.0,0.0,5,66760.0,66920.0,1,66700.0,66640.0,66640.0,66640.0,1.0,333200.0,371
2023-05-09 21:50:28,cu2404,cu2404,66640.0,0.0,0.0,0.0,6,66770.0,66920.0,1,66700.0,66640.0,66640.0,66640.0,1.0,333200.0,371
2023-05-09 21:50:28,cu2404,cu2404,66640.0,0.0,0.0,0.0,3,66800.0,66920.0,1,66700.0,66640.0,66640.0,66640.0,1.0,333200.0,371
2023-05-09 21:50:29,cu2404,cu2404,66640.0,0.0,0.0,0.0,4,66810.0,66920.0,1,66700.0,66640.0,66640.0,66640.0,1.0,333200.0,371
2023-05-09 21:50:30,cu2404,cu2404,66640.0,0.0,0.0,0.0,4,66810.0,66920.0,1,66700.0,66640.0,66640.0,66640.0,1.0,333200.0,371
2023-05-09 21:50:30,cu2404,cu2404,66640.0,0.0,0.0,0.0,2,66830.0,66920.0,1,66700.0,66640.0,66640.0,66640.0,1.0,333200.0,371
2023-05-09 21:50:31,cu2404,cu2404,66640.0,0.0,0.0,0.0,1,66840.0,66920.0,1,66700.0,66640.0,66640.0,66640.0,1.0,333200.0,371
2023-05-09 21:50:36,cu2404,cu2404,66640.0,0.0,0.0,0.0,4,66840.0,66920.0,1,66700.0,66640.0,66640.0,66640.0,1.0,333200.0,371
2023-05-09 21:50:37,cu2404,cu2404,66640.0,0.0,0.0,0.0,4,66840.0,66990.0,1,66700.0,66640.0,66640.0,66640.0,1.0,333200.0,371
2023-05-09 21:50:37,cu2404,cu2404,66640.0,0.0,0.0,0.0,4,66840.0,66950.0,1,66700.0,66640.0,66640.0,66640.0,1.0,333200.0,371
2023-05-09 21:50:38,cu2404,cu2404,66640.0,0.0,0.0,0.0,4,66840.0,66940.0,1,66700.0,66640.0,66640.0,66640.0,1.0,333200.0,371
2023-05-09 21:50:38,cu2404,cu2404,66640.0,0.0,0.0,0.0,4,66840.0,66930.0,1,66700.0,66640.0,66640.0,66640.0,1.0,333200.0,371
2023-05-09 21:50:39,cu2404,cu2404,66640.0,0.0,0.0,0.0,4,66840.0,66930.0,1,66700.0,66640.0,66640.0,66640.0,1.0,333200.0,371
2023-05-09 21:50:39,cu2404,cu2404,66640.0,0.0,0.0,0.0,4,66840.0,66920.0,1,66700.0,66640.0,66640.0,66640.0,1.0,333200.0,371
2023-05-09 21:50:40,cu2404,cu2404,66640.0,0.0,0.0,0.0,4,66840.0,66920.0,1,66700.0,66640.0,66640.0,66640.0,1.0,333200.0,371
2023-05-09 21:50:40,cu2404,cu2404,66640.0,0.0,0.0,0.0,1,66840.0,66920.0,1,66700.0,66640.0,66640.0,66640.0,1.0,333200.0,371
2023-05-09 21:50:41,cu2404,cu2404,66640.0,0.0,0.0,0.0,4,66840.0,66920.0,1,66700.0,66640.0,66640.0,66640.0,1.0,333200.0,371
2023-05-09 21:50:42,cu2404,cu2404,66640.0,0.0,0.0,0.0,1,66840.0,66920.0,1,66700.0,66640.0,66640.0,66640.0,1.0,333200.0,371
2023-05-09 21:50:50,cu2404,cu2404,66640.0,0.0,0.0,0.0,2,66830.0,66920.0,1,66700.0,66640.0,66640.0,66640.0,1.0,333200.0,371
2023-05-09 21:50:51,cu2404,cu2404,66640.0,0.0,0.0,0.0,3,66830.0,66920.0,1,66700.0,66640.0,66640.0,66640.0,1.0,333200.0,371
2023-05-09 21:50:52,cu2404,cu2404,66640.0,0.0,0.0,0.0,1,66830.0,66930.0,1,66700.0,66640.0,66640.0,66640.0,1.0,333200.0,371
2023-05-09 21:50:52,cu2404,cu2404,66640.0,0.0,0.0,0.0,1,66830.0,66930.0,2,66700.0,66640.0,66640.0,66640.0,1.0,333200.0,371
2023-05-09 21:50:54,cu2404,cu2404,66640.0,0.0,0.0,0.0,1,66650.0,66930.0,3,66700.0,66640.0,66640.0,66640.0,1.0,333200.0,371
2023-05-09 21:50:54,cu2404,cu2404,66640.0,0.0,0.0,0.0,8,66660.0,66920.0,1,66700.0,66640.0,66640.0,66640.0,1.0,333200.0,371
2023-05-09 21:50:55,cu2404,cu2404,66640.0,0.0,0.0,0.0,3,66720.0,66920.0,2,66700.0,66640.0,66640.0,66640.0,1.0,333200.0,371
2023-05-09 21:50:55,cu2404,cu2404,66640.0,0.0,0.0,0.0,2,66730.0,66920.0,2,66700.0,66640.0,66640.0,66640.0,1.0,333200.0,371
2023-05-09 21:50:56,cu2404,cu2404,66640.0,0.0,0.0,0.0,5,66740.0,66910.0,1,66700.0,66640.0,66640.0,66640.0,1.0,333200.0,371
2023-05-09 21:50:56,cu2404,cu2404,66640.0,0.0,0.0,0.0,6,66750.0,66910.0,1,66700.0,66640.0,66640.0,66640.0,1.0,333200.0,371
2023-05-09 21:50:57,cu2404,cu2404,66640.0,0.0,0.0,0.0,6,66750.0,66910.0,1,66700.0,66640.0,66640.0,66640.0,1.0,333200.0,371
2023-05-09 21:50:57,cu2404,cu2404,66640.0,0.0,0.0,0.0,6,66760.0,66910.0,1,66700.0,66640.0,66640.0,66640.0,1.0,333200.0,371
2023-05-09 21:50:58,cu2404,cu2404,66640.0,0.0,0.0,0.0,1,66770.0,66910.0,1,66700.0,66640.0,66640.0,66640.0,1.0,333200.0,371
2023-05-09 21:50:58,cu2404,cu2404,66640.0,0.0,0.0,0.0,3,66780.0,66910.0,1,66700.0,66640.0,66640.0,66640.0,1.0,333200.0,371
2023-05-09 21:50:59,cu2404,cu2404,66640.0,0.0,0.0,0.0,2,66790.0,66910.0,1,66700.0,66640.0,66640.0,66640.0,1.0,333200.0,371
2023-05-09 21:50:59,cu2404,cu2404,66640.0,0.0,0.0,0.0,2,66790.0,66910.0,1,66700.0,66640.0,66640.0,66640.0,1.0,333200.0,371
2023-05-09 21:51:00,cu2404,cu2404,66640.0,0.0,0.0,0.0,2,66790.0,66910.0,1,66700.0,66640.0,66640.0,66640.0,1.0,333200.0,371
2023-05-09 21:51:00,cu2404,cu2404,66640.0,0.0,0.0,0.0,3,66800.0,66910.0,1,66700.0,66640.0,66640.0,66640.0,1.0,333200.0,371
2023-05-09 21:51:01,cu2404,cu2404,66640.0,0.0,0.0,0.0,1,66810.0,66910.0,1,66700.0,66640.0,66640.0,66640.0,1.0,333200.0,371
2023-05-09 21:51:01,cu2404,cu2404,66640.0,0.0,0.0,0.0,1,66810.0,66910.0,1,66700.0,66640.0,66640.0,66640.0,1.0,333200.0,371
2023-05-09 21:51:02,cu2404,cu2404,66640.0,0.0,0.0,0.0,4,66810.0,66910.0,1,66700.0,66640.0,66640.0,66640.0,1.0,333200.0,371
2023-05-09 21:51:02,cu2404,cu2404,66640.0,0.0,0.0,0.0,2,66820.0,66910.0,1,66700.0,66640.0,66640.0,66640.0,1.0,333200.0,371
2023-05-09 21:51:03,cu2404,cu2404,66640.0,0.0,0.0,0.0,1,66830.0,66910.0,1,66700.0,66640.0,66640.0,66640.0,1.0,333200.0,371
2023-05-09 21:51:09,cu2404,cu2404,66640.0,0.0,0.0,0.0,4,66830.0,66910.0,1,66700.0,66640.0,66640.0,66640.0,1.0,333200.0,371
2023-05-09 21:51:10,cu2404,cu2404,66640.0,0.0,0.0,0.0,4,66830.0,67000.0,2,66700.0,66640.0,66640.0,66640.0,1.0,333200.0,371
2023-05-09 21:51:11,cu2404,cu2404,66640.0,0.0,0.0,0.0,4,66830.0,66950.0,1,66700.0,66640.0,66640.0,66640.0,1.0,333200.0,371
2023-05-09 21:51:11,cu2404,cu2404,66640.0,0.0,0.0,0.0,4,66830.0,66950.0,1,66700.0,66640.0,66640.0,66640.0,1.0,333200.0,371
2023-05-09 21:51:12,cu2404,cu2404,66640.0,0.0,0.0,0.0,4,66830.0,66920.0,1,66700.0,66640.0,66640.0,66640.0,1.0,333200.0,371
2023-05-09 21:51:12,cu2404,cu2404,66640.0,0.0,0.0,0.0,4,66830.0,66920.0,1,66700.0,66640.0,66640.0,66640.0,1.0,333200.0,371
2023-05-09 21:51:13,cu2404,cu2404,66640.0,0.0,0.0,0.0,2,66840.0,66940.0,1,66700.0,66640.0,66640.0,66640.0,1.0,333200.0,371
2023-05-09 21:51:13,cu2404,cu2404,66640.0,0.0,0.0,0.0,1,66850.0,66940.0,1,66700.0,66640.0,66640.0,66640.0,1.0,333200.0,371
2023-05-09 21:51:14,cu2404,cu2404,66640.0,0.0,0.0,0.0,1,66850.0,66940.0,2,66700.0,66640.0,66640.0,66640.0,1.0,333200.0,371
2023-05-09 21:51:17,cu2404,cu2404,66640.0,0.0,0.0,0.0,1,66850.0,66940.0,3,66700.0,66640.0,66640.0,66640.0,1.0,333200.0,371
2023-05-09 21:51:17,cu2404,cu2404,66640.0,0.0,0.0,0.0,1,66850.0,66940.0,2,66700.0,66640.0,66640.0,66640.0,1.0,333200.0,371
2023-05-09 21:51:21,cu2404,cu2404,66640.0,0.0,0.0,0.0,1,66850.0,66940.0,3,66700.0,66640.0,66640.0,66640.0,1.0,333200.0,371
2023-05-09 21:51:22,cu2404,cu2404,66640.0,0.0,0.0,0.0,1,66850.0,66940.0,3,66700.0,66640.0,66640.0,66640.0,1.0,333200.0,371
2023-05-09 21:51:23,cu2404,cu2404,66640.0,0.0,0.0,0.0,1,66850.0,66940.0,3,66700.0,66640.0,66640.0,66640.0,1.0,333200.0,371
2023-05-09 21:51:23,cu2404,cu2404,66640.0,0.0,0.0,0.0,1,66850.0,66940.0,3,66700.0,66640.0,66640.0,66640.0,1.0,333200.0,371
2023-05-09 21:51:26,cu2404,cu2404,66640.0,0.0,0.0,0.0,1,66850.0,66940.0,4,66700.0,66640.0,66640.0,66640.0,1.0,333200.0,371
2023-05-09 21:51:31,cu2404,cu2404,66640.0,0.0,0.0,0.0,1,66850.0,66940.0,3,66700.0,66640.0,66640.0,66640.0,1.0,333200.0,371
2023-05-09 21:51:31,cu2404,cu2404,66640.0,0.0,0.0,0.0,1,66850.0,66930.0,1,66700.0,66640.0,66640.0,66640.0,1.0,333200.0,371
2023-05-09 21:51:32,cu2404,cu2404,66640.0,0.0,0.0,0.0,1,66850.0,66920.0,1,66700.0,66640.0,66640.0,66640.0,1.0,333200.0,371
2023-05-09 21:51:32,cu2404,cu2404,66640.0,0.0,0.0,0.0,1,66850.0,66920.0,1,66700.0,66640.0,66640.0,66640.0,1.0,333200.0,371
2023-05-09 21:51:33,cu2404,cu2404,66640.0,0.0,0.0,0.0,1,66650.0,66920.0,1,66700.0,66640.0,66640.0,66640.0,1.0,333200.0,371
2023-05-09 21:51:33,cu2404,cu2404,66640.0,0.0,0.0,0.0,3,66730.0,66920.0,1,66700.0,66640.0,66640.0,66640.0,1.0,333200.0,371
2023-05-09 21:51:34,cu2404,cu2404,66640.0,0.0,0.0,0.0,3,66740.0,66920.0,1,66700.0,66640.0,66640.0,66640.0,1.0,333200.0,371
2023-05-09 21:51:34,cu2404,cu2404,66640.0,0.0,0.0,0.0,3,66740.0,66920.0,1,66700.0,66640.0,66640.0,66640.0,1.0,333200.0,371
2023-05-09 21:51:35,cu2404,cu2404,66640.0,0.0,0.0,0.0,7,66750.0,66920.0,1,66700.0,66640.0,66640.0,66640.0,1.0,333200.0,371
2023-05-09 21:51:35,cu2404,cu2404,66640.0,0.0,0.0,0.0,3,66760.0,66920.0,1,66700.0,66640.0,66640.0,66640.0,1.0,333200.0,371
2023-05-09 21:51:36,cu2404,cu2404,66640.0,0.0,0.0,0.0,3,66760.0,66920.0,1,66700.0,66640.0,66640.0,66640.0,1.0,333200.0,371
2023-05-09 21:51:36,cu2404,cu2404,66640.0,0.0,0.0,0.0,8,66770.0,66920.0,1,66700.0,66640.0,66640.0,66640.0,1.0,333200.0,371
2023-05-09 21:51:37,cu2404,cu2404,66640.0,0.0,0.0,0.0,4,66780.0,66920.0,1,66700.0,66640.0,66640.0,66640.0,1.0,333200.0,371
2023-05-09 21:51:37,cu2404,cu2404,66640.0,0.0,0.0,0.0,5,66780.0,66920.0,1,66700.0,66640.0,66640.0,66640.0,1.0,333200.0,371
2023-05-09 21:51:38,cu2404,cu2404,66640.0,0.0,0.0,0.0,5,66780.0,66920.0,1,66700.0,66640.0,66640.0,66640.0,1.0,333200.0,371
2023-05-09 21:51:38,cu2404,cu2404,66640.0,0.0,0.0,0.0,3,66820.0,66920.0,1,66700.0,66640.0,66640.0,66640.0,1.0,333200.0,371
2023-05-09 21:51:39,cu2404,cu2404,66640.0,0.0,0.0,0.0,1,66830.0,66920.0,1,66700.0,66640.0,66640.0,66640.0,1.0,333200.0,371
2023-05-09 21:51:39,cu2404,cu2404,66640.0,0.0,0.0,0.0,1,66830.0,66920.0,1,66700.0,66640.0,66640.0,66640.0,1.0,333200.0,371
2023-05-09 21:51:41,cu2404,cu2404,66640.0,0.0,0.0,0.0,4,66830.0,66920.0,1,66700.0,66640.0,66640.0,66640.0,1.0,333200.0,371
2023-05-09 21:51:47,cu2404,cu2404,66640.0,0.0,0.0,0.0,4,66830.0,66920.0,1,66700.0,66640.0,66640.0,66640.0,1.0,333200.0,371
2023-05-09 21:51:48,cu2404,cu2404,66640.0,0.0,0.0,0.0,2,66850.0,66920.0,1,66700.0,66640.0,66640.0,66640.0,1.0,333200.0,371
2023-05-09 21:51:48,cu2404,cu2404,66640.0,0.0,0.0,0.0,1,66650.0,66920.0,1,66700.0,66640.0,66640.0,66640.0,1.0,333200.0,371
2023-05-09 21:51:49,cu2404,cu2404,66640.0,0.0,0.0,0.0,3,66730.0,66920.0,1,66700.0,66640.0,66640.0,66640.0,1.0,333200.0,371
2023-05-09 21:51:49,cu2404,cu2404,66640.0,0.0,0.0,0.0,7,66740.0,66920.0,1,66700.0,66640.0,66640.0,66640.0,1.0,333200.0,371
2023-05-09 21:51:50,cu2404,cu2404,66640.0,0.0,0.0,0.0,2,66750.0,66920.0,1,66700.0,66640.0,66640.0,66640.0,1.0,333200.0,371
2023-05-09 21:51:50,cu2404,cu2404,66640.0,0.0,0.0,0.0,2,66760.0,66920.0,1,66700.0,66640.0,66640.0,66640.0,1.0,333200.0,371
2023-05-09 21:51:51,cu2404,cu2404,66640.0,0.0,0.0,0.0,3,66770.0,66920.0,1,66700.0,66640.0,66640.0,66640.0,1.0,333200.0,371
2023-05-09 21:51:51,cu2404,cu2404,66640.0,0.0,0.0,0.0,3,66810.0,66920.0,1,66700.0,66640.0,66640.0,66640.0,1.0,333200.0,371
2023-05-09 21:51:52,cu2404,cu2404,66640.0,0.0,0.0,0.0,1,66820.0,66920.0,1,66700.0,66640.0,66640.0,66640.0,1.0,333200.0,371
2023-05-09 21:51:52,cu2404,cu2404,66640.0,0.0,0.0,0.0,1,66820.0,66920.0,1,66700.0,66640.0,66640.0,66640.0,1.0,333200.0,371
2023-05-09 21:51:53,cu2404,cu2404,66640.0,0.0,0.0,0.0,4,66820.0,66920.0,1,66700.0,66640.0,66640.0,66640.0,1.0,333200.0,371
2023-05-09 21:51:53,cu2404,cu2404,66640.0,0.0,0.0,0.0,2,66840.0,66920.0,1,66700.0,66640.0,66640.0,66640.0,1.0,333200.0,371
2023-05-09 21:51:54,cu2404,cu2404,66640.0,0.0,0.0,0.0,1,66840.0,66920.0,1,66700.0,66640.0,66640.0,66640.0,1.0,333200.0,371
2023-05-09 21:52:09,cu2404,cu2404,66640.0,0.0,0.0,0.0,1,66840.0,66920.0,1,66700.0,66640.0,66640.0,66640.0,1.0,333200.0,371
2023-05-09 21:52:09,cu2404,cu2404,66640.0,0.0,0.0,0.0,1,66840.0,66920.0,1,66700.0,66640.0,66640.0,66640.0,1.0,333200.0,371
2023-05-09 21:52:28,cu2404,cu2404,66640.0,0.0,0.0,0.0,1,66650.0,66920.0,1,66700.0,66640.0,66640.0,66640.0,1.0,333200.0,371
2023-05-09 21:52:28,cu2404,cu2404,66640.0,0.0,0.0,0.0,13,66660.0,66920.0,2,66700.0,66640.0,66640.0,66640.0,1.0,333200.0,371
2023-05-09 21:52:29,cu2404,cu2404,66640.0,0.0,0.0,0.0,3,66720.0,66920.0,2,66700.0,66640.0,66640.0,66640.0,1.0,333200.0,371
2023-05-09 21:52:29,cu2404,cu2404,66640.0,0.0,0.0,0.0,2,66730.0,66920.0,2,66700.0,66640.0,66640.0,66640.0,1.0,333200.0,371
2023-05-09 21:52:30,cu2404,cu2404,66640.0,0.0,0.0,0.0,5,66740.0,66920.0,2,66700.0,66640.0,66640.0,66640.0,1.0,333200.0,371
2023-05-09 21:52:30,cu2404,cu2404,66640.0,0.0,0.0,0.0,7,66750.0,66920.0,2,66700.0,66640.0,66640.0,66640.0,1.0,333200.0,371
2023-05-09 21:52:31,cu2404,cu2404,66640.0,0.0,0.0,0.0,7,66750.0,66920.0,2,66700.0,66640.0,66640.0,66640.0,1.0,333200.0,371
2023-05-09 21:52:31,cu2404,cu2404,66640.0,0.0,0.0,0.0,8,66760.0,66920.0,2,66700.0,66640.0,66640.0,66640.0,1.0,333200.0,371
2023-05-09 21:52:32,cu2404,cu2404,66640.0,0.0,0.0,0.0,1,66770.0,66920.0,2,66700.0,66640.0,66640.0,66640.0,1.0,333200.0,371
2023-05-09 21:52:32,cu2404,cu2404,66640.0,0.0,0.0,0.0,3,66780.0,66920.0,2,66700.0,66640.0,66640.0,66640.0,1.0,333200.0,371
2023-05-09 21:52:33,cu2404,cu2404,66640.0,0.0,0.0,0.0,1,66790.0,66920.0,2,66700.0,66640.0,66640.0,66640.0,1.0,333200.0,371
2023-05-09 21:52:33,cu2404,cu2404,66640.0,0.0,0.0,0.0,1,66800.0,66920.0,2,66700.0,66640.0,66640.0,66640.0,1.0,333200.0,371
2023-05-09 21:52:34,cu2404,cu2404,66640.0,0.0,0.0,0.0,1,66810.0,66920.0,3,66700.0,66640.0,66640.0,66640.0,1.0,333200.0,371
2023-05-09 21:52:34,cu2404,cu2404,66640.0,0.0,0.0,0.0,1,66810.0,66920.0,3,66700.0,66640.0,66640.0,66640.0,1.0,333200.0,371
2023-05-09 21:52:35,cu2404,cu2404,66640.0,0.0,0.0,0.0,2,66820.0,66920.0,3,66700.0,66640.0,66640.0,66640.0,1.0,333200.0,371
2023-05-09 21:52:35,cu2404,cu2404,66640.0,0.0,0.0,0.0,3,66820.0,66920.0,3,66700.0,66640.0,66640.0,66640.0,1.0,333200.0,371
2023-05-09 21:52:36,cu2404,cu2404,66640.0,0.0,0.0,0.0,3,66820.0,66920.0,2,66700.0,66640.0,66640.0,66640.0,1.0,333200.0,371
2023-05-09 21:52:37,cu2404,cu2404,66640.0,0.0,0.0,0.0,1,66820.0,66910.0,1,66700.0,66640.0,66640.0,66640.0,1.0,333200.0,371
2023-05-09 21:52:37,cu2404,cu2404,66640.0,0.0,0.0,0.0,1,66820.0,66910.0,3,66700.0,66640.0,66640.0,66640.0,1.0,333200.0,371
2023-05-09 21:52:38,cu2404,cu2404,66640.0,0.0,0.0,0.0,1,66820.0,66900.0,1,66700.0,66640.0,66640.0,66640.0,1.0,333200.0,371
2023-05-09 21:52:38,cu2404,cu2404,66640.0,0.0,0.0,0.0,1,66820.0,66900.0,2,66700.0,66640.0,66640.0,66640.0,1.0,333200.0,371
2023-05-09 21:52:39,cu2404,cu2404,66640.0,0.0,0.0,0.0,1,66820.0,66900.0,2,66700.0,66640.0,66640.0,66640.0,1.0,333200.0,371
2023-05-09 21:52:39,cu2404,cu2404,66640.0,0.0,0.0,0.0,1,66820.0,66900.0,2,66700.0,66640.0,66640.0,66640.0,1.0,333200.0,371
2023-05-09 21:52:45,cu2404,cu2404,66640.0,0.0,0.0,0.0,1,66650.0,66900.0,2,66700.0,66640.0,66640.0,66640.0,1.0,333200.0,371
2023-05-09 21:52:46,cu2404,cu2404,66640.0,0.0,0.0,0.0,13,66660.0,66900.0,2,66700.0,66640.0,66640.0,66640.0,1.0,333200.0,371
2023-05-09 21:52:46,cu2404,cu2404,66640.0,0.0,0.0,0.0,3,66670.0,66900.0,2,66700.0,66640.0,66640.0,66640.0,1.0,333200.0,371
2023-05-09 21:52:47,cu2404,cu2404,66640.0,0.0,0.0,0.0,3,66690.0,66900.0,2,66700.0,66640.0,66640.0,66640.0,1.0,333200.0,371
2023-05-09 21:52:47,cu2404,cu2404,66640.0,0.0,0.0,0.0,2,66700.0,66900.0,2,66700.0,66640.0,66640.0,66640.0,1.0,333200.0,371
2023-05-09 21:52:48,cu2404,cu2404,66640.0,0.0,0.0,0.0,1,66710.0,66900.0,2,66700.0,66640.0,66640.0,66640.0,1.0,333200.0,371
2023-05-09 21:52:48,cu2404,cu2404,66640.0,0.0,0.0,0.0,9,66720.0,66900.0,2,66700.0,66640.0,66640.0,66640.0,1.0,333200.0,371
2023-05-09 21:52:49,cu2404,cu2404,66640.0,0.0,0.0,0.0,5,66730.0,66900.0,2,66700.0,66640.0,66640.0,66640.0,1.0,333200.0,371
2023-05-09 21:52:49,cu2404,cu2404,66640.0,0.0,0.0,0.0,4,66740.0,66900.0,2,66700.0,66640.0,66640.0,66640.0,1.0,333200.0,371
2023-05-09 21:52:50,cu2404,cu2404,66640.0,0.0,0.0,0.0,4,66740.0,66900.0,2,66700.0,66640.0,66640.0,66640.0,1.0,333200.0,371
2023-05-09 21:52:50,cu2404,cu2404,66640.0,0.0,0.0,0.0,3,66750.0,66900.0,2,66700.0,66640.0,66640.0,66640.0,1.0,333200.0,371
2023-05-09 21:52:51,cu2404,cu2404,66640.0,0.0,0.0,0.0,1,66760.0,66900.0,2,66700.0,66640.0,66640.0,66640.0,1.0,333200.0,371
2023-05-09 21:52:51,cu2404,cu2404,66640.0,0.0,0.0,0.0,1,66760.0,66900.0,2,66700.0,66640.0,66640.0,66640.0,1.0,333200.0,371
2023-05-09 21:52:52,cu2404,cu2404,66640.0,0.0,0.0,0.0,6,66770.0,66900.0,2,66700.0,66640.0,66640.0,66640.0,1.0,333200.0,371
2023-05-09 21:52:52,cu2404,cu2404,66640.0,0.0,0.0,0.0,4,66780.0,66900.0,2,66700.0,66640.0,66640.0,66640.0,1.0,333200.0,371
2023-05-09 21:52:55,cu2404,cu2404,66640.0,0.0,0.0,0.0,4,66780.0,66900.0,2,66700.0,66640.0,66640.0,66640.0,1.0,333200.0,371
2023-05-09 21:52:57,cu2404,cu2404,66640.0,0.0,0.0,0.0,4,66780.0,66900.0,1,66700.0,66640.0,66640.0,66640.0,1.0,333200.0,371
2023-05-09 21:52:58,cu2404,cu2404,66640.0,0.0,0.0,0.0,4,66780.0,66900.0,1,66700.0,66640.0,66640.0,66640.0,1.0,333200.0,371
2023-05-09 21:52:58,cu2404,cu2404,66640.0,0.0,0.0,0.0,2,66790.0,66900.0,1,66700.0,66640.0,66640.0,66640.0,1.0,333200.0,371
2023-05-09 21:52:59,cu2404,cu2404,66640.0,0.0,0.0,0.0,1,66800.0,66900.0,2,66700.0,66640.0,66640.0,66640.0,1.0,333200.0,371
2023-05-09 21:53:03,cu2404,cu2404,66640.0,0.0,0.0,0.0,1,66800.0,66900.0,1,66700.0,66640.0,66640.0,66640.0,1.0,333200.0,371
2023-05-09 21:53:03,cu2404,cu2404,66640.0,0.0,0.0,0.0,1,66800.0,66900.0,2,66700.0,66640.0,66640.0,66640.0,1.0,333200.0,371
2023-05-09 21:53:12,cu2404,cu2404,66640.0,0.0,0.0,0.0,1,66800.0,66890.0,1,66700.0,66640.0,66640.0,66640.0,1.0,333200.0,371
2023-05-09 21:53:13,cu2404,cu2404,66640.0,0.0,0.0,0.0,1,66800.0,66880.0,1,66700.0,66640.0,66640.0,66640.0,1.0,333200.0,371
2023-05-09 21:53:14,cu2404,cu2404,66640.0,0.0,0.0,0.0,1,66800.0,66880.0,1,66700.0,66640.0,66640.0,66640.0,1.0,333200.0,371
2023-05-09 21:53:14,cu2404,cu2404,66640.0,0.0,0.0,0.0,1,66800.0,66870.0,1,66700.0,66640.0,66640.0,66640.0,1.0,333200.0,371
2023-05-09 21:53:15,cu2404,cu2404,66640.0,0.0,0.0,0.0,1,66800.0,66870.0,1,66700.0,66640.0,66640.0,66640.0,1.0,333200.0,371
2023-05-09 21:53:17,cu2404,cu2404,66640.0,0.0,0.0,0.0,1,66800.0,66870.0,1,66700.0,66640.0,66640.0,66640.0,1.0,333200.0,371
2023-05-09 21:53:17,cu2404,cu2404,66640.0,0.0,0.0,0.0,1,66650.0,66870.0,1,66700.0,66640.0,66640.0,66640.0,1.0,333200.0,371
2023-05-09 21:53:18,cu2404,cu2404,66640.0,0.0,0.0,0.0,6,66660.0,66870.0,1,66700.0,66640.0,66640.0,66640.0,1.0,333200.0,371
2023-05-09 21:53:18,cu2404,cu2404,66640.0,0.0,0.0,0.0,3,66700.0,66870.0,1,66700.0,66640.0,66640.0,66640.0,1.0,333200.0,371
2023-05-09 21:53:19,cu2404,cu2404,66640.0,0.0,0.0,0.0,9,66710.0,66870.0,1,66700.0,66640.0,66640.0,66640.0,1.0,333200.0,371
2023-05-09 21:53:19,cu2404,cu2404,66640.0,0.0,0.0,0.0,4,66720.0,66870.0,1,66700.0,66640.0,66640.0,66640.0,1.0,333200.0,371
2023-05-09 21:53:20,cu2404,cu2404,66640.0,0.0,0.0,0.0,5,66730.0,66860.0,1,66700.0,66640.0,66640.0,66640.0,1.0,333200.0,371
2023-05-09 21:53:20,cu2404,cu2404,66640.0,0.0,0.0,0.0,6,66730.0,66860.0,1,66700.0,66640.0,66640.0,66640.0,1.0,333200.0,371
2023-05-09 21:53:21,cu2404,cu2404,66640.0,0.0,0.0,0.0,6,66730.0,66860.0,1,66700.0,66640.0,66640.0,66640.0,1.0,333200.0,371
2023-05-09 21:53:21,cu2404,cu2404,66640.0,0.0,0.0,0.0,8,66730.0,66860.0,1,66700.0,66640.0,66640.0,66640.0,1.0,333200.0,371
2023-05-09 21:53:22,cu2404,cu2404,66640.0,0.0,0.0,0.0,3,66740.0,66860.0,1,66700.0,66640.0,66640.0,66640.0,1.0,333200.0,371
2023-05-09 21:53:22,cu2404,cu2404,66640.0,0.0,0.0,0.0,1,66750.0,66860.0,1,66700.0,66640.0,66640.0,66640.0,1.0,333200.0,371
2023-05-09 21:53:23,cu2404,cu2404,66640.0,0.0,0.0,0.0,2,66770.0,66860.0,1,66700.0,66640.0,66640.0,66640.0,1.0,333200.0,371
2023-05-09 21:53:23,cu2404,cu2404,66640.0,0.0,0.0,0.0,1,66780.0,66860.0,1,66700.0,66640.0,66640.0,66640.0,1.0,333200.0,371
2023-05-09 21:53:24,cu2404,cu2404,66640.0,0.0,0.0,0.0,1,66780.0,66860.0,1,66700.0,66640.0,66640.0,66640.0,1.0,333200.0,371
2023-05-09 21:53:42,cu2404,cu2404,66640.0,0.0,0.0,0.0,4,66780.0,66860.0,1,66700.0,66640.0,66640.0,66640.0,1.0,333200.0,371
2023-05-09 21:53:42,cu2404,cu2404,66640.0,0.0,0.0,0.0,4,66780.0,66870.0,1,66700.0,66640.0,66640.0,66640.0,1.0,333200.0,371
2023-05-09 21:53:45,cu2404,cu2404,66640.0,0.0,0.0,0.0,4,66780.0,66870.0,1,66700.0,66640.0,66640.0,66640.0,1.0,333200.0,371
2023-05-09 21:53:45,cu2404,cu2404,66640.0,0.0,0.0,0.0,3,66790.0,66870.0,1,66700.0,66640.0,66640.0,66640.0,1.0,333200.0,371
2023-05-09 21:53:46,cu2404,cu2404,66640.0,0.0,0.0,0.0,1,66800.0,66870.0,1,66700.0,66640.0,66640.0,66640.0,1.0,333200.0,371
2023-05-09 21:54:02,cu2404,cu2404,66640.0,0.0,0.0,0.0,4,66800.0,67000.0,2,66700.0,66640.0,66640.0,66640.0,1.0,333200.0,371
2023-05-09 21:54:03,cu2404,cu2404,66640.0,0.0,0.0,0.0,4,66800.0,66910.0,1,66700.0,66640.0,66640.0,66640.0,1.0,333200.0,371
2023-05-09 21:54:03,cu2404,cu2404,66640.0,0.0,0.0,0.0,4,66800.0,66910.0,1,66700.0,66640.0,66640.0,66640.0,1.0,333200.0,371
2023-05-09 21:54:04,cu2404,cu2404,66640.0,0.0,0.0,0.0,4,66800.0,66900.0,2,66700.0,66640.0,66640.0,66640.0,1.0,333200.0,371
2023-05-09 21:54:04,cu2404,cu2404,66640.0,0.0,0.0,0.0,4,66800.0,66900.0,2,66700.0,66640.0,66640.0,66640.0,1.0,333200.0,371
2023-05-09 21:54:05,cu2404,cu2404,66640.0,0.0,0.0,0.0,2,66810.0,66900.0,2,66700.0,66640.0,66640.0,66640.0,1.0,333200.0,371
2023-05-09 21:54:05,cu2404,cu2404,66640.0,0.0,0.0,0.0,1,66820.0,66900.0,2,66700.0,66640.0,66640.0,66640.0,1.0,333200.0,371
2023-05-09 21:54:07,cu2404,cu2404,66640.0,0.0,0.0,0.0,1,66820.0,66900.0,2,66700.0,66640.0,66640.0,66640.0,1.0,333200.0,371
2023-05-09 21:54:15,cu2404,cu2404,66640.0,0.0,0.0,0.0,1,66820.0,66900.0,2,66700.0,66640.0,66640.0,66640.0,1.0,333200.0,371
2023-05-09 21:54:19,cu2404,cu2404,66640.0,0.0,0.0,0.0,2,66830.0,66900.0,2,66700.0,66640.0,66640.0,66640.0,1.0,333200.0,371
2023-05-09 21:54:20,cu2404,cu2404,66640.0,0.0,0.0,0.0,3,66830.0,66900.0,2,66700.0,66640.0,66640.0,66640.0,1.0,333200.0,371
2023-05-09 21:54:20,cu2404,cu2404,66640.0,0.0,0.0,0.0,1,66830.0,66900.0,2,66700.0,66640.0,66640.0,66640.0,1.0,333200.0,371
2023-05-09 21:54:24,cu2404,cu2404,66640.0,0.0,0.0,0.0,1,66830.0,66900.0,2,66700.0,66640.0,66640.0,66640.0,1.0,333200.0,371
2023-05-09 21:54:24,cu2404,cu2404,66640.0,0.0,0.0,0.0,1,66830.0,66900.0,2,66700.0,66640.0,66640.0,66640.0,1.0,333200.0,371
2023-05-09 21:54:35,cu2404,cu2404,66640.0,0.0,0.0,0.0,1,66840.0,66900.0,2,66700.0,66640.0,66640.0,66640.0,1.0,333200.0,371
2023-05-09 21:54:35,cu2404,cu2404,66640.0,0.0,0.0,0.0,1,66650.0,66900.0,2,66700.0,66640.0,66640.0,66640.0,1.0,333200.0,371
2023-05-09 21:54:36,cu2404,cu2404,66640.0,0.0,0.0,0.0,3,66660.0,66920.0,1,66700.0,66640.0,66640.0,66640.0,1.0,333200.0,371
2023-05-09 21:54:36,cu2404,cu2404,66640.0,0.0,0.0,0.0,3,66710.0,66910.0,2,66700.0,66640.0,66640.0,66640.0,1.0,333200.0,371
2023-05-09 21:54:37,cu2404,cu2404,66640.0,0.0,0.0,0.0,2,66720.0,66910.0,2,66700.0,66640.0,66640.0,66640.0,1.0,333200.0,371
2023-05-09 21:54:37,cu2404,cu2404,66640.0,0.0,0.0,0.0,3,66730.0,66910.0,2,66700.0,66640.0,66640.0,66640.0,1.0,333200.0,371
2023-05-09 21:54:38,cu2404,cu2404,66640.0,0.0,0.0,0.0,10,66740.0,66910.0,2,66700.0,66640.0,66640.0,66640.0,1.0,333200.0,371
2023-05-09 21:54:38,cu2404,cu2404,66640.0,0.0,0.0,0.0,10,66740.0,66910.0,2,66700.0,66640.0,66640.0,66640.0,1.0,333200.0,371
2023-05-09 21:54:39,cu2404,cu2404,66640.0,0.0,0.0,0.0,3,66780.0,66910.0,2,66700.0,66640.0,66640.0,66640.0,1.0,333200.0,371
2023-05-09 21:54:39,cu2404,cu2404,66640.0,0.0,0.0,0.0,1,66790.0,66910.0,2,66700.0,66640.0,66640.0,66640.0,1.0,333200.0,371
2023-05-09 21:54:40,cu2404,cu2404,66640.0,0.0,0.0,0.0,3,66800.0,66910.0,2,66700.0,66640.0,66640.0,66640.0,1.0,333200.0,371
2023-05-09 21:54:40,cu2404,cu2404,66640.0,0.0,0.0,0.0,1,66810.0,66910.0,2,66700.0,66640.0,66640.0,66640.0,1.0,333200.0,371
2023-05-09 21:54:41,cu2404,cu2404,66640.0,0.0,0.0,0.0,4,66810.0,66910.0,2,66700.0,66640.0,66640.0,66640.0,1.0,333200.0,371
2023-05-09 21:54:43,cu2404,cu2404,66640.0,0.0,0.0,0.0,4,66810.0,66910.0,2,66700.0,66640.0,66640.0,66640.0,1.0,333200.0,371
2023-05-09 21:54:44,cu2404,cu2404,66640.0,0.0,0.0,0.0,4,66810.0,66900.0,1,66700.0,66640.0,66640.0,66640.0,1.0,333200.0,371
2023-05-09 21:54:44,cu2404,cu2404,66640.0,0.0,0.0,0.0,4,66810.0,66900.0,1,66700.0,66640.0,66640.0,66640.0,1.0,333200.0,371
2023-05-09 21:54:45,cu2404,cu2404,66640.0,0.0,0.0,0.0,4,66810.0,66890.0,1,66700.0,66640.0,66640.0,66640.0,1.0,333200.0,371
2023-05-09 21:54:45,cu2404,cu2404,66640.0,0.0,0.0,0.0,3,66810.0,66890.0,1,66700.0,66640.0,66640.0,66640.0,1.0,333200.0,371
2023-05-09 21:54:48,cu2404,cu2404,66640.0,0.0,0.0,0.0,3,66810.0,66890.0,1,66700.0,66640.0,66640.0,66640.0,1.0,333200.0,371
2023-05-09 21:54:49,cu2404,cu2404,66640.0,0.0,0.0,0.0,3,66810.0,66890.0,1,66700.0,66640.0,66640.0,66640.0,1.0,333200.0,371
2023-05-09 21:55:24,cu2404,cu2404,66640.0,0.0,0.0,0.0,1,66810.0,66890.0,1,66700.0,66640.0,66640.0,66640.0,1.0,333200.0,371
2023-05-09 21:55:29,cu2404,cu2404,66640.0,0.0,0.0,0.0,1,66650.0,66890.0,1,66700.0,66640.0,66640.0,66640.0,1.0,333200.0,371
2023-05-09 21:55:29,cu2404,cu2404,66640.0,0.0,0.0,0.0,11,66660.0,66880.0,1,66700.0,66640.0,66640.0,66640.0,1.0,333200.0,371
2023-05-09 21:55:30,cu2404,cu2404,66640.0,0.0,0.0,0.0,3,66690.0,66880.0,1,66700.0,66640.0,66640.0,66640.0,1.0,333200.0,371
2023-05-09 21:55:30,cu2404,cu2404,66640.0,0.0,0.0,0.0,2,66700.0,66880.0,1,66700.0,66640.0,66640.0,66640.0,1.0,333200.0,371
2023-05-09 21:55:31,cu2404,cu2404,66640.0,0.0,0.0,0.0,2,66700.0,66880.0,1,66700.0,66640.0,66640.0,66640.0,1.0,333200.0,371
2023-05-09 21:55:31,cu2404,cu2404,66640.0,0.0,0.0,0.0,10,66710.0,66880.0,1,66700.0,66640.0,66640.0,66640.0,1.0,333200.0,371
2023-05-09 21:55:32,cu2404,cu2404,66640.0,0.0,0.0,0.0,2,66720.0,66870.0,1,66700.0,66640.0,66640.0,66640.0,1.0,333200.0,371
2023-05-09 21:55:32,cu2404,cu2404,66640.0,0.0,0.0,0.0,1,66730.0,66870.0,1,66700.0,66640.0,66640.0,66640.0,1.0,333200.0,371
2023-05-09 21:55:33,cu2404,cu2404,66640.0,0.0,0.0,0.0,9,66740.0,66870.0,1,66700.0,66640.0,66640.0,66640.0,1.0,333200.0,371
2023-05-09 21:55:33,cu2404,cu2404,66640.0,0.0,0.0,0.0,3,66750.0,66870.0,1,66700.0,66640.0,66640.0,66640.0,1.0,333200.0,371
2023-05-09 21:55:34,cu2404,cu2404,66640.0,0.0,0.0,0.0,1,66760.0,66870.0,1,66700.0,66640.0,66640.0,66640.0,1.0,333200.0,371
2023-05-09 21:55:34,cu2404,cu2404,66640.0,0.0,0.0,0.0,1,66760.0,66870.0,1,66700.0,66640.0,66640.0,66640.0,1.0,333200.0,371
2023-05-09 21:55:35,cu2404,cu2404,66640.0,0.0,0.0,0.0,2,66790.0,66870.0,1,66700.0,66640.0,66640.0,66640.0,1.0,333200.0,371
2023-05-09 21:55:35,cu2404,cu2404,66640.0,0.0,0.0,0.0,1,66800.0,66870.0,1,66700.0,66640.0,66640.0,66640.0,1.0,333200.0,371
2023-05-09 21:55:37,cu2404,cu2404,66640.0,0.0,0.0,0.0,1,66800.0,66870.0,1,66700.0,66640.0,66640.0,66640.0,1.0,333200.0,371
2023-05-09 21:55:39,cu2404,cu2404,66640.0,0.0,0.0,0.0,1,66800.0,66870.0,1,66700.0,66640.0,66640.0,66640.0,1.0,333200.0,371
2023-05-09 21:55:40,cu2404,cu2404,66640.0,0.0,0.0,0.0,1,66800.0,66870.0,1,66700.0,66640.0,66640.0,66640.0,1.0,333200.0,371
2023-05-09 21:55:45,cu2404,cu2404,66640.0,0.0,0.0,0.0,1,66690.0,66870.0,1,66700.0,66640.0,66640.0,66640.0,1.0,333200.0,371
2023-05-09 21:55:45,cu2404,cu2404,66640.0,0.0,0.0,0.0,6,66700.0,66870.0,2,66700.0,66640.0,66640.0,66640.0,1.0,333200.0,371
2023-05-09 21:55:46,cu2404,cu2404,66640.0,0.0,0.0,0.0,2,66710.0,66860.0,1,66700.0,66640.0,66640.0,66640.0,1.0,333200.0,371
2023-05-09 21:55:46,cu2404,cu2404,66640.0,0.0,0.0,0.0,1,66720.0,66850.0,1,66700.0,66640.0,66640.0,66640.0,1.0,333200.0,371
2023-05-09 21:55:47,cu2404,cu2404,66640.0,0.0,0.0,0.0,3,66730.0,66850.0,1,66700.0,66640.0,66640.0,66640.0,1.0,333200.0,371
2023-05-09 21:55:47,cu2404,cu2404,66640.0,0.0,0.0,0.0,2,66740.0,66850.0,1,66700.0,66640.0,66640.0,66640.0,1.0,333200.0,371
2023-05-09 21:55:48,cu2404,cu2404,66640.0,0.0,0.0,0.0,2,66740.0,66850.0,1,66700.0,66640.0,66640.0,66640.0,1.0,333200.0,371
2023-05-09 21:55:48,cu2404,cu2404,66640.0,0.0,0.0,0.0,3,66750.0,66850.0,1,66700.0,66640.0,66640.0,66640.0,1.0,333200.0,371
2023-05-09 21:55:49,cu2404,cu2404,66640.0,0.0,0.0,0.0,1,66760.0,66850.0,1,66700.0,66640.0,66640.0,66640.0,1.0,333200.0,371
2023-05-09 21:55:49,cu2404,cu2404,66640.0,0.0,0.0,0.0,1,66760.0,66850.0,1,66700.0,66640.0,66640.0,66640.0,1.0,333200.0,371
2023-05-09 21:55:52,cu2404,cu2404,66640.0,0.0,0.0,0.0,4,66760.0,66860.0,1,66700.0,66640.0,66640.0,66640.0,1.0,333200.0,371
2023-05-09 21:55:53,cu2404,cu2404,66640.0,0.0,0.0,0.0,4,66760.0,66850.0,1,66700.0,66640.0,66640.0,66640.0,1.0,333200.0,371
2023-05-09 21:55:57,cu2404,cu2404,66640.0,0.0,0.0,0.0,4,66760.0,66850.0,1,66700.0,66640.0,66640.0,66640.0,1.0,333200.0,371
2023-05-09 21:56:16,cu2404,cu2404,66640.0,0.0,0.0,0.0,1,66760.0,66850.0,1,66700.0,66640.0,66640.0,66640.0,1.0,333200.0,371
2023-05-09 21:56:16,cu2404,cu2404,66640.0,0.0,0.0,0.0,1,66760.0,66840.0,2,66700.0,66640.0,66640.0,66640.0,1.0,333200.0,371
2023-05-09 21:56:17,cu2404,cu2404,66640.0,0.0,0.0,0.0,1,66760.0,66840.0,2,66700.0,66640.0,66640.0,66640.0,1.0,333200.0,371
2023-05-09 21:56:17,cu2404,cu2404,66640.0,0.0,0.0,0.0,1,66760.0,66840.0,2,66700.0,66640.0,66640.0,66640.0,1.0,333200.0,371
2023-05-09 21:56:18,cu2404,cu2404,66640.0,0.0,0.0,0.0,1,66760.0,66840.0,2,66700.0,66640.0,66640.0,66640.0,1.0,333200.0,371
2023-05-09 21:56:18,cu2404,cu2404,66640.0,0.0,0.0,0.0,1,66760.0,66840.0,2,66700.0,66640.0,66640.0,66640.0,1.0,333200.0,371
2023-05-09 21:56:24,cu2404,cu2404,66640.0,0.0,0.0,0.0,1,66760.0,66840.0,1,66700.0,66640.0,66640.0,66640.0,1.0,333200.0,371
2023-05-09 21:56:30,cu2404,cu2404,66640.0,0.0,0.0,0.0,1,66760.0,66840.0,1,66700.0,66640.0,66640.0,66640.0,1.0,333200.0,371
2023-05-09 21:56:37,cu2404,cu2404,66640.0,0.0,0.0,0.0,1,66760.0,66830.0,1,66700.0,66640.0,66640.0,66640.0,1.0,333200.0,371
2023-05-09 21:56:43,cu2404,cu2404,66640.0,0.0,0.0,0.0,1,66760.0,66830.0,1,66700.0,66640.0,66640.0,66640.0,1.0,333200.0,371
2023-05-09 21:56:47,cu2404,cu2404,66640.0,0.0,0.0,0.0,1,66760.0,66830.0,1,66700.0,66640.0,66640.0,66640.0,1.0,333200.0,371
2023-05-09 21:56:47,cu2404,cu2404,66640.0,0.0,0.0,0.0,1,66760.0,66820.0,1,66700.0,66640.0,66640.0,66640.0,1.0,333200.0,371
2023-05-09 21:56:49,cu2404,cu2404,66640.0,0.0,0.0,0.0,1,66690.0,66820.0,1,66700.0,66640.0,66640.0,66640.0,1.0,333200.0,371
2023-05-09 21:56:49,cu2404,cu2404,66640.0,0.0,0.0,0.0,1,66700.0,66820.0,1,66700.0,66640.0,66640.0,66640.0,1.0,333200.0,371
2023-05-09 21:56:50,cu2404,cu2404,66640.0,0.0,0.0,0.0,3,66710.0,66820.0,1,66700.0,66640.0,66640.0,66640.0,1.0,333200.0,371
2023-05-09 21:56:50,cu2404,cu2404,66640.0,0.0,0.0,0.0,1,66720.0,66820.0,1,66700.0,66640.0,66640.0,66640.0,1.0,333200.0,371
2023-05-09 21:56:51,cu2404,cu2404,66640.0,0.0,0.0,0.0,4,66720.0,66820.0,1,66700.0,66640.0,66640.0,66640.0,1.0,333200.0,371
2023-05-09 21:56:51,cu2404,cu2404,66640.0,0.0,0.0,0.0,4,66720.0,66820.0,1,66700.0,66640.0,66640.0,66640.0,1.0,333200.0,371
2023-05-09 21:56:52,cu2404,cu2404,66640.0,0.0,0.0,0.0,2,66730.0,66820.0,1,66700.0,66640.0,66640.0,66640.0,1.0,333200.0,371
2023-05-09 21:56:52,cu2404,cu2404,66640.0,0.0,0.0,0.0,1,66740.0,66820.0,1,66700.0,66640.0,66640.0,66640.0,1.0,333200.0,371
2023-05-09 21:57:03,cu2404,cu2404,66640.0,0.0,0.0,0.0,1,66740.0,66820.0,1,66700.0,66640.0,66640.0,66640.0,1.0,333200.0,371
2023-05-09 21:57:08,cu2404,cu2404,66640.0,0.0,0.0,0.0,1,66740.0,66920.0,1,66700.0,66640.0,66640.0,66640.0,1.0,333200.0,371
2023-05-09 21:57:09,cu2404,cu2404,66640.0,0.0,0.0,0.0,1,66740.0,66860.0,1,66700.0,66640.0,66640.0,66640.0,1.0,333200.0,371
2023-05-09 21:57:09,cu2404,cu2404,66640.0,0.0,0.0,0.0,1,66740.0,66850.0,1,66700.0,66640.0,66640.0,66640.0,1.0,333200.0,371
2023-05-09 21:57:10,cu2404,cu2404,66640.0,0.0,0.0,0.0,4,66740.0,66850.0,2,66700.0,66640.0,66640.0,66640.0,1.0,333200.0,371
2023-05-09 21:57:10,cu2404,cu2404,66640.0,0.0,0.0,0.0,2,66750.0,66850.0,2,66700.0,66640.0,66640.0,66640.0,1.0,333200.0,371
2023-05-09 21:57:11,cu2404,cu2404,66640.0,0.0,0.0,0.0,1,66760.0,66850.0,2,66700.0,66640.0,66640.0,66640.0,1.0,333200.0,371
2023-05-09 21:57:11,cu2404,cu2404,66640.0,0.0,0.0,0.0,1,66760.0,66850.0,2,66700.0,66640.0,66640.0,66640.0,1.0,333200.0,371
2023-05-09 21:57:12,cu2404,cu2404,66640.0,0.0,0.0,0.0,1,66760.0,66850.0,2,66700.0,66640.0,66640.0,66640.0,1.0,333200.0,371
2023-05-09 21:57:12,cu2404,cu2404,66640.0,0.0,0.0,0.0,1,66760.0,66850.0,3,66700.0,66640.0,66640.0,66640.0,1.0,333200.0,371
2023-05-09 21:57:15,cu2404,cu2404,66640.0,0.0,0.0,0.0,1,66760.0,66850.0,2,66700.0,66640.0,66640.0,66640.0,1.0,333200.0,371
2023-05-09 21:57:16,cu2404,cu2404,66640.0,0.0,0.0,0.0,1,66760.0,66850.0,2,66700.0,66640.0,66640.0,66640.0,1.0,333200.0,371
2023-05-09 21:57:30,cu2404,cu2404,66640.0,0.0,0.0,0.0,1,66760.0,66850.0,2,66700.0,66640.0,66640.0,66640.0,1.0,333200.0,371
2023-05-09 21:57:30,cu2404,cu2404,66640.0,0.0,0.0,0.0,1,66760.0,66850.0,2,66700.0,66640.0,66640.0,66640.0,1.0,333200.0,371
2023-05-09 21:57:36,cu2404,cu2404,66640.0,0.0,0.0,0.0,2,66770.0,66850.0,2,66700.0,66640.0,66640.0,66640.0,1.0,333200.0,371
2023-05-09 21:57:36,cu2404,cu2404,66640.0,0.0,0.0,0.0,1,66780.0,66850.0,2,66700.0,66640.0,66640.0,66640.0,1.0,333200.0,371
2023-05-09 21:57:39,cu2404,cu2404,66640.0,0.0,0.0,0.0,1,66780.0,66850.0,2,66700.0,66640.0,66640.0,66640.0,1.0,333200.0,371
2023-05-09 21:58:02,cu2404,cu2404,66640.0,0.0,0.0,0.0,1,66780.0,66920.0,1,66700.0,66640.0,66640.0,66640.0,1.0,333200.0,371
2023-05-09 21:58:03,cu2404,cu2404,66640.0,0.0,0.0,0.0,1,66780.0,66860.0,1,66700.0,66640.0,66640.0,66640.0,1.0,333200.0,371
2023-05-09 21:58:03,cu2404,cu2404,66640.0,0.0,0.0,0.0,1,66780.0,66860.0,1,66700.0,66640.0,66640.0,66640.0,1.0,333200.0,371
2023-05-09 21:58:04,cu2404,cu2404,66640.0,0.0,0.0,0.0,1,66780.0,66910.0,3,66700.0,66640.0,66640.0,66640.0,1.0,333200.0,371
2023-05-09 21:58:05,cu2404,cu2404,66640.0,0.0,0.0,0.0,1,66780.0,66890.0,1,66700.0,66640.0,66640.0,66640.0,1.0,333200.0,371
2023-05-09 21:58:05,cu2404,cu2404,66640.0,0.0,0.0,0.0,1,66780.0,66890.0,1,66700.0,66640.0,66640.0,66640.0,1.0,333200.0,371
2023-05-09 21:58:06,cu2404,cu2404,66640.0,0.0,0.0,0.0,1,66780.0,66880.0,1,66700.0,66640.0,66640.0,66640.0,1.0,333200.0,371
2023-05-09 21:58:06,cu2404,cu2404,66640.0,0.0,0.0,0.0,1,66780.0,66880.0,1,66700.0,66640.0,66640.0,66640.0,1.0,333200.0,371
2023-05-09 21:58:07,cu2404,cu2404,66640.0,0.0,0.0,0.0,1,66780.0,66890.0,1,66700.0,66640.0,66640.0,66640.0,1.0,333200.0,371
2023-05-09 21:58:07,cu2404,cu2404,66640.0,0.0,0.0,0.0,1,66780.0,66890.0,2,66700.0,66640.0,66640.0,66640.0,1.0,333200.0,371
2023-05-09 21:58:09,cu2404,cu2404,66640.0,0.0,0.0,0.0,1,66780.0,66890.0,2,66700.0,66640.0,66640.0,66640.0,1.0,333200.0,371
2023-05-09 21:58:09,cu2404,cu2404,66640.0,0.0,0.0,0.0,1,66780.0,66890.0,2,66700.0,66640.0,66640.0,66640.0,1.0,333200.0,371
2023-05-09 21:58:10,cu2404,cu2404,66640.0,0.0,0.0,0.0,1,66780.0,66890.0,3,66700.0,66640.0,66640.0,66640.0,1.0,333200.0,371
2023-05-09 21:58:17,cu2404,cu2404,66640.0,0.0,0.0,0.0,1,66780.0,66890.0,2,66700.0,66640.0,66640.0,66640.0,1.0,333200.0,371
2023-05-09 21:58:17,cu2404,cu2404,66640.0,0.0,0.0,0.0,1,66780.0,66890.0,3,66700.0,66640.0,66640.0,66640.0,1.0,333200.0,371
2023-05-09 21:58:26,cu2404,cu2404,66640.0,0.0,0.0,0.0,1,66780.0,66890.0,2,66700.0,66640.0,66640.0,66640.0,1.0,333200.0,371
2023-05-09 21:58:27,cu2404,cu2404,66640.0,0.0,0.0,0.0,1,66780.0,66890.0,3,66700.0,66640.0,66640.0,66640.0,1.0,333200.0,371
2023-05-09 21:58:27,cu2404,cu2404,66640.0,0.0,0.0,0.0,1,66780.0,66890.0,2,66700.0,66640.0,66640.0,66640.0,1.0,333200.0,371
2023-05-09 21:58:29,cu2404,cu2404,66640.0,0.0,0.0,0.0,4,66780.0,66890.0,2,66700.0,66640.0,66640.0,66640.0,1.0,333200.0,371
2023-05-09 21:58:29,cu2404,cu2404,66640.0,0.0,0.0,0.0,4,66780.0,66890.0,1,66700.0,66640.0,66640.0,66640.0,1.0,333200.0,371
2023-05-09 21:58:32,cu2404,cu2404,66640.0,0.0,0.0,0.0,3,66790.0,66890.0,1,66700.0,66640.0,66640.0,66640.0,1.0,333200.0,371
2023-05-09 21:58:33,cu2404,cu2404,66640.0,0.0,0.0,0.0,1,66800.0,66890.0,1,66700.0,66640.0,66640.0,66640.0,1.0,333200.0,371
2023-05-09 21:58:48,cu2404,cu2404,66640.0,0.0,0.0,0.0,1,66800.0,66890.0,1,66700.0,66640.0,66640.0,66640.0,1.0,333200.0,371
2023-05-09 21:58:48,cu2404,cu2404,66640.0,0.0,0.0,0.0,1,66800.0,66890.0,1,66700.0,66640.0,66640.0,66640.0,1.0,333200.0,371
2023-05-09 21:58:51,cu2404,cu2404,66640.0,0.0,0.0,0.0,1,66800.0,66890.0,2,66700.0,66640.0,66640.0,66640.0,1.0,333200.0,371
2023-05-09 21:58:53,cu2404,cu2404,66640.0,0.0,0.0,0.0,1,66800.0,66890.0,3,66700.0,66640.0,66640.0,66640.0,1.0,333200.0,371
2023-05-09 21:58:55,cu2404,cu2404,66640.0,0.0,0.0,0.0,1,66800.0,66890.0,3,66700.0,66640.0,66640.0,66640.0,1.0,333200.0,371
2023-05-09 21:58:56,cu2404,cu2404,66640.0,0.0,0.0,0.0,1,66800.0,66890.0,3,66700.0,66640.0,66640.0,66640.0,1.0,333200.0,371
2023-05-09 21:59:01,cu2404,cu2404,66640.0,0.0,0.0,0.0,1,66690.0,66890.0,3,66700.0,66640.0,66640.0,66640.0,1.0,333200.0,371
2023-05-09 21:59:02,cu2404,cu2404,66640.0,0.0,0.0,0.0,11,66700.0,66890.0,3,66700.0,66640.0,66640.0,66640.0,1.0,333200.0,371
2023-05-09 21:59:02,cu2404,cu2404,66640.0,0.0,0.0,0.0,3,66710.0,66890.0,3,66700.0,66640.0,66640.0,66640.0,1.0,333200.0,371
2023-05-09 21:59:03,cu2404,cu2404,66640.0,0.0,0.0,0.0,1,66720.0,66890.0,3,66700.0,66640.0,66640.0,66640.0,1.0,333200.0,371
2023-05-09 21:59:03,cu2404,cu2404,66640.0,0.0,0.0,0.0,3,66730.0,66890.0,3,66700.0,66640.0,66640.0,66640.0,1.0,333200.0,371
2023-05-09 21:59:04,cu2404,cu2404,66640.0,0.0,0.0,0.0,1,66740.0,66890.0,2,66700.0,66640.0,66640.0,66640.0,1.0,333200.0,371
2023-05-09 21:59:04,cu2404,cu2404,66640.0,0.0,0.0,0.0,4,66740.0,66880.0,1,66700.0,66640.0,66640.0,66640.0,1.0,333200.0,371
2023-05-09 21:59:05,cu2404,cu2404,66640.0,0.0,0.0,0.0,3,66750.0,66880.0,2,66700.0,66640.0,66640.0,66640.0,1.0,333200.0,371
2023-05-09 21:59:05,cu2404,cu2404,66640.0,0.0,0.0,0.0,1,66760.0,66870.0,1,66700.0,66640.0,66640.0,66640.0,1.0,333200.0,371
2023-05-09 21:59:06,cu2404,cu2404,66640.0,0.0,0.0,0.0,1,66760.0,66870.0,1,66700.0,66640.0,66640.0,66640.0,1.0,333200.0,371
2023-05-09 21:59:06,cu2404,cu2404,66640.0,0.0,0.0,0.0,2,66770.0,66870.0,1,66700.0,66640.0,66640.0,66640.0,1.0,333200.0,371
2023-05-09 21:59:07,cu2404,cu2404,66640.0,0.0,0.0,0.0,1,66780.0,66870.0,1,66700.0,66640.0,66640.0,66640.0,1.0,333200.0,371
2023-05-09 21:59:08,cu2404,cu2404,66640.0,0.0,0.0,0.0,1,66780.0,66910.0,1,66700.0,66640.0,66640.0,66640.0,1.0,333200.0,371
2023-05-09 21:59:08,cu2404,cu2404,66640.0,0.0,0.0,0.0,1,66780.0,66890.0,2,66700.0,66640.0,66640.0,66640.0,1.0,333200.0,371
2023-05-09 21:59:09,cu2404,cu2404,66640.0,0.0,0.0,0.0,1,66780.0,66880.0,1,66700.0,66640.0,66640.0,66640.0,1.0,333200.0,371
2023-05-09 21:59:09,cu2404,cu2404,66640.0,0.0,0.0,0.0,1,66780.0,66880.0,1,66700.0,66640.0,66640.0,66640.0,1.0,333200.0,371
2023-05-09 21:59:11,cu2404,cu2404,66640.0,0.0,0.0,0.0,1,66780.0,66880.0,1,66700.0,66640.0,66640.0,66640.0,1.0,333200.0,371
2023-05-09 21:59:14,cu2404,cu2404,66640.0,0.0,0.0,0.0,1,66780.0,66880.0,2,66700.0,66640.0,66640.0,66640.0,1.0,333200.0,371
2023-05-09 21:59:14,cu2404,cu2404,66640.0,0.0,0.0,0.0,1,66780.0,66880.0,3,66700.0,66640.0,66640.0,66640.0,1.0,333200.0,371
2023-05-09 21:59:15,cu2404,cu2404,66640.0,0.0,0.0,0.0,1,66780.0,66880.0,3,66700.0,66640.0,66640.0,66640.0,1.0,333200.0,371
2023-05-09 21:59:15,cu2404,cu2404,66640.0,0.0,0.0,0.0,1,66780.0,66870.0,1,66700.0,66640.0,66640.0,66640.0,1.0,333200.0,371
2023-05-09 21:59:16,cu2404,cu2404,66640.0,0.0,0.0,0.0,1,66780.0,66870.0,1,66700.0,66640.0,66640.0,66640.0,1.0,333200.0,371
2023-05-09 21:59:16,cu2404,cu2404,66640.0,0.0,0.0,0.0,1,66780.0,66860.0,1,66700.0,66640.0,66640.0,66640.0,1.0,333200.0,371
2023-05-09 21:59:17,cu2404,cu2404,66640.0,0.0,0.0,0.0,1,66780.0,66870.0,1,66700.0,66640.0,66640.0,66640.0,1.0,333200.0,371
2023-05-09 21:59:17,cu2404,cu2404,66640.0,0.0,0.0,0.0,1,66780.0,66860.0,2,66700.0,66640.0,66640.0,66640.0,1.0,333200.0,371
2023-05-09 21:59:18,cu2404,cu2404,66640.0,0.0,0.0,0.0,1,66780.0,66860.0,1,66700.0,66640.0,66640.0,66640.0,1.0,333200.0,371
2023-05-09 21:59:27,cu2404,cu2404,66640.0,0.0,0.0,0.0,1,66780.0,66860.0,1,66700.0,66640.0,66640.0,66640.0,1.0,333200.0,371
2023-05-09 21:59:29,cu2404,cu2404,66640.0,0.0,0.0,0.0,1,66780.0,66860.0,1,66700.0,66640.0,66640.0,66640.0,1.0,333200.0,371
2023-05-09 21:59:31,cu2404,cu2404,66640.0,0.0,0.0,0.0,1,66780.0,66850.0,1,66700.0,66640.0,66640.0,66640.0,1.0,333200.0,371
2023-05-09 21:59:32,cu2404,cu2404,66640.0,0.0,0.0,0.0,1,66780.0,66850.0,1,66700.0,66640.0,66640.0,66640.0,1.0,333200.0,371
2023-05-09 21:59:32,cu2404,cu2404,66640.0,0.0,0.0,0.0,1,66690.0,66850.0,1,66700.0,66640.0,66640.0,66640.0,1.0,333200.0,371
2023-05-09 21:59:33,cu2404,cu2404,66640.0,0.0,0.0,0.0,2,66700.0,66850.0,1,66700.0,66640.0,66640.0,66640.0,1.0,333200.0,371
2023-05-09 21:59:33,cu2404,cu2404,66640.0,0.0,0.0,0.0,1,66710.0,66850.0,1,66700.0,66640.0,66640.0,66640.0,1.0,333200.0,371
2023-05-09 21:59:34,cu2404,cu2404,66640.0,0.0,0.0,0.0,4,66720.0,66850.0,1,66700.0,66640.0,66640.0,66640.0,1.0,333200.0,371
2023-05-09 21:59:34,cu2404,cu2404,66640.0,0.0,0.0,0.0,4,66720.0,66850.0,1,66700.0,66640.0,66640.0,66640.0,1.0,333200.0,371
2023-05-09 21:59:35,cu2404,cu2404,66640.0,0.0,0.0,0.0,2,66730.0,66850.0,1,66700.0,66640.0,66640.0,66640.0,1.0,333200.0,371
2023-05-09 21:59:35,cu2404,cu2404,66640.0,0.0,0.0,0.0,2,66740.0,66850.0,1,66700.0,66640.0,66640.0,66640.0,1.0,333200.0,371
2023-05-09 21:59:36,cu2404,cu2404,66640.0,0.0,0.0,0.0,3,66750.0,66850.0,1,66700.0,66640.0,66640.0,66640.0,1.0,333200.0,371
2023-05-09 21:59:36,cu2404,cu2404,66640.0,0.0,0.0,0.0,3,66760.0,66850.0,1,66700.0,66640.0,66640.0,66640.0,1.0,333200.0,371
2023-05-09 21:59:37,cu2404,cu2404,66640.0,0.0,0.0,0.0,3,66760.0,66850.0,1,66700.0,66640.0,66640.0,66640.0,1.0,333200.0,371
2023-05-09 21:59:40,cu2404,cu2404,66640.0,0.0,0.0,0.0,3,66760.0,66850.0,1,66700.0,66640.0,66640.0,66640.0,1.0,333200.0,371
2023-05-09 22:00:00,cu2404,cu2404,66640.0,0.0,0.0,0.0,3,66760.0,66850.0,1,66700.0,66640.0,66640.0,66640.0,1.0,333200.0,371
2023-05-09 22:00:00,cu2404,cu2404,66640.0,0.0,0.0,0.0,3,66760.0,66870.0,1,66700.0,66640.0,66640.0,66640.0,1.0,333200.0,371
2023-05-09 22:00:01,cu2404,cu2404,66640.0,0.0,0.0,0.0,3,66760.0,66860.0,1,66700.0,66640.0,66640.0,66640.0,1.0,333200.0,371
2023-05-09 22:00:01,cu2404,cu2404,66640.0,0.0,0.0,0.0,3,66760.0,66850.0,1,66700.0,66640.0,66640.0,66640.0,1.0,333200.0,371
2023-05-09 22:00:02,cu2404,cu2404,66640.0,0.0,0.0,0.0,3,66760.0,66860.0,1,66700.0,66640.0,66640.0,66640.0,1.0,333200.0,371
2023-05-09 22:00:02,cu2404,cu2404,66640.0,0.0,0.0,0.0,6,66760.0,66860.0,1,66700.0,66640.0,66640.0,66640.0,1.0,333200.0,371
2023-05-09 22:00:03,cu2404,cu2404,66640.0,0.0,0.0,0.0,6,66760.0,66920.0,1,66700.0,66640.0,66640.0,66640.0,1.0,333200.0,371
2023-05-09 22:00:04,cu2404,cu2404,66640.0,0.0,0.0,0.0,9,66760.0,66900.0,1,66700.0,66640.0,66640.0,66640.0,1.0,333200.0,371
2023-05-09 22:00:04,cu2404,cu2404,66640.0,0.0,0.0,0.0,9,66760.0,66900.0,1,66700.0,66640.0,66640.0,66640.0,1.0,333200.0,371
2023-05-09 22:00:05,cu2404,cu2404,66640.0,0.0,0.0,0.0,9,66760.0,66900.0,1,66700.0,66640.0,66640.0,66640.0,1.0,333200.0,371
2023-05-09 22:00:05,cu2404,cu2404,66640.0,0.0,0.0,0.0,10,66760.0,66900.0,1,66700.0,66640.0,66640.0,66640.0,1.0,333200.0,371
2023-05-09 22:00:06,cu2404,cu2404,66640.0,0.0,0.0,0.0,10,66760.0,66890.0,1,66700.0,66640.0,66640.0,66640.0,1.0,333200.0,371
2023-05-09 22:00:07,cu2404,cu2404,66640.0,0.0,0.0,0.0,7,66760.0,66890.0,2,66700.0,66640.0,66640.0,66640.0,1.0,333200.0,371
2023-05-09 22:00:07,cu2404,cu2404,66640.0,0.0,0.0,0.0,7,66760.0,66890.0,3,66700.0,66640.0,66640.0,66640.0,1.0,333200.0,371
2023-05-09 22:00:08,cu2404,cu2404,66640.0,0.0,0.0,0.0,4,66760.0,66890.0,3,66700.0,66640.0,66640.0,66640.0,1.0,333200.0,371
2023-05-09 22:00:08,cu2404,cu2404,66640.0,0.0,0.0,0.0,3,66770.0,66890.0,3,66700.0,66640.0,66640.0,66640.0,1.0,333200.0,371
2023-05-09 22:00:09,cu2404,cu2404,66640.0,0.0,0.0,0.0,1,66780.0,66880.0,1,66700.0,66640.0,66640.0,66640.0,1.0,333200.0,371
2023-05-09 22:00:09,cu2404,cu2404,66640.0,0.0,0.0,0.0,1,66780.0,66880.0,2,66700.0,66640.0,66640.0,66640.0,1.0,333200.0,371
2023-05-09 22:00:10,cu2404,cu2404,66640.0,0.0,0.0,0.0,1,66780.0,66880.0,2,66700.0,66640.0,66640.0,66640.0,1.0,333200.0,371
2023-05-09 22:00:12,cu2404,cu2404,66640.0,0.0,0.0,0.0,1,66780.0,66870.0,1,66700.0,66640.0,66640.0,66640.0,1.0,333200.0,371
2023-05-09 22:00:17,cu2404,cu2404,66640.0,0.0,0.0,0.0,1,66780.0,66870.0,1,66700.0,66640.0,66640.0,66640.0,1.0,333200.0,371
2023-05-09 22:00:18,cu2404,cu2404,66640.0,0.0,0.0,0.0,1,66780.0,66870.0,1,66700.0,66640.0,66640.0,66640.0,1.0,333200.0,371
2023-05-09 22:00:18,cu2404,cu2404,66640.0,0.0,0.0,0.0,4,66780.0,66870.0,1,66700.0,66640.0,66640.0,66640.0,1.0,333200.0,371
2023-05-09 22:00:19,cu2404,cu2404,66640.0,0.0,0.0,0.0,4,66780.0,66870.0,2,66700.0,66640.0,66640.0,66640.0,1.0,333200.0,371
2023-05-09 22:00:26,cu2404,cu2404,66640.0,0.0,0.0,0.0,4,66780.0,66870.0,1,66700.0,66640.0,66640.0,66640.0,1.0,333200.0,371
2023-05-09 22:00:29,cu2404,cu2404,66640.0,0.0,0.0,0.0,7,66780.0,66870.0,1,66700.0,66640.0,66640.0,66640.0,1.0,333200.0,371
2023-05-09 22:00:30,cu2404,cu2404,66640.0,0.0,0.0,0.0,7,66780.0,66910.0,1,66700.0,66640.0,66640.0,66640.0,1.0,333200.0,371
2023-05-09 22:00:30,cu2404,cu2404,66640.0,0.0,0.0,0.0,7,66780.0,66890.0,1,66700.0,66640.0,66640.0,66640.0,1.0,333200.0,371
2023-05-09 22:00:31,cu2404,cu2404,66640.0,0.0,0.0,0.0,7,66780.0,66880.0,1,66700.0,66640.0,66640.0,66640.0,1.0,333200.0,371
2023-05-09 22:00:32,cu2404,cu2404,66640.0,0.0,0.0,0.0,7,66780.0,66890.0,1,66700.0,66640.0,66640.0,66640.0,1.0,333200.0,371
2023-05-09 22:00:32,cu2404,cu2404,66640.0,0.0,0.0,0.0,7,66780.0,66890.0,1,66700.0,66640.0,66640.0,66640.0,1.0,333200.0,371
2023-05-09 22:00:33,cu2404,cu2404,66640.0,0.0,0.0,0.0,7,66780.0,66890.0,1,66700.0,66640.0,66640.0,66640.0,1.0,333200.0,371
2023-05-09 22:00:33,cu2404,cu2404,66640.0,0.0,0.0,0.0,7,66780.0,66900.0,1,66700.0,66640.0,66640.0,66640.0,1.0,333200.0,371
2023-05-09 22:00:34,cu2404,cu2404,66640.0,0.0,0.0,0.0,7,66780.0,66890.0,1,66700.0,66640.0,66640.0,66640.0,1.0,333200.0,371
2023-05-09 22:00:34,cu2404,cu2404,66640.0,0.0,0.0,0.0,7,66780.0,66890.0,1,66700.0,66640.0,66640.0,66640.0,1.0,333200.0,371
2023-05-09 22:00:36,cu2404,cu2404,66640.0,0.0,0.0,0.0,7,66780.0,66880.0,1,66700.0,66640.0,66640.0,66640.0,1.0,333200.0,371
2023-05-09 22:00:37,cu2404,cu2404,66640.0,0.0,0.0,0.0,7,66780.0,66880.0,1,66700.0,66640.0,66640.0,66640.0,1.0,333200.0,371
2023-05-09 22:00:37,cu2404,cu2404,66640.0,0.0,0.0,0.0,4,66780.0,66870.0,1,66700.0,66640.0,66640.0,66640.0,1.0,333200.0,371
2023-05-09 22:00:38,cu2404,cu2404,66640.0,0.0,0.0,0.0,4,66780.0,66870.0,2,66700.0,66640.0,66640.0,66640.0,1.0,333200.0,371
2023-05-09 22:00:41,cu2404,cu2404,66640.0,0.0,0.0,0.0,1,66780.0,66870.0,2,66700.0,66640.0,66640.0,66640.0,1.0,333200.0,371
2023-05-09 22:01:11,cu2404,cu2404,66640.0,0.0,0.0,0.0,1,66780.0,66870.0,2,66700.0,66640.0,66640.0,66640.0,1.0,333200.0,371
2023-05-09 22:01:12,cu2404,cu2404,66640.0,0.0,0.0,0.0,1,66780.0,66870.0,2,66700.0,66640.0,66640.0,66640.0,1.0,333200.0,371
2023-05-09 22:01:25,cu2404,cu2404,66640.0,0.0,0.0,0.0,1,66780.0,66870.0,2,66700.0,66640.0,66640.0,66640.0,1.0,333200.0,371
2023-05-09 22:01:34,cu2404,cu2404,66640.0,0.0,0.0,0.0,1,66780.0,66870.0,2,66700.0,66640.0,66640.0,66640.0,1.0,333200.0,371
2023-05-09 22:01:35,cu2404,cu2404,66640.0,0.0,0.0,0.0,1,66780.0,66870.0,2,66700.0,66640.0,66640.0,66640.0,1.0,333200.0,371
2023-05-09 22:01:38,cu2404,cu2404,66640.0,0.0,0.0,0.0,4,66780.0,66870.0,1,66700.0,66640.0,66640.0,66640.0,1.0,333200.0,371
2023-05-09 22:01:39,cu2404,cu2404,66640.0,0.0,0.0,0.0,4,66780.0,66870.0,1,66700.0,66640.0,66640.0,66640.0,1.0,333200.0,371
2023-05-09 22:01:41,cu2404,cu2404,66640.0,0.0,0.0,0.0,3,66790.0,66870.0,1,66700.0,66640.0,66640.0,66640.0,1.0,333200.0,371
2023-05-09 22:01:41,cu2404,cu2404,66640.0,0.0,0.0,0.0,1,66800.0,66870.0,1,66700.0,66640.0,66640.0,66640.0,1.0,333200.0,371
2023-05-09 22:02:04,cu2404,cu2404,66640.0,0.0,0.0,0.0,3,66790.0,66870.0,1,66700.0,66640.0,66640.0,66640.0,1.0,333200.0,371
2023-05-09 22:02:05,cu2404,cu2404,66640.0,0.0,0.0,0.0,4,66790.0,66870.0,1,66700.0,66640.0,66640.0,66640.0,1.0,333200.0,371
2023-05-09 22:02:05,cu2404,cu2404,66640.0,0.0,0.0,0.0,1,66790.0,66860.0,1,66700.0,66640.0,66640.0,66640.0,1.0,333200.0,371
2023-05-09 22:02:06,cu2404,cu2404,66640.0,0.0,0.0,0.0,1,66690.0,66860.0,1,66700.0,66640.0,66640.0,66640.0,1.0,333200.0,371
2023-05-09 22:02:06,cu2404,cu2404,66640.0,0.0,0.0,0.0,5,66700.0,66850.0,1,66700.0,66640.0,66640.0,66640.0,1.0,333200.0,371
2023-05-09 22:02:07,cu2404,cu2404,66640.0,0.0,0.0,0.0,6,66710.0,66850.0,1,66700.0,66640.0,66640.0,66640.0,1.0,333200.0,371
2023-05-09 22:02:07,cu2404,cu2404,66640.0,0.0,0.0,0.0,1,66720.0,66850.0,1,66700.0,66640.0,66640.0,66640.0,1.0,333200.0,371
2023-05-09 22:02:08,cu2404,cu2404,66640.0,0.0,0.0,0.0,1,66720.0,66850.0,1,66700.0,66640.0,66640.0,66640.0,1.0,333200.0,371
2023-05-09 22:02:08,cu2404,cu2404,66640.0,0.0,0.0,0.0,3,66760.0,66850.0,1,66700.0,66640.0,66640.0,66640.0,1.0,333200.0,371
2023-05-09 22:02:09,cu2404,cu2404,66640.0,0.0,0.0,0.0,1,66770.0,66850.0,1,66700.0,66640.0,66640.0,66640.0,1.0,333200.0,371
2023-05-09 22:02:10,cu2404,cu2404,66640.0,0.0,0.0,0.0,1,66770.0,66850.0,1,66700.0,66640.0,66640.0,66640.0,1.0,333200.0,371
2023-05-09 22:02:14,cu2404,cu2404,66640.0,0.0,0.0,0.0,1,66770.0,66850.0,1,66700.0,66640.0,66640.0,66640.0,1.0,333200.0,371
2023-05-09 22:02:26,cu2404,cu2404,66640.0,0.0,0.0,0.0,1,66770.0,66850.0,1,66700.0,66640.0,66640.0,66640.0,1.0,333200.0,371
2023-05-09 22:02:27,cu2404,cu2404,66640.0,0.0,0.0,0.0,1,66770.0,66850.0,1,66700.0,66640.0,66640.0,66640.0,1.0,333200.0,371
2023-05-09 22:02:28,cu2404,cu2404,66640.0,0.0,0.0,0.0,1,66770.0,66850.0,1,66700.0,66640.0,66640.0,66640.0,1.0,333200.0,371
2023-05-09 22:02:29,cu2404,cu2404,66640.0,0.0,0.0,0.0,1,66770.0,66850.0,1,66700.0,66640.0,66640.0,66640.0,1.0,333200.0,371
2023-05-09 22:03:01,cu2404,cu2404,66640.0,0.0,0.0,0.0,1,66770.0,66840.0,1,66700.0,66640.0,66640.0,66640.0,1.0,333200.0,371
2023-05-09 22:03:01,cu2404,cu2404,66640.0,0.0,0.0,0.0,1,66770.0,66840.0,1,66700.0,66640.0,66640.0,66640.0,1.0,333200.0,371
2023-05-09 22:03:23,cu2404,cu2404,66640.0,0.0,0.0,0.0,1,66710.0,66840.0,1,66700.0,66640.0,66640.0,66640.0,1.0,333200.0,371
2023-05-09 22:03:23,cu2404,cu2404,66640.0,0.0,0.0,0.0,1,66720.0,66840.0,1,66700.0,66640.0,66640.0,66640.0,1.0,333200.0,371
2023-05-09 22:03:24,cu2404,cu2404,66640.0,0.0,0.0,0.0,1,66730.0,66830.0,1,66700.0,66640.0,66640.0,66640.0,1.0,333200.0,371
2023-05-09 22:03:24,cu2404,cu2404,66640.0,0.0,0.0,0.0,1,66740.0,66830.0,1,66700.0,66640.0,66640.0,66640.0,1.0,333200.0,371
2023-05-09 22:03:25,cu2404,cu2404,66640.0,0.0,0.0,0.0,1,66740.0,66830.0,1,66700.0,66640.0,66640.0,66640.0,1.0,333200.0,371
2023-05-09 22:03:25,cu2404,cu2404,66640.0,0.0,0.0,0.0,1,66740.0,66830.0,1,66700.0,66640.0,66640.0,66640.0,1.0,333200.0,371
2023-05-09 22:03:26,cu2404,cu2404,66640.0,0.0,0.0,0.0,1,66740.0,66830.0,1,66700.0,66640.0,66640.0,66640.0,1.0,333200.0,371
2023-05-09 22:03:26,cu2404,cu2404,66640.0,0.0,0.0,0.0,1,66740.0,66830.0,1,66700.0,66640.0,66640.0,66640.0,1.0,333200.0,371
2023-05-09 22:03:27,cu2404,cu2404,66640.0,0.0,0.0,0.0,1,66740.0,66820.0,1,66700.0,66640.0,66640.0,66640.0,1.0,333200.0,371
2023-05-09 22:03:31,cu2404,cu2404,66640.0,0.0,0.0,0.0,1,66740.0,66820.0,1,66700.0,66640.0,66640.0,66640.0,1.0,333200.0,371
2023-05-09 22:03:31,cu2404,cu2404,66640.0,0.0,0.0,0.0,1,66740.0,66820.0,1,66700.0,66640.0,66640.0,66640.0,1.0,333200.0,371
2023-05-09 22:03:32,cu2404,cu2404,66640.0,0.0,0.0,0.0,1,66740.0,66810.0,1,66700.0,66640.0,66640.0,66640.0,1.0,333200.0,371
2023-05-09 22:03:32,cu2404,cu2404,66640.0,0.0,0.0,0.0,2,66720.0,66810.0,1,66700.0,66640.0,66640.0,66640.0,1.0,333200.0,371
2023-05-09 22:03:33,cu2404,cu2404,66640.0,0.0,0.0,0.0,1,66750.0,66810.0,1,66700.0,66640.0,66640.0,66640.0,1.0,333200.0,371
2023-05-09 22:03:33,cu2404,cu2404,66640.0,0.0,0.0,0.0,1,66670.0,66800.0,1,66700.0,66640.0,66640.0,66640.0,1.0,333200.0,371
2023-05-09 22:03:34,cu2404,cu2404,66640.0,0.0,0.0,0.0,5,66680.0,66800.0,1,66700.0,66640.0,66640.0,66640.0,1.0,333200.0,371
2023-05-09 22:03:34,cu2404,cu2404,66640.0,0.0,0.0,0.0,3,66690.0,66800.0,1,66700.0,66640.0,66640.0,66640.0,1.0,333200.0,371
2023-05-09 22:03:35,cu2404,cu2404,66640.0,0.0,0.0,0.0,1,66700.0,66810.0,1,66700.0,66640.0,66640.0,66640.0,1.0,333200.0,371
2023-05-09 22:03:35,cu2404,cu2404,66640.0,0.0,0.0,0.0,1,66700.0,66810.0,1,66700.0,66640.0,66640.0,66640.0,1.0,333200.0,371
2023-05-09 22:03:36,cu2404,cu2404,66640.0,0.0,0.0,0.0,3,66710.0,66810.0,1,66700.0,66640.0,66640.0,66640.0,1.0,333200.0,371
2023-05-09 22:03:36,cu2404,cu2404,66640.0,0.0,0.0,0.0,1,66720.0,66810.0,1,66700.0,66640.0,66640.0,66640.0,1.0,333200.0,371
2023-05-09 22:03:38,cu2404,cu2404,66640.0,0.0,0.0,0.0,1,66720.0,66810.0,1,66700.0,66640.0,66640.0,66640.0,1.0,333200.0,371
2023-05-09 22:03:39,cu2404,cu2404,66640.0,0.0,0.0,0.0,1,66720.0,66810.0,1,66700.0,66640.0,66640.0,66640.0,1.0,333200.0,371
2023-05-09 22:03:43,cu2404,cu2404,66640.0,0.0,0.0,0.0,1,66720.0,66800.0,1,66700.0,66640.0,66640.0,66640.0,1.0,333200.0,371
2023-05-09 22:03:48,cu2404,cu2404,66640.0,0.0,0.0,0.0,1,66720.0,66800.0,1,66700.0,66640.0,66640.0,66640.0,1.0,333200.0,371
2023-05-09 22:04:05,cu2404,cu2404,66640.0,0.0,0.0,0.0,1,66670.0,66800.0,1,66700.0,66640.0,66640.0,66640.0,1.0,333200.0,371
2023-05-09 22:04:06,cu2404,cu2404,66640.0,0.0,0.0,0.0,4,66680.0,66800.0,1,66700.0,66640.0,66640.0,66640.0,1.0,333200.0,371
2023-05-09 22:04:06,cu2404,cu2404,66640.0,0.0,0.0,0.0,3,66690.0,66800.0,1,66700.0,66640.0,66640.0,66640.0,1.0,333200.0,371
2023-05-09 22:04:07,cu2404,cu2404,66640.0,0.0,0.0,0.0,1,66700.0,66800.0,2,66700.0,66640.0,66640.0,66640.0,1.0,333200.0,371
2023-05-09 22:04:07,cu2404,cu2404,66640.0,0.0,0.0,0.0,1,66700.0,66790.0,1,66700.0,66640.0,66640.0,66640.0,1.0,333200.0,371
2023-05-09 22:04:08,cu2404,cu2404,66640.0,0.0,0.0,0.0,1,66700.0,66790.0,1,66700.0,66640.0,66640.0,66640.0,1.0,333200.0,371
2023-05-09 22:04:08,cu2404,cu2404,66640.0,0.0,0.0,0.0,1,66700.0,66780.0,1,66700.0,66640.0,66640.0,66640.0,1.0,333200.0,371
2023-05-09 22:04:10,cu2404,cu2404,66640.0,0.0,0.0,0.0,1,66700.0,66780.0,1,66700.0,66640.0,66640.0,66640.0,1.0,333200.0,371
2023-05-09 22:04:10,cu2404,cu2404,66640.0,0.0,0.0,0.0,1,66700.0,66910.0,1,66700.0,66640.0,66640.0,66640.0,1.0,333200.0,371
2023-05-09 22:04:11,cu2404,cu2404,66640.0,0.0,0.0,0.0,3,66710.0,66820.0,1,66700.0,66640.0,66640.0,66640.0,1.0,333200.0,371
2023-05-09 22:04:11,cu2404,cu2404,66640.0,0.0,0.0,0.0,1,66720.0,66820.0,1,66700.0,66640.0,66640.0,66640.0,1.0,333200.0,371
2023-05-09 22:04:12,cu2404,cu2404,66640.0,0.0,0.0,0.0,1,66720.0,66810.0,1,66700.0,66640.0,66640.0,66640.0,1.0,333200.0,371
2023-05-09 22:04:12,cu2404,cu2404,66640.0,0.0,0.0,0.0,1,66720.0,66800.0,1,66700.0,66640.0,66640.0,66640.0,1.0,333200.0,371
2023-05-09 22:04:14,cu2404,cu2404,66640.0,0.0,0.0,0.0,1,66720.0,66800.0,1,66700.0,66640.0,66640.0,66640.0,1.0,333200.0,371
2023-05-09 22:04:15,cu2404,cu2404,66640.0,0.0,0.0,0.0,2,66730.0,66800.0,1,66700.0,66640.0,66640.0,66640.0,1.0,333200.0,371
2023-05-09 22:04:15,cu2404,cu2404,66640.0,0.0,0.0,0.0,1,66720.0,66800.0,1,66700.0,66640.0,66640.0,66640.0,1.0,333200.0,371
2023-05-09 22:04:19,cu2404,cu2404,66640.0,0.0,0.0,0.0,1,66720.0,66800.0,2,66700.0,66640.0,66640.0,66640.0,1.0,333200.0,371
2023-05-09 22:04:35,cu2404,cu2404,66640.0,0.0,0.0,0.0,1,66720.0,66800.0,1,66700.0,66640.0,66640.0,66640.0,1.0,333200.0,371
2023-05-09 22:04:36,cu2404,cu2404,66640.0,0.0,0.0,0.0,1,66730.0,66800.0,1,66700.0,66640.0,66640.0,66640.0,1.0,333200.0,371
2023-05-09 22:04:41,cu2404,cu2404,66640.0,0.0,0.0,0.0,1,66730.0,66810.0,1,66700.0,66640.0,66640.0,66640.0,1.0,333200.0,371
2023-05-09 22:04:44,cu2404,cu2404,66640.0,0.0,0.0,0.0,3,66740.0,66810.0,1,66700.0,66640.0,66640.0,66640.0,1.0,333200.0,371
2023-05-09 22:04:44,cu2404,cu2404,66640.0,0.0,0.0,0.0,3,66740.0,66800.0,1,66700.0,66640.0,66640.0,66640.0,1.0,333200.0,371
2023-05-09 22:04:45,cu2404,cu2404,66640.0,0.0,0.0,0.0,1,66670.0,66800.0,1,66700.0,66640.0,66640.0,66640.0,1.0,333200.0,371
2023-05-09 22:04:45,cu2404,cu2404,66640.0,0.0,0.0,0.0,1,66680.0,66810.0,1,66700.0,66640.0,66640.0,66640.0,1.0,333200.0,371
2023-05-09 22:04:46,cu2404,cu2404,66640.0,0.0,0.0,0.0,4,66690.0,66800.0,1,66700.0,66640.0,66640.0,66640.0,1.0,333200.0,371
2023-05-09 22:04:46,cu2404,cu2404,66640.0,0.0,0.0,0.0,1,66700.0,66800.0,1,66700.0,66640.0,66640.0,66640.0,1.0,333200.0,371
2023-05-09 22:04:47,cu2404,cu2404,66640.0,0.0,0.0,0.0,1,66700.0,66800.0,1,66700.0,66640.0,66640.0,66640.0,1.0,333200.0,371
2023-05-09 22:04:47,cu2404,cu2404,66640.0,0.0,0.0,0.0,2,66710.0,66800.0,1,66700.0,66640.0,66640.0,66640.0,1.0,333200.0,371
2023-05-09 22:04:48,cu2404,cu2404,66640.0,0.0,0.0,0.0,2,66720.0,66800.0,1,66700.0,66640.0,66640.0,66640.0,1.0,333200.0,371
2023-05-09 22:04:50,cu2404,cu2404,66640.0,0.0,0.0,0.0,2,66720.0,66810.0,1,66700.0,66640.0,66640.0,66640.0,1.0,333200.0,371
2023-05-09 22:05:06,cu2404,cu2404,66640.0,0.0,0.0,0.0,2,66720.0,66910.0,1,66700.0,66640.0,66640.0,66640.0,1.0,333200.0,371
2023-05-09 22:05:06,cu2404,cu2404,66640.0,0.0,0.0,0.0,5,66720.0,66840.0,1,66700.0,66640.0,66640.0,66640.0,1.0,333200.0,371
2023-05-09 22:05:07,cu2404,cu2404,66640.0,0.0,0.0,0.0,5,66720.0,66830.0,1,66700.0,66640.0,66640.0,66640.0,1.0,333200.0,371
2023-05-09 22:05:07,cu2404,cu2404,66640.0,0.0,0.0,0.0,5,66720.0,66830.0,2,66700.0,66640.0,66640.0,66640.0,1.0,333200.0,371
2023-05-09 22:05:08,cu2404,cu2404,66640.0,0.0,0.0,0.0,5,66720.0,66830.0,2,66700.0,66640.0,66640.0,66640.0,1.0,333200.0,371
2023-05-09 22:05:08,cu2404,cu2404,66640.0,0.0,0.0,0.0,7,66720.0,66830.0,2,66700.0,66640.0,66640.0,66640.0,1.0,333200.0,371
2023-05-09 22:05:09,cu2404,cu2404,66640.0,0.0,0.0,0.0,7,66720.0,66830.0,2,66700.0,66640.0,66640.0,66640.0,1.0,333200.0,371
2023-05-09 22:05:10,cu2404,cu2404,66640.0,0.0,0.0,0.0,7,66720.0,66830.0,2,66700.0,66640.0,66640.0,66640.0,1.0,333200.0,371
2023-05-09 22:05:53,cu2404,cu2404,66640.0,0.0,0.0,0.0,7,66720.0,66830.0,3,66700.0,66640.0,66640.0,66640.0,1.0,333200.0,371
2023-05-09 22:05:58,cu2404,cu2404,66640.0,0.0,0.0,0.0,4,66720.0,66830.0,3,66700.0,66640.0,66640.0,66640.0,1.0,333200.0,371
2023-05-09 22:05:59,cu2404,cu2404,66640.0,0.0,0.0,0.0,4,66720.0,66820.0,1,66700.0,66640.0,66640.0,66640.0,1.0,333200.0,371
2023-05-09 22:06:00,cu2404,cu2404,66640.0,0.0,0.0,0.0,1,66720.0,66810.0,1,66700.0,66640.0,66640.0,66640.0,1.0,333200.0,371
2023-05-09 22:06:00,cu2404,cu2404,66640.0,0.0,0.0,0.0,1,66720.0,66810.0,1,66700.0,66640.0,66640.0,66640.0,1.0,333200.0,371
2023-05-09 22:06:01,cu2404,cu2404,66640.0,0.0,0.0,0.0,1,66720.0,66800.0,1,66700.0,66640.0,66640.0,66640.0,1.0,333200.0,371
2023-05-09 22:06:06,cu2404,cu2404,66640.0,0.0,0.0,0.0,1,66720.0,66800.0,1,66700.0,66640.0,66640.0,66640.0,1.0,333200.0,371
2023-05-09 22:06:12,cu2404,cu2404,66640.0,0.0,0.0,0.0,1,66720.0,66800.0,1,66700.0,66640.0,66640.0,66640.0,1.0,333200.0,371
2023-05-09 22:06:14,cu2404,cu2404,66640.0,0.0,0.0,0.0,1,66720.0,66810.0,1,66700.0,66640.0,66640.0,66640.0,1.0,333200.0,371
2023-05-09 22:06:15,cu2404,cu2404,66640.0,0.0,0.0,0.0,1,66720.0,66810.0,2,66700.0,66640.0,66640.0,66640.0,1.0,333200.0,371
2023-05-09 22:06:15,cu2404,cu2404,66640.0,0.0,0.0,0.0,1,66720.0,66810.0,3,66700.0,66640.0,66640.0,66640.0,1.0,333200.0,371
2023-05-09 22:06:25,cu2404,cu2404,66640.0,0.0,0.0,0.0,1,66670.0,66810.0,3,66700.0,66640.0,66640.0,66640.0,1.0,333200.0,371
2023-05-09 22:06:25,cu2404,cu2404,66640.0,0.0,0.0,0.0,1,66680.0,66810.0,3,66700.0,66640.0,66640.0,66640.0,1.0,333200.0,371
2023-05-09 22:06:26,cu2404,cu2404,66640.0,0.0,0.0,0.0,3,66690.0,66810.0,3,66700.0,66640.0,66640.0,66640.0,1.0,333200.0,371
2023-05-09 22:06:26,cu2404,cu2404,66640.0,0.0,0.0,0.0,1,66700.0,66810.0,3,66700.0,66640.0,66640.0,66640.0,1.0,333200.0,371
2023-05-09 22:06:27,cu2404,cu2404,66640.0,0.0,0.0,0.0,1,66700.0,66810.0,3,66700.0,66640.0,66640.0,66640.0,1.0,333200.0,371
2023-05-09 22:06:28,cu2404,cu2404,66640.0,0.0,0.0,0.0,4,66700.0,66810.0,3,66700.0,66640.0,66640.0,66640.0,1.0,333200.0,371
2023-05-09 22:06:31,cu2404,cu2404,66640.0,0.0,0.0,0.0,4,66700.0,66810.0,3,66700.0,66640.0,66640.0,66640.0,1.0,333200.0,371
2023-05-09 22:06:32,cu2404,cu2404,66640.0,0.0,0.0,0.0,4,66700.0,66800.0,1,66700.0,66640.0,66640.0,66640.0,1.0,333200.0,371
2023-05-09 22:06:32,cu2404,cu2404,66640.0,0.0,0.0,0.0,4,66700.0,66800.0,3,66700.0,66640.0,66640.0,66640.0,1.0,333200.0,371
2023-05-09 22:06:33,cu2404,cu2404,66640.0,0.0,0.0,0.0,4,66700.0,66790.0,1,66700.0,66640.0,66640.0,66640.0,1.0,333200.0,371
2023-05-09 22:06:33,cu2404,cu2404,66640.0,0.0,0.0,0.0,4,66700.0,66790.0,1,66700.0,66640.0,66640.0,66640.0,1.0,333200.0,371
2023-05-09 22:06:34,cu2404,cu2404,66640.0,0.0,0.0,0.0,1,66700.0,66790.0,1,66700.0,66640.0,66640.0,66640.0,1.0,333200.0,371
2023-05-09 22:06:52,cu2404,cu2404,66640.0,0.0,0.0,0.0,1,66700.0,66790.0,1,66700.0,66640.0,66640.0,66640.0,1.0,333200.0,371
2023-05-09 22:06:53,cu2404,cu2404,66640.0,0.0,0.0,0.0,1,66700.0,66790.0,1,66700.0,66640.0,66640.0,66640.0,1.0,333200.0,371
2023-05-09 22:07:00,cu2404,cu2404,66640.0,0.0,0.0,0.0,1,66700.0,66790.0,1,66700.0,66640.0,66640.0,66640.0,1.0,333200.0,371
2023-05-09 22:07:01,cu2404,cu2404,66640.0,0.0,0.0,0.0,1,66700.0,66790.0,1,66700.0,66640.0,66640.0,66640.0,1.0,333200.0,371
2023-05-09 22:07:01,cu2404,cu2404,66640.0,0.0,0.0,0.0,1,66700.0,66790.0,1,66700.0,66640.0,66640.0,66640.0,1.0,333200.0,371
2023-05-09 22:07:04,cu2404,cu2404,66640.0,0.0,0.0,0.0,1,66700.0,66790.0,2,66700.0,66640.0,66640.0,66640.0,1.0,333200.0,371
2023-05-09 22:07:07,cu2404,cu2404,66640.0,0.0,0.0,0.0,1,66700.0,66790.0,1,66700.0,66640.0,66640.0,66640.0,1.0,333200.0,371
2023-05-09 22:07:38,cu2404,cu2404,66640.0,0.0,0.0,0.0,1,66700.0,66850.0,1,66700.0,66640.0,66640.0,66640.0,1.0,333200.0,371
2023-05-09 22:07:38,cu2404,cu2404,66640.0,0.0,0.0,0.0,1,66700.0,66820.0,1,66700.0,66640.0,66640.0,66640.0,1.0,333200.0,371
2023-05-09 22:07:39,cu2404,cu2404,66640.0,0.0,0.0,0.0,3,66710.0,66820.0,1,66700.0,66640.0,66640.0,66640.0,1.0,333200.0,371
2023-05-09 22:07:39,cu2404,cu2404,66640.0,0.0,0.0,0.0,4,66710.0,66810.0,1,66700.0,66640.0,66640.0,66640.0,1.0,333200.0,371
2023-05-09 22:07:40,cu2404,cu2404,66640.0,0.0,0.0,0.0,4,66710.0,66800.0,1,66700.0,66640.0,66640.0,66640.0,1.0,333200.0,371
2023-05-09 22:07:40,cu2404,cu2404,66640.0,0.0,0.0,0.0,4,66710.0,66800.0,2,66700.0,66640.0,66640.0,66640.0,1.0,333200.0,371
2023-05-09 22:07:41,cu2404,cu2404,66640.0,0.0,0.0,0.0,4,66710.0,66800.0,2,66700.0,66640.0,66640.0,66640.0,1.0,333200.0,371
2023-05-09 22:07:42,cu2404,cu2404,66640.0,0.0,0.0,0.0,1,66720.0,66800.0,2,66700.0,66640.0,66640.0,66640.0,1.0,333200.0,371
2023-05-09 22:07:42,cu2404,cu2404,66640.0,0.0,0.0,0.0,1,66720.0,66800.0,1,66700.0,66640.0,66640.0,66640.0,1.0,333200.0,371
2023-05-09 22:07:53,cu2404,cu2404,66640.0,0.0,0.0,0.0,1,66720.0,66790.0,1,66700.0,66640.0,66640.0,66640.0,1.0,333200.0,371
2023-05-09 22:07:54,cu2404,cu2404,66640.0,0.0,0.0,0.0,3,66710.0,66790.0,1,66700.0,66640.0,66640.0,66640.0,1.0,333200.0,371
2023-05-09 22:07:54,cu2404,cu2404,66640.0,0.0,0.0,0.0,4,66710.0,66790.0,1,66700.0,66640.0,66640.0,66640.0,1.0,333200.0,371
2023-05-09 22:07:55,cu2404,cu2404,66640.0,0.0,0.0,0.0,1,66710.0,66790.0,1,66700.0,66640.0,66640.0,66640.0,1.0,333200.0,371
2023-05-09 22:08:14,cu2404,cu2404,66640.0,0.0,0.0,0.0,1,66670.0,66790.0,1,66700.0,66640.0,66640.0,66640.0,1.0,333200.0,371
2023-05-09 22:08:14,cu2404,cu2404,66640.0,0.0,0.0,0.0,1,66680.0,66780.0,1,66700.0,66640.0,66640.0,66640.0,1.0,333200.0,371
2023-05-09 22:08:15,cu2404,cu2404,66640.0,0.0,0.0,0.0,1,66680.0,66780.0,1,66700.0,66640.0,66640.0,66640.0,1.0,333200.0,371
2023-05-09 22:08:18,cu2404,cu2404,66640.0,0.0,0.0,0.0,1,66680.0,66780.0,1,66700.0,66640.0,66640.0,66640.0,1.0,333200.0,371
2023-05-09 22:08:27,cu2404,cu2404,66640.0,0.0,0.0,0.0,1,66680.0,66780.0,1,66700.0,66640.0,66640.0,66640.0,1.0,333200.0,371
2023-05-09 22:08:28,cu2404,cu2404,66640.0,0.0,0.0,0.0,1,66680.0,66780.0,1,66700.0,66640.0,66640.0,66640.0,1.0,333200.0,371
2023-05-09 22:08:39,cu2404,cu2404,66640.0,0.0,0.0,0.0,1,66680.0,66780.0,1,66700.0,66640.0,66640.0,66640.0,1.0,333200.0,371
2023-05-09 22:08:39,cu2404,cu2404,66640.0,0.0,0.0,0.0,1,66680.0,66780.0,1,66700.0,66640.0,66640.0,66640.0,1.0,333200.0,371
2023-05-09 22:08:44,cu2404,cu2404,66640.0,0.0,0.0,0.0,4,66680.0,66780.0,1,66700.0,66640.0,66640.0,66640.0,1.0,333200.0,371
2023-05-09 22:09:00,cu2404,cu2404,66640.0,0.0,0.0,0.0,3,66690.0,66780.0,1,66700.0,66640.0,66640.0,66640.0,1.0,333200.0,371
2023-05-09 22:09:01,cu2404,cu2404,66640.0,0.0,0.0,0.0,1,66700.0,66780.0,1,66700.0,66640.0,66640.0,66640.0,1.0,333200.0,371
2023-05-09 22:09:01,cu2404,cu2404,66640.0,0.0,0.0,0.0,1,66700.0,66780.0,1,66700.0,66640.0,66640.0,66640.0,1.0,333200.0,371
2023-05-09 22:09:07,cu2404,cu2404,66640.0,0.0,0.0,0.0,1,66700.0,66850.0,1,66700.0,66640.0,66640.0,66640.0,1.0,333200.0,371
2023-05-09 22:09:08,cu2404,cu2404,66640.0,0.0,0.0,0.0,1,66700.0,66790.0,1,66700.0,66640.0,66640.0,66640.0,1.0,333200.0,371
2023-05-09 22:09:08,cu2404,cu2404,66640.0,0.0,0.0,0.0,1,66700.0,66790.0,1,66700.0,66640.0,66640.0,66640.0,1.0,333200.0,371
2023-05-09 22:09:09,cu2404,cu2404,66640.0,0.0,0.0,0.0,2,66730.0,66790.0,1,66700.0,66640.0,66640.0,66640.0,1.0,333200.0,371
2023-05-09 22:09:09,cu2404,cu2404,66640.0,0.0,0.0,0.0,3,66730.0,66790.0,1,66700.0,66640.0,66640.0,66640.0,1.0,333200.0,371
2023-05-09 22:09:10,cu2404,cu2404,66640.0,0.0,0.0,0.0,1,66730.0,66790.0,1,66700.0,66640.0,66640.0,66640.0,1.0,333200.0,371
2023-05-09 22:09:12,cu2404,cu2404,66640.0,0.0,0.0,0.0,1,66730.0,66830.0,1,66700.0,66640.0,66640.0,66640.0,1.0,333200.0,371
2023-05-09 22:09:12,cu2404,cu2404,66640.0,0.0,0.0,0.0,1,66730.0,66810.0,1,66700.0,66640.0,66640.0,66640.0,1.0,333200.0,371
2023-05-09 22:09:13,cu2404,cu2404,66640.0,0.0,0.0,0.0,1,66730.0,66800.0,1,66700.0,66640.0,66640.0,66640.0,1.0,333200.0,371
2023-05-09 22:09:13,cu2404,cu2404,66640.0,0.0,0.0,0.0,1,66730.0,66800.0,1,66700.0,66640.0,66640.0,66640.0,1.0,333200.0,371
2023-05-09 22:09:14,cu2404,cu2404,66640.0,0.0,0.0,0.0,1,66730.0,66810.0,1,66700.0,66640.0,66640.0,66640.0,1.0,333200.0,371
2023-05-09 22:09:14,cu2404,cu2404,66640.0,0.0,0.0,0.0,1,66730.0,66800.0,1,66700.0,66640.0,66640.0,66640.0,1.0,333200.0,371
2023-05-09 22:09:15,cu2404,cu2404,66640.0,0.0,0.0,0.0,1,66730.0,66800.0,1,66700.0,66640.0,66640.0,66640.0,1.0,333200.0,371
2023-05-09 22:09:22,cu2404,cu2404,66640.0,0.0,0.0,0.0,1,66630.0,66800.0,1,66700.0,66640.0,66640.0,66640.0,1.0,333200.0,371
2023-05-09 22:09:23,cu2404,cu2404,66640.0,0.0,0.0,0.0,2,66640.0,66800.0,1,66700.0,66640.0,66640.0,66640.0,1.0,333200.0,371
2023-05-09 22:09:23,cu2404,cu2404,66640.0,0.0,0.0,0.0,6,66650.0,66790.0,1,66700.0,66640.0,66640.0,66640.0,1.0,333200.0,371
2023-05-09 22:09:24,cu2404,cu2404,66640.0,0.0,0.0,0.0,1,66660.0,66790.0,1,66700.0,66640.0,66640.0,66640.0,1.0,333200.0,371
2023-05-09 22:09:24,cu2404,cu2404,66640.0,0.0,0.0,0.0,2,66680.0,66790.0,1,66700.0,66640.0,66640.0,66640.0,1.0,333200.0,371
2023-05-09 22:09:25,cu2404,cu2404,66640.0,0.0,0.0,0.0,4,66690.0,66790.0,1,66700.0,66640.0,66640.0,66640.0,1.0,333200.0,371
2023-05-09 22:09:25,cu2404,cu2404,66640.0,0.0,0.0,0.0,4,66690.0,66790.0,1,66700.0,66640.0,66640.0,66640.0,1.0,333200.0,371
2023-05-09 22:09:26,cu2404,cu2404,66640.0,0.0,0.0,0.0,3,66700.0,66790.0,1,66700.0,66640.0,66640.0,66640.0,1.0,333200.0,371
2023-05-09 22:09:26,cu2404,cu2404,66640.0,0.0,0.0,0.0,1,66710.0,66790.0,1,66700.0,66640.0,66640.0,66640.0,1.0,333200.0,371
2023-05-09 22:09:29,cu2404,cu2404,66640.0,0.0,0.0,0.0,1,66710.0,66800.0,1,66700.0,66640.0,66640.0,66640.0,1.0,333200.0,371
2023-05-09 22:09:33,cu2404,cu2404,66640.0,0.0,0.0,0.0,1,66710.0,66800.0,1,66700.0,66640.0,66640.0,66640.0,1.0,333200.0,371
2023-05-09 22:09:33,cu2404,cu2404,66640.0,0.0,0.0,0.0,2,66740.0,66800.0,1,66700.0,66640.0,66640.0,66640.0,1.0,333200.0,371
2023-05-09 22:09:34,cu2404,cu2404,66640.0,0.0,0.0,0.0,1,66720.0,66800.0,1,66700.0,66640.0,66640.0,66640.0,1.0,333200.0,371
2023-05-09 22:09:34,cu2404,cu2404,66640.0,0.0,0.0,0.0,1,66730.0,66800.0,1,66700.0,66640.0,66640.0,66640.0,1.0,333200.0,371
2023-05-09 22:09:35,cu2404,cu2404,66640.0,0.0,0.0,0.0,1,66730.0,66800.0,1,66700.0,66640.0,66640.0,66640.0,1.0,333200.0,371
2023-05-09 22:09:36,cu2404,cu2404,66640.0,0.0,0.0,0.0,1,66630.0,66800.0,1,66700.0,66640.0,66640.0,66640.0,1.0,333200.0,371
2023-05-09 22:09:36,cu2404,cu2404,66640.0,0.0,0.0,0.0,10,66640.0,66800.0,1,66700.0,66640.0,66640.0,66640.0,1.0,333200.0,371
2023-05-09 22:09:38,cu2404,cu2404,66640.0,0.0,0.0,0.0,3,66650.0,66800.0,1,66700.0,66640.0,66640.0,66640.0,1.0,333200.0,371
2023-05-09 22:09:38,cu2404,cu2404,66640.0,0.0,0.0,0.0,1,66660.0,66800.0,1,66700.0,66640.0,66640.0,66640.0,1.0,333200.0,371
2023-05-09 22:09:39,cu2404,cu2404,66640.0,0.0,0.0,0.0,3,66700.0,66800.0,1,66700.0,66640.0,66640.0,66640.0,1.0,333200.0,371
2023-05-09 22:09:39,cu2404,cu2404,66640.0,0.0,0.0,0.0,1,66710.0,66800.0,1,66700.0,66640.0,66640.0,66640.0,1.0,333200.0,371
2023-05-09 22:09:42,cu2404,cu2404,66640.0,0.0,0.0,0.0,1,66710.0,66800.0,1,66700.0,66640.0,66640.0,66640.0,1.0,333200.0,371
2023-05-09 22:10:00,cu2404,cu2404,66640.0,0.0,0.0,0.0,1,66710.0,66800.0,1,66700.0,66640.0,66640.0,66640.0,1.0,333200.0,371
2023-05-09 22:10:11,cu2404,cu2404,66640.0,0.0,0.0,0.0,1,66710.0,66790.0,1,66700.0,66640.0,66640.0,66640.0,1.0,333200.0,371
2023-05-09 22:10:12,cu2404,cu2404,66640.0,0.0,0.0,0.0,1,66710.0,66790.0,1,66700.0,66640.0,66640.0,66640.0,1.0,333200.0,371
2023-05-09 22:10:13,cu2404,cu2404,66640.0,0.0,0.0,0.0,2,66700.0,66790.0,1,66700.0,66640.0,66640.0,66640.0,1.0,333200.0,371
2023-05-09 22:10:13,cu2404,cu2404,66640.0,0.0,0.0,0.0,3,66700.0,66780.0,1,66700.0,66640.0,66640.0,66640.0,1.0,333200.0,371
2023-05-09 22:10:14,cu2404,cu2404,66640.0,0.0,0.0,0.0,1,66700.0,66780.0,1,66700.0,66640.0,66640.0,66640.0,1.0,333200.0,371
2023-05-09 22:10:17,cu2404,cu2404,66640.0,0.0,0.0,0.0,1,66700.0,66780.0,1,66700.0,66640.0,66640.0,66640.0,1.0,333200.0,371
2023-05-09 22:10:19,cu2404,cu2404,66640.0,0.0,0.0,0.0,1,66710.0,66780.0,1,66700.0,66640.0,66640.0,66640.0,1.0,333200.0,371
2023-05-09 22:10:19,cu2404,cu2404,66640.0,0.0,0.0,0.0,1,66630.0,66780.0,1,66700.0,66640.0,66640.0,66640.0,1.0,333200.0,371
2023-05-09 22:10:20,cu2404,cu2404,66640.0,0.0,0.0,0.0,4,66640.0,66780.0,1,66700.0,66640.0,66640.0,66640.0,1.0,333200.0,371
2023-05-09 22:10:20,cu2404,cu2404,66640.0,0.0,0.0,0.0,3,66650.0,66790.0,1,66700.0,66640.0,66640.0,66640.0,1.0,333200.0,371
2023-05-09 22:10:21,cu2404,cu2404,66640.0,0.0,0.0,0.0,1,66660.0,66780.0,2,66700.0,66640.0,66640.0,66640.0,1.0,333200.0,371
2023-05-09 22:10:21,cu2404,cu2404,66640.0,0.0,0.0,0.0,1,66660.0,66780.0,1,66700.0,66640.0,66640.0,66640.0,1.0,333200.0,371
2023-05-09 22:10:22,cu2404,cu2404,66640.0,0.0,0.0,0.0,6,66670.0,66780.0,1,66700.0,66640.0,66640.0,66640.0,1.0,333200.0,371
2023-05-09 22:10:22,cu2404,cu2404,66640.0,0.0,0.0,0.0,1,66680.0,66780.0,1,66700.0,66640.0,66640.0,66640.0,1.0,333200.0,371
2023-05-09 22:10:23,cu2404,cu2404,66640.0,0.0,0.0,0.0,1,66680.0,66780.0,1,66700.0,66640.0,66640.0,66640.0,1.0,333200.0,371
2023-05-09 22:10:23,cu2404,cu2404,66640.0,0.0,0.0,0.0,1,66680.0,66780.0,1,66700.0,66640.0,66640.0,66640.0,1.0,333200.0,371
2023-05-09 22:10:24,cu2404,cu2404,66640.0,0.0,0.0,0.0,4,66680.0,66780.0,1,66700.0,66640.0,66640.0,66640.0,1.0,333200.0,371
2023-05-09 22:10:25,cu2404,cu2404,66640.0,0.0,0.0,0.0,4,66680.0,66780.0,1,66700.0,66640.0,66640.0,66640.0,1.0,333200.0,371
2023-05-09 22:10:26,cu2404,cu2404,66640.0,0.0,0.0,0.0,2,66690.0,66780.0,1,66700.0,66640.0,66640.0,66640.0,1.0,333200.0,371
2023-05-09 22:10:26,cu2404,cu2404,66640.0,0.0,0.0,0.0,1,66700.0,66780.0,1,66700.0,66640.0,66640.0,66640.0,1.0,333200.0,371
2023-05-09 22:10:47,cu2404,cu2404,66640.0,0.0,0.0,0.0,1,66700.0,66770.0,1,66700.0,66640.0,66640.0,66640.0,1.0,333200.0,371
2023-05-09 22:10:48,cu2404,cu2404,66640.0,0.0,0.0,0.0,1,66700.0,66770.0,1,66700.0,66640.0,66640.0,66640.0,1.0,333200.0,371
2023-05-09 22:10:54,cu2404,cu2404,66640.0,0.0,0.0,0.0,1,66670.0,66770.0,1,66700.0,66640.0,66640.0,66640.0,1.0,333200.0,371
2023-05-09 22:10:55,cu2404,cu2404,66640.0,0.0,0.0,0.0,1,66680.0,66770.0,1,66700.0,66640.0,66640.0,66640.0,1.0,333200.0,371
2023-05-09 22:10:57,cu2404,cu2404,66640.0,0.0,0.0,0.0,1,66680.0,66770.0,2,66700.0,66640.0,66640.0,66640.0,1.0,333200.0,371
2023-05-09 22:10:58,cu2404,cu2404,66640.0,0.0,0.0,0.0,1,66680.0,66760.0,1,66700.0,66640.0,66640.0,66640.0,1.0,333200.0,371
2023-05-09 22:10:58,cu2404,cu2404,66640.0,0.0,0.0,0.0,1,66680.0,66760.0,1,66700.0,66640.0,66640.0,66640.0,1.0,333200.0,371
2023-05-09 22:11:05,cu2404,cu2404,66640.0,0.0,0.0,0.0,1,66680.0,66760.0,1,66700.0,66640.0,66640.0,66640.0,1.0,333200.0,371
2023-05-09 22:12:01,cu2404,cu2404,66640.0,0.0,0.0,0.0,1,66680.0,66750.0,1,66700.0,66640.0,66640.0,66640.0,1.0,333200.0,371
2023-05-09 22:12:02,cu2404,cu2404,66640.0,0.0,0.0,0.0,1,66630.0,66750.0,1,66700.0,66640.0,66640.0,66640.0,1.0,333200.0,371
2023-05-09 22:12:03,cu2404,cu2404,66640.0,0.0,0.0,0.0,1,66640.0,66750.0,1,66700.0,66640.0,66640.0,66640.0,1.0,333200.0,371
2023-05-09 22:12:03,cu2404,cu2404,66640.0,0.0,0.0,0.0,7,66640.0,66750.0,1,66700.0,66640.0,66640.0,66640.0,1.0,333200.0,371
2023-05-09 22:12:04,cu2404,cu2404,66640.0,0.0,0.0,0.0,6,66640.0,66750.0,1,66700.0,66640.0,66640.0,66640.0,1.0,333200.0,371
2023-05-09 22:12:06,cu2404,cu2404,66640.0,0.0,0.0,0.0,6,66640.0,66750.0,1,66700.0,66640.0,66640.0,66640.0,1.0,333200.0,371
2023-05-09 22:12:07,cu2404,cu2404,66640.0,0.0,0.0,0.0,6,66640.0,66740.0,1,66700.0,66640.0,66640.0,66640.0,1.0,333200.0,371
2023-05-09 22:12:07,cu2404,cu2404,66640.0,0.0,0.0,0.0,6,66640.0,66740.0,1,66700.0,66640.0,66640.0,66640.0,1.0,333200.0,371
2023-05-09 22:12:10,cu2404,cu2404,66640.0,0.0,0.0,0.0,3,66640.0,66730.0,1,66700.0,66640.0,66640.0,66640.0,1.0,333200.0,371
2023-05-09 22:12:11,cu2404,cu2404,66640.0,0.0,0.0,0.0,3,66640.0,66730.0,1,66700.0,66640.0,66640.0,66640.0,1.0,333200.0,371
2023-05-09 22:12:11,cu2404,cu2404,66640.0,0.0,0.0,0.0,3,66640.0,66730.0,1,66700.0,66640.0,66640.0,66640.0,1.0,333200.0,371
2023-05-09 22:12:12,cu2404,cu2404,66640.0,0.0,0.0,0.0,1,66640.0,66730.0,1,66700.0,66640.0,66640.0,66640.0,1.0,333200.0,371
2023-05-09 22:12:13,cu2404,cu2404,66640.0,0.0,0.0,0.0,1,66640.0,66850.0,1,66700.0,66640.0,66640.0,66640.0,1.0,333200.0,371
2023-05-09 22:12:13,cu2404,cu2404,66640.0,0.0,0.0,0.0,1,66640.0,66750.0,1,66700.0,66640.0,66640.0,66640.0,1.0,333200.0,371
2023-05-09 22:12:14,cu2404,cu2404,66640.0,0.0,0.0,0.0,1,66640.0,66750.0,2,66700.0,66640.0,66640.0,66640.0,1.0,333200.0,371
2023-05-09 22:12:14,cu2404,cu2404,66640.0,0.0,0.0,0.0,1,66640.0,66740.0,1,66700.0,66640.0,66640.0,66640.0,1.0,333200.0,371
2023-05-09 22:12:15,cu2404,cu2404,66640.0,0.0,0.0,0.0,1,66640.0,66730.0,1,66700.0,66640.0,66640.0,66640.0,1.0,333200.0,371
2023-05-09 22:12:15,cu2404,cu2404,66640.0,0.0,0.0,0.0,1,66640.0,66730.0,2,66700.0,66640.0,66640.0,66640.0,1.0,333200.0,371
2023-05-09 22:12:16,cu2404,cu2404,66640.0,0.0,0.0,0.0,1,66640.0,66730.0,2,66700.0,66640.0,66640.0,66640.0,1.0,333200.0,371
2023-05-09 22:12:16,cu2404,cu2404,66640.0,0.0,0.0,0.0,1,66640.0,66730.0,2,66700.0,66640.0,66640.0,66640.0,1.0,333200.0,371
2023-05-09 22:12:26,cu2404,cu2404,66640.0,0.0,0.0,0.0,1,66640.0,66730.0,3,66700.0,66640.0,66640.0,66640.0,1.0,333200.0,371
2023-05-09 22:12:29,cu2404,cu2404,66640.0,0.0,0.0,0.0,1,66640.0,66730.0,2,66700.0,66640.0,66640.0,66640.0,1.0,333200.0,371
2023-05-09 22:12:33,cu2404,cu2404,66640.0,0.0,0.0,0.0,1,66640.0,66730.0,1,66700.0,66640.0,66640.0,66640.0,1.0,333200.0,371
2023-05-09 22:12:34,cu2404,cu2404,66640.0,0.0,0.0,0.0,1,66640.0,66760.0,1,66700.0,66640.0,66640.0,66640.0,1.0,333200.0,371
2023-05-09 22:12:34,cu2404,cu2404,66640.0,0.0,0.0,0.0,1,66640.0,66750.0,2,66700.0,66640.0,66640.0,66640.0,1.0,333200.0,371
2023-05-09 22:12:35,cu2404,cu2404,66640.0,0.0,0.0,0.0,1,66640.0,66750.0,3,66700.0,66640.0,66640.0,66640.0,1.0,333200.0,371
2023-05-09 22:12:36,cu2404,cu2404,66640.0,0.0,0.0,0.0,2,66650.0,66750.0,3,66700.0,66640.0,66640.0,66640.0,1.0,333200.0,371
2023-05-09 22:12:36,cu2404,cu2404,66640.0,0.0,0.0,0.0,1,66660.0,66750.0,3,66700.0,66640.0,66640.0,66640.0,1.0,333200.0,371
2023-05-09 22:12:39,cu2404,cu2404,66640.0,0.0,0.0,0.0,1,66660.0,66750.0,2,66700.0,66640.0,66640.0,66640.0,1.0,333200.0,371
2023-05-09 22:12:44,cu2404,cu2404,66640.0,0.0,0.0,0.0,1,66660.0,66750.0,3,66700.0,66640.0,66640.0,66640.0,1.0,333200.0,371
2023-05-09 22:12:45,cu2404,cu2404,66640.0,0.0,0.0,0.0,1,66660.0,66750.0,4,66700.0,66640.0,66640.0,66640.0,1.0,333200.0,371
2023-05-09 22:12:55,cu2404,cu2404,66640.0,0.0,0.0,0.0,1,66660.0,66750.0,3,66700.0,66640.0,66640.0,66640.0,1.0,333200.0,371
2023-05-09 22:13:00,cu2404,cu2404,66640.0,0.0,0.0,0.0,1,66660.0,66750.0,4,66700.0,66640.0,66640.0,66640.0,1.0,333200.0,371
2023-05-09 22:13:05,cu2404,cu2404,66640.0,0.0,0.0,0.0,1,66660.0,66750.0,3,66700.0,66640.0,66640.0,66640.0,1.0,333200.0,371
2023-05-09 22:13:06,cu2404,cu2404,66640.0,0.0,0.0,0.0,1,66660.0,66750.0,4,66700.0,66640.0,66640.0,66640.0,1.0,333200.0,371
2023-05-09 22:13:07,cu2404,cu2404,66640.0,0.0,0.0,0.0,1,66660.0,66750.0,3,66700.0,66640.0,66640.0,66640.0,1.0,333200.0,371
2023-05-09 22:13:17,cu2404,cu2404,66640.0,0.0,0.0,0.0,1,66660.0,66750.0,4,66700.0,66640.0,66640.0,66640.0,1.0,333200.0,371
2023-05-09 22:13:18,cu2404,cu2404,66640.0,0.0,0.0,0.0,1,66660.0,66750.0,3,66700.0,66640.0,66640.0,66640.0,1.0,333200.0,371
2023-05-09 22:13:18,cu2404,cu2404,66640.0,0.0,0.0,0.0,1,66660.0,66740.0,1,66700.0,66640.0,66640.0,66640.0,1.0,333200.0,371
2023-05-09 22:13:19,cu2404,cu2404,66640.0,0.0,0.0,0.0,1,66660.0,66740.0,1,66700.0,66640.0,66640.0,66640.0,1.0,333200.0,371
2023-05-09 22:13:20,cu2404,cu2404,66640.0,0.0,0.0,0.0,1,66660.0,66730.0,1,66700.0,66640.0,66640.0,66640.0,1.0,333200.0,371
2023-05-09 22:13:21,cu2404,cu2404,66640.0,0.0,0.0,0.0,1,66660.0,66730.0,1,66700.0,66640.0,66640.0,66640.0,1.0,333200.0,371
2023-05-09 22:13:21,cu2404,cu2404,66640.0,0.0,0.0,0.0,1,66660.0,66740.0,1,66700.0,66640.0,66640.0,66640.0,1.0,333200.0,371
2023-05-09 22:13:23,cu2404,cu2404,66640.0,0.0,0.0,0.0,1,66660.0,66740.0,1,66700.0,66640.0,66640.0,66640.0,1.0,333200.0,371
2023-05-09 22:13:29,cu2404,cu2404,66640.0,0.0,0.0,0.0,2,66670.0,66740.0,1,66700.0,66640.0,66640.0,66640.0,1.0,333200.0,371
2023-05-09 22:13:29,cu2404,cu2404,66640.0,0.0,0.0,0.0,1,66670.0,66740.0,1,66700.0,66640.0,66640.0,66640.0,1.0,333200.0,371
2023-05-09 22:13:30,cu2404,cu2404,66640.0,0.0,0.0,0.0,2,66680.0,66740.0,1,66700.0,66640.0,66640.0,66640.0,1.0,333200.0,371
2023-05-09 22:13:30,cu2404,cu2404,66640.0,0.0,0.0,0.0,2,66680.0,66740.0,1,66700.0,66640.0,66640.0,66640.0,1.0,333200.0,371
2023-05-09 22:13:31,cu2404,cu2404,66640.0,0.0,0.0,0.0,1,66640.0,66740.0,1,66700.0,66640.0,66640.0,66640.0,1.0,333200.0,371
2023-05-09 22:13:31,cu2404,cu2404,66640.0,0.0,0.0,0.0,1,66650.0,66740.0,1,66700.0,66640.0,66640.0,66640.0,1.0,333200.0,371
2023-05-09 22:13:43,cu2404,cu2404,66640.0,0.0,0.0,0.0,1,66650.0,66740.0,1,66700.0,66640.0,66640.0,66640.0,1.0,333200.0,371
2023-05-09 22:13:44,cu2404,cu2404,66640.0,0.0,0.0,0.0,1,66660.0,66740.0,1,66700.0,66640.0,66640.0,66640.0,1.0,333200.0,371
2023-05-09 22:13:44,cu2404,cu2404,66640.0,0.0,0.0,0.0,4,66660.0,66740.0,1,66700.0,66640.0,66640.0,66640.0,1.0,333200.0,371
2023-05-09 22:13:45,cu2404,cu2404,66640.0,0.0,0.0,0.0,3,66660.0,66740.0,1,66700.0,66640.0,66640.0,66640.0,1.0,333200.0,371
2023-05-09 22:13:46,cu2404,cu2404,66640.0,0.0,0.0,0.0,1,66660.0,66740.0,1,66700.0,66640.0,66640.0,66640.0,1.0,333200.0,371
2023-05-09 22:13:59,cu2404,cu2404,66640.0,0.0,0.0,0.0,1,66580.0,66740.0,1,66700.0,66640.0,66640.0,66640.0,1.0,333200.0,371
2023-05-09 22:14:00,cu2404,cu2404,66640.0,0.0,0.0,0.0,4,66590.0,66740.0,1,66700.0,66640.0,66640.0,66640.0,1.0,333200.0,371
2023-05-09 22:14:00,cu2404,cu2404,66640.0,0.0,0.0,0.0,3,66600.0,66740.0,1,66700.0,66640.0,66640.0,66640.0,1.0,333200.0,371
2023-05-09 22:14:01,cu2404,cu2404,66640.0,0.0,0.0,0.0,1,66610.0,66740.0,1,66700.0,66640.0,66640.0,66640.0,1.0,333200.0,371
2023-05-09 22:14:01,cu2404,cu2404,66640.0,0.0,0.0,0.0,2,66640.0,66740.0,1,66700.0,66640.0,66640.0,66640.0,1.0,333200.0,371
2023-05-09 22:14:02,cu2404,cu2404,66640.0,0.0,0.0,0.0,1,66650.0,66740.0,1,66700.0,66640.0,66640.0,66640.0,1.0,333200.0,371
2023-05-09 22:14:35,cu2404,cu2404,66640.0,0.0,0.0,0.0,1,66650.0,66740.0,1,66700.0,66640.0,66640.0,66640.0,1.0,333200.0,371
2023-05-09 22:14:42,cu2404,cu2404,66640.0,0.0,0.0,0.0,4,66650.0,66740.0,1,66700.0,66640.0,66640.0,66640.0,1.0,333200.0,371
2023-05-09 22:14:42,cu2404,cu2404,66640.0,0.0,0.0,0.0,1,66650.0,66740.0,1,66700.0,66640.0,66640.0,66640.0,1.0,333200.0,371
2023-05-09 22:14:51,cu2404,cu2404,66640.0,0.0,0.0,0.0,2,66660.0,66740.0,1,66700.0,66640.0,66640.0,66640.0,1.0,333200.0,371
2023-05-09 22:14:52,cu2404,cu2404,66640.0,0.0,0.0,0.0,1,66670.0,66740.0,1,66700.0,66640.0,66640.0,66640.0,1.0,333200.0,371
2023-05-09 22:15:04,cu2404,cu2404,66640.0,0.0,0.0,0.0,1,66630.0,66740.0,1,66700.0,66640.0,66640.0,66640.0,1.0,333200.0,371
2023-05-09 22:15:05,cu2404,cu2404,66640.0,0.0,0.0,0.0,1,66640.0,66740.0,1,66700.0,66640.0,66640.0,66640.0,1.0,333200.0,371
2023-05-09 22:15:05,cu2404,cu2404,66640.0,0.0,0.0,0.0,4,66640.0,66740.0,1,66700.0,66640.0,66640.0,66640.0,1.0,333200.0,371
2023-05-09 22:15:06,cu2404,cu2404,66640.0,0.0,0.0,0.0,4,66640.0,66740.0,1,66700.0,66640.0,66640.0,66640.0,1.0,333200.0,371
2023-05-09 22:15:06,cu2404,cu2404,66640.0,0.0,0.0,0.0,3,66650.0,66740.0,1,66700.0,66640.0,66640.0,66640.0,1.0,333200.0,371
2023-05-09 22:15:07,cu2404,cu2404,66640.0,0.0,0.0,0.0,1,66660.0,66740.0,1,66700.0,66640.0,66640.0,66640.0,1.0,333200.0,371
2023-05-09 22:15:17,cu2404,cu2404,66640.0,0.0,0.0,0.0,1,66660.0,66750.0,1,66700.0,66640.0,66640.0,66640.0,1.0,333200.0,371
2023-05-09 22:15:19,cu2404,cu2404,66640.0,0.0,0.0,0.0,1,66660.0,66740.0,1,66700.0,66640.0,66640.0,66640.0,1.0,333200.0,371
2023-05-09 22:15:21,cu2404,cu2404,66640.0,0.0,0.0,0.0,1,66660.0,66750.0,1,66700.0,66640.0,66640.0,66640.0,1.0,333200.0,371
2023-05-09 22:15:23,cu2404,cu2404,66640.0,0.0,0.0,0.0,1,66660.0,66740.0,1,66700.0,66640.0,66640.0,66640.0,1.0,333200.0,371
2023-05-09 22:15:31,cu2404,cu2404,66640.0,0.0,0.0,0.0,3,66650.0,66740.0,2,66700.0,66640.0,66640.0,66640.0,1.0,333200.0,371
2023-05-09 22:15:31,cu2404,cu2404,66640.0,0.0,0.0,0.0,4,66650.0,66740.0,2,66700.0,66640.0,66640.0,66640.0,1.0,333200.0,371
2023-05-09 22:15:32,cu2404,cu2404,66640.0,0.0,0.0,0.0,1,66580.0,66740.0,3,66700.0,66640.0,66640.0,66640.0,1.0,333200.0,371
2023-05-09 22:15:32,cu2404,cu2404,66640.0,0.0,0.0,0.0,4,66590.0,66730.0,1,66700.0,66640.0,66640.0,66640.0,1.0,333200.0,371
2023-05-09 22:15:33,cu2404,cu2404,66640.0,0.0,0.0,0.0,3,66600.0,66730.0,1,66700.0,66640.0,66640.0,66640.0,1.0,333200.0,371
2023-05-09 22:15:33,cu2404,cu2404,66640.0,0.0,0.0,0.0,2,66610.0,66730.0,1,66700.0,66640.0,66640.0,66640.0,1.0,333200.0,371
2023-05-09 22:15:34,cu2404,cu2404,66640.0,0.0,0.0,0.0,2,66610.0,66720.0,1,66700.0,66640.0,66640.0,66640.0,1.0,333200.0,371
2023-05-09 22:15:34,cu2404,cu2404,66640.0,0.0,0.0,0.0,5,66610.0,66720.0,1,66700.0,66640.0,66640.0,66640.0,1.0,333200.0,371
2023-05-09 22:15:35,cu2404,cu2404,66640.0,0.0,0.0,0.0,7,66610.0,66720.0,1,66700.0,66640.0,66640.0,66640.0,1.0,333200.0,371
2023-05-09 22:15:57,cu2404,cu2404,66640.0,0.0,0.0,0.0,7,66610.0,66730.0,1,66700.0,66640.0,66640.0,66640.0,1.0,333200.0,371
2023-05-09 22:15:58,cu2404,cu2404,66640.0,0.0,0.0,0.0,8,66610.0,66730.0,1,66700.0,66640.0,66640.0,66640.0,1.0,333200.0,371
2023-05-09 22:16:00,cu2404,cu2404,66640.0,0.0,0.0,0.0,7,66610.0,66730.0,1,66700.0,66640.0,66640.0,66640.0,1.0,333200.0,371
2023-05-09 22:16:01,cu2404,cu2404,66640.0,0.0,0.0,0.0,7,66610.0,66730.0,1,66700.0,66640.0,66640.0,66640.0,1.0,333200.0,371
2023-05-09 22:16:01,cu2404,cu2404,66640.0,0.0,0.0,0.0,7,66610.0,66730.0,1,66700.0,66640.0,66640.0,66640.0,1.0,333200.0,371
2023-05-09 22:16:02,cu2404,cu2404,66640.0,0.0,0.0,0.0,7,66610.0,66720.0,1,66700.0,66640.0,66640.0,66640.0,1.0,333200.0,371
2023-05-09 22:16:02,cu2404,cu2404,66640.0,0.0,0.0,0.0,7,66610.0,66730.0,1,66700.0,66640.0,66640.0,66640.0,1.0,333200.0,371
2023-05-09 22:16:04,cu2404,cu2404,66640.0,0.0,0.0,0.0,10,66610.0,66730.0,1,66700.0,66640.0,66640.0,66640.0,1.0,333200.0,371
2023-05-09 22:16:04,cu2404,cu2404,66640.0,0.0,0.0,0.0,10,66610.0,66760.0,1,66700.0,66640.0,66640.0,66640.0,1.0,333200.0,371
2023-05-09 22:16:05,cu2404,cu2404,66640.0,0.0,0.0,0.0,10,66610.0,66750.0,1,66700.0,66640.0,66640.0,66640.0,1.0,333200.0,371
2023-05-09 22:16:05,cu2404,cu2404,66640.0,0.0,0.0,0.0,10,66610.0,66750.0,2,66700.0,66640.0,66640.0,66640.0,1.0,333200.0,371
2023-05-09 22:16:10,cu2404,cu2404,66640.0,0.0,0.0,0.0,7,66610.0,66750.0,2,66700.0,66640.0,66640.0,66640.0,1.0,333200.0,371
2023-05-09 22:16:10,cu2404,cu2404,66640.0,0.0,0.0,0.0,3,66620.0,66750.0,2,66700.0,66640.0,66640.0,66640.0,1.0,333200.0,371
2023-05-09 22:16:11,cu2404,cu2404,66640.0,0.0,0.0,0.0,1,66630.0,66750.0,2,66700.0,66640.0,66640.0,66640.0,1.0,333200.0,371
2023-05-09 22:16:11,cu2404,cu2404,66640.0,0.0,0.0,0.0,7,66630.0,66750.0,2,66700.0,66640.0,66640.0,66640.0,1.0,333200.0,371
2023-05-09 22:16:13,cu2404,cu2404,66640.0,0.0,0.0,0.0,7,66630.0,66750.0,2,66700.0,66640.0,66640.0,66640.0,1.0,333200.0,371
2023-05-09 22:16:27,cu2404,cu2404,66640.0,0.0,0.0,0.0,7,66630.0,66760.0,1,66700.0,66640.0,66640.0,66640.0,1.0,333200.0,371
2023-05-09 22:16:28,cu2404,cu2404,66640.0,0.0,0.0,0.0,10,66630.0,66760.0,1,66700.0,66640.0,66640.0,66640.0,1.0,333200.0,371
2023-05-09 22:16:37,cu2404,cu2404,66640.0,0.0,0.0,0.0,7,66630.0,66970.0,1,66700.0,66640.0,66640.0,66640.0,1.0,333200.0,371
2023-05-09 22:16:38,cu2404,cu2404,66640.0,0.0,0.0,0.0,3,66640.0,66790.0,1,66700.0,66640.0,66640.0,66640.0,1.0,333200.0,371
2023-05-09 22:16:38,cu2404,cu2404,66640.0,0.0,0.0,0.0,1,66650.0,66790.0,1,66700.0,66640.0,66640.0,66640.0,1.0,333200.0,371
2023-05-09 22:16:39,cu2404,cu2404,66640.0,0.0,0.0,0.0,6,66660.0,66780.0,1,66700.0,66640.0,66640.0,66640.0,1.0,333200.0,371
2023-05-09 22:16:39,cu2404,cu2404,66640.0,0.0,0.0,0.0,1,66670.0,66780.0,1,66700.0,66640.0,66640.0,66640.0,1.0,333200.0,371
2023-05-09 22:16:40,cu2404,cu2404,66640.0,0.0,0.0,0.0,1,66670.0,66770.0,1,66700.0,66640.0,66640.0,66640.0,1.0,333200.0,371
2023-05-09 22:16:40,cu2404,cu2404,66640.0,0.0,0.0,0.0,1,66670.0,66770.0,1,66700.0,66640.0,66640.0,66640.0,1.0,333200.0,371
2023-05-09 22:16:41,cu2404,cu2404,66640.0,0.0,0.0,0.0,1,66670.0,66770.0,1,66700.0,66640.0,66640.0,66640.0,1.0,333200.0,371
2023-05-09 22:16:43,cu2404,cu2404,66640.0,0.0,0.0,0.0,4,66670.0,66770.0,1,66700.0,66640.0,66640.0,66640.0,1.0,333200.0,371
2023-05-09 22:16:43,cu2404,cu2404,66640.0,0.0,0.0,0.0,4,66670.0,66770.0,1,66700.0,66640.0,66640.0,66640.0,1.0,333200.0,371
2023-05-09 22:16:45,cu2404,cu2404,66640.0,0.0,0.0,0.0,1,66670.0,66770.0,1,66700.0,66640.0,66640.0,66640.0,1.0,333200.0,371
2023-05-09 22:16:46,cu2404,cu2404,66640.0,0.0,0.0,0.0,1,66670.0,66760.0,1,66700.0,66640.0,66640.0,66640.0,1.0,333200.0,371
2023-05-09 22:16:47,cu2404,cu2404,66640.0,0.0,0.0,0.0,1,66670.0,66760.0,1,66700.0,66640.0,66640.0,66640.0,1.0,333200.0,371
2023-05-09 22:16:49,cu2404,cu2404,66640.0,0.0,0.0,0.0,1,66670.0,66780.0,1,66700.0,66640.0,66640.0,66640.0,1.0,333200.0,371
2023-05-09 22:16:50,cu2404,cu2404,66640.0,0.0,0.0,0.0,1,66670.0,66770.0,1,66700.0,66640.0,66640.0,66640.0,1.0,333200.0,371
2023-05-09 22:16:51,cu2404,cu2404,66640.0,0.0,0.0,0.0,1,66670.0,66760.0,1,66700.0,66640.0,66640.0,66640.0,1.0,333200.0,371
2023-05-09 22:16:52,cu2404,cu2404,66640.0,0.0,0.0,0.0,1,66670.0,66770.0,1,66700.0,66640.0,66640.0,66640.0,1.0,333200.0,371
2023-05-09 22:16:52,cu2404,cu2404,66640.0,0.0,0.0,0.0,3,66680.0,66770.0,1,66700.0,66640.0,66640.0,66640.0,1.0,333200.0,371
2023-05-09 22:16:53,cu2404,cu2404,66640.0,0.0,0.0,0.0,1,66690.0,66770.0,1,66700.0,66640.0,66640.0,66640.0,1.0,333200.0,371
2023-05-09 22:16:53,cu2404,cu2404,66640.0,0.0,0.0,0.0,1,66690.0,66770.0,1,66700.0,66640.0,66640.0,66640.0,1.0,333200.0,371
2023-05-09 22:16:54,cu2404,cu2404,66640.0,0.0,0.0,0.0,1,66690.0,66770.0,1,66700.0,66640.0,66640.0,66640.0,1.0,333200.0,371
2023-05-09 22:17:25,cu2404,cu2404,66640.0,0.0,0.0,0.0,1,66580.0,66770.0,1,66700.0,66640.0,66640.0,66640.0,1.0,333200.0,371
2023-05-09 22:17:25,cu2404,cu2404,66640.0,0.0,0.0,0.0,11,66590.0,66770.0,2,66700.0,66640.0,66640.0,66640.0,1.0,333200.0,371
2023-05-09 22:17:26,cu2404,cu2404,66640.0,0.0,0.0,0.0,3,66600.0,66770.0,2,66700.0,66640.0,66640.0,66640.0,1.0,333200.0,371
2023-05-09 22:17:27,cu2404,cu2404,66640.0,0.0,0.0,0.0,1,66610.0,66770.0,2,66700.0,66640.0,66640.0,66640.0,1.0,333200.0,371
2023-05-09 22:17:27,cu2404,cu2404,66640.0,0.0,0.0,0.0,2,66610.0,66770.0,2,66700.0,66640.0,66640.0,66640.0,1.0,333200.0,371
2023-05-09 22:17:28,cu2404,cu2404,66640.0,0.0,0.0,0.0,6,66620.0,66770.0,1,66700.0,66640.0,66640.0,66640.0,1.0,333200.0,371
2023-05-09 22:17:28,cu2404,cu2404,66640.0,0.0,0.0,0.0,2,66630.0,66770.0,1,66700.0,66640.0,66640.0,66640.0,1.0,333200.0,371
2023-05-09 22:17:29,cu2404,cu2404,66640.0,0.0,0.0,0.0,2,66630.0,66770.0,1,66700.0,66640.0,66640.0,66640.0,1.0,333200.0,371
2023-05-09 22:17:29,cu2404,cu2404,66640.0,0.0,0.0,0.0,3,66640.0,66770.0,1,66700.0,66640.0,66640.0,66640.0,1.0,333200.0,371
2023-05-09 22:17:30,cu2404,cu2404,66640.0,0.0,0.0,0.0,2,66670.0,66770.0,1,66700.0,66640.0,66640.0,66640.0,1.0,333200.0,371
2023-05-09 22:17:30,cu2404,cu2404,66640.0,0.0,0.0,0.0,1,66680.0,66770.0,1,66700.0,66640.0,66640.0,66640.0,1.0,333200.0,371
2023-05-09 22:17:32,cu2404,cu2404,66640.0,0.0,0.0,0.0,1,66680.0,66770.0,1,66700.0,66640.0,66640.0,66640.0,1.0,333200.0,371
2023-05-09 22:17:37,cu2404,cu2404,66640.0,0.0,0.0,0.0,1,66680.0,66770.0,1,66700.0,66640.0,66640.0,66640.0,1.0,333200.0,371
2023-05-09 22:17:44,cu2404,cu2404,66640.0,0.0,0.0,0.0,1,66680.0,66780.0,1,66700.0,66640.0,66640.0,66640.0,1.0,333200.0,371
2023-05-09 22:17:44,cu2404,cu2404,66640.0,0.0,0.0,0.0,1,66680.0,66780.0,1,66700.0,66640.0,66640.0,66640.0,1.0,333200.0,371
2023-05-09 22:17:45,cu2404,cu2404,66640.0,0.0,0.0,0.0,2,66690.0,66780.0,1,66700.0,66640.0,66640.0,66640.0,1.0,333200.0,371
2023-05-09 22:17:45,cu2404,cu2404,66640.0,0.0,0.0,0.0,1,66700.0,66780.0,1,66700.0,66640.0,66640.0,66640.0,1.0,333200.0,371
2023-05-09 22:17:46,cu2404,cu2404,66640.0,0.0,0.0,0.0,1,66700.0,66770.0,1,66700.0,66640.0,66640.0,66640.0,1.0,333200.0,371
2023-05-09 22:17:47,cu2404,cu2404,66640.0,0.0,0.0,0.0,1,66700.0,66770.0,1,66700.0,66640.0,66640.0,66640.0,1.0,333200.0,371
2023-05-09 22:17:50,cu2404,cu2404,66640.0,0.0,0.0,0.0,1,66700.0,66780.0,1,66700.0,66640.0,66640.0,66640.0,1.0,333200.0,371
2023-05-09 22:17:51,cu2404,cu2404,66640.0,0.0,0.0,0.0,1,66700.0,66780.0,2,66700.0,66640.0,66640.0,66640.0,1.0,333200.0,371
2023-05-09 22:17:54,cu2404,cu2404,66640.0,0.0,0.0,0.0,1,66700.0,66770.0,1,66700.0,66640.0,66640.0,66640.0,1.0,333200.0,371
2023-05-09 22:17:54,cu2404,cu2404,66640.0,0.0,0.0,0.0,1,66700.0,66780.0,2,66700.0,66640.0,66640.0,66640.0,1.0,333200.0,371
2023-05-09 22:17:57,cu2404,cu2404,66640.0,0.0,0.0,0.0,1,66700.0,66770.0,1,66700.0,66640.0,66640.0,66640.0,1.0,333200.0,371
2023-05-09 22:17:57,cu2404,cu2404,66640.0,0.0,0.0,0.0,1,66700.0,66780.0,3,66700.0,66640.0,66640.0,66640.0,1.0,333200.0,371
2023-05-09 22:18:00,cu2404,cu2404,66640.0,0.0,0.0,0.0,1,66590.0,66780.0,3,66700.0,66640.0,66640.0,66640.0,1.0,333200.0,371
2023-05-09 22:18:01,cu2404,cu2404,66640.0,0.0,0.0,0.0,2,66600.0,66780.0,3,66700.0,66640.0,66640.0,66640.0,1.0,333200.0,371
2023-05-09 22:18:01,cu2404,cu2404,66640.0,0.0,0.0,0.0,8,66610.0,66780.0,3,66700.0,66640.0,66640.0,66640.0,1.0,333200.0,371
2023-05-09 22:18:02,cu2404,cu2404,66640.0,0.0,0.0,0.0,1,66620.0,66780.0,3,66700.0,66640.0,66640.0,66640.0,1.0,333200.0,371
2023-05-09 22:18:02,cu2404,cu2404,66640.0,0.0,0.0,0.0,1,66620.0,66780.0,3,66700.0,66640.0,66640.0,66640.0,1.0,333200.0,371
2023-05-09 22:18:03,cu2404,cu2404,66640.0,0.0,0.0,0.0,6,66630.0,66780.0,4,66700.0,66640.0,66640.0,66640.0,1.0,333200.0,371
2023-05-09 22:18:03,cu2404,cu2404,66640.0,0.0,0.0,0.0,1,66640.0,66780.0,4,66700.0,66640.0,66640.0,66640.0,1.0,333200.0,371
2023-05-09 22:18:04,cu2404,cu2404,66640.0,0.0,0.0,0.0,1,66640.0,66780.0,4,66700.0,66640.0,66640.0,66640.0,1.0,333200.0,371
2023-05-09 22:18:04,cu2404,cu2404,66640.0,0.0,0.0,0.0,3,66650.0,66780.0,4,66700.0,66640.0,66640.0,66640.0,1.0,333200.0,371
2023-05-09 22:18:05,cu2404,cu2404,66640.0,0.0,0.0,0.0,2,66670.0,66760.0,1,66700.0,66640.0,66640.0,66640.0,1.0,333200.0,371
2023-05-09 22:18:05,cu2404,cu2404,66640.0,0.0,0.0,0.0,1,66680.0,66760.0,1,66700.0,66640.0,66640.0,66640.0,1.0,333200.0,371
2023-05-09 22:18:06,cu2404,cu2404,66640.0,0.0,0.0,0.0,1,66680.0,66760.0,1,66700.0,66640.0,66640.0,66640.0,1.0,333200.0,371
2023-05-09 22:18:09,cu2404,cu2404,66640.0,0.0,0.0,0.0,1,66680.0,66750.0,1,66700.0,66640.0,66640.0,66640.0,1.0,333200.0,371
2023-05-09 22:18:09,cu2404,cu2404,66640.0,0.0,0.0,0.0,1,66680.0,66750.0,1,66700.0,66640.0,66640.0,66640.0,1.0,333200.0,371
2023-05-09 22:18:14,cu2404,cu2404,66640.0,0.0,0.0,0.0,1,66680.0,66760.0,1,66700.0,66640.0,66640.0,66640.0,1.0,333200.0,371
2023-05-09 22:18:15,cu2404,cu2404,66640.0,0.0,0.0,0.0,3,66690.0,66760.0,1,66700.0,66640.0,66640.0,66640.0,1.0,333200.0,371
2023-05-09 22:18:15,cu2404,cu2404,66640.0,0.0,0.0,0.0,3,66690.0,66760.0,1,66700.0,66640.0,66640.0,66640.0,1.0,333200.0,371
2023-05-09 22:18:16,cu2404,cu2404,66640.0,0.0,0.0,0.0,1,66590.0,66760.0,1,66700.0,66640.0,66640.0,66640.0,1.0,333200.0,371
2023-05-09 22:18:16,cu2404,cu2404,66640.0,0.0,0.0,0.0,11,66600.0,66760.0,1,66700.0,66640.0,66640.0,66640.0,1.0,333200.0,371
2023-05-09 22:18:17,cu2404,cu2404,66640.0,0.0,0.0,0.0,3,66610.0,66760.0,1,66700.0,66640.0,66640.0,66640.0,1.0,333200.0,371
2023-05-09 22:18:18,cu2404,cu2404,66640.0,0.0,0.0,0.0,1,66620.0,66760.0,1,66700.0,66640.0,66640.0,66640.0,1.0,333200.0,371
2023-05-09 22:18:18,cu2404,cu2404,66640.0,0.0,0.0,0.0,3,66660.0,66760.0,1,66700.0,66640.0,66640.0,66640.0,1.0,333200.0,371
2023-05-09 22:18:19,cu2404,cu2404,66640.0,0.0,0.0,0.0,1,66670.0,66760.0,1,66700.0,66640.0,66640.0,66640.0,1.0,333200.0,371
2023-05-09 22:18:22,cu2404,cu2404,66640.0,0.0,0.0,0.0,1,66670.0,66750.0,1,66700.0,66640.0,66640.0,66640.0,1.0,333200.0,371
2023-05-09 22:18:26,cu2404,cu2404,66640.0,0.0,0.0,0.0,1,66670.0,66760.0,1,66700.0,66640.0,66640.0,66640.0,1.0,333200.0,371
2023-05-09 22:18:48,cu2404,cu2404,66640.0,0.0,0.0,0.0,1,66670.0,66750.0,1,66700.0,66640.0,66640.0,66640.0,1.0,333200.0,371
2023-05-09 22:18:51,cu2404,cu2404,66640.0,0.0,0.0,0.0,1,66670.0,66750.0,1,66700.0,66640.0,66640.0,66640.0,1.0,333200.0,371
2023-05-09 22:18:51,cu2404,cu2404,66640.0,0.0,0.0,0.0,1,66670.0,66790.0,1,66700.0,66640.0,66640.0,66640.0,1.0,333200.0,371
2023-05-09 22:18:52,cu2404,cu2404,66640.0,0.0,0.0,0.0,1,66670.0,66770.0,1,66700.0,66640.0,66640.0,66640.0,1.0,333200.0,371
2023-05-09 22:18:52,cu2404,cu2404,66640.0,0.0,0.0,0.0,1,66670.0,66770.0,1,66700.0,66640.0,66640.0,66640.0,1.0,333200.0,371
2023-05-09 22:18:53,cu2404,cu2404,66640.0,0.0,0.0,0.0,1,66670.0,66760.0,1,66700.0,66640.0,66640.0,66640.0,1.0,333200.0,371
2023-05-09 22:18:54,cu2404,cu2404,66640.0,0.0,0.0,0.0,1,66670.0,66760.0,1,66700.0,66640.0,66640.0,66640.0,1.0,333200.0,371
2023-05-09 22:18:55,cu2404,cu2404,66640.0,0.0,0.0,0.0,1,66670.0,66770.0,1,66700.0,66640.0,66640.0,66640.0,1.0,333200.0,371
2023-05-09 22:18:56,cu2404,cu2404,66640.0,0.0,0.0,0.0,1,66670.0,66770.0,2,66700.0,66640.0,66640.0,66640.0,1.0,333200.0,371
2023-05-09 22:18:57,cu2404,cu2404,66640.0,0.0,0.0,0.0,1,66670.0,66770.0,2,66700.0,66640.0,66640.0,66640.0,1.0,333200.0,371
2023-05-09 22:18:57,cu2404,cu2404,66640.0,0.0,0.0,0.0,1,66670.0,66760.0,1,66700.0,66640.0,66640.0,66640.0,1.0,333200.0,371
2023-05-09 22:18:58,cu2404,cu2404,66640.0,0.0,0.0,0.0,1,66670.0,66760.0,1,66700.0,66640.0,66640.0,66640.0,1.0,333200.0,371
2023-05-09 22:19:01,cu2404,cu2404,66640.0,0.0,0.0,0.0,1,66670.0,66750.0,1,66700.0,66640.0,66640.0,66640.0,1.0,333200.0,371
2023-05-09 22:19:01,cu2404,cu2404,66640.0,0.0,0.0,0.0,1,66670.0,66750.0,1,66700.0,66640.0,66640.0,66640.0,1.0,333200.0,371
2023-05-09 22:19:02,cu2404,cu2404,66640.0,0.0,0.0,0.0,1,66670.0,66790.0,1,66700.0,66640.0,66640.0,66640.0,1.0,333200.0,371
2023-05-09 22:19:02,cu2404,cu2404,66640.0,0.0,0.0,0.0,1,66670.0,66770.0,1,66700.0,66640.0,66640.0,66640.0,1.0,333200.0,371
2023-05-09 22:19:03,cu2404,cu2404,66640.0,0.0,0.0,0.0,1,66670.0,66760.0,1,66700.0,66640.0,66640.0,66640.0,1.0,333200.0,371
2023-05-09 22:19:04,cu2404,cu2404,66640.0,0.0,0.0,0.0,1,66670.0,66760.0,1,66700.0,66640.0,66640.0,66640.0,1.0,333200.0,371
2023-05-09 22:19:07,cu2404,cu2404,66640.0,0.0,0.0,0.0,1,66670.0,66790.0,1,66700.0,66640.0,66640.0,66640.0,1.0,333200.0,371
2023-05-09 22:19:08,cu2404,cu2404,66640.0,0.0,0.0,0.0,1,66670.0,66780.0,3,66700.0,66640.0,66640.0,66640.0,1.0,333200.0,371
2023-05-09 22:19:08,cu2404,cu2404,66640.0,0.0,0.0,0.0,1,66670.0,66780.0,3,66700.0,66640.0,66640.0,66640.0,1.0,333200.0,371
2023-05-09 22:19:09,cu2404,cu2404,66640.0,0.0,0.0,0.0,1,66670.0,66770.0,1,66700.0,66640.0,66640.0,66640.0,1.0,333200.0,371
2023-05-09 22:19:09,cu2404,cu2404,66640.0,0.0,0.0,0.0,1,66670.0,66770.0,1,66700.0,66640.0,66640.0,66640.0,1.0,333200.0,371
2023-05-09 22:19:10,cu2404,cu2404,66640.0,0.0,0.0,0.0,1,66670.0,66770.0,1,66700.0,66640.0,66640.0,66640.0,1.0,333200.0,371
2023-05-09 22:19:11,cu2404,cu2404,66640.0,0.0,0.0,0.0,1,66670.0,66770.0,2,66700.0,66640.0,66640.0,66640.0,1.0,333200.0,371
2023-05-09 22:19:15,cu2404,cu2404,66640.0,0.0,0.0,0.0,1,66670.0,66770.0,3,66700.0,66640.0,66640.0,66640.0,1.0,333200.0,371
2023-05-09 22:19:20,cu2404,cu2404,66640.0,0.0,0.0,0.0,1,66670.0,66770.0,2,66700.0,66640.0,66640.0,66640.0,1.0,333200.0,371
2023-05-09 22:19:27,cu2404,cu2404,66640.0,0.0,0.0,0.0,3,66660.0,66760.0,1,66700.0,66640.0,66640.0,66640.0,1.0,333200.0,371
2023-05-09 22:19:27,cu2404,cu2404,66640.0,0.0,0.0,0.0,4,66660.0,66750.0,2,66700.0,66640.0,66640.0,66640.0,1.0,333200.0,371
2023-05-09 22:19:28,cu2404,cu2404,66640.0,0.0,0.0,0.0,1,66590.0,66740.0,1,66700.0,66640.0,66640.0,66640.0,1.0,333200.0,371
2023-05-09 22:19:28,cu2404,cu2404,66640.0,0.0,0.0,0.0,1,66600.0,66740.0,1,66700.0,66640.0,66640.0,66640.0,1.0,333200.0,371
2023-05-09 22:19:29,cu2404,cu2404,66640.0,0.0,0.0,0.0,3,66610.0,66740.0,1,66700.0,66640.0,66640.0,66640.0,1.0,333200.0,371
2023-05-09 22:19:29,cu2404,cu2404,66640.0,0.0,0.0,0.0,1,66620.0,66730.0,1,66700.0,66640.0,66640.0,66640.0,1.0,333200.0,371
2023-05-09 22:19:30,cu2404,cu2404,66640.0,0.0,0.0,0.0,2,66640.0,66730.0,1,66700.0,66640.0,66640.0,66640.0,1.0,333200.0,371
2023-05-09 22:19:30,cu2404,cu2404,66640.0,0.0,0.0,0.0,1,66650.0,66730.0,1,66700.0,66640.0,66640.0,66640.0,1.0,333200.0,371
2023-05-09 22:19:32,cu2404,cu2404,66640.0,0.0,0.0,0.0,1,66650.0,66750.0,1,66700.0,66640.0,66640.0,66640.0,1.0,333200.0,371
2023-05-09 22:19:33,cu2404,cu2404,66640.0,0.0,0.0,0.0,1,66650.0,66740.0,2,66700.0,66640.0,66640.0,66640.0,1.0,333200.0,371
2023-05-09 22:19:33,cu2404,cu2404,66640.0,0.0,0.0,0.0,1,66650.0,66730.0,1,66700.0,66640.0,66640.0,66640.0,1.0,333200.0,371
2023-05-09 22:19:34,cu2404,cu2404,66640.0,0.0,0.0,0.0,1,66650.0,66730.0,1,66700.0,66640.0,66640.0,66640.0,1.0,333200.0,371
2023-05-09 22:19:35,cu2404,cu2404,66640.0,0.0,0.0,0.0,1,66650.0,66730.0,1,66700.0,66640.0,66640.0,66640.0,1.0,333200.0,371
2023-05-09 22:19:37,cu2404,cu2404,66640.0,0.0,0.0,0.0,1,66650.0,66750.0,1,66700.0,66640.0,66640.0,66640.0,1.0,333200.0,371
2023-05-09 22:19:38,cu2404,cu2404,66640.0,0.0,0.0,0.0,1,66650.0,66740.0,1,66700.0,66640.0,66640.0,66640.0,1.0,333200.0,371
2023-05-09 22:19:38,cu2404,cu2404,66640.0,0.0,0.0,0.0,1,66650.0,66730.0,1,66700.0,66640.0,66640.0,66640.0,1.0,333200.0,371
2023-05-09 22:19:39,cu2404,cu2404,66640.0,0.0,0.0,0.0,1,66650.0,66740.0,1,66700.0,66640.0,66640.0,66640.0,1.0,333200.0,371
2023-05-09 22:19:39,cu2404,cu2404,66640.0,0.0,0.0,0.0,1,66650.0,66740.0,1,66700.0,66640.0,66640.0,66640.0,1.0,333200.0,371
2023-05-09 22:19:40,cu2404,cu2404,66640.0,0.0,0.0,0.0,1,66650.0,66740.0,2,66700.0,66640.0,66640.0,66640.0,1.0,333200.0,371
2023-05-09 22:19:42,cu2404,cu2404,66640.0,0.0,0.0,0.0,1,66650.0,66730.0,1,66700.0,66640.0,66640.0,66640.0,1.0,333200.0,371
2023-05-09 22:19:43,cu2404,cu2404,66640.0,0.0,0.0,0.0,1,66650.0,66730.0,1,66700.0,66640.0,66640.0,66640.0,1.0,333200.0,371
2023-05-09 22:19:45,cu2404,cu2404,66640.0,0.0,0.0,0.0,1,66650.0,66730.0,1,66700.0,66640.0,66640.0,66640.0,1.0,333200.0,371
2023-05-09 22:19:55,cu2404,cu2404,66640.0,0.0,0.0,0.0,1,66650.0,66730.0,1,66700.0,66640.0,66640.0,66640.0,1.0,333200.0,371
2023-05-09 22:19:55,cu2404,cu2404,66640.0,0.0,0.0,0.0,1,66650.0,66740.0,1,66700.0,66640.0,66640.0,66640.0,1.0,333200.0,371
2023-05-09 22:19:56,cu2404,cu2404,66640.0,0.0,0.0,0.0,1,66650.0,66730.0,1,66700.0,66640.0,66640.0,66640.0,1.0,333200.0,371
2023-05-09 22:19:56,cu2404,cu2404,66640.0,0.0,0.0,0.0,1,66650.0,66730.0,1,66700.0,66640.0,66640.0,66640.0,1.0,333200.0,371
2023-05-09 22:19:58,cu2404,cu2404,66640.0,0.0,0.0,0.0,1,66650.0,66720.0,1,66700.0,66640.0,66640.0,66640.0,1.0,333200.0,371
2023-05-09 22:20:04,cu2404,cu2404,66640.0,0.0,0.0,0.0,1,66590.0,66720.0,1,66700.0,66640.0,66640.0,66640.0,1.0,333200.0,371
2023-05-09 22:20:04,cu2404,cu2404,66640.0,0.0,0.0,0.0,1,66600.0,66720.0,1,66700.0,66640.0,66640.0,66640.0,1.0,333200.0,371
2023-05-09 22:20:05,cu2404,cu2404,66640.0,0.0,0.0,0.0,3,66610.0,66720.0,1,66700.0,66640.0,66640.0,66640.0,1.0,333200.0,371
2023-05-09 22:20:05,cu2404,cu2404,66640.0,0.0,0.0,0.0,1,66620.0,66720.0,1,66700.0,66640.0,66640.0,66640.0,1.0,333200.0,371
2023-05-09 22:20:06,cu2404,cu2404,66640.0,0.0,0.0,0.0,1,66620.0,66720.0,1,66700.0,66640.0,66640.0,66640.0,1.0,333200.0,371
2023-05-09 22:20:06,cu2404,cu2404,66640.0,0.0,0.0,0.0,1,66620.0,66720.0,2,66700.0,66640.0,66640.0,66640.0,1.0,333200.0,371
2023-05-09 22:20:07,cu2404,cu2404,66640.0,0.0,0.0,0.0,1,66620.0,66720.0,1,66700.0,66640.0,66640.0,66640.0,1.0,333200.0,371
2023-05-09 22:20:07,cu2404,cu2404,66640.0,0.0,0.0,0.0,1,66620.0,66710.0,2,66700.0,66640.0,66640.0,66640.0,1.0,333200.0,371
2023-05-09 22:20:08,cu2404,cu2404,66640.0,0.0,0.0,0.0,2,66630.0,66710.0,2,66700.0,66640.0,66640.0,66640.0,1.0,333200.0,371
2023-05-09 22:20:08,cu2404,cu2404,66640.0,0.0,0.0,0.0,1,66640.0,66710.0,2,66700.0,66640.0,66640.0,66640.0,1.0,333200.0,371
2023-05-09 22:20:09,cu2404,cu2404,66640.0,0.0,0.0,0.0,1,66640.0,66710.0,2,66700.0,66640.0,66640.0,66640.0,1.0,333200.0,371
2023-05-09 22:20:09,cu2404,cu2404,66640.0,0.0,0.0,0.0,3,66650.0,66710.0,1,66700.0,66640.0,66640.0,66640.0,1.0,333200.0,371
2023-05-09 22:20:10,cu2404,cu2404,66640.0,0.0,0.0,0.0,1,66650.0,66800.0,1,66700.0,66640.0,66640.0,66640.0,1.0,333200.0,371
2023-05-09 22:20:10,cu2404,cu2404,66640.0,0.0,0.0,0.0,1,66650.0,66740.0,1,66700.0,66640.0,66640.0,66640.0,1.0,333200.0,371
2023-05-09 22:20:11,cu2404,cu2404,66640.0,0.0,0.0,0.0,1,66650.0,66740.0,1,66700.0,66640.0,66640.0,66640.0,1.0,333200.0,371
2023-05-09 22:20:11,cu2404,cu2404,66640.0,0.0,0.0,0.0,1,66650.0,66730.0,1,66700.0,66640.0,66640.0,66640.0,1.0,333200.0,371
2023-05-09 22:20:12,cu2404,cu2404,66640.0,0.0,0.0,0.0,1,66650.0,66720.0,1,66700.0,66640.0,66640.0,66640.0,1.0,333200.0,371
2023-05-09 22:20:12,cu2404,cu2404,66640.0,0.0,0.0,0.0,1,66650.0,66720.0,1,66700.0,66640.0,66640.0,66640.0,1.0,333200.0,371
2023-05-09 22:20:13,cu2404,cu2404,66640.0,0.0,0.0,0.0,1,66650.0,66720.0,1,66700.0,66640.0,66640.0,66640.0,1.0,333200.0,371
2023-05-09 22:20:23,cu2404,cu2404,66640.0,0.0,0.0,0.0,1,66660.0,66720.0,1,66700.0,66640.0,66640.0,66640.0,1.0,333200.0,371
2023-05-09 22:20:52,cu2404,cu2404,66640.0,0.0,0.0,0.0,1,66660.0,66730.0,1,66700.0,66640.0,66640.0,66640.0,1.0,333200.0,371
2023-05-09 22:20:53,cu2404,cu2404,66640.0,0.0,0.0,0.0,1,66660.0,66730.0,1,66700.0,66640.0,66640.0,66640.0,1.0,333200.0,371
2023-05-09 22:20:54,cu2404,cu2404,66640.0,0.0,0.0,0.0,3,66670.0,66730.0,1,66700.0,66640.0,66640.0,66640.0,1.0,333200.0,371
2023-05-09 22:20:54,cu2404,cu2404,66640.0,0.0,0.0,0.0,3,66670.0,66730.0,1,66700.0,66640.0,66640.0,66640.0,1.0,333200.0,371
2023-05-09 22:20:56,cu2404,cu2404,66640.0,0.0,0.0,0.0,2,66670.0,66730.0,1,66700.0,66640.0,66640.0,66640.0,1.0,333200.0,371
2023-05-09 22:20:58,cu2404,cu2404,66640.0,0.0,0.0,0.0,1,66590.0,66730.0,1,66700.0,66640.0,66640.0,66640.0,1.0,333200.0,371
2023-05-09 22:20:59,cu2404,cu2404,66640.0,0.0,0.0,0.0,7,66600.0,66730.0,1,66700.0,66640.0,66640.0,66640.0,1.0,333200.0,371
2023-05-09 22:21:01,cu2404,cu2404,66640.0,0.0,0.0,0.0,3,66610.0,66730.0,1,66700.0,66640.0,66640.0,66640.0,1.0,333200.0,371
2023-05-09 22:21:02,cu2404,cu2404,66640.0,0.0,0.0,0.0,1,66620.0,66730.0,1,66700.0,66640.0,66640.0,66640.0,1.0,333200.0,371
2023-05-09 22:21:02,cu2404,cu2404,66640.0,0.0,0.0,0.0,1,66620.0,66730.0,1,66700.0,66640.0,66640.0,66640.0,1.0,333200.0,371
2023-05-09 22:21:03,cu2404,cu2404,66640.0,0.0,0.0,0.0,3,66630.0,66730.0,1,66700.0,66640.0,66640.0,66640.0,1.0,333200.0,371
2023-05-09 22:21:03,cu2404,cu2404,66640.0,0.0,0.0,0.0,1,66640.0,66730.0,1,66700.0,66640.0,66640.0,66640.0,1.0,333200.0,371
2023-05-09 22:21:04,cu2404,cu2404,66640.0,0.0,0.0,0.0,1,66640.0,66730.0,1,66700.0,66640.0,66640.0,66640.0,1.0,333200.0,371
2023-05-09 22:21:05,cu2404,cu2404,66640.0,0.0,0.0,0.0,1,66640.0,66730.0,1,66700.0,66640.0,66640.0,66640.0,1.0,333200.0,371
2023-05-09 22:21:06,cu2404,cu2404,66640.0,0.0,0.0,0.0,1,66640.0,66730.0,1,66700.0,66640.0,66640.0,66640.0,1.0,333200.0,371
2023-05-09 22:21:21,cu2404,cu2404,66640.0,0.0,0.0,0.0,1,66640.0,66720.0,1,66700.0,66640.0,66640.0,66640.0,1.0,333200.0,371
2023-05-09 22:21:22,cu2404,cu2404,66640.0,0.0,0.0,0.0,1,66640.0,66720.0,1,66700.0,66640.0,66640.0,66640.0,1.0,333200.0,371
2023-05-09 22:21:40,cu2404,cu2404,66640.0,0.0,0.0,0.0,1,66640.0,66720.0,2,66700.0,66640.0,66640.0,66640.0,1.0,333200.0,371
2023-05-09 22:21:46,cu2404,cu2404,66640.0,0.0,0.0,0.0,1,66640.0,66710.0,1,66700.0,66640.0,66640.0,66640.0,1.0,333200.0,371
2023-05-09 22:21:52,cu2404,cu2404,66640.0,0.0,0.0,0.0,1,66640.0,66720.0,1,66700.0,66640.0,66640.0,66640.0,1.0,333200.0,371
2023-05-09 22:21:52,cu2404,cu2404,66640.0,0.0,0.0,0.0,1,66640.0,66720.0,2,66700.0,66640.0,66640.0,66640.0,1.0,333200.0,371
2023-05-09 22:21:58,cu2404,cu2404,66640.0,0.0,0.0,0.0,1,66640.0,66720.0,1,66700.0,66640.0,66640.0,66640.0,1.0,333200.0,371
2023-05-09 22:22:04,cu2404,cu2404,66640.0,0.0,0.0,0.0,1,66640.0,66730.0,1,66700.0,66640.0,66640.0,66640.0,1.0,333200.0,371
2023-05-09 22:22:04,cu2404,cu2404,66640.0,0.0,0.0,0.0,3,66650.0,66730.0,2,66700.0,66640.0,66640.0,66640.0,1.0,333200.0,371
2023-05-09 22:22:05,cu2404,cu2404,66640.0,0.0,0.0,0.0,1,66660.0,66730.0,2,66700.0,66640.0,66640.0,66640.0,1.0,333200.0,371
2023-05-09 22:22:08,cu2404,cu2404,66640.0,0.0,0.0,0.0,1,66660.0,66730.0,2,66700.0,66640.0,66640.0,66640.0,1.0,333200.0,371
2023-05-09 22:22:08,cu2404,cu2404,66640.0,0.0,0.0,0.0,1,66660.0,66720.0,1,66700.0,66640.0,66640.0,66640.0,1.0,333200.0,371
2023-05-09 22:22:09,cu2404,cu2404,66640.0,0.0,0.0,0.0,1,66660.0,66720.0,1,66700.0,66640.0,66640.0,66640.0,1.0,333200.0,371
2023-05-09 22:22:10,cu2404,cu2404,66640.0,0.0,0.0,0.0,1,66590.0,66720.0,1,66700.0,66640.0,66640.0,66640.0,1.0,333200.0,371
2023-05-09 22:22:11,cu2404,cu2404,66640.0,0.0,0.0,0.0,1,66600.0,66710.0,1,66700.0,66640.0,66640.0,66640.0,1.0,333200.0,371
2023-05-09 22:22:11,cu2404,cu2404,66640.0,0.0,0.0,0.0,4,66610.0,66710.0,1,66700.0,66640.0,66640.0,66640.0,1.0,333200.0,371
2023-05-09 22:22:12,cu2404,cu2404,66640.0,0.0,0.0,0.0,1,66620.0,66710.0,1,66700.0,66640.0,66640.0,66640.0,1.0,333200.0,371
2023-05-09 22:22:12,cu2404,cu2404,66640.0,0.0,0.0,0.0,1,66620.0,66710.0,1,66700.0,66640.0,66640.0,66640.0,1.0,333200.0,371
2023-05-09 22:22:13,cu2404,cu2404,66640.0,0.0,0.0,0.0,1,66620.0,66710.0,1,66700.0,66640.0,66640.0,66640.0,1.0,333200.0,371
2023-05-09 22:22:25,cu2404,cu2404,66640.0,0.0,0.0,0.0,1,66620.0,66700.0,1,66700.0,66640.0,66640.0,66640.0,1.0,333200.0,371
2023-05-09 22:22:25,cu2404,cu2404,66640.0,0.0,0.0,0.0,1,66620.0,66700.0,1,66700.0,66640.0,66640.0,66640.0,1.0,333200.0,371
2023-05-09 22:22:26,cu2404,cu2404,66640.0,0.0,0.0,0.0,1,66620.0,66710.0,1,66700.0,66640.0,66640.0,66640.0,1.0,333200.0,371
2023-05-09 22:22:26,cu2404,cu2404,66640.0,0.0,0.0,0.0,1,66620.0,66700.0,1,66700.0,66640.0,66640.0,66640.0,1.0,333200.0,371
2023-05-09 22:22:27,cu2404,cu2404,66640.0,0.0,0.0,0.0,1,66620.0,66700.0,1,66700.0,66640.0,66640.0,66640.0,1.0,333200.0,371
2023-05-09 22:22:27,cu2404,cu2404,66640.0,0.0,0.0,0.0,1,66620.0,66700.0,1,66700.0,66640.0,66640.0,66640.0,1.0,333200.0,371
2023-05-09 22:22:31,cu2404,cu2404,66640.0,0.0,0.0,0.0,1,66620.0,66690.0,1,66700.0,66640.0,66640.0,66640.0,1.0,333200.0,371
2023-05-09 22:22:31,cu2404,cu2404,66640.0,0.0,0.0,0.0,1,66620.0,66690.0,1,66700.0,66640.0,66640.0,66640.0,1.0,333200.0,371
2023-05-09 22:22:32,cu2404,cu2404,66640.0,0.0,0.0,0.0,1,66620.0,66690.0,1,66700.0,66640.0,66640.0,66640.0,1.0,333200.0,371
2023-05-09 22:22:33,cu2404,cu2404,66640.0,0.0,0.0,0.0,1,66620.0,66800.0,1,66700.0,66640.0,66640.0,66640.0,1.0,333200.0,371
2023-05-09 22:22:33,cu2404,cu2404,66640.0,0.0,0.0,0.0,1,66620.0,66720.0,1,66700.0,66640.0,66640.0,66640.0,1.0,333200.0,371
2023-05-09 22:22:34,cu2404,cu2404,66640.0,0.0,0.0,0.0,2,66630.0,66700.0,1,66700.0,66640.0,66640.0,66640.0,1.0,333200.0,371
2023-05-09 22:22:34,cu2404,cu2404,66640.0,0.0,0.0,0.0,1,66640.0,66700.0,2,66700.0,66640.0,66640.0,66640.0,1.0,333200.0,371
2023-05-09 22:22:35,cu2404,cu2404,66640.0,0.0,0.0,0.0,1,66640.0,66700.0,2,66700.0,66640.0,66640.0,66640.0,1.0,333200.0,371
2023-05-09 22:22:36,cu2404,cu2404,66640.0,0.0,0.0,0.0,1,66550.0,66700.0,2,66700.0,66640.0,66640.0,66640.0,1.0,333200.0,371
2023-05-09 22:22:36,cu2404,cu2404,66640.0,0.0,0.0,0.0,7,66560.0,66700.0,2,66700.0,66640.0,66640.0,66640.0,1.0,333200.0,371
2023-05-09 22:22:37,cu2404,cu2404,66640.0,0.0,0.0,0.0,1,66570.0,66700.0,2,66700.0,66640.0,66640.0,66640.0,1.0,333200.0,371
2023-05-09 22:22:37,cu2404,cu2404,66640.0,0.0,0.0,0.0,1,66580.0,66700.0,2,66700.0,66640.0,66640.0,66640.0,1.0,333200.0,371
2023-05-09 22:22:38,cu2404,cu2404,66640.0,0.0,0.0,0.0,5,66590.0,66680.0,1,66700.0,66640.0,66640.0,66640.0,1.0,333200.0,371
2023-05-09 22:22:38,cu2404,cu2404,66640.0,0.0,0.0,0.0,1,66600.0,66680.0,1,66700.0,66640.0,66640.0,66640.0,1.0,333200.0,371
2023-05-09 22:22:39,cu2404,cu2404,66640.0,0.0,0.0,0.0,1,66600.0,66680.0,1,66700.0,66640.0,66640.0,66640.0,1.0,333200.0,371
2023-05-09 22:22:39,cu2404,cu2404,66640.0,0.0,0.0,0.0,1,66600.0,66680.0,1,66700.0,66640.0,66640.0,66640.0,1.0,333200.0,371
2023-05-09 22:22:40,cu2404,cu2404,66640.0,0.0,0.0,0.0,1,66600.0,66680.0,1,66700.0,66640.0,66640.0,66640.0,1.0,333200.0,371
2023-05-09 22:22:41,cu2404,cu2404,66640.0,0.0,0.0,0.0,1,66600.0,66680.0,1,66700.0,66640.0,66640.0,66640.0,1.0,333200.0,371
2023-05-09 22:23:04,cu2404,cu2404,66640.0,0.0,0.0,0.0,1,66600.0,66680.0,2,66700.0,66640.0,66640.0,66640.0,1.0,333200.0,371
2023-05-09 22:23:04,cu2404,cu2404,66640.0,0.0,0.0,0.0,1,66600.0,66680.0,1,66700.0,66640.0,66640.0,66640.0,1.0,333200.0,371
2023-05-09 22:23:08,cu2404,cu2404,66640.0,0.0,0.0,0.0,1,66600.0,66680.0,2,66700.0,66640.0,66640.0,66640.0,1.0,333200.0,371
2023-05-09 22:23:08,cu2404,cu2404,66640.0,0.0,0.0,0.0,1,66600.0,66680.0,1,66700.0,66640.0,66640.0,66640.0,1.0,333200.0,371
2023-05-09 22:23:11,cu2404,cu2404,66640.0,0.0,0.0,0.0,1,66600.0,66680.0,2,66700.0,66640.0,66640.0,66640.0,1.0,333200.0,371
2023-05-09 22:23:13,cu2404,cu2404,66640.0,0.0,0.0,0.0,1,66600.0,66680.0,1,66700.0,66640.0,66640.0,66640.0,1.0,333200.0,371
2023-05-09 22:23:17,cu2404,cu2404,66640.0,0.0,0.0,0.0,1,66600.0,66680.0,2,66700.0,66640.0,66640.0,66640.0,1.0,333200.0,371
2023-05-09 22:23:20,cu2404,cu2404,66640.0,0.0,0.0,0.0,1,66600.0,66680.0,1,66700.0,66640.0,66640.0,66640.0,1.0,333200.0,371
2023-05-09 22:23:21,cu2404,cu2404,66640.0,0.0,0.0,0.0,1,66600.0,66680.0,2,66700.0,66640.0,66640.0,66640.0,1.0,333200.0,371
2023-05-09 22:23:24,cu2404,cu2404,66640.0,0.0,0.0,0.0,1,66600.0,66680.0,1,66700.0,66640.0,66640.0,66640.0,1.0,333200.0,371
2023-05-09 22:23:25,cu2404,cu2404,66640.0,0.0,0.0,0.0,1,66600.0,66680.0,2,66700.0,66640.0,66640.0,66640.0,1.0,333200.0,371
2023-05-09 22:23:30,cu2404,cu2404,66640.0,0.0,0.0,0.0,1,66600.0,66680.0,1,66700.0,66640.0,66640.0,66640.0,1.0,333200.0,371
2023-05-09 22:23:37,cu2404,cu2404,66640.0,0.0,0.0,0.0,1,66600.0,66680.0,2,66700.0,66640.0,66640.0,66640.0,1.0,333200.0,371
2023-05-09 22:23:37,cu2404,cu2404,66640.0,0.0,0.0,0.0,1,66600.0,66680.0,1,66700.0,66640.0,66640.0,66640.0,1.0,333200.0,371
2023-05-09 22:23:39,cu2404,cu2404,66640.0,0.0,0.0,0.0,1,66600.0,66670.0,1,66700.0,66640.0,66640.0,66640.0,1.0,333200.0,371
2023-05-09 22:23:40,cu2404,cu2404,66640.0,0.0,0.0,0.0,1,66600.0,66670.0,1,66700.0,66640.0,66640.0,66640.0,1.0,333200.0,371
2023-05-09 22:23:42,cu2404,cu2404,66640.0,0.0,0.0,0.0,1,66600.0,66730.0,1,66700.0,66640.0,66640.0,66640.0,1.0,333200.0,371
2023-05-09 22:23:43,cu2404,cu2404,66640.0,0.0,0.0,0.0,1,66600.0,66710.0,2,66700.0,66640.0,66640.0,66640.0,1.0,333200.0,371
2023-05-09 22:23:43,cu2404,cu2404,66640.0,0.0,0.0,0.0,3,66610.0,66700.0,2,66700.0,66640.0,66640.0,66640.0,1.0,333200.0,371
2023-05-09 22:23:44,cu2404,cu2404,66640.0,0.0,0.0,0.0,1,66620.0,66700.0,2,66700.0,66640.0,66640.0,66640.0,1.0,333200.0,371
2023-05-09 22:23:45,cu2404,cu2404,66640.0,0.0,0.0,0.0,1,66620.0,66700.0,2,66700.0,66640.0,66640.0,66640.0,1.0,333200.0,371
2023-05-09 22:23:46,cu2404,cu2404,66640.0,0.0,0.0,0.0,1,66620.0,66700.0,2,66700.0,66640.0,66640.0,66640.0,1.0,333200.0,371
2023-05-09 22:23:47,cu2404,cu2404,66640.0,0.0,0.0,0.0,1,66620.0,66700.0,2,66700.0,66640.0,66640.0,66640.0,1.0,333200.0,371
2023-05-09 22:23:53,cu2404,cu2404,66640.0,0.0,0.0,0.0,1,66620.0,66700.0,2,66700.0,66640.0,66640.0,66640.0,1.0,333200.0,371
2023-05-09 22:23:56,cu2404,cu2404,66640.0,0.0,0.0,0.0,1,66620.0,66700.0,3,66700.0,66640.0,66640.0,66640.0,1.0,333200.0,371
2023-05-09 22:23:58,cu2404,cu2404,66640.0,0.0,0.0,0.0,1,66620.0,66700.0,4,66700.0,66640.0,66640.0,66640.0,1.0,333200.0,371
2023-05-09 22:24:07,cu2404,cu2404,66640.0,0.0,0.0,0.0,1,66620.0,66700.0,3,66700.0,66640.0,66640.0,66640.0,1.0,333200.0,371
2023-05-09 22:24:10,cu2404,cu2404,66640.0,0.0,0.0,0.0,1,66620.0,66700.0,2,66700.0,66640.0,66640.0,66640.0,1.0,333200.0,371
2023-05-09 22:24:16,cu2404,cu2404,66640.0,0.0,0.0,0.0,1,66620.0,66700.0,3,66700.0,66640.0,66640.0,66640.0,1.0,333200.0,371
2023-05-09 22:24:18,cu2404,cu2404,66640.0,0.0,0.0,0.0,1,66620.0,66700.0,2,66700.0,66640.0,66640.0,66640.0,1.0,333200.0,371
2023-05-09 22:24:33,cu2404,cu2404,66640.0,0.0,0.0,0.0,1,66620.0,66700.0,1,66700.0,66640.0,66640.0,66640.0,1.0,333200.0,371
2023-05-09 22:24:34,cu2404,cu2404,66640.0,0.0,0.0,0.0,1,66620.0,66700.0,1,66700.0,66640.0,66640.0,66640.0,1.0,333200.0,371
2023-05-09 22:24:34,cu2404,cu2404,66640.0,0.0,0.0,0.0,1,66620.0,66730.0,1,66700.0,66640.0,66640.0,66640.0,1.0,333200.0,371
2023-05-09 22:24:35,cu2404,cu2404,66640.0,0.0,0.0,0.0,1,66620.0,66720.0,3,66700.0,66640.0,66640.0,66640.0,1.0,333200.0,371
2023-05-09 22:24:35,cu2404,cu2404,66640.0,0.0,0.0,0.0,1,66620.0,66710.0,1,66700.0,66640.0,66640.0,66640.0,1.0,333200.0,371
2023-05-09 22:24:36,cu2404,cu2404,66640.0,0.0,0.0,0.0,1,66620.0,66700.0,1,66700.0,66640.0,66640.0,66640.0,1.0,333200.0,371
2023-05-09 22:24:37,cu2404,cu2404,66640.0,0.0,0.0,0.0,1,66620.0,66720.0,1,66700.0,66640.0,66640.0,66640.0,1.0,333200.0,371
2023-05-09 22:24:37,cu2404,cu2404,66640.0,0.0,0.0,0.0,1,66620.0,66710.0,1,66700.0,66640.0,66640.0,66640.0,1.0,333200.0,371
2023-05-09 22:24:38,cu2404,cu2404,66640.0,0.0,0.0,0.0,1,66620.0,66710.0,1,66700.0,66640.0,66640.0,66640.0,1.0,333200.0,371
2023-05-09 22:24:41,cu2404,cu2404,66640.0,0.0,0.0,0.0,1,66620.0,66700.0,1,66700.0,66640.0,66640.0,66640.0,1.0,333200.0,371
2023-05-09 22:24:41,cu2404,cu2404,66640.0,0.0,0.0,0.0,1,66620.0,66700.0,2,66700.0,66640.0,66640.0,66640.0,1.0,333200.0,371
2023-05-09 22:24:48,cu2404,cu2404,66640.0,0.0,0.0,0.0,1,66620.0,66700.0,1,66700.0,66640.0,66640.0,66640.0,1.0,333200.0,371
2023-05-09 22:24:49,cu2404,cu2404,66640.0,0.0,0.0,0.0,1,66620.0,66710.0,1,66700.0,66640.0,66640.0,66640.0,1.0,333200.0,371
2023-05-09 22:24:49,cu2404,cu2404,66640.0,0.0,0.0,0.0,3,66630.0,66710.0,2,66700.0,66640.0,66640.0,66640.0,1.0,333200.0,371
2023-05-09 22:24:50,cu2404,cu2404,66640.0,0.0,0.0,0.0,1,66640.0,66710.0,2,66700.0,66640.0,66640.0,66640.0,1.0,333200.0,371
2023-05-09 22:24:56,cu2404,cu2404,66640.0,0.0,0.0,0.0,1,66640.0,66700.0,1,66700.0,66640.0,66640.0,66640.0,1.0,333200.0,371
2023-05-09 22:24:58,cu2404,cu2404,66640.0,0.0,0.0,0.0,1,66550.0,66700.0,1,66700.0,66640.0,66640.0,66640.0,1.0,333200.0,371
2023-05-09 22:24:58,cu2404,cu2404,66640.0,0.0,0.0,0.0,4,66560.0,66700.0,1,66700.0,66640.0,66640.0,66640.0,1.0,333200.0,371
2023-05-09 22:24:59,cu2404,cu2404,66640.0,0.0,0.0,0.0,3,66570.0,66700.0,1,66700.0,66640.0,66640.0,66640.0,1.0,333200.0,371
2023-05-09 22:24:59,cu2404,cu2404,66640.0,0.0,0.0,0.0,1,66580.0,66700.0,1,66700.0,66640.0,66640.0,66640.0,1.0,333200.0,371
2023-05-09 22:25:00,cu2404,cu2404,66640.0,0.0,0.0,0.0,1,66580.0,66700.0,1,66700.0,66640.0,66640.0,66640.0,1.0,333200.0,371
2023-05-09 22:25:00,cu2404,cu2404,66640.0,0.0,0.0,0.0,6,66590.0,66700.0,1,66700.0,66640.0,66640.0,66640.0,1.0,333200.0,371
2023-05-09 22:25:01,cu2404,cu2404,66640.0,0.0,0.0,0.0,1,66600.0,66700.0,1,66700.0,66640.0,66640.0,66640.0,1.0,333200.0,371
2023-05-09 22:25:01,cu2404,cu2404,66640.0,0.0,0.0,0.0,1,66600.0,66700.0,1,66700.0,66640.0,66640.0,66640.0,1.0,333200.0,371
2023-05-09 22:25:02,cu2404,cu2404,66640.0,0.0,0.0,0.0,1,66600.0,66700.0,1,66700.0,66640.0,66640.0,66640.0,1.0,333200.0,371
2023-05-09 22:25:02,cu2404,cu2404,66640.0,0.0,0.0,0.0,2,66610.0,66700.0,1,66700.0,66640.0,66640.0,66640.0,1.0,333200.0,371
2023-05-09 22:25:03,cu2404,cu2404,66640.0,0.0,0.0,0.0,1,66620.0,66700.0,1,66700.0,66640.0,66640.0,66640.0,1.0,333200.0,371
2023-05-09 22:25:04,cu2404,cu2404,66640.0,0.0,0.0,0.0,1,66620.0,66690.0,1,66700.0,66640.0,66640.0,66640.0,1.0,333200.0,371
2023-05-09 22:25:05,cu2404,cu2404,66640.0,0.0,0.0,0.0,1,66620.0,66690.0,1,66700.0,66640.0,66640.0,66640.0,1.0,333200.0,371
2023-05-09 22:25:05,cu2404,cu2404,66640.0,0.0,0.0,0.0,1,66620.0,66720.0,1,66700.0,66640.0,66640.0,66640.0,1.0,333200.0,371
2023-05-09 22:25:06,cu2404,cu2404,66640.0,0.0,0.0,0.0,1,66620.0,66710.0,2,66700.0,66640.0,66640.0,66640.0,1.0,333200.0,371
2023-05-09 22:25:06,cu2404,cu2404,66640.0,0.0,0.0,0.0,1,66620.0,66710.0,2,66700.0,66640.0,66640.0,66640.0,1.0,333200.0,371
2023-05-09 22:25:07,cu2404,cu2404,66640.0,0.0,0.0,0.0,1,66620.0,66700.0,1,66700.0,66640.0,66640.0,66640.0,1.0,333200.0,371
2023-05-09 22:25:08,cu2404,cu2404,66640.0,0.0,0.0,0.0,1,66620.0,66690.0,1,66700.0,66640.0,66640.0,66640.0,1.0,333200.0,371
2023-05-09 22:25:09,cu2404,cu2404,66640.0,0.0,0.0,0.0,1,66620.0,66690.0,1,66700.0,66640.0,66640.0,66640.0,1.0,333200.0,371
2023-05-09 22:25:09,cu2404,cu2404,66640.0,0.0,0.0,0.0,1,66620.0,66700.0,1,66700.0,66640.0,66640.0,66640.0,1.0,333200.0,371
2023-05-09 22:25:10,cu2404,cu2404,66640.0,0.0,0.0,0.0,1,66620.0,66700.0,2,66700.0,66640.0,66640.0,66640.0,1.0,333200.0,371
2023-05-09 22:25:12,cu2404,cu2404,66640.0,0.0,0.0,0.0,1,66620.0,66700.0,1,66700.0,66640.0,66640.0,66640.0,1.0,333200.0,371
2023-05-09 22:25:14,cu2404,cu2404,66640.0,0.0,0.0,0.0,1,66620.0,66700.0,2,66700.0,66640.0,66640.0,66640.0,1.0,333200.0,371
2023-05-09 22:25:18,cu2404,cu2404,66640.0,0.0,0.0,0.0,1,66620.0,66690.0,1,66700.0,66640.0,66640.0,66640.0,1.0,333200.0,371
2023-05-09 22:25:19,cu2404,cu2404,66640.0,0.0,0.0,0.0,1,66620.0,66700.0,1,66700.0,66640.0,66640.0,66640.0,1.0,333200.0,371
2023-05-09 22:25:19,cu2404,cu2404,66640.0,0.0,0.0,0.0,1,66620.0,66700.0,2,66700.0,66640.0,66640.0,66640.0,1.0,333200.0,371
2023-05-09 22:25:20,cu2404,cu2404,66640.0,0.0,0.0,0.0,1,66620.0,66690.0,1,66700.0,66640.0,66640.0,66640.0,1.0,333200.0,371
2023-05-09 22:25:32,cu2404,cu2404,66640.0,0.0,0.0,0.0,2,66610.0,66680.0,1,66700.0,66640.0,66640.0,66640.0,1.0,333200.0,371
2023-05-09 22:25:32,cu2404,cu2404,66640.0,0.0,0.0,0.0,1,66610.0,66670.0,1,66700.0,66640.0,66640.0,66640.0,1.0,333200.0,371
2023-05-09 22:25:37,cu2404,cu2404,66640.0,0.0,0.0,0.0,1,66610.0,66670.0,1,66700.0,66640.0,66640.0,66640.0,1.0,333200.0,371
2023-05-09 22:25:38,cu2404,cu2404,66640.0,0.0,0.0,0.0,1,66610.0,66670.0,1,66700.0,66640.0,66640.0,66640.0,1.0,333200.0,371
2023-05-09 22:25:39,cu2404,cu2404,66640.0,0.0,0.0,0.0,1,66610.0,66670.0,1,66700.0,66640.0,66640.0,66640.0,1.0,333200.0,371
2023-05-09 22:25:40,cu2404,cu2404,66640.0,0.0,0.0,0.0,1,66610.0,66670.0,1,66700.0,66640.0,66640.0,66640.0,1.0,333200.0,371
2023-05-09 22:25:56,cu2404,cu2404,66640.0,0.0,0.0,0.0,1,66610.0,66680.0,2,66700.0,66640.0,66640.0,66640.0,1.0,333200.0,371
2023-05-09 22:25:57,cu2404,cu2404,66640.0,0.0,0.0,0.0,1,66620.0,66680.0,3,66700.0,66640.0,66640.0,66640.0,1.0,333200.0,371
2023-05-09 22:25:57,cu2404,cu2404,66640.0,0.0,0.0,0.0,3,66620.0,66680.0,3,66700.0,66640.0,66640.0,66640.0,1.0,333200.0,371
2023-05-09 22:25:58,cu2404,cu2404,66640.0,0.0,0.0,0.0,1,66620.0,66680.0,3,66700.0,66640.0,66640.0,66640.0,1.0,333200.0,371
2023-05-09 22:25:58,cu2404,cu2404,66640.0,0.0,0.0,0.0,1,66580.0,66680.0,3,66700.0,66640.0,66640.0,66640.0,1.0,333200.0,371
2023-05-09 22:25:59,cu2404,cu2404,66640.0,0.0,0.0,0.0,1,66590.0,66680.0,3,66700.0,66640.0,66640.0,66640.0,1.0,333200.0,371
2023-05-09 22:25:59,cu2404,cu2404,66640.0,0.0,0.0,0.0,1,66590.0,66680.0,3,66700.0,66640.0,66640.0,66640.0,1.0,333200.0,371
2023-05-09 22:26:04,cu2404,cu2404,66640.0,0.0,0.0,0.0,1,66590.0,66670.0,1,66700.0,66640.0,66640.0,66640.0,1.0,333200.0,371
2023-05-09 22:26:05,cu2404,cu2404,66640.0,0.0,0.0,0.0,1,66590.0,66670.0,1,66700.0,66640.0,66640.0,66640.0,1.0,333200.0,371
2023-05-09 22:26:08,cu2404,cu2404,66640.0,0.0,0.0,0.0,1,66590.0,66680.0,1,66700.0,66640.0,66640.0,66640.0,1.0,333200.0,371
2023-05-09 22:26:08,cu2404,cu2404,66640.0,0.0,0.0,0.0,1,66590.0,66680.0,2,66700.0,66640.0,66640.0,66640.0,1.0,333200.0,371
2023-05-09 22:26:13,cu2404,cu2404,66640.0,0.0,0.0,0.0,1,66590.0,66670.0,1,66700.0,66640.0,66640.0,66640.0,1.0,333200.0,371
2023-05-09 22:26:14,cu2404,cu2404,66640.0,0.0,0.0,0.0,1,66590.0,66670.0,2,66700.0,66640.0,66640.0,66640.0,1.0,333200.0,371
2023-05-09 22:26:18,cu2404,cu2404,66640.0,0.0,0.0,0.0,1,66590.0,66670.0,1,66700.0,66640.0,66640.0,66640.0,1.0,333200.0,371
2023-05-09 22:26:19,cu2404,cu2404,66640.0,0.0,0.0,0.0,1,66590.0,66680.0,1,66700.0,66640.0,66640.0,66640.0,1.0,333200.0,371
2023-05-09 22:26:20,cu2404,cu2404,66640.0,0.0,0.0,0.0,1,66590.0,66730.0,1,66700.0,66640.0,66640.0,66640.0,1.0,333200.0,371
2023-05-09 22:26:20,cu2404,cu2404,66640.0,0.0,0.0,0.0,1,66590.0,66710.0,1,66700.0,66640.0,66640.0,66640.0,1.0,333200.0,371
2023-05-09 22:26:21,cu2404,cu2404,66640.0,0.0,0.0,0.0,2,66600.0,66700.0,1,66700.0,66640.0,66640.0,66640.0,1.0,333200.0,371
2023-05-09 22:26:21,cu2404,cu2404,66640.0,0.0,0.0,0.0,1,66610.0,66690.0,2,66700.0,66640.0,66640.0,66640.0,1.0,333200.0,371
2023-05-09 22:26:22,cu2404,cu2404,66640.0,0.0,0.0,0.0,1,66610.0,66690.0,3,66700.0,66640.0,66640.0,66640.0,1.0,333200.0,371
2023-05-09 22:26:23,cu2404,cu2404,66640.0,0.0,0.0,0.0,1,66610.0,66690.0,3,66700.0,66640.0,66640.0,66640.0,1.0,333200.0,371
2023-05-09 22:26:24,cu2404,cu2404,66640.0,0.0,0.0,0.0,1,66610.0,66690.0,2,66700.0,66640.0,66640.0,66640.0,1.0,333200.0,371
2023-05-09 22:26:26,cu2404,cu2404,66640.0,0.0,0.0,0.0,1,66610.0,66690.0,3,66700.0,66640.0,66640.0,66640.0,1.0,333200.0,371
2023-05-09 22:26:29,cu2404,cu2404,66640.0,0.0,0.0,0.0,1,66610.0,66690.0,2,66700.0,66640.0,66640.0,66640.0,1.0,333200.0,371
2023-05-09 22:26:31,cu2404,cu2404,66640.0,0.0,0.0,0.0,1,66610.0,66690.0,1,66700.0,66640.0,66640.0,66640.0,1.0,333200.0,371
2023-05-09 22:26:34,cu2404,cu2404,66640.0,0.0,0.0,0.0,1,66610.0,66690.0,1,66700.0,66640.0,66640.0,66640.0,1.0,333200.0,371
2023-05-09 22:26:37,cu2404,cu2404,66640.0,0.0,0.0,0.0,1,66610.0,66730.0,1,66700.0,66640.0,66640.0,66640.0,1.0,333200.0,371
2023-05-09 22:26:37,cu2404,cu2404,66640.0,0.0,0.0,0.0,3,66620.0,66720.0,3,66700.0,66640.0,66640.0,66640.0,1.0,333200.0,371
2023-05-09 22:26:38,cu2404,cu2404,66640.0,0.0,0.0,0.0,1,66630.0,66720.0,3,66700.0,66640.0,66640.0,66640.0,1.0,333200.0,371
2023-05-09 22:26:39,cu2404,cu2404,66640.0,0.0,0.0,0.0,1,66630.0,66720.0,3,66700.0,66640.0,66640.0,66640.0,1.0,333200.0,371
2023-05-09 22:26:40,cu2404,cu2404,66640.0,0.0,0.0,0.0,2,66640.0,66720.0,3,66700.0,66640.0,66640.0,66640.0,1.0,333200.0,371
2023-05-09 22:26:40,cu2404,cu2404,66640.0,0.0,0.0,0.0,1,66650.0,66720.0,3,66700.0,66640.0,66640.0,66640.0,1.0,333200.0,371
2023-05-09 22:26:43,cu2404,cu2404,66640.0,0.0,0.0,0.0,1,66650.0,66720.0,3,66700.0,66640.0,66640.0,66640.0,1.0,333200.0,371
2023-05-09 22:26:55,cu2404,cu2404,66640.0,0.0,0.0,0.0,1,66650.0,66720.0,3,66700.0,66640.0,66640.0,66640.0,1.0,333200.0,371
2023-05-09 22:27:01,cu2404,cu2404,66640.0,0.0,0.0,0.0,1,66650.0,66720.0,2,66700.0,66640.0,66640.0,66640.0,1.0,333200.0,371
2023-05-09 22:27:03,cu2404,cu2404,66640.0,0.0,0.0,0.0,1,66650.0,66720.0,3,66700.0,66640.0,66640.0,66640.0,1.0,333200.0,371
2023-05-09 22:27:11,cu2404,cu2404,66640.0,0.0,0.0,0.0,1,66650.0,66720.0,2,66700.0,66640.0,66640.0,66640.0,1.0,333200.0,371
2023-05-09 22:27:12,cu2404,cu2404,66640.0,0.0,0.0,0.0,1,66650.0,66730.0,1,66700.0,66640.0,66640.0,66640.0,1.0,333200.0,371
2023-05-09 22:27:12,cu2404,cu2404,66640.0,0.0,0.0,0.0,1,66650.0,66730.0,2,66700.0,66640.0,66640.0,66640.0,1.0,333200.0,371
2023-05-09 22:27:13,cu2404,cu2404,66640.0,0.0,0.0,0.0,3,66660.0,66730.0,2,66700.0,66640.0,66640.0,66640.0,1.0,333200.0,371
2023-05-09 22:27:13,cu2404,cu2404,66640.0,0.0,0.0,0.0,1,66670.0,66730.0,2,66700.0,66640.0,66640.0,66640.0,1.0,333200.0,371
2023-05-09 22:27:15,cu2404,cu2404,66640.0,0.0,0.0,0.0,1,66670.0,66730.0,1,66700.0,66640.0,66640.0,66640.0,1.0,333200.0,371
2023-05-09 22:27:16,cu2404,cu2404,66640.0,0.0,0.0,0.0,1,66670.0,66730.0,1,66700.0,66640.0,66640.0,66640.0,1.0,333200.0,371
2023-05-09 22:27:16,cu2404,cu2404,66640.0,0.0,0.0,0.0,1,66670.0,66960.0,1,66700.0,66640.0,66640.0,66640.0,1.0,333200.0,371
2023-05-09 22:27:17,cu2404,cu2404,66640.0,0.0,0.0,0.0,1,66670.0,66740.0,1,66700.0,66640.0,66640.0,66640.0,1.0,333200.0,371
2023-05-09 22:27:17,cu2404,cu2404,66640.0,0.0,0.0,0.0,1,66670.0,66740.0,1,66700.0,66640.0,66640.0,66640.0,1.0,333200.0,371
2023-05-09 22:27:18,cu2404,cu2404,66640.0,0.0,0.0,0.0,1,66670.0,66730.0,1,66700.0,66640.0,66640.0,66640.0,1.0,333200.0,371
2023-05-09 22:27:18,cu2404,cu2404,66640.0,0.0,0.0,0.0,1,66670.0,66730.0,1,66700.0,66640.0,66640.0,66640.0,1.0,333200.0,371
2023-05-09 22:27:19,cu2404,cu2404,66640.0,0.0,0.0,0.0,1,66670.0,66730.0,1,66700.0,66640.0,66640.0,66640.0,1.0,333200.0,371
2023-05-09 22:27:19,cu2404,cu2404,66640.0,0.0,0.0,0.0,1,66670.0,66730.0,1,66700.0,66640.0,66640.0,66640.0,1.0,333200.0,371
2023-05-09 22:27:21,cu2404,cu2404,66640.0,0.0,0.0,0.0,1,66670.0,66760.0,1,66700.0,66640.0,66640.0,66640.0,1.0,333200.0,371
2023-05-09 22:27:21,cu2404,cu2404,66640.0,0.0,0.0,0.0,1,66670.0,66750.0,4,66700.0,66640.0,66640.0,66640.0,1.0,333200.0,371
2023-05-09 22:27:23,cu2404,cu2404,66640.0,0.0,0.0,0.0,1,66670.0,66740.0,1,66700.0,66640.0,66640.0,66640.0,1.0,333200.0,371
2023-05-09 22:27:23,cu2404,cu2404,66640.0,0.0,0.0,0.0,1,66670.0,66730.0,1,66700.0,66640.0,66640.0,66640.0,1.0,333200.0,371
2023-05-09 22:27:24,cu2404,cu2404,66640.0,0.0,0.0,0.0,1,66670.0,66730.0,1,66700.0,66640.0,66640.0,66640.0,1.0,333200.0,371
2023-05-09 22:27:29,cu2404,cu2404,66640.0,0.0,0.0,0.0,1,66550.0,66730.0,1,66700.0,66640.0,66640.0,66640.0,1.0,333200.0,371
2023-05-09 22:27:30,cu2404,cu2404,66640.0,0.0,0.0,0.0,8,66560.0,66720.0,1,66700.0,66640.0,66640.0,66640.0,1.0,333200.0,371
2023-05-09 22:27:30,cu2404,cu2404,66640.0,0.0,0.0,0.0,4,66570.0,66720.0,2,66700.0,66640.0,66640.0,66640.0,1.0,333200.0,371
2023-05-09 22:27:31,cu2404,cu2404,66640.0,0.0,0.0,0.0,1,66580.0,66720.0,2,66700.0,66640.0,66640.0,66640.0,1.0,333200.0,371
2023-05-09 22:27:31,cu2404,cu2404,66640.0,0.0,0.0,0.0,2,66580.0,66720.0,2,66700.0,66640.0,66640.0,66640.0,1.0,333200.0,371
2023-05-09 22:27:32,cu2404,cu2404,66640.0,0.0,0.0,0.0,3,66600.0,66720.0,2,66700.0,66640.0,66640.0,66640.0,1.0,333200.0,371
2023-05-09 22:27:32,cu2404,cu2404,66640.0,0.0,0.0,0.0,1,66610.0,66720.0,2,66700.0,66640.0,66640.0,66640.0,1.0,333200.0,371
2023-05-09 22:27:33,cu2404,cu2404,66640.0,0.0,0.0,0.0,1,66610.0,66720.0,2,66700.0,66640.0,66640.0,66640.0,1.0,333200.0,371
2023-05-09 22:27:33,cu2404,cu2404,66640.0,0.0,0.0,0.0,2,66640.0,66720.0,2,66700.0,66640.0,66640.0,66640.0,1.0,333200.0,371
2023-05-09 22:27:34,cu2404,cu2404,66640.0,0.0,0.0,0.0,1,66650.0,66720.0,2,66700.0,66640.0,66640.0,66640.0,1.0,333200.0,371
2023-05-09 22:27:36,cu2404,cu2404,66640.0,0.0,0.0,0.0,1,66650.0,66720.0,1,66700.0,66640.0,66640.0,66640.0,1.0,333200.0,371
2023-05-09 22:27:37,cu2404,cu2404,66640.0,0.0,0.0,0.0,1,66650.0,66770.0,1,66700.0,66640.0,66640.0,66640.0,1.0,333200.0,371
2023-05-09 22:27:38,cu2404,cu2404,66640.0,0.0,0.0,0.0,1,66650.0,66750.0,1,66700.0,66640.0,66640.0,66640.0,1.0,333200.0,371
2023-05-09 22:27:38,cu2404,cu2404,66640.0,0.0,0.0,0.0,1,66650.0,66740.0,2,66700.0,66640.0,66640.0,66640.0,1.0,333200.0,371
2023-05-09 22:27:39,cu2404,cu2404,66640.0,0.0,0.0,0.0,1,66650.0,66740.0,2,66700.0,66640.0,66640.0,66640.0,1.0,333200.0,371
2023-05-09 22:27:40,cu2404,cu2404,66640.0,0.0,0.0,0.0,1,66650.0,66740.0,2,66700.0,66640.0,66640.0,66640.0,1.0,333200.0,371
2023-05-09 22:27:42,cu2404,cu2404,66640.0,0.0,0.0,0.0,1,66650.0,66740.0,4,66700.0,66640.0,66640.0,66640.0,1.0,333200.0,371
2023-05-09 22:27:43,cu2404,cu2404,66640.0,0.0,0.0,0.0,2,66660.0,66740.0,4,66700.0,66640.0,66640.0,66640.0,1.0,333200.0,371
2023-05-09 22:27:44,cu2404,cu2404,66640.0,0.0,0.0,0.0,1,66670.0,66740.0,4,66700.0,66640.0,66640.0,66640.0,1.0,333200.0,371
2023-05-09 22:27:44,cu2404,cu2404,66640.0,0.0,0.0,0.0,2,66600.0,66740.0,4,66700.0,66640.0,66640.0,66640.0,1.0,333200.0,371
2023-05-09 22:27:45,cu2404,cu2404,66640.0,0.0,0.0,0.0,4,66610.0,66740.0,4,66700.0,66640.0,66640.0,66640.0,1.0,333200.0,371
2023-05-09 22:27:45,cu2404,cu2404,66640.0,0.0,0.0,0.0,7,66610.0,66720.0,1,66700.0,66640.0,66640.0,66640.0,1.0,333200.0,371
2023-05-09 22:27:46,cu2404,cu2404,66640.0,0.0,0.0,0.0,7,66610.0,66710.0,1,66700.0,66640.0,66640.0,66640.0,1.0,333200.0,371
2023-05-09 22:27:46,cu2404,cu2404,66640.0,0.0,0.0,0.0,7,66610.0,66720.0,1,66700.0,66640.0,66640.0,66640.0,1.0,333200.0,371
2023-05-09 22:27:47,cu2404,cu2404,66640.0,0.0,0.0,0.0,7,66610.0,66710.0,1,66700.0,66640.0,66640.0,66640.0,1.0,333200.0,371
2023-05-09 22:27:47,cu2404,cu2404,66640.0,0.0,0.0,0.0,4,66610.0,66700.0,2,66700.0,66640.0,66640.0,66640.0,1.0,333200.0,371
2023-05-09 22:27:48,cu2404,cu2404,66640.0,0.0,0.0,0.0,2,66620.0,66700.0,1,66700.0,66640.0,66640.0,66640.0,1.0,333200.0,371
2023-05-09 22:27:48,cu2404,cu2404,66640.0,0.0,0.0,0.0,1,66630.0,66700.0,1,66700.0,66640.0,66640.0,66640.0,1.0,333200.0,371
2023-05-09 22:27:49,cu2404,cu2404,66640.0,0.0,0.0,0.0,1,66630.0,66700.0,2,66700.0,66640.0,66640.0,66640.0,1.0,333200.0,371
2023-05-09 22:28:00,cu2404,cu2404,66640.0,0.0,0.0,0.0,1,66630.0,66690.0,1,66700.0,66640.0,66640.0,66640.0,1.0,333200.0,371
2023-05-09 22:28:00,cu2404,cu2404,66640.0,0.0,0.0,0.0,1,66630.0,66690.0,1,66700.0,66640.0,66640.0,66640.0,1.0,333200.0,371
2023-05-09 22:28:02,cu2404,cu2404,66640.0,0.0,0.0,0.0,1,66630.0,66690.0,1,66700.0,66640.0,66640.0,66640.0,1.0,333200.0,371
2023-05-09 22:28:02,cu2404,cu2404,66640.0,0.0,0.0,0.0,1,66630.0,66700.0,1,66700.0,66640.0,66640.0,66640.0,1.0,333200.0,371
2023-05-09 22:28:03,cu2404,cu2404,66640.0,0.0,0.0,0.0,1,66630.0,66700.0,2,66700.0,66640.0,66640.0,66640.0,1.0,333200.0,371
2023-05-09 22:28:05,cu2404,cu2404,66640.0,0.0,0.0,0.0,1,66630.0,66700.0,1,66700.0,66640.0,66640.0,66640.0,1.0,333200.0,371
2023-05-09 22:28:07,cu2404,cu2404,66640.0,0.0,0.0,0.0,1,66630.0,66770.0,1,66700.0,66640.0,66640.0,66640.0,1.0,333200.0,371
2023-05-09 22:28:07,cu2404,cu2404,66640.0,0.0,0.0,0.0,1,66630.0,66740.0,1,66700.0,66640.0,66640.0,66640.0,1.0,333200.0,371
2023-05-09 22:28:08,cu2404,cu2404,66640.0,0.0,0.0,0.0,3,66640.0,66730.0,1,66700.0,66640.0,66640.0,66640.0,1.0,333200.0,371
2023-05-09 22:28:08,cu2404,cu2404,66640.0,0.0,0.0,0.0,1,66650.0,66720.0,1,66700.0,66640.0,66640.0,66640.0,1.0,333200.0,371
2023-05-09 22:28:09,cu2404,cu2404,66640.0,0.0,0.0,0.0,1,66650.0,66720.0,1,66700.0,66640.0,66640.0,66640.0,1.0,333200.0,371
2023-05-09 22:28:09,cu2404,cu2404,66640.0,0.0,0.0,0.0,1,66650.0,66720.0,2,66700.0,66640.0,66640.0,66640.0,1.0,333200.0,371
2023-05-09 22:28:10,cu2404,cu2404,66640.0,0.0,0.0,0.0,1,66650.0,66750.0,1,66700.0,66640.0,66640.0,66640.0,1.0,333200.0,371
2023-05-09 22:28:10,cu2404,cu2404,66640.0,0.0,0.0,0.0,1,66650.0,66740.0,4,66700.0,66640.0,66640.0,66640.0,1.0,333200.0,371
2023-05-09 22:28:11,cu2404,cu2404,66640.0,0.0,0.0,0.0,1,66650.0,66730.0,1,66700.0,66640.0,66640.0,66640.0,1.0,333200.0,371
2023-05-09 22:28:12,cu2404,cu2404,66640.0,0.0,0.0,0.0,1,66650.0,66730.0,2,66700.0,66640.0,66640.0,66640.0,1.0,333200.0,371
2023-05-09 22:28:13,cu2404,cu2404,66640.0,0.0,0.0,0.0,1,66650.0,66730.0,2,66700.0,66640.0,66640.0,66640.0,1.0,333200.0,371
2023-05-09 22:28:14,cu2404,cu2404,66640.0,0.0,0.0,0.0,3,66660.0,66730.0,2,66700.0,66640.0,66640.0,66640.0,1.0,333200.0,371
2023-05-09 22:28:15,cu2404,cu2404,66640.0,0.0,0.0,0.0,1,66670.0,66730.0,2,66700.0,66640.0,66640.0,66640.0,1.0,333200.0,371
2023-05-09 22:28:17,cu2404,cu2404,66640.0,0.0,0.0,0.0,1,66670.0,66730.0,3,66700.0,66640.0,66640.0,66640.0,1.0,333200.0,371
2023-05-09 22:28:18,cu2404,cu2404,66640.0,0.0,0.0,0.0,1,66550.0,66720.0,1,66700.0,66640.0,66640.0,66640.0,1.0,333200.0,371
2023-05-09 22:28:18,cu2404,cu2404,66640.0,0.0,0.0,0.0,2,66560.0,66720.0,1,66700.0,66640.0,66640.0,66640.0,1.0,333200.0,371
2023-05-09 22:28:19,cu2404,cu2404,66640.0,0.0,0.0,0.0,6,66570.0,66720.0,1,66700.0,66640.0,66640.0,66640.0,1.0,333200.0,371
2023-05-09 22:28:19,cu2404,cu2404,66640.0,0.0,0.0,0.0,1,66580.0,66710.0,1,66700.0,66640.0,66640.0,66640.0,1.0,333200.0,371
2023-05-09 22:28:20,cu2404,cu2404,66640.0,0.0,0.0,0.0,1,66580.0,66710.0,1,66700.0,66640.0,66640.0,66640.0,1.0,333200.0,371
2023-05-09 22:28:20,cu2404,cu2404,66640.0,0.0,0.0,0.0,5,66590.0,66730.0,1,66700.0,66640.0,66640.0,66640.0,1.0,333200.0,371
2023-05-09 22:28:21,cu2404,cu2404,66640.0,0.0,0.0,0.0,1,66600.0,66720.0,1,66700.0,66640.0,66640.0,66640.0,1.0,333200.0,371
2023-05-09 22:28:21,cu2404,cu2404,66640.0,0.0,0.0,0.0,1,66600.0,66710.0,1,66700.0,66640.0,66640.0,66640.0,1.0,333200.0,371
2023-05-09 22:28:22,cu2404,cu2404,66640.0,0.0,0.0,0.0,1,66610.0,66710.0,2,66700.0,66640.0,66640.0,66640.0,1.0,333200.0,371
2023-05-09 22:28:22,cu2404,cu2404,66640.0,0.0,0.0,0.0,1,66620.0,66710.0,2,66700.0,66640.0,66640.0,66640.0,1.0,333200.0,371
2023-05-09 22:28:26,cu2404,cu2404,66640.0,0.0,0.0,0.0,1,66620.0,66710.0,2,66700.0,66640.0,66640.0,66640.0,1.0,333200.0,371
2023-05-09 22:28:29,cu2404,cu2404,66640.0,0.0,0.0,0.0,1,66620.0,66710.0,2,66700.0,66640.0,66640.0,66640.0,1.0,333200.0,371
2023-05-09 22:28:36,cu2404,cu2404,66640.0,0.0,0.0,0.0,1,66620.0,66700.0,1,66700.0,66640.0,66640.0,66640.0,1.0,333200.0,371
2023-05-09 22:28:36,cu2404,cu2404,66640.0,0.0,0.0,0.0,1,66620.0,66700.0,1,66700.0,66640.0,66640.0,66640.0,1.0,333200.0,371
2023-05-09 22:28:37,cu2404,cu2404,66640.0,0.0,0.0,0.0,1,66620.0,66700.0,1,66700.0,66640.0,66640.0,66640.0,1.0,333200.0,371
2023-05-09 22:28:40,cu2404,cu2404,66640.0,0.0,0.0,0.0,1,66620.0,66690.0,1,66700.0,66640.0,66640.0,66640.0,1.0,333200.0,371
2023-05-09 22:28:41,cu2404,cu2404,66640.0,0.0,0.0,0.0,1,66620.0,66690.0,2,66700.0,66640.0,66640.0,66640.0,1.0,333200.0,371
2023-05-09 22:28:48,cu2404,cu2404,66640.0,0.0,0.0,0.0,1,66620.0,66770.0,1,66700.0,66640.0,66640.0,66640.0,1.0,333200.0,371
2023-05-09 22:28:49,cu2404,cu2404,66640.0,0.0,0.0,0.0,1,66620.0,66720.0,1,66700.0,66640.0,66640.0,66640.0,1.0,333200.0,371
2023-05-09 22:28:49,cu2404,cu2404,66640.0,0.0,0.0,0.0,1,66630.0,66710.0,2,66700.0,66640.0,66640.0,66640.0,1.0,333200.0,371
2023-05-09 22:28:50,cu2404,cu2404,66640.0,0.0,0.0,0.0,1,66640.0,66710.0,2,66700.0,66640.0,66640.0,66640.0,1.0,333200.0,371
2023-05-09 22:28:52,cu2404,cu2404,66640.0,0.0,0.0,0.0,1,66640.0,66710.0,2,66700.0,66640.0,66640.0,66640.0,1.0,333200.0,371
2023-05-09 22:28:53,cu2404,cu2404,66640.0,0.0,0.0,0.0,1,66640.0,66700.0,2,66700.0,66640.0,66640.0,66640.0,1.0,333200.0,371
2023-05-09 22:28:53,cu2404,cu2404,66640.0,0.0,0.0,0.0,1,66640.0,66700.0,2,66700.0,66640.0,66640.0,66640.0,1.0,333200.0,371
2023-05-09 22:28:54,cu2404,cu2404,66640.0,0.0,0.0,0.0,1,66640.0,66700.0,3,66700.0,66640.0,66640.0,66640.0,1.0,333200.0,371
2023-05-09 22:28:54,cu2404,cu2404,66640.0,0.0,0.0,0.0,1,66640.0,66700.0,3,66700.0,66640.0,66640.0,66640.0,1.0,333200.0,371
2023-05-09 22:29:00,cu2404,cu2404,66640.0,0.0,0.0,0.0,1,66640.0,66690.0,1,66700.0,66640.0,66640.0,66640.0,1.0,333200.0,371
2023-05-09 22:29:00,cu2404,cu2404,66640.0,0.0,0.0,0.0,1,66640.0,66690.0,1,66700.0,66640.0,66640.0,66640.0,1.0,333200.0,371
2023-05-09 22:29:01,cu2404,cu2404,66640.0,0.0,0.0,0.0,1,66640.0,66680.0,1,66700.0,66640.0,66640.0,66640.0,1.0,333200.0,371
2023-05-09 22:29:02,cu2404,cu2404,66640.0,0.0,0.0,0.0,1,66640.0,66680.0,1,66700.0,66640.0,66640.0,66640.0,1.0,333200.0,371
2023-05-09 22:29:03,cu2404,cu2404,66640.0,0.0,0.0,0.0,1,66640.0,66680.0,1,66700.0,66640.0,66640.0,66640.0,1.0,333200.0,371
2023-05-09 22:29:06,cu2404,cu2404,66640.0,0.0,0.0,0.0,1,66570.0,66680.0,1,66700.0,66640.0,66640.0,66640.0,1.0,333200.0,371
2023-05-09 22:29:06,cu2404,cu2404,66640.0,0.0,0.0,0.0,1,66580.0,66680.0,1,66700.0,66640.0,66640.0,66640.0,1.0,333200.0,371
2023-05-09 22:29:07,cu2404,cu2404,66640.0,0.0,0.0,0.0,4,66580.0,66680.0,1,66700.0,66640.0,66640.0,66640.0,1.0,333200.0,371
2023-05-09 22:29:09,cu2404,cu2404,66640.0,0.0,0.0,0.0,4,66580.0,66680.0,1,66700.0,66640.0,66640.0,66640.0,1.0,333200.0,371
2023-05-09 22:29:09,cu2404,cu2404,66640.0,0.0,0.0,0.0,4,66580.0,66680.0,2,66700.0,66640.0,66640.0,66640.0,1.0,333200.0,371
2023-05-09 22:29:11,cu2404,cu2404,66640.0,0.0,0.0,0.0,4,66580.0,66670.0,1,66700.0,66640.0,66640.0,66640.0,1.0,333200.0,371
2023-05-09 22:29:12,cu2404,cu2404,66640.0,0.0,0.0,0.0,4,66580.0,66670.0,1,66700.0,66640.0,66640.0,66640.0,1.0,333200.0,371
2023-05-09 22:29:12,cu2404,cu2404,66640.0,0.0,0.0,0.0,4,66580.0,66670.0,1,66700.0,66640.0,66640.0,66640.0,1.0,333200.0,371
2023-05-09 22:29:13,cu2404,cu2404,66640.0,0.0,0.0,0.0,4,66580.0,66650.0,1,66700.0,66640.0,66640.0,66640.0,1.0,333200.0,371
2023-05-09 22:29:13,cu2404,cu2404,66640.0,0.0,0.0,0.0,4,66580.0,66650.0,1,66700.0,66640.0,66640.0,66640.0,1.0,333200.0,371
2023-05-09 22:29:21,cu2404,cu2404,66640.0,0.0,0.0,0.0,4,66580.0,66770.0,1,66700.0,66640.0,66640.0,66640.0,1.0,333200.0,371
2023-05-09 22:29:21,cu2404,cu2404,66640.0,0.0,0.0,0.0,4,66580.0,66700.0,1,66700.0,66640.0,66640.0,66640.0,1.0,333200.0,371
2023-05-09 22:29:22,cu2404,cu2404,66640.0,0.0,0.0,0.0,4,66580.0,66690.0,2,66700.0,66640.0,66640.0,66640.0,1.0,333200.0,371
2023-05-09 22:29:22,cu2404,cu2404,66640.0,0.0,0.0,0.0,4,66580.0,66690.0,2,66700.0,66640.0,66640.0,66640.0,1.0,333200.0,371
2023-05-09 22:29:23,cu2404,cu2404,66640.0,0.0,0.0,0.0,4,66580.0,66680.0,2,66700.0,66640.0,66640.0,66640.0,1.0,333200.0,371
2023-05-09 22:29:23,cu2404,cu2404,66640.0,0.0,0.0,0.0,4,66580.0,66680.0,2,66700.0,66640.0,66640.0,66640.0,1.0,333200.0,371
2023-05-09 22:29:41,cu2404,cu2404,66640.0,0.0,0.0,0.0,4,66580.0,66680.0,2,66700.0,66640.0,66640.0,66640.0,1.0,333200.0,371
2023-05-09 22:29:41,cu2404,cu2404,66640.0,0.0,0.0,0.0,4,66580.0,66680.0,2,66700.0,66640.0,66640.0,66640.0,1.0,333200.0,371
2023-05-09 22:29:49,cu2404,cu2404,66640.0,0.0,0.0,0.0,4,66580.0,66680.0,2,66700.0,66640.0,66640.0,66640.0,1.0,333200.0,371
2023-05-09 22:29:49,cu2404,cu2404,66640.0,0.0,0.0,0.0,4,66580.0,66680.0,2,66700.0,66640.0,66640.0,66640.0,1.0,333200.0,371
2023-05-09 22:30:06,cu2404,cu2404,66640.0,0.0,0.0,0.0,4,66580.0,66680.0,3,66700.0,66640.0,66640.0,66640.0,1.0,333200.0,371
2023-05-09 22:30:08,cu2404,cu2404,66640.0,0.0,0.0,0.0,4,66580.0,66670.0,1,66700.0,66640.0,66640.0,66640.0,1.0,333200.0,371
2023-05-09 22:30:08,cu2404,cu2404,66640.0,0.0,0.0,0.0,4,66580.0,66670.0,2,66700.0,66640.0,66640.0,66640.0,1.0,333200.0,371
2023-05-09 22:30:09,cu2404,cu2404,66640.0,0.0,0.0,0.0,4,66580.0,66660.0,2,66700.0,66640.0,66640.0,66640.0,1.0,333200.0,371
2023-05-09 22:30:09,cu2404,cu2404,66640.0,0.0,0.0,0.0,4,66580.0,66660.0,2,66700.0,66640.0,66640.0,66640.0,1.0,333200.0,371
2023-05-09 22:30:10,cu2404,cu2404,66640.0,0.0,0.0,0.0,4,66580.0,66660.0,1,66700.0,66640.0,66640.0,66640.0,1.0,333200.0,371
2023-05-09 22:30:18,cu2404,cu2404,66640.0,0.0,0.0,0.0,1,66580.0,66660.0,2,66700.0,66640.0,66640.0,66640.0,1.0,333200.0,371
2023-05-09 22:30:19,cu2404,cu2404,66640.0,0.0,0.0,0.0,1,66580.0,66660.0,3,66700.0,66640.0,66640.0,66640.0,1.0,333200.0,371
2023-05-09 22:30:20,cu2404,cu2404,66640.0,0.0,0.0,0.0,1,66580.0,66660.0,3,66700.0,66640.0,66640.0,66640.0,1.0,333200.0,371
2023-05-09 22:30:24,cu2404,cu2404,66640.0,0.0,0.0,0.0,1,66580.0,66660.0,2,66700.0,66640.0,66640.0,66640.0,1.0,333200.0,371
2023-05-09 22:30:25,cu2404,cu2404,66640.0,0.0,0.0,0.0,1,66580.0,66770.0,1,66700.0,66640.0,66640.0,66640.0,1.0,333200.0,371
2023-05-09 22:30:25,cu2404,cu2404,66640.0,0.0,0.0,0.0,1,66580.0,66670.0,1,66700.0,66640.0,66640.0,66640.0,1.0,333200.0,371
2023-05-09 22:30:26,cu2404,cu2404,66640.0,0.0,0.0,0.0,1,66580.0,66660.0,1,66700.0,66640.0,66640.0,66640.0,1.0,333200.0,371
2023-05-09 22:30:26,cu2404,cu2404,66640.0,0.0,0.0,0.0,1,66580.0,66660.0,1,66700.0,66640.0,66640.0,66640.0,1.0,333200.0,371
2023-05-09 22:30:27,cu2404,cu2404,66640.0,0.0,0.0,0.0,1,66580.0,66660.0,2,66700.0,66640.0,66640.0,66640.0,1.0,333200.0,371
2023-05-09 22:30:29,cu2404,cu2404,66640.0,0.0,0.0,0.0,1,66580.0,66660.0,2,66700.0,66640.0,66640.0,66640.0,1.0,333200.0,371
2023-05-09 22:30:29,cu2404,cu2404,66640.0,0.0,0.0,0.0,1,66580.0,66660.0,2,66700.0,66640.0,66640.0,66640.0,1.0,333200.0,371
2023-05-09 22:30:34,cu2404,cu2404,66640.0,0.0,0.0,0.0,1,66580.0,66660.0,2,66700.0,66640.0,66640.0,66640.0,1.0,333200.0,371
2023-05-09 22:30:34,cu2404,cu2404,66640.0,0.0,0.0,0.0,1,66580.0,66660.0,2,66700.0,66640.0,66640.0,66640.0,1.0,333200.0,371
2023-05-09 22:30:37,cu2404,cu2404,66640.0,0.0,0.0,0.0,1,66580.0,66660.0,2,66700.0,66640.0,66640.0,66640.0,1.0,333200.0,371
2023-05-09 22:30:38,cu2404,cu2404,66640.0,0.0,0.0,0.0,1,66580.0,66660.0,2,66700.0,66640.0,66640.0,66640.0,1.0,333200.0,371
2023-05-09 22:30:59,cu2404,cu2404,66640.0,0.0,0.0,0.0,1,66580.0,66660.0,3,66700.0,66640.0,66640.0,66640.0,1.0,333200.0,371
2023-05-09 22:31:02,cu2404,cu2404,66640.0,0.0,0.0,0.0,1,66580.0,66650.0,1,66700.0,66640.0,66640.0,66640.0,1.0,333200.0,371
2023-05-09 22:31:03,cu2404,cu2404,66640.0,0.0,0.0,0.0,1,66580.0,66650.0,1,66700.0,66640.0,66640.0,66640.0,1.0,333200.0,371
2023-05-09 22:31:03,cu2404,cu2404,66640.0,0.0,0.0,0.0,1,66580.0,66640.0,1,66700.0,66640.0,66640.0,66640.0,1.0,333200.0,371
2023-05-09 22:31:04,cu2404,cu2404,66640.0,0.0,0.0,0.0,1,66580.0,66640.0,1,66700.0,66640.0,66640.0,66640.0,1.0,333200.0,371
2023-05-09 22:31:13,cu2404,cu2404,66640.0,0.0,0.0,0.0,1,66580.0,66770.0,1,66700.0,66640.0,66640.0,66640.0,1.0,333200.0,371
2023-05-09 22:31:13,cu2404,cu2404,66640.0,0.0,0.0,0.0,1,66580.0,66690.0,1,66700.0,66640.0,66640.0,66640.0,1.0,333200.0,371
2023-05-09 22:31:14,cu2404,cu2404,66640.0,0.0,0.0,0.0,1,66580.0,66680.0,2,66700.0,66640.0,66640.0,66640.0,1.0,333200.0,371
2023-05-09 22:31:14,cu2404,cu2404,66640.0,0.0,0.0,0.0,1,66580.0,66680.0,2,66700.0,66640.0,66640.0,66640.0,1.0,333200.0,371
2023-05-09 22:31:15,cu2404,cu2404,66640.0,0.0,0.0,0.0,1,66580.0,66670.0,2,66700.0,66640.0,66640.0,66640.0,1.0,333200.0,371
2023-05-09 22:31:15,cu2404,cu2404,66640.0,0.0,0.0,0.0,1,66580.0,66670.0,2,66700.0,66640.0,66640.0,66640.0,1.0,333200.0,371
2023-05-09 22:31:16,cu2404,cu2404,66640.0,0.0,0.0,0.0,1,66580.0,66670.0,2,66700.0,66640.0,66640.0,66640.0,1.0,333200.0,371
2023-05-09 22:31:17,cu2404,cu2404,66640.0,0.0,0.0,0.0,1,66580.0,66670.0,3,66700.0,66640.0,66640.0,66640.0,1.0,333200.0,371
2023-05-09 22:31:21,cu2404,cu2404,66640.0,0.0,0.0,0.0,1,66580.0,66670.0,2,66700.0,66640.0,66640.0,66640.0,1.0,333200.0,371
2023-05-09 22:31:21,cu2404,cu2404,66640.0,0.0,0.0,0.0,1,66580.0,66670.0,3,66700.0,66640.0,66640.0,66640.0,1.0,333200.0,371
2023-05-09 22:31:26,cu2404,cu2404,66640.0,0.0,0.0,0.0,1,66580.0,66660.0,1,66700.0,66640.0,66640.0,66640.0,1.0,333200.0,371
2023-05-09 22:31:27,cu2404,cu2404,66640.0,0.0,0.0,0.0,1,66580.0,66660.0,1,66700.0,66640.0,66640.0,66640.0,1.0,333200.0,371
2023-05-09 22:31:27,cu2404,cu2404,66640.0,0.0,0.0,0.0,1,66580.0,66650.0,2,66700.0,66640.0,66640.0,66640.0,1.0,333200.0,371
2023-05-09 22:31:28,cu2404,cu2404,66640.0,0.0,0.0,0.0,1,66580.0,66650.0,2,66700.0,66640.0,66640.0,66640.0,1.0,333200.0,371
2023-05-09 22:31:38,cu2404,cu2404,66640.0,0.0,0.0,0.0,1,66580.0,66770.0,1,66700.0,66640.0,66640.0,66640.0,1.0,333200.0,371
2023-05-09 22:31:38,cu2404,cu2404,66640.0,0.0,0.0,0.0,1,66580.0,66690.0,1,66700.0,66640.0,66640.0,66640.0,1.0,333200.0,371
2023-05-09 22:31:39,cu2404,cu2404,66640.0,0.0,0.0,0.0,1,66580.0,66680.0,3,66700.0,66640.0,66640.0,66640.0,1.0,333200.0,371
2023-05-09 22:31:39,cu2404,cu2404,66640.0,0.0,0.0,0.0,1,66580.0,66670.0,1,66700.0,66640.0,66640.0,66640.0,1.0,333200.0,371
2023-05-09 22:31:40,cu2404,cu2404,66640.0,0.0,0.0,0.0,1,66580.0,66660.0,1,66700.0,66640.0,66640.0,66640.0,1.0,333200.0,371
2023-05-09 22:31:40,cu2404,cu2404,66640.0,0.0,0.0,0.0,1,66580.0,66660.0,1,66700.0,66640.0,66640.0,66640.0,1.0,333200.0,371
2023-05-09 22:31:41,cu2404,cu2404,66640.0,0.0,0.0,0.0,1,66580.0,66650.0,2,66700.0,66640.0,66640.0,66640.0,1.0,333200.0,371
2023-05-09 22:31:41,cu2404,cu2404,66640.0,0.0,0.0,0.0,1,66580.0,66650.0,2,66700.0,66640.0,66640.0,66640.0,1.0,333200.0,371
2023-05-09 22:31:43,cu2404,cu2404,66640.0,0.0,0.0,0.0,1,66580.0,66650.0,2,66700.0,66640.0,66640.0,66640.0,1.0,333200.0,371
2023-05-09 22:31:51,cu2404,cu2404,66640.0,0.0,0.0,0.0,1,66580.0,66650.0,2,66700.0,66640.0,66640.0,66640.0,1.0,333200.0,371
2023-05-09 22:31:54,cu2404,cu2404,66640.0,0.0,0.0,0.0,1,66580.0,66650.0,1,66700.0,66640.0,66640.0,66640.0,1.0,333200.0,371
2023-05-09 22:32:10,cu2404,cu2404,66640.0,0.0,0.0,0.0,1,66580.0,66640.0,1,66700.0,66640.0,66640.0,66640.0,1.0,333200.0,371
2023-05-09 22:32:11,cu2404,cu2404,66640.0,0.0,0.0,0.0,1,66530.0,66640.0,1,66700.0,66640.0,66640.0,66640.0,1.0,333200.0,371
2023-05-09 22:32:11,cu2404,cu2404,66640.0,0.0,0.0,0.0,1,66540.0,66630.0,1,66700.0,66640.0,66640.0,66640.0,1.0,333200.0,371
2023-05-09 22:32:12,cu2404,cu2404,66640.0,0.0,0.0,0.0,1,66540.0,66620.0,1,66700.0,66640.0,66640.0,66640.0,1.0,333200.0,371
2023-05-09 22:32:12,cu2404,cu2404,66640.0,0.0,0.0,0.0,1,66540.0,66620.0,1,66700.0,66640.0,66640.0,66640.0,1.0,333200.0,371
2023-05-09 22:32:13,cu2404,cu2404,66640.0,0.0,0.0,0.0,1,66540.0,66630.0,1,66700.0,66640.0,66640.0,66640.0,1.0,333200.0,371
2023-05-09 22:32:13,cu2404,cu2404,66640.0,0.0,0.0,0.0,1,66540.0,66610.0,1,66700.0,66640.0,66640.0,66640.0,1.0,333200.0,371
2023-05-09 22:32:14,cu2404,cu2404,66640.0,0.0,0.0,0.0,1,66540.0,66610.0,1,66700.0,66640.0,66640.0,66640.0,1.0,333200.0,371
2023-05-09 22:32:16,cu2404,cu2404,66640.0,0.0,0.0,0.0,1,66540.0,66770.0,1,66700.0,66640.0,66640.0,66640.0,1.0,333200.0,371
2023-05-09 22:32:17,cu2404,cu2404,66640.0,0.0,0.0,0.0,1,66540.0,66650.0,1,66700.0,66640.0,66640.0,66640.0,1.0,333200.0,371
2023-05-09 22:32:17,cu2404,cu2404,66640.0,0.0,0.0,0.0,1,66540.0,66640.0,2,66700.0,66640.0,66640.0,66640.0,1.0,333200.0,371
2023-05-09 22:32:18,cu2404,cu2404,66640.0,0.0,0.0,0.0,1,66540.0,66640.0,2,66700.0,66640.0,66640.0,66640.0,1.0,333200.0,371
2023-05-09 22:32:19,cu2404,cu2404,66640.0,0.0,0.0,0.0,1,66540.0,66640.0,2,66700.0,66640.0,66640.0,66640.0,1.0,333200.0,371
2023-05-09 22:32:19,cu2404,cu2404,66640.0,0.0,0.0,0.0,1,66540.0,66630.0,1,66700.0,66640.0,66640.0,66640.0,1.0,333200.0,371
2023-05-09 22:32:20,cu2404,cu2404,66640.0,0.0,0.0,0.0,1,66540.0,66630.0,1,66700.0,66640.0,66640.0,66640.0,1.0,333200.0,371
2023-05-09 22:32:20,cu2404,cu2404,66640.0,0.0,0.0,0.0,1,66540.0,66630.0,2,66700.0,66640.0,66640.0,66640.0,1.0,333200.0,371
2023-05-09 22:32:25,cu2404,cu2404,66640.0,0.0,0.0,0.0,1,66540.0,66620.0,1,66700.0,66640.0,66640.0,66640.0,1.0,333200.0,371
2023-05-09 22:32:28,cu2404,cu2404,66640.0,0.0,0.0,0.0,1,66540.0,66620.0,1,66700.0,66640.0,66640.0,66640.0,1.0,333200.0,371
2023-05-09 22:32:38,cu2404,cu2404,66640.0,0.0,0.0,0.0,1,66540.0,66620.0,1,66700.0,66640.0,66640.0,66640.0,1.0,333200.0,371
2023-05-09 22:32:38,cu2404,cu2404,66640.0,0.0,0.0,0.0,1,66540.0,66610.0,1,66700.0,66640.0,66640.0,66640.0,1.0,333200.0,371
2023-05-09 22:32:39,cu2404,cu2404,66640.0,0.0,0.0,0.0,1,66540.0,66610.0,1,66700.0,66640.0,66640.0,66640.0,1.0,333200.0,371
2023-05-09 22:32:51,cu2404,cu2404,66640.0,0.0,0.0,0.0,1,66540.0,66610.0,1,66700.0,66640.0,66640.0,66640.0,1.0,333200.0,371
2023-05-09 22:32:52,cu2404,cu2404,66640.0,0.0,0.0,0.0,1,66540.0,66610.0,1,66700.0,66640.0,66640.0,66640.0,1.0,333200.0,371
2023-05-09 22:32:58,cu2404,cu2404,66640.0,0.0,0.0,0.0,1,66540.0,66770.0,1,66700.0,66640.0,66640.0,66640.0,1.0,333200.0,371
2023-05-09 22:32:59,cu2404,cu2404,66640.0,0.0,0.0,0.0,1,66540.0,66660.0,1,66700.0,66640.0,66640.0,66640.0,1.0,333200.0,371
2023-05-09 22:32:59,cu2404,cu2404,66640.0,0.0,0.0,0.0,1,66540.0,66650.0,1,66700.0,66640.0,66640.0,66640.0,1.0,333200.0,371
2023-05-09 22:33:00,cu2404,cu2404,66640.0,0.0,0.0,0.0,1,66540.0,66640.0,2,66700.0,66640.0,66640.0,66640.0,1.0,333200.0,371
2023-05-09 22:33:00,cu2404,cu2404,66640.0,0.0,0.0,0.0,1,66540.0,66630.0,1,66700.0,66640.0,66640.0,66640.0,1.0,333200.0,371
2023-05-09 22:33:01,cu2404,cu2404,66640.0,0.0,0.0,0.0,1,66540.0,66630.0,2,66700.0,66640.0,66640.0,66640.0,1.0,333200.0,371
2023-05-09 22:33:01,cu2404,cu2404,66640.0,0.0,0.0,0.0,1,66540.0,66630.0,2,66700.0,66640.0,66640.0,66640.0,1.0,333200.0,371
2023-05-09 22:33:02,cu2404,cu2404,66640.0,0.0,0.0,0.0,1,66540.0,66610.0,1,66700.0,66640.0,66640.0,66640.0,1.0,333200.0,371
2023-05-09 22:33:02,cu2404,cu2404,66640.0,0.0,0.0,0.0,1,66540.0,66610.0,1,66700.0,66640.0,66640.0,66640.0,1.0,333200.0,371
2023-05-09 22:33:04,cu2404,cu2404,66640.0,0.0,0.0,0.0,1,66540.0,66610.0,1,66700.0,66640.0,66640.0,66640.0,1.0,333200.0,371
2023-05-09 22:33:05,cu2404,cu2404,66640.0,0.0,0.0,0.0,1,66540.0,66610.0,2,66700.0,66640.0,66640.0,66640.0,1.0,333200.0,371
2023-05-09 22:33:06,cu2404,cu2404,66640.0,0.0,0.0,0.0,1,66540.0,66690.0,1,66700.0,66640.0,66640.0,66640.0,1.0,333200.0,371
2023-05-09 22:33:06,cu2404,cu2404,66640.0,0.0,0.0,0.0,1,66540.0,66660.0,1,66700.0,66640.0,66640.0,66640.0,1.0,333200.0,371
2023-05-09 22:33:07,cu2404,cu2404,66640.0,0.0,0.0,0.0,1,66540.0,66650.0,1,66700.0,66640.0,66640.0,66640.0,1.0,333200.0,371
2023-05-09 22:33:07,cu2404,cu2404,66640.0,0.0,0.0,0.0,1,66540.0,66640.0,1,66700.0,66640.0,66640.0,66640.0,1.0,333200.0,371
2023-05-09 22:33:08,cu2404,cu2404,66640.0,0.0,0.0,0.0,1,66540.0,66630.0,1,66700.0,66640.0,66640.0,66640.0,1.0,333200.0,371
2023-05-09 22:33:09,cu2404,cu2404,66640.0,0.0,0.0,0.0,1,66540.0,66630.0,1,66700.0,66640.0,66640.0,66640.0,1.0,333200.0,371
2023-05-09 22:33:09,cu2404,cu2404,66640.0,0.0,0.0,0.0,1,66540.0,66600.0,1,66700.0,66640.0,66640.0,66640.0,1.0,333200.0,371
2023-05-09 22:33:10,cu2404,cu2404,66640.0,0.0,0.0,0.0,1,66540.0,66600.0,1,66700.0,66640.0,66640.0,66640.0,1.0,333200.0,371
2023-05-09 22:33:13,cu2404,cu2404,66640.0,0.0,0.0,0.0,1,66540.0,66620.0,1,66700.0,66640.0,66640.0,66640.0,1.0,333200.0,371
2023-05-09 22:33:13,cu2404,cu2404,66640.0,0.0,0.0,0.0,4,66540.0,66690.0,1,66700.0,66640.0,66640.0,66640.0,1.0,333200.0,371
2023-05-09 22:33:14,cu2404,cu2404,66640.0,0.0,0.0,0.0,4,66540.0,66670.0,1,66700.0,66640.0,66640.0,66640.0,1.0,333200.0,371
2023-05-09 22:33:14,cu2404,cu2404,66640.0,0.0,0.0,0.0,4,66540.0,66650.0,1,66700.0,66640.0,66640.0,66640.0,1.0,333200.0,371
2023-05-09 22:33:15,cu2404,cu2404,66640.0,0.0,0.0,0.0,4,66540.0,66650.0,2,66700.0,66640.0,66640.0,66640.0,1.0,333200.0,371
2023-05-09 22:33:15,cu2404,cu2404,66640.0,0.0,0.0,0.0,4,66540.0,66640.0,2,66700.0,66640.0,66640.0,66640.0,1.0,333200.0,371
2023-05-09 22:33:16,cu2404,cu2404,66640.0,0.0,0.0,0.0,4,66540.0,66640.0,3,66700.0,66640.0,66640.0,66640.0,1.0,333200.0,371
2023-05-09 22:33:16,cu2404,cu2404,66640.0,0.0,0.0,0.0,4,66540.0,66640.0,3,66700.0,66640.0,66640.0,66640.0,1.0,333200.0,371
2023-05-09 22:33:17,cu2404,cu2404,66640.0,0.0,0.0,0.0,4,66540.0,66640.0,3,66700.0,66640.0,66640.0,66640.0,1.0,333200.0,371
2023-05-09 22:33:21,cu2404,cu2404,66640.0,0.0,0.0,0.0,4,66540.0,66630.0,1,66700.0,66640.0,66640.0,66640.0,1.0,333200.0,371
2023-05-09 22:33:22,cu2404,cu2404,66640.0,0.0,0.0,0.0,4,66540.0,66630.0,1,66700.0,66640.0,66640.0,66640.0,1.0,333200.0,371
2023-05-09 22:33:22,cu2404,cu2404,66640.0,0.0,0.0,0.0,4,66540.0,66620.0,1,66700.0,66640.0,66640.0,66640.0,1.0,333200.0,371
2023-05-09 22:33:23,cu2404,cu2404,66640.0,0.0,0.0,0.0,4,66540.0,66620.0,1,66700.0,66640.0,66640.0,66640.0,1.0,333200.0,371
2023-05-09 22:33:25,cu2404,cu2404,66640.0,0.0,0.0,0.0,1,66540.0,66620.0,1,66700.0,66640.0,66640.0,66640.0,1.0,333200.0,371
2023-05-09 22:33:27,cu2404,cu2404,66640.0,0.0,0.0,0.0,1,66540.0,66620.0,1,66700.0,66640.0,66640.0,66640.0,1.0,333200.0,371
2023-05-09 22:33:30,cu2404,cu2404,66640.0,0.0,0.0,0.0,1,66540.0,66690.0,1,66700.0,66640.0,66640.0,66640.0,1.0,333200.0,371
2023-05-09 22:33:31,cu2404,cu2404,66640.0,0.0,0.0,0.0,1,66540.0,66670.0,1,66700.0,66640.0,66640.0,66640.0,1.0,333200.0,371
2023-05-09 22:33:31,cu2404,cu2404,66640.0,0.0,0.0,0.0,1,66540.0,66650.0,1,66700.0,66640.0,66640.0,66640.0,1.0,333200.0,371
2023-05-09 22:33:32,cu2404,cu2404,66640.0,0.0,0.0,0.0,4,66540.0,66640.0,1,66700.0,66640.0,66640.0,66640.0,1.0,333200.0,371
2023-05-09 22:33:32,cu2404,cu2404,66640.0,0.0,0.0,0.0,4,66540.0,66620.0,1,66700.0,66640.0,66640.0,66640.0,1.0,333200.0,371
2023-05-09 22:33:34,cu2404,cu2404,66640.0,0.0,0.0,0.0,4,66540.0,66640.0,1,66700.0,66640.0,66640.0,66640.0,1.0,333200.0,371
2023-05-09 22:33:35,cu2404,cu2404,66640.0,0.0,0.0,0.0,4,66540.0,66640.0,2,66700.0,66640.0,66640.0,66640.0,1.0,333200.0,371
2023-05-09 22:33:41,cu2404,cu2404,66640.0,0.0,0.0,0.0,4,66540.0,66640.0,3,66700.0,66640.0,66640.0,66640.0,1.0,333200.0,371
2023-05-09 22:33:47,cu2404,cu2404,66640.0,0.0,0.0,0.0,4,66540.0,66640.0,3,66700.0,66640.0,66640.0,66640.0,1.0,333200.0,371
2023-05-09 22:33:52,cu2404,cu2404,66640.0,0.0,0.0,0.0,4,66540.0,66640.0,2,66700.0,66640.0,66640.0,66640.0,1.0,333200.0,371
2023-05-09 22:33:53,cu2404,cu2404,66640.0,0.0,0.0,0.0,4,66540.0,66690.0,1,66700.0,66640.0,66640.0,66640.0,1.0,333200.0,371
2023-05-09 22:33:53,cu2404,cu2404,66640.0,0.0,0.0,0.0,4,66540.0,66630.0,1,66700.0,66640.0,66640.0,66640.0,1.0,333200.0,371
2023-05-09 22:33:54,cu2404,cu2404,66640.0,0.0,0.0,0.0,4,66540.0,66630.0,1,66700.0,66640.0,66640.0,66640.0,1.0,333200.0,371
2023-05-09 22:33:57,cu2404,cu2404,66640.0,0.0,0.0,0.0,4,66540.0,66630.0,1,66700.0,66640.0,66640.0,66640.0,1.0,333200.0,371
2023-05-09 22:33:59,cu2404,cu2404,66640.0,0.0,0.0,0.0,7,66540.0,66630.0,1,66700.0,66640.0,66640.0,66640.0,1.0,333200.0,371
2023-05-09 22:34:01,cu2404,cu2404,66640.0,0.0,0.0,0.0,7,66540.0,66680.0,1,66700.0,66640.0,66640.0,66640.0,1.0,333200.0,371
2023-05-09 22:34:01,cu2404,cu2404,66640.0,0.0,0.0,0.0,7,66540.0,66670.0,1,66700.0,66640.0,66640.0,66640.0,1.0,333200.0,371
2023-05-09 22:34:02,cu2404,cu2404,66640.0,0.0,0.0,0.0,4,66540.0,66660.0,1,66700.0,66640.0,66640.0,66640.0,1.0,333200.0,371
2023-05-09 22:34:02,cu2404,cu2404,66640.0,0.0,0.0,0.0,3,66550.0,66660.0,1,66700.0,66640.0,66640.0,66640.0,1.0,333200.0,371
2023-05-09 22:34:03,cu2404,cu2404,66640.0,0.0,0.0,0.0,1,66560.0,66650.0,1,66700.0,66640.0,66640.0,66640.0,1.0,333200.0,371
2023-05-09 22:34:03,cu2404,cu2404,66640.0,0.0,0.0,0.0,3,66570.0,66650.0,1,66700.0,66640.0,66640.0,66640.0,1.0,333200.0,371
2023-05-09 22:34:04,cu2404,cu2404,66640.0,0.0,0.0,0.0,1,66580.0,66650.0,1,66700.0,66640.0,66640.0,66640.0,1.0,333200.0,371
2023-05-09 22:34:04,cu2404,cu2404,66640.0,0.0,0.0,0.0,1,66580.0,66650.0,1,66700.0,66640.0,66640.0,66640.0,1.0,333200.0,371
2023-05-09 22:34:05,cu2404,cu2404,66640.0,0.0,0.0,0.0,1,66580.0,66650.0,1,66700.0,66640.0,66640.0,66640.0,1.0,333200.0,371
2023-05-09 22:34:10,cu2404,cu2404,66640.0,0.0,0.0,0.0,1,66580.0,66650.0,2,66700.0,66640.0,66640.0,66640.0,1.0,333200.0,371
2023-05-09 22:34:12,cu2404,cu2404,66640.0,0.0,0.0,0.0,1,66580.0,66650.0,1,66700.0,66640.0,66640.0,66640.0,1.0,333200.0,371
2023-05-09 22:34:14,cu2404,cu2404,66640.0,0.0,0.0,0.0,1,66580.0,66680.0,1,66700.0,66640.0,66640.0,66640.0,1.0,333200.0,371
2023-05-09 22:34:14,cu2404,cu2404,66640.0,0.0,0.0,0.0,1,66580.0,66670.0,2,66700.0,66640.0,66640.0,66640.0,1.0,333200.0,371
2023-05-09 22:34:15,cu2404,cu2404,66640.0,0.0,0.0,0.0,1,66580.0,66670.0,2,66700.0,66640.0,66640.0,66640.0,1.0,333200.0,371
2023-05-09 22:34:15,cu2404,cu2404,66640.0,0.0,0.0,0.0,1,66580.0,66660.0,2,66700.0,66640.0,66640.0,66640.0,1.0,333200.0,371
2023-05-09 22:34:16,cu2404,cu2404,66640.0,0.0,0.0,0.0,1,66580.0,66660.0,2,66700.0,66640.0,66640.0,66640.0,1.0,333200.0,371
2023-05-09 22:34:16,cu2404,cu2404,66640.0,0.0,0.0,0.0,1,66580.0,66660.0,3,66700.0,66640.0,66640.0,66640.0,1.0,333200.0,371
2023-05-09 22:34:19,cu2404,cu2404,66640.0,0.0,0.0,0.0,1,66580.0,66660.0,2,66700.0,66640.0,66640.0,66640.0,1.0,333200.0,371
2023-05-09 22:34:21,cu2404,cu2404,66640.0,0.0,0.0,0.0,1,66580.0,66660.0,1,66700.0,66640.0,66640.0,66640.0,1.0,333200.0,371
2023-05-09 22:34:21,cu2404,cu2404,66640.0,0.0,0.0,0.0,1,66580.0,66660.0,1,66700.0,66640.0,66640.0,66640.0,1.0,333200.0,371
2023-05-09 22:34:22,cu2404,cu2404,66640.0,0.0,0.0,0.0,1,66580.0,66660.0,1,66700.0,66640.0,66640.0,66640.0,1.0,333200.0,371
2023-05-09 22:34:31,cu2404,cu2404,66640.0,0.0,0.0,0.0,4,66580.0,66660.0,1,66700.0,66640.0,66640.0,66640.0,1.0,333200.0,371
2023-05-09 22:34:34,cu2404,cu2404,66640.0,0.0,0.0,0.0,4,66580.0,66660.0,2,66700.0,66640.0,66640.0,66640.0,1.0,333200.0,371
2023-05-09 22:34:38,cu2404,cu2404,66640.0,0.0,0.0,0.0,4,66580.0,66660.0,1,66700.0,66640.0,66640.0,66640.0,1.0,333200.0,371
2023-05-09 22:34:39,cu2404,cu2404,66640.0,0.0,0.0,0.0,4,66580.0,66660.0,2,66700.0,66640.0,66640.0,66640.0,1.0,333200.0,371
2023-05-09 22:34:42,cu2404,cu2404,66640.0,0.0,0.0,0.0,1,66580.0,66660.0,2,66700.0,66640.0,66640.0,66640.0,1.0,333200.0,371
2023-05-09 22:34:44,cu2404,cu2404,66640.0,0.0,0.0,0.0,1,66580.0,66650.0,1,66700.0,66640.0,66640.0,66640.0,1.0,333200.0,371
2023-05-09 22:34:46,cu2404,cu2404,66640.0,0.0,0.0,0.0,1,66580.0,66660.0,1,66700.0,66640.0,66640.0,66640.0,1.0,333200.0,371
2023-05-09 22:34:47,cu2404,cu2404,66640.0,0.0,0.0,0.0,1,66580.0,66650.0,1,66700.0,66640.0,66640.0,66640.0,1.0,333200.0,371
2023-05-09 22:34:48,cu2404,cu2404,66640.0,0.0,0.0,0.0,1,66580.0,66650.0,1,66700.0,66640.0,66640.0,66640.0,1.0,333200.0,371
2023-05-09 22:34:49,cu2404,cu2404,66640.0,0.0,0.0,0.0,1,66580.0,66650.0,2,66700.0,66640.0,66640.0,66640.0,1.0,333200.0,371
2023-05-09 22:34:51,cu2404,cu2404,66640.0,0.0,0.0,0.0,1,66580.0,66650.0,1,66700.0,66640.0,66640.0,66640.0,1.0,333200.0,371
2023-05-09 22:34:52,cu2404,cu2404,66640.0,0.0,0.0,0.0,1,66580.0,66730.0,1,66700.0,66640.0,66640.0,66640.0,1.0,333200.0,371
2023-05-09 22:34:52,cu2404,cu2404,66640.0,0.0,0.0,0.0,1,66580.0,66660.0,1,66700.0,66640.0,66640.0,66640.0,1.0,333200.0,371
2023-05-09 22:34:53,cu2404,cu2404,66640.0,0.0,0.0,0.0,1,66580.0,66660.0,2,66700.0,66640.0,66640.0,66640.0,1.0,333200.0,371
2023-05-09 22:34:53,cu2404,cu2404,66640.0,0.0,0.0,0.0,1,66580.0,66660.0,2,66700.0,66640.0,66640.0,66640.0,1.0,333200.0,371
2023-05-09 22:34:54,cu2404,cu2404,66640.0,0.0,0.0,0.0,1,66580.0,66650.0,2,66700.0,66640.0,66640.0,66640.0,1.0,333200.0,371
2023-05-09 22:34:54,cu2404,cu2404,66640.0,0.0,0.0,0.0,1,66580.0,66650.0,2,66700.0,66640.0,66640.0,66640.0,1.0,333200.0,371
2023-05-09 22:34:57,cu2404,cu2404,66640.0,0.0,0.0,0.0,1,66580.0,66650.0,1,66700.0,66640.0,66640.0,66640.0,1.0,333200.0,371
2023-05-09 22:35:02,cu2404,cu2404,66640.0,0.0,0.0,0.0,1,66580.0,66650.0,1,66700.0,66640.0,66640.0,66640.0,1.0,333200.0,371
2023-05-09 22:35:02,cu2404,cu2404,66640.0,0.0,0.0,0.0,1,66580.0,66730.0,1,66700.0,66640.0,66640.0,66640.0,1.0,333200.0,371
2023-05-09 22:35:03,cu2404,cu2404,66640.0,0.0,0.0,0.0,1,66580.0,66690.0,1,66700.0,66640.0,66640.0,66640.0,1.0,333200.0,371
2023-05-09 22:35:03,cu2404,cu2404,66640.0,0.0,0.0,0.0,1,66580.0,66680.0,1,66700.0,66640.0,66640.0,66640.0,1.0,333200.0,371
2023-05-09 22:35:04,cu2404,cu2404,66640.0,0.0,0.0,0.0,1,66580.0,66670.0,3,66700.0,66640.0,66640.0,66640.0,1.0,333200.0,371
2023-05-09 22:35:04,cu2404,cu2404,66640.0,0.0,0.0,0.0,1,66580.0,66670.0,4,66700.0,66640.0,66640.0,66640.0,1.0,333200.0,371
2023-05-09 22:35:06,cu2404,cu2404,66640.0,0.0,0.0,0.0,1,66580.0,66670.0,3,66700.0,66640.0,66640.0,66640.0,1.0,333200.0,371
2023-05-09 22:35:07,cu2404,cu2404,66640.0,0.0,0.0,0.0,1,66580.0,66670.0,4,66700.0,66640.0,66640.0,66640.0,1.0,333200.0,371
2023-05-09 22:35:11,cu2404,cu2404,66640.0,0.0,0.0,0.0,1,66580.0,66670.0,3,66700.0,66640.0,66640.0,66640.0,1.0,333200.0,371
2023-05-09 22:35:12,cu2404,cu2404,66640.0,0.0,0.0,0.0,1,66580.0,66670.0,2,66700.0,66640.0,66640.0,66640.0,1.0,333200.0,371
2023-05-09 22:35:12,cu2404,cu2404,66640.0,0.0,0.0,0.0,1,66580.0,66660.0,2,66700.0,66640.0,66640.0,66640.0,1.0,333200.0,371
2023-05-09 22:35:14,cu2404,cu2404,66640.0,0.0,0.0,0.0,1,66580.0,66660.0,2,66700.0,66640.0,66640.0,66640.0,1.0,333200.0,371
2023-05-09 22:35:14,cu2404,cu2404,66640.0,0.0,0.0,0.0,1,66580.0,66730.0,1,66700.0,66640.0,66640.0,66640.0,1.0,333200.0,371
2023-05-09 22:35:15,cu2404,cu2404,66640.0,0.0,0.0,0.0,1,66580.0,66690.0,1,66700.0,66640.0,66640.0,66640.0,1.0,333200.0,371
2023-05-09 22:35:15,cu2404,cu2404,66640.0,0.0,0.0,0.0,1,66580.0,66680.0,2,66700.0,66640.0,66640.0,66640.0,1.0,333200.0,371
2023-05-09 22:35:16,cu2404,cu2404,66640.0,0.0,0.0,0.0,1,66580.0,66680.0,2,66700.0,66640.0,66640.0,66640.0,1.0,333200.0,371
2023-05-09 22:35:16,cu2404,cu2404,66640.0,0.0,0.0,0.0,1,66580.0,66680.0,2,66700.0,66640.0,66640.0,66640.0,1.0,333200.0,371
2023-05-09 22:35:17,cu2404,cu2404,66640.0,0.0,0.0,0.0,1,66580.0,66670.0,2,66700.0,66640.0,66640.0,66640.0,1.0,333200.0,371
2023-05-09 22:35:17,cu2404,cu2404,66640.0,0.0,0.0,0.0,1,66580.0,66670.0,2,66700.0,66640.0,66640.0,66640.0,1.0,333200.0,371
2023-05-09 22:35:18,cu2404,cu2404,66640.0,0.0,0.0,0.0,1,66580.0,66670.0,2,66700.0,66640.0,66640.0,66640.0,1.0,333200.0,371
2023-05-09 22:35:20,cu2404,cu2404,66640.0,0.0,0.0,0.0,4,66580.0,66670.0,2,66700.0,66640.0,66640.0,66640.0,1.0,333200.0,371
2023-05-09 22:35:29,cu2404,cu2404,66640.0,0.0,0.0,0.0,4,66580.0,66670.0,2,66700.0,66640.0,66640.0,66640.0,1.0,333200.0,371
2023-05-09 22:35:30,cu2404,cu2404,66640.0,0.0,0.0,0.0,4,66580.0,66670.0,2,66700.0,66640.0,66640.0,66640.0,1.0,333200.0,371
2023-05-09 22:35:32,cu2404,cu2404,66640.0,0.0,0.0,0.0,4,66580.0,66730.0,1,66700.0,66640.0,66640.0,66640.0,1.0,333200.0,371
2023-05-09 22:35:32,cu2404,cu2404,66640.0,0.0,0.0,0.0,7,66580.0,66680.0,1,66700.0,66640.0,66640.0,66640.0,1.0,333200.0,371
2023-05-09 22:35:33,cu2404,cu2404,66640.0,0.0,0.0,0.0,7,66580.0,66680.0,1,66700.0,66640.0,66640.0,66640.0,1.0,333200.0,371
2023-05-09 22:35:33,cu2404,cu2404,66640.0,0.0,0.0,0.0,7,66580.0,66700.0,1,66700.0,66640.0,66640.0,66640.0,1.0,333200.0,371
2023-05-09 22:35:34,cu2404,cu2404,66640.0,0.0,0.0,0.0,7,66580.0,66690.0,1,66700.0,66640.0,66640.0,66640.0,1.0,333200.0,371
2023-05-09 22:35:34,cu2404,cu2404,66640.0,0.0,0.0,0.0,7,66580.0,66680.0,1,66700.0,66640.0,66640.0,66640.0,1.0,333200.0,371
2023-05-09 22:35:35,cu2404,cu2404,66640.0,0.0,0.0,0.0,7,66580.0,66680.0,1,66700.0,66640.0,66640.0,66640.0,1.0,333200.0,371
2023-05-09 22:35:37,cu2404,cu2404,66640.0,0.0,0.0,0.0,7,66580.0,66680.0,1,66700.0,66640.0,66640.0,66640.0,1.0,333200.0,371
2023-05-09 22:35:38,cu2404,cu2404,66640.0,0.0,0.0,0.0,7,66580.0,66670.0,2,66700.0,66640.0,66640.0,66640.0,1.0,333200.0,371
2023-05-09 22:35:39,cu2404,cu2404,66640.0,0.0,0.0,0.0,7,66580.0,66670.0,2,66700.0,66640.0,66640.0,66640.0,1.0,333200.0,371
2023-05-09 22:35:39,cu2404,cu2404,66640.0,0.0,0.0,0.0,7,66580.0,66730.0,1,66700.0,66640.0,66640.0,66640.0,1.0,333200.0,371
2023-05-09 22:35:40,cu2404,cu2404,66640.0,0.0,0.0,0.0,7,66580.0,66720.0,4,66700.0,66640.0,66640.0,66640.0,1.0,333200.0,371
2023-05-09 22:35:40,cu2404,cu2404,66640.0,0.0,0.0,0.0,7,66580.0,66710.0,1,66700.0,66640.0,66640.0,66640.0,1.0,333200.0,371
2023-05-09 22:35:41,cu2404,cu2404,66640.0,0.0,0.0,0.0,7,66580.0,66700.0,2,66700.0,66640.0,66640.0,66640.0,1.0,333200.0,371
2023-05-09 22:35:41,cu2404,cu2404,66640.0,0.0,0.0,0.0,4,66580.0,66700.0,2,66700.0,66640.0,66640.0,66640.0,1.0,333200.0,371
2023-05-09 22:35:42,cu2404,cu2404,66640.0,0.0,0.0,0.0,3,66590.0,66690.0,1,66700.0,66640.0,66640.0,66640.0,1.0,333200.0,371
2023-05-09 22:35:42,cu2404,cu2404,66640.0,0.0,0.0,0.0,1,66600.0,66700.0,1,66700.0,66640.0,66640.0,66640.0,1.0,333200.0,371
2023-05-09 22:35:43,cu2404,cu2404,66640.0,0.0,0.0,0.0,4,66600.0,66700.0,1,66700.0,66640.0,66640.0,66640.0,1.0,333200.0,371
2023-05-09 22:35:44,cu2404,cu2404,66640.0,0.0,0.0,0.0,4,66600.0,66690.0,1,66700.0,66640.0,66640.0,66640.0,1.0,333200.0,371
2023-05-09 22:35:44,cu2404,cu2404,66640.0,0.0,0.0,0.0,4,66600.0,66690.0,3,66700.0,66640.0,66640.0,66640.0,1.0,333200.0,371
2023-05-09 22:35:47,cu2404,cu2404,66640.0,0.0,0.0,0.0,4,66600.0,66690.0,1,66700.0,66640.0,66640.0,66640.0,1.0,333200.0,371
2023-05-09 22:35:48,cu2404,cu2404,66640.0,0.0,0.0,0.0,4,66600.0,66720.0,1,66700.0,66640.0,66640.0,66640.0,1.0,333200.0,371
2023-05-09 22:35:48,cu2404,cu2404,66640.0,0.0,0.0,0.0,4,66600.0,66710.0,1,66700.0,66640.0,66640.0,66640.0,1.0,333200.0,371
2023-05-09 22:35:49,cu2404,cu2404,66640.0,0.0,0.0,0.0,4,66600.0,66700.0,2,66700.0,66640.0,66640.0,66640.0,1.0,333200.0,371
2023-05-09 22:35:49,cu2404,cu2404,66640.0,0.0,0.0,0.0,4,66600.0,66700.0,2,66700.0,66640.0,66640.0,66640.0,1.0,333200.0,371
2023-05-09 22:35:53,cu2404,cu2404,66640.0,0.0,0.0,0.0,4,66600.0,66690.0,1,66700.0,66640.0,66640.0,66640.0,1.0,333200.0,371
2023-05-09 22:35:59,cu2404,cu2404,66640.0,0.0,0.0,0.0,4,66600.0,66690.0,1,66700.0,66640.0,66640.0,66640.0,1.0,333200.0,371
2023-05-09 22:36:00,cu2404,cu2404,66640.0,0.0,0.0,0.0,4,66600.0,66720.0,1,66700.0,66640.0,66640.0,66640.0,1.0,333200.0,371
2023-05-09 22:36:00,cu2404,cu2404,66640.0,0.0,0.0,0.0,4,66600.0,66680.0,1,66700.0,66640.0,66640.0,66640.0,1.0,333200.0,371
2023-05-09 22:36:01,cu2404,cu2404,66640.0,0.0,0.0,0.0,4,66600.0,66680.0,1,66700.0,66640.0,66640.0,66640.0,1.0,333200.0,371
2023-05-09 22:36:03,cu2404,cu2404,66640.0,0.0,0.0,0.0,4,66600.0,66720.0,1,66700.0,66640.0,66640.0,66640.0,1.0,333200.0,371
2023-05-09 22:36:03,cu2404,cu2404,66640.0,0.0,0.0,0.0,4,66600.0,66710.0,1,66700.0,66640.0,66640.0,66640.0,1.0,333200.0,371
2023-05-09 22:36:04,cu2404,cu2404,66640.0,0.0,0.0,0.0,4,66600.0,66700.0,1,66700.0,66640.0,66640.0,66640.0,1.0,333200.0,371
2023-05-09 22:36:04,cu2404,cu2404,66640.0,0.0,0.0,0.0,4,66600.0,66700.0,1,66700.0,66640.0,66640.0,66640.0,1.0,333200.0,371
2023-05-09 22:36:11,cu2404,cu2404,66640.0,0.0,0.0,0.0,7,66600.0,66700.0,1,66700.0,66640.0,66640.0,66640.0,1.0,333200.0,371
2023-05-09 22:36:12,cu2404,cu2404,66640.0,0.0,0.0,0.0,7,66600.0,66700.0,1,66700.0,66640.0,66640.0,66640.0,1.0,333200.0,371
2023-05-09 22:36:12,cu2404,cu2404,66640.0,0.0,0.0,0.0,7,66600.0,66700.0,1,66700.0,66640.0,66640.0,66640.0,1.0,333200.0,371
2023-05-09 22:36:54,cu2404,cu2404,66640.0,0.0,0.0,0.0,5,66600.0,66700.0,1,66700.0,66640.0,66640.0,66640.0,1.0,333200.0,371
2023-05-09 22:36:55,cu2404,cu2404,66640.0,0.0,0.0,0.0,4,66600.0,66700.0,1,66700.0,66640.0,66640.0,66640.0,1.0,333200.0,371
2023-05-09 22:36:56,cu2404,cu2404,66640.0,0.0,0.0,0.0,7,66600.0,66700.0,1,66700.0,66640.0,66640.0,66640.0,1.0,333200.0,371
2023-05-09 22:36:58,cu2404,cu2404,66640.0,0.0,0.0,0.0,7,66600.0,66710.0,2,66700.0,66640.0,66640.0,66640.0,1.0,333200.0,371
2023-05-09 22:36:58,cu2404,cu2404,66640.0,0.0,0.0,0.0,4,66600.0,66710.0,2,66700.0,66640.0,66640.0,66640.0,1.0,333200.0,371
2023-05-09 22:36:59,cu2404,cu2404,66640.0,0.0,0.0,0.0,3,66610.0,66710.0,2,66700.0,66640.0,66640.0,66640.0,1.0,333200.0,371
2023-05-09 22:36:59,cu2404,cu2404,66640.0,0.0,0.0,0.0,1,66620.0,66700.0,1,66700.0,66640.0,66640.0,66640.0,1.0,333200.0,371
2023-05-09 22:37:00,cu2404,cu2404,66640.0,0.0,0.0,0.0,4,66620.0,66710.0,3,66700.0,66640.0,66640.0,66640.0,1.0,333200.0,371
2023-05-09 22:37:00,cu2404,cu2404,66640.0,0.0,0.0,0.0,4,66620.0,66710.0,2,66700.0,66640.0,66640.0,66640.0,1.0,333200.0,371
2023-05-09 22:37:01,cu2404,cu2404,66640.0,0.0,0.0,0.0,4,66620.0,66700.0,1,66700.0,66640.0,66640.0,66640.0,1.0,333200.0,371
2023-05-09 22:37:02,cu2404,cu2404,66640.0,0.0,0.0,0.0,4,66620.0,66700.0,1,66700.0,66640.0,66640.0,66640.0,1.0,333200.0,371
2023-05-09 22:37:04,cu2404,cu2404,66640.0,0.0,0.0,0.0,4,66620.0,66700.0,1,66700.0,66640.0,66640.0,66640.0,1.0,333200.0,371
2023-05-09 22:37:05,cu2404,cu2404,66640.0,0.0,0.0,0.0,4,66620.0,66700.0,1,66700.0,66640.0,66640.0,66640.0,1.0,333200.0,371
2023-05-09 22:37:05,cu2404,cu2404,66640.0,0.0,0.0,0.0,4,66620.0,66690.0,2,66700.0,66640.0,66640.0,66640.0,1.0,333200.0,371
2023-05-09 22:37:06,cu2404,cu2404,66640.0,0.0,0.0,0.0,4,66620.0,66700.0,1,66700.0,66640.0,66640.0,66640.0,1.0,333200.0,371
2023-05-09 22:37:07,cu2404,cu2404,66640.0,0.0,0.0,0.0,4,66620.0,66710.0,1,66700.0,66640.0,66640.0,66640.0,1.0,333200.0,371
2023-05-09 22:37:08,cu2404,cu2404,66640.0,0.0,0.0,0.0,4,66620.0,66710.0,2,66700.0,66640.0,66640.0,66640.0,1.0,333200.0,371
2023-05-09 22:37:12,cu2404,cu2404,66640.0,0.0,0.0,0.0,4,66620.0,66700.0,2,66700.0,66640.0,66640.0,66640.0,1.0,333200.0,371
2023-05-09 22:37:13,cu2404,cu2404,66640.0,0.0,0.0,0.0,4,66620.0,66690.0,1,66700.0,66640.0,66640.0,66640.0,1.0,333200.0,371
2023-05-09 22:37:15,cu2404,cu2404,66640.0,0.0,0.0,0.0,4,66620.0,66700.0,1,66700.0,66640.0,66640.0,66640.0,1.0,333200.0,371
2023-05-09 22:37:16,cu2404,cu2404,66640.0,0.0,0.0,0.0,4,66620.0,66710.0,1,66700.0,66640.0,66640.0,66640.0,1.0,333200.0,371
2023-05-09 22:37:16,cu2404,cu2404,66640.0,0.0,0.0,0.0,4,66620.0,66710.0,2,66700.0,66640.0,66640.0,66640.0,1.0,333200.0,371
2023-05-09 22:37:25,cu2404,cu2404,66640.0,0.0,0.0,0.0,1,66620.0,66710.0,2,66700.0,66640.0,66640.0,66640.0,1.0,333200.0,371
2023-05-09 22:37:33,cu2404,cu2404,66640.0,0.0,0.0,0.0,1,66620.0,66700.0,1,66700.0,66640.0,66640.0,66640.0,1.0,333200.0,371
2023-05-09 22:37:33,cu2404,cu2404,66640.0,0.0,0.0,0.0,1,66620.0,66710.0,1,66700.0,66640.0,66640.0,66640.0,1.0,333200.0,371
2023-05-09 22:37:34,cu2404,cu2404,66640.0,0.0,0.0,0.0,1,66620.0,66710.0,2,66700.0,66640.0,66640.0,66640.0,1.0,333200.0,371
2023-05-09 22:37:42,cu2404,cu2404,66640.0,0.0,0.0,0.0,1,66620.0,66700.0,2,66700.0,66640.0,66640.0,66640.0,1.0,333200.0,371
2023-05-09 22:37:43,cu2404,cu2404,66640.0,0.0,0.0,0.0,1,66620.0,66710.0,1,66700.0,66640.0,66640.0,66640.0,1.0,333200.0,371
2023-05-09 22:37:43,cu2404,cu2404,66640.0,0.0,0.0,0.0,1,66620.0,66710.0,2,66700.0,66640.0,66640.0,66640.0,1.0,333200.0,371
2023-05-09 22:37:54,cu2404,cu2404,66640.0,0.0,0.0,0.0,1,66620.0,66700.0,2,66700.0,66640.0,66640.0,66640.0,1.0,333200.0,371
2023-05-09 22:37:55,cu2404,cu2404,66640.0,0.0,0.0,0.0,1,66620.0,66710.0,1,66700.0,66640.0,66640.0,66640.0,1.0,333200.0,371
2023-05-09 22:37:55,cu2404,cu2404,66640.0,0.0,0.0,0.0,1,66620.0,66710.0,2,66700.0,66640.0,66640.0,66640.0,1.0,333200.0,371
2023-05-09 22:37:56,cu2404,cu2404,66640.0,0.0,0.0,0.0,1,66620.0,66700.0,2,66700.0,66640.0,66640.0,66640.0,1.0,333200.0,371
2023-05-09 22:37:56,cu2404,cu2404,66640.0,0.0,0.0,0.0,1,66620.0,66700.0,3,66700.0,66640.0,66640.0,66640.0,1.0,333200.0,371
2023-05-09 22:37:58,cu2404,cu2404,66640.0,0.0,0.0,0.0,1,66620.0,66700.0,2,66700.0,66640.0,66640.0,66640.0,1.0,333200.0,371
2023-05-09 22:37:59,cu2404,cu2404,66640.0,0.0,0.0,0.0,1,66620.0,66690.0,1,66700.0,66640.0,66640.0,66640.0,1.0,333200.0,371
2023-05-09 22:38:00,cu2404,cu2404,66640.0,0.0,0.0,0.0,1,66620.0,66690.0,1,66700.0,66640.0,66640.0,66640.0,1.0,333200.0,371
2023-05-09 22:38:00,cu2404,cu2404,66640.0,0.0,0.0,0.0,1,66620.0,66700.0,1,66700.0,66640.0,66640.0,66640.0,1.0,333200.0,371
2023-05-09 22:38:05,cu2404,cu2404,66640.0,0.0,0.0,0.0,1,66620.0,66710.0,1,66700.0,66640.0,66640.0,66640.0,1.0,333200.0,371
2023-05-09 22:38:06,cu2404,cu2404,66640.0,0.0,0.0,0.0,1,66620.0,66770.0,1,66700.0,66640.0,66640.0,66640.0,1.0,333200.0,371
2023-05-09 22:38:06,cu2404,cu2404,66640.0,0.0,0.0,0.0,1,66620.0,66740.0,1,66700.0,66640.0,66640.0,66640.0,1.0,333200.0,371
2023-05-09 22:38:07,cu2404,cu2404,66640.0,0.0,0.0,0.0,1,66620.0,66730.0,2,66700.0,66640.0,66640.0,66640.0,1.0,333200.0,371
2023-05-09 22:38:07,cu2404,cu2404,66640.0,0.0,0.0,0.0,1,66620.0,66730.0,2,66700.0,66640.0,66640.0,66640.0,1.0,333200.0,371
2023-05-09 22:38:08,cu2404,cu2404,66640.0,0.0,0.0,0.0,1,66620.0,66720.0,2,66700.0,66640.0,66640.0,66640.0,1.0,333200.0,371
2023-05-09 22:38:08,cu2404,cu2404,66640.0,0.0,0.0,0.0,1,66620.0,66710.0,1,66700.0,66640.0,66640.0,66640.0,1.0,333200.0,371
2023-05-09 22:38:09,cu2404,cu2404,66640.0,0.0,0.0,0.0,1,66620.0,66710.0,1,66700.0,66640.0,66640.0,66640.0,1.0,333200.0,371
2023-05-09 22:38:09,cu2404,cu2404,66640.0,0.0,0.0,0.0,3,66630.0,66710.0,1,66700.0,66640.0,66640.0,66640.0,1.0,333200.0,371
2023-05-09 22:38:10,cu2404,cu2404,66640.0,0.0,0.0,0.0,1,66640.0,66700.0,1,66700.0,66640.0,66640.0,66640.0,1.0,333200.0,371
2023-05-09 22:38:10,cu2404,cu2404,66640.0,0.0,0.0,0.0,1,66640.0,66700.0,1,66700.0,66640.0,66640.0,66640.0,1.0,333200.0,371
2023-05-09 22:38:12,cu2404,cu2404,66640.0,0.0,0.0,0.0,1,66640.0,66710.0,1,66700.0,66640.0,66640.0,66640.0,1.0,333200.0,371
2023-05-09 22:38:15,cu2404,cu2404,66640.0,0.0,0.0,0.0,1,66640.0,66710.0,2,66700.0,66640.0,66640.0,66640.0,1.0,333200.0,371
2023-05-09 22:38:16,cu2404,cu2404,66640.0,0.0,0.0,0.0,1,66640.0,66710.0,1,66700.0,66640.0,66640.0,66640.0,1.0,333200.0,371
2023-05-09 22:38:31,cu2404,cu2404,66640.0,0.0,0.0,0.0,1,66640.0,66710.0,2,66700.0,66640.0,66640.0,66640.0,1.0,333200.0,371
2023-05-09 22:38:34,cu2404,cu2404,66640.0,0.0,0.0,0.0,1,66640.0,66710.0,2,66700.0,66640.0,66640.0,66640.0,1.0,333200.0,371
2023-05-09 22:38:35,cu2404,cu2404,66640.0,0.0,0.0,0.0,1,66640.0,66700.0,1,66700.0,66640.0,66640.0,66640.0,1.0,333200.0,371
2023-05-09 22:38:42,cu2404,cu2404,66640.0,0.0,0.0,0.0,1,66640.0,66690.0,1,66700.0,66640.0,66640.0,66640.0,1.0,333200.0,371
2023-05-09 22:38:42,cu2404,cu2404,66640.0,0.0,0.0,0.0,1,66640.0,66690.0,1,66700.0,66640.0,66640.0,66640.0,1.0,333200.0,371
2023-05-09 22:38:43,cu2404,cu2404,66640.0,0.0,0.0,0.0,1,66640.0,66700.0,1,66700.0,66640.0,66640.0,66640.0,1.0,333200.0,371
2023-05-09 22:38:43,cu2404,cu2404,66640.0,0.0,0.0,0.0,1,66640.0,66700.0,2,66700.0,66640.0,66640.0,66640.0,1.0,333200.0,371
2023-05-09 22:38:46,cu2404,cu2404,66640.0,0.0,0.0,0.0,1,66640.0,66690.0,2,66700.0,66640.0,66640.0,66640.0,1.0,333200.0,371
2023-05-09 22:38:46,cu2404,cu2404,66640.0,0.0,0.0,0.0,1,66640.0,66700.0,1,66700.0,66640.0,66640.0,66640.0,1.0,333200.0,371
2023-05-09 22:38:47,cu2404,cu2404,66640.0,0.0,0.0,0.0,1,66640.0,66700.0,1,66700.0,66640.0,66640.0,66640.0,1.0,333200.0,371
2023-05-09 22:38:48,cu2404,cu2404,66640.0,0.0,0.0,0.0,1,66640.0,66700.0,1,66700.0,66640.0,66640.0,66640.0,1.0,333200.0,371
2023-05-09 22:38:49,cu2404,cu2404,66640.0,0.0,0.0,0.0,1,66640.0,66700.0,1,66700.0,66640.0,66640.0,66640.0,1.0,333200.0,371
2023-05-09 22:38:51,cu2404,cu2404,66640.0,0.0,0.0,0.0,1,66640.0,66690.0,1,66700.0,66640.0,66640.0,66640.0,1.0,333200.0,371
2023-05-09 22:38:52,cu2404,cu2404,66640.0,0.0,0.0,0.0,1,66640.0,66710.0,1,66700.0,66640.0,66640.0,66640.0,1.0,333200.0,371
2023-05-09 22:38:53,cu2404,cu2404,66640.0,0.0,0.0,0.0,1,66640.0,66700.0,3,66700.0,66640.0,66640.0,66640.0,1.0,333200.0,371
2023-05-09 22:38:54,cu2404,cu2404,66640.0,0.0,0.0,0.0,1,66640.0,66690.0,1,66700.0,66640.0,66640.0,66640.0,1.0,333200.0,371
2023-05-09 22:38:55,cu2404,cu2404,66640.0,0.0,0.0,0.0,1,66640.0,66690.0,1,66700.0,66640.0,66640.0,66640.0,1.0,333200.0,371
2023-05-09 22:38:56,cu2404,cu2404,66640.0,0.0,0.0,0.0,1,66640.0,66700.0,1,66700.0,66640.0,66640.0,66640.0,1.0,333200.0,371
2023-05-09 22:38:57,cu2404,cu2404,66640.0,0.0,0.0,0.0,1,66640.0,66700.0,2,66700.0,66640.0,66640.0,66640.0,1.0,333200.0,371
2023-05-09 22:39:00,cu2404,cu2404,66640.0,0.0,0.0,0.0,1,66640.0,66690.0,2,66700.0,66640.0,66640.0,66640.0,1.0,333200.0,371
2023-05-09 22:39:01,cu2404,cu2404,66640.0,0.0,0.0,0.0,1,66640.0,66700.0,1,66700.0,66640.0,66640.0,66640.0,1.0,333200.0,371
2023-05-09 22:39:01,cu2404,cu2404,66640.0,0.0,0.0,0.0,1,66640.0,66700.0,2,66700.0,66640.0,66640.0,66640.0,1.0,333200.0,371
2023-05-09 22:39:03,cu2404,cu2404,66640.0,0.0,0.0,0.0,1,66640.0,66690.0,1,66700.0,66640.0,66640.0,66640.0,1.0,333200.0,371
2023-05-09 22:39:04,cu2404,cu2404,66640.0,0.0,0.0,0.0,1,66640.0,66700.0,1,66700.0,66640.0,66640.0,66640.0,1.0,333200.0,371
2023-05-09 22:39:13,cu2404,cu2404,66640.0,0.0,0.0,0.0,1,66640.0,66770.0,1,66700.0,66640.0,66640.0,66640.0,1.0,333200.0,371
2023-05-09 22:39:14,cu2404,cu2404,66640.0,0.0,0.0,0.0,1,66640.0,66750.0,1,66700.0,66640.0,66640.0,66640.0,1.0,333200.0,371
2023-05-09 22:39:14,cu2404,cu2404,66640.0,0.0,0.0,0.0,1,66640.0,66740.0,2,66700.0,66640.0,66640.0,66640.0,1.0,333200.0,371
2023-05-09 22:39:15,cu2404,cu2404,66640.0,0.0,0.0,0.0,1,66640.0,66740.0,2,66700.0,66640.0,66640.0,66640.0,1.0,333200.0,371
2023-05-09 22:39:18,cu2404,cu2404,66640.0,0.0,0.0,0.0,1,66640.0,66740.0,2,66700.0,66640.0,66640.0,66640.0,1.0,333200.0,371
2023-05-09 22:39:26,cu2404,cu2404,66640.0,0.0,0.0,0.0,1,66640.0,66740.0,2,66700.0,66640.0,66640.0,66640.0,1.0,333200.0,371
2023-05-09 22:39:27,cu2404,cu2404,66640.0,0.0,0.0,0.0,1,66640.0,66730.0,2,66700.0,66640.0,66640.0,66640.0,1.0,333200.0,371
2023-05-09 22:39:27,cu2404,cu2404,66640.0,0.0,0.0,0.0,1,66640.0,66720.0,1,66700.0,66640.0,66640.0,66640.0,1.0,333200.0,371
2023-05-09 22:39:28,cu2404,cu2404,66640.0,0.0,0.0,0.0,1,66640.0,66730.0,3,66700.0,66640.0,66640.0,66640.0,1.0,333200.0,371
2023-05-09 22:39:28,cu2404,cu2404,66640.0,0.0,0.0,0.0,1,66640.0,66730.0,4,66700.0,66640.0,66640.0,66640.0,1.0,333200.0,371
2023-05-09 22:39:43,cu2404,cu2404,66640.0,0.0,0.0,0.0,1,66640.0,66730.0,4,66700.0,66640.0,66640.0,66640.0,1.0,333200.0,371
2023-05-09 22:39:43,cu2404,cu2404,66640.0,0.0,0.0,0.0,1,66640.0,66730.0,4,66700.0,66640.0,66640.0,66640.0,1.0,333200.0,371
2023-05-09 22:39:50,cu2404,cu2404,66640.0,0.0,0.0,0.0,1,66640.0,66730.0,2,66700.0,66640.0,66640.0,66640.0,1.0,333200.0,371
2023-05-09 22:39:51,cu2404,cu2404,66640.0,0.0,0.0,0.0,1,66640.0,66730.0,1,66700.0,66640.0,66640.0,66640.0,1.0,333200.0,371
2023-05-09 22:39:53,cu2404,cu2404,66640.0,0.0,0.0,0.0,1,66640.0,66760.0,1,66700.0,66640.0,66640.0,66640.0,1.0,333200.0,371
2023-05-09 22:39:53,cu2404,cu2404,66640.0,0.0,0.0,0.0,1,66640.0,66750.0,1,66700.0,66640.0,66640.0,66640.0,1.0,333200.0,371
2023-05-09 22:39:54,cu2404,cu2404,66640.0,0.0,0.0,0.0,1,66640.0,66740.0,1,66700.0,66640.0,66640.0,66640.0,1.0,333200.0,371
2023-05-09 22:39:54,cu2404,cu2404,66640.0,0.0,0.0,0.0,4,66640.0,66740.0,2,66700.0,66640.0,66640.0,66640.0,1.0,333200.0,371
2023-05-09 22:39:55,cu2404,cu2404,66640.0,0.0,0.0,0.0,4,66640.0,66740.0,2,66700.0,66640.0,66640.0,66640.0,1.0,333200.0,371
2023-05-09 22:39:55,cu2404,cu2404,66640.0,0.0,0.0,0.0,4,66640.0,66730.0,2,66700.0,66640.0,66640.0,66640.0,1.0,333200.0,371
2023-05-09 22:39:56,cu2404,cu2404,66640.0,0.0,0.0,0.0,4,66640.0,66730.0,2,66700.0,66640.0,66640.0,66640.0,1.0,333200.0,371
2023-05-09 22:39:57,cu2404,cu2404,66640.0,0.0,0.0,0.0,4,66640.0,66720.0,1,66700.0,66640.0,66640.0,66640.0,1.0,333200.0,371
2023-05-09 22:39:57,cu2404,cu2404,66640.0,0.0,0.0,0.0,4,66640.0,66730.0,3,66700.0,66640.0,66640.0,66640.0,1.0,333200.0,371
2023-05-09 22:39:58,cu2404,cu2404,66640.0,0.0,0.0,0.0,4,66640.0,66730.0,1,66700.0,66640.0,66640.0,66640.0,1.0,333200.0,371
2023-05-09 22:39:58,cu2404,cu2404,66640.0,0.0,0.0,0.0,4,66640.0,66760.0,1,66700.0,66640.0,66640.0,66640.0,1.0,333200.0,371
2023-05-09 22:39:59,cu2404,cu2404,66640.0,0.0,0.0,0.0,4,66640.0,66750.0,1,66700.0,66640.0,66640.0,66640.0,1.0,333200.0,371
2023-05-09 22:39:59,cu2404,cu2404,66640.0,0.0,0.0,0.0,4,66640.0,66740.0,1,66700.0,66640.0,66640.0,66640.0,1.0,333200.0,371
2023-05-09 22:40:00,cu2404,cu2404,66640.0,0.0,0.0,0.0,4,66640.0,66740.0,2,66700.0,66640.0,66640.0,66640.0,1.0,333200.0,371
2023-05-09 22:40:04,cu2404,cu2404,66640.0,0.0,0.0,0.0,4,66640.0,66740.0,2,66700.0,66640.0,66640.0,66640.0,1.0,333200.0,371
2023-05-09 22:40:04,cu2404,cu2404,66640.0,0.0,0.0,0.0,4,66640.0,66740.0,2,66700.0,66640.0,66640.0,66640.0,1.0,333200.0,371
2023-05-09 22:40:11,cu2404,cu2404,66640.0,0.0,0.0,0.0,4,66640.0,66740.0,2,66700.0,66640.0,66640.0,66640.0,1.0,333200.0,371
2023-05-09 22:40:11,cu2404,cu2404,66640.0,0.0,0.0,0.0,4,66640.0,66730.0,3,66700.0,66640.0,66640.0,66640.0,1.0,333200.0,371
2023-05-09 22:40:12,cu2404,cu2404,66640.0,0.0,0.0,0.0,4,66640.0,66720.0,1,66700.0,66640.0,66640.0,66640.0,1.0,333200.0,371
2023-05-09 22:40:12,cu2404,cu2404,66640.0,0.0,0.0,0.0,4,66640.0,66720.0,1,66700.0,66640.0,66640.0,66640.0,1.0,333200.0,371
2023-05-09 22:40:13,cu2404,cu2404,66640.0,0.0,0.0,0.0,4,66640.0,66720.0,1,66700.0,66640.0,66640.0,66640.0,1.0,333200.0,371
2023-05-09 22:40:13,cu2404,cu2404,66640.0,0.0,0.0,0.0,4,66640.0,66760.0,1,66700.0,66640.0,66640.0,66640.0,1.0,333200.0,371
2023-05-09 22:40:14,cu2404,cu2404,66640.0,0.0,0.0,0.0,4,66640.0,66750.0,2,66700.0,66640.0,66640.0,66640.0,1.0,333200.0,371
2023-05-09 22:40:14,cu2404,cu2404,66640.0,0.0,0.0,0.0,4,66640.0,66720.0,1,66700.0,66640.0,66640.0,66640.0,1.0,333200.0,371
2023-05-09 22:40:15,cu2404,cu2404,66640.0,0.0,0.0,0.0,1,66640.0,66710.0,1,66700.0,66640.0,66640.0,66640.0,1.0,333200.0,371
2023-05-09 22:40:15,cu2404,cu2404,66640.0,0.0,0.0,0.0,1,66640.0,66710.0,1,66700.0,66640.0,66640.0,66640.0,1.0,333200.0,371
2023-05-09 22:40:16,cu2404,cu2404,66640.0,0.0,0.0,0.0,1,66640.0,66700.0,1,66700.0,66640.0,66640.0,66640.0,1.0,333200.0,371
2023-05-09 22:40:16,cu2404,cu2404,66640.0,0.0,0.0,0.0,1,66640.0,66700.0,2,66700.0,66640.0,66640.0,66640.0,1.0,333200.0,371
2023-05-09 22:40:17,cu2404,cu2404,66640.0,0.0,0.0,0.0,1,66640.0,66710.0,1,66700.0,66640.0,66640.0,66640.0,1.0,333200.0,371
2023-05-09 22:40:18,cu2404,cu2404,66640.0,0.0,0.0,0.0,1,66640.0,66710.0,1,66700.0,66640.0,66640.0,66640.0,1.0,333200.0,371
2023-05-09 22:40:19,cu2404,cu2404,66640.0,0.0,0.0,0.0,1,66640.0,66710.0,1,66700.0,66640.0,66640.0,66640.0,1.0,333200.0,371
2023-05-09 22:40:26,cu2404,cu2404,66640.0,0.0,0.0,0.0,1,66640.0,66760.0,1,66700.0,66640.0,66640.0,66640.0,1.0,333200.0,371
2023-05-09 22:40:26,cu2404,cu2404,66640.0,0.0,0.0,0.0,1,66640.0,66750.0,1,66700.0,66640.0,66640.0,66640.0,1.0,333200.0,371
2023-05-09 22:40:27,cu2404,cu2404,66640.0,0.0,0.0,0.0,1,66640.0,66740.0,2,66700.0,66640.0,66640.0,66640.0,1.0,333200.0,371
2023-05-09 22:40:27,cu2404,cu2404,66640.0,0.0,0.0,0.0,1,66640.0,66730.0,2,66700.0,66640.0,66640.0,66640.0,1.0,333200.0,371
2023-05-09 22:40:31,cu2404,cu2404,66640.0,0.0,0.0,0.0,1,66640.0,66730.0,1,66700.0,66640.0,66640.0,66640.0,1.0,333200.0,371
2023-05-09 22:40:31,cu2404,cu2404,66640.0,0.0,0.0,0.0,4,66640.0,66730.0,1,66700.0,66640.0,66640.0,66640.0,1.0,333200.0,371
2023-05-09 22:40:37,cu2404,cu2404,66640.0,0.0,0.0,0.0,4,66640.0,66730.0,1,66700.0,66640.0,66640.0,66640.0,1.0,333200.0,371
2023-05-09 22:40:39,cu2404,cu2404,66640.0,0.0,0.0,0.0,4,66640.0,66760.0,1,66700.0,66640.0,66640.0,66640.0,1.0,333200.0,371
2023-05-09 22:40:39,cu2404,cu2404,66640.0,0.0,0.0,0.0,4,66640.0,66750.0,1,66700.0,66640.0,66640.0,66640.0,1.0,333200.0,371
2023-05-09 22:40:40,cu2404,cu2404,66640.0,0.0,0.0,0.0,4,66640.0,66750.0,1,66700.0,66640.0,66640.0,66640.0,1.0,333200.0,371
2023-05-09 22:40:40,cu2404,cu2404,66640.0,0.0,0.0,0.0,4,66640.0,66740.0,1,66700.0,66640.0,66640.0,66640.0,1.0,333200.0,371
2023-05-09 22:40:41,cu2404,cu2404,66640.0,0.0,0.0,0.0,4,66640.0,66740.0,2,66700.0,66640.0,66640.0,66640.0,1.0,333200.0,371
2023-05-09 22:41:38,cu2404,cu2404,66640.0,0.0,0.0,0.0,4,66640.0,66740.0,1,66700.0,66640.0,66640.0,66640.0,1.0,333200.0,371
2023-05-09 22:41:39,cu2404,cu2404,66640.0,0.0,0.0,0.0,4,66640.0,66760.0,1,66700.0,66640.0,66640.0,66640.0,1.0,333200.0,371
2023-05-09 22:41:40,cu2404,cu2404,66640.0,0.0,0.0,0.0,4,66640.0,66750.0,1,66700.0,66640.0,66640.0,66640.0,1.0,333200.0,371
2023-05-09 22:41:40,cu2404,cu2404,66640.0,0.0,0.0,0.0,4,66640.0,66740.0,1,66700.0,66640.0,66640.0,66640.0,1.0,333200.0,371
2023-05-09 22:41:41,cu2404,cu2404,66640.0,0.0,0.0,0.0,4,66640.0,66740.0,1,66700.0,66640.0,66640.0,66640.0,1.0,333200.0,371
2023-05-09 22:41:41,cu2404,cu2404,66640.0,0.0,0.0,0.0,4,66640.0,66760.0,1,66700.0,66640.0,66640.0,66640.0,1.0,333200.0,371
2023-05-09 22:41:42,cu2404,cu2404,66640.0,0.0,0.0,0.0,4,66640.0,66750.0,3,66700.0,66640.0,66640.0,66640.0,1.0,333200.0,371
2023-05-09 22:41:42,cu2404,cu2404,66640.0,0.0,0.0,0.0,4,66640.0,66740.0,1,66700.0,66640.0,66640.0,66640.0,1.0,333200.0,371
2023-05-09 22:41:43,cu2404,cu2404,66640.0,0.0,0.0,0.0,4,66640.0,66740.0,1,66700.0,66640.0,66640.0,66640.0,1.0,333200.0,371
2023-05-09 22:41:46,cu2404,cu2404,66640.0,0.0,0.0,0.0,4,66640.0,66740.0,1,66700.0,66640.0,66640.0,66640.0,1.0,333200.0,371
2023-05-09 22:41:46,cu2404,cu2404,66640.0,0.0,0.0,0.0,4,66640.0,66740.0,1,66700.0,66640.0,66640.0,66640.0,1.0,333200.0,371
2023-05-09 22:41:47,cu2404,cu2404,66640.0,0.0,0.0,0.0,7,66640.0,66740.0,1,66700.0,66640.0,66640.0,66640.0,1.0,333200.0,371
2023-05-09 22:41:48,cu2404,cu2404,66640.0,0.0,0.0,0.0,7,66640.0,66750.0,2,66700.0,66640.0,66640.0,66640.0,1.0,333200.0,371
2023-05-09 22:41:49,cu2404,cu2404,66640.0,0.0,0.0,0.0,7,66640.0,66740.0,1,66700.0,66640.0,66640.0,66640.0,1.0,333200.0,371
2023-05-09 22:41:49,cu2404,cu2404,66640.0,0.0,0.0,0.0,7,66640.0,66740.0,1,66700.0,66640.0,66640.0,66640.0,1.0,333200.0,371
2023-05-09 22:41:50,cu2404,cu2404,66640.0,0.0,0.0,0.0,7,66640.0,66750.0,2,66700.0,66640.0,66640.0,66640.0,1.0,333200.0,371
2023-05-09 22:41:50,cu2404,cu2404,66640.0,0.0,0.0,0.0,4,66640.0,66750.0,2,66700.0,66640.0,66640.0,66640.0,1.0,333200.0,371
2023-05-09 22:41:51,cu2404,cu2404,66640.0,0.0,0.0,0.0,3,66650.0,67000.0,2,66700.0,66640.0,66640.0,66640.0,1.0,333200.0,371
2023-05-09 22:41:51,cu2404,cu2404,66640.0,0.0,0.0,0.0,1,66660.0,66760.0,1,66700.0,66640.0,66640.0,66640.0,1.0,333200.0,371
2023-05-09 22:41:52,cu2404,cu2404,66640.0,0.0,0.0,0.0,3,66670.0,66760.0,1,66700.0,66640.0,66640.0,66640.0,1.0,333200.0,371
2023-05-09 22:41:52,cu2404,cu2404,66640.0,0.0,0.0,0.0,1,66680.0,66760.0,1,66700.0,66640.0,66640.0,66640.0,1.0,333200.0,371
2023-05-09 22:41:53,cu2404,cu2404,66640.0,0.0,0.0,0.0,1,66680.0,66760.0,1,66700.0,66640.0,66640.0,66640.0,1.0,333200.0,371
2023-05-09 22:41:53,cu2404,cu2404,66640.0,0.0,0.0,0.0,1,66680.0,66760.0,1,66700.0,66640.0,66640.0,66640.0,1.0,333200.0,371
2023-05-09 22:41:54,cu2404,cu2404,66640.0,0.0,0.0,0.0,1,66680.0,66760.0,1,66700.0,66640.0,66640.0,66640.0,1.0,333200.0,371
2023-05-09 22:41:54,cu2404,cu2404,66640.0,0.0,0.0,0.0,1,66680.0,66760.0,1,66700.0,66640.0,66640.0,66640.0,1.0,333200.0,371
2023-05-09 22:41:55,cu2404,cu2404,66640.0,0.0,0.0,0.0,1,66680.0,66760.0,1,66700.0,66640.0,66640.0,66640.0,1.0,333200.0,371
2023-05-09 22:42:07,cu2404,cu2404,66640.0,0.0,0.0,0.0,1,66680.0,66760.0,2,66700.0,66640.0,66640.0,66640.0,1.0,333200.0,371
2023-05-09 22:42:10,cu2404,cu2404,66640.0,0.0,0.0,0.0,1,66680.0,66760.0,1,66700.0,66640.0,66640.0,66640.0,1.0,333200.0,371
2023-05-09 22:42:11,cu2404,cu2404,66640.0,0.0,0.0,0.0,1,66680.0,66770.0,1,66700.0,66640.0,66640.0,66640.0,1.0,333200.0,371
2023-05-09 22:42:11,cu2404,cu2404,66640.0,0.0,0.0,0.0,1,66680.0,66770.0,2,66700.0,66640.0,66640.0,66640.0,1.0,333200.0,371
2023-05-09 22:42:14,cu2404,cu2404,66640.0,0.0,0.0,0.0,1,66680.0,66760.0,1,66700.0,66640.0,66640.0,66640.0,1.0,333200.0,371
2023-05-09 22:42:14,cu2404,cu2404,66640.0,0.0,0.0,0.0,1,66680.0,66750.0,1,66700.0,66640.0,66640.0,66640.0,1.0,333200.0,371
2023-05-09 22:42:15,cu2404,cu2404,66640.0,0.0,0.0,0.0,1,66680.0,66750.0,2,66700.0,66640.0,66640.0,66640.0,1.0,333200.0,371
2023-05-09 22:42:15,cu2404,cu2404,66640.0,0.0,0.0,0.0,1,66680.0,66740.0,2,66700.0,66640.0,66640.0,66640.0,1.0,333200.0,371
2023-05-09 22:42:16,cu2404,cu2404,66640.0,0.0,0.0,0.0,1,66680.0,66740.0,2,66700.0,66640.0,66640.0,66640.0,1.0,333200.0,371
2023-05-09 22:42:16,cu2404,cu2404,66640.0,0.0,0.0,0.0,1,66680.0,66750.0,1,66700.0,66640.0,66640.0,66640.0,1.0,333200.0,371
2023-05-09 22:42:17,cu2404,cu2404,66640.0,0.0,0.0,0.0,1,66680.0,66750.0,2,66700.0,66640.0,66640.0,66640.0,1.0,333200.0,371
2023-05-09 22:42:18,cu2404,cu2404,66640.0,0.0,0.0,0.0,1,66680.0,66750.0,1,66700.0,66640.0,66640.0,66640.0,1.0,333200.0,371
2023-05-09 22:42:19,cu2404,cu2404,66640.0,0.0,0.0,0.0,1,66680.0,66830.0,1,66700.0,66640.0,66640.0,66640.0,1.0,333200.0,371
2023-05-09 22:42:19,cu2404,cu2404,66640.0,0.0,0.0,0.0,1,66680.0,66780.0,1,66700.0,66640.0,66640.0,66640.0,1.0,333200.0,371
2023-05-09 22:42:20,cu2404,cu2404,66640.0,0.0,0.0,0.0,1,66680.0,66760.0,1,66700.0,66640.0,66640.0,66640.0,1.0,333200.0,371
2023-05-09 22:42:20,cu2404,cu2404,66640.0,0.0,0.0,0.0,1,66680.0,66760.0,2,66700.0,66640.0,66640.0,66640.0,1.0,333200.0,371
2023-05-09 22:42:44,cu2404,cu2404,66640.0,0.0,0.0,0.0,1,66680.0,66760.0,1,66700.0,66640.0,66640.0,66640.0,1.0,333200.0,371
2023-05-09 22:42:46,cu2404,cu2404,66640.0,0.0,0.0,0.0,1,66680.0,66770.0,1,66700.0,66640.0,66640.0,66640.0,1.0,333200.0,371
2023-05-09 22:42:46,cu2404,cu2404,66640.0,0.0,0.0,0.0,1,66680.0,66770.0,2,66700.0,66640.0,66640.0,66640.0,1.0,333200.0,371
2023-05-09 22:42:48,cu2404,cu2404,66640.0,0.0,0.0,0.0,1,66680.0,66760.0,2,66700.0,66640.0,66640.0,66640.0,1.0,333200.0,371
2023-05-09 22:42:48,cu2404,cu2404,66640.0,0.0,0.0,0.0,1,66680.0,66760.0,2,66700.0,66640.0,66640.0,66640.0,1.0,333200.0,371
2023-05-09 22:42:55,cu2404,cu2404,66640.0,0.0,0.0,0.0,1,66680.0,66750.0,1,66700.0,66640.0,66640.0,66640.0,1.0,333200.0,371
2023-05-09 22:43:08,cu2404,cu2404,66640.0,0.0,0.0,0.0,1,66680.0,66750.0,1,66700.0,66640.0,66640.0,66640.0,1.0,333200.0,371
2023-05-09 22:43:08,cu2404,cu2404,66640.0,0.0,0.0,0.0,1,66680.0,66750.0,1,66700.0,66640.0,66640.0,66640.0,1.0,333200.0,371
2023-05-09 22:43:09,cu2404,cu2404,66640.0,0.0,0.0,0.0,1,66680.0,66750.0,1,66700.0,66640.0,66640.0,66640.0,1.0,333200.0,371
2023-05-09 22:43:10,cu2404,cu2404,66640.0,0.0,0.0,0.0,1,66680.0,66830.0,1,66700.0,66640.0,66640.0,66640.0,1.0,333200.0,371
2023-05-09 22:43:10,cu2404,cu2404,66640.0,0.0,0.0,0.0,1,66680.0,66780.0,1,66700.0,66640.0,66640.0,66640.0,1.0,333200.0,371
2023-05-09 22:43:11,cu2404,cu2404,66640.0,0.0,0.0,0.0,1,66680.0,66770.0,3,66700.0,66640.0,66640.0,66640.0,1.0,333200.0,371
2023-05-09 22:43:11,cu2404,cu2404,66640.0,0.0,0.0,0.0,1,66680.0,66770.0,4,66700.0,66640.0,66640.0,66640.0,1.0,333200.0,371
2023-05-09 22:43:15,cu2404,cu2404,66640.0,0.0,0.0,0.0,1,66680.0,66770.0,4,66700.0,66640.0,66640.0,66640.0,1.0,333200.0,371
2023-05-09 22:43:16,cu2404,cu2404,66640.0,0.0,0.0,0.0,1,66680.0,66770.0,3,66700.0,66640.0,66640.0,66640.0,1.0,333200.0,371
2023-05-09 22:43:16,cu2404,cu2404,66640.0,0.0,0.0,0.0,1,66680.0,66770.0,4,66700.0,66640.0,66640.0,66640.0,1.0,333200.0,371
2023-05-09 22:43:33,cu2404,cu2404,66640.0,0.0,0.0,0.0,1,66680.0,66770.0,2,66700.0,66640.0,66640.0,66640.0,1.0,333200.0,371
2023-05-09 22:43:34,cu2404,cu2404,66640.0,0.0,0.0,0.0,1,66680.0,66760.0,2,66700.0,66640.0,66640.0,66640.0,1.0,333200.0,371
2023-05-09 22:43:34,cu2404,cu2404,66640.0,0.0,0.0,0.0,1,66680.0,66750.0,2,66700.0,66640.0,66640.0,66640.0,1.0,333200.0,371
2023-05-09 22:43:38,cu2404,cu2404,66640.0,0.0,0.0,0.0,1,66680.0,66750.0,1,66700.0,66640.0,66640.0,66640.0,1.0,333200.0,371
2023-05-09 22:43:38,cu2404,cu2404,66640.0,0.0,0.0,0.0,1,66680.0,66740.0,1,66700.0,66640.0,66640.0,66640.0,1.0,333200.0,371
2023-05-09 22:43:39,cu2404,cu2404,66640.0,0.0,0.0,0.0,1,66680.0,66750.0,1,66700.0,66640.0,66640.0,66640.0,1.0,333200.0,371
2023-05-09 22:43:44,cu2404,cu2404,66640.0,0.0,0.0,0.0,1,66680.0,66760.0,2,66700.0,66640.0,66640.0,66640.0,1.0,333200.0,371
2023-05-09 22:43:45,cu2404,cu2404,66640.0,0.0,0.0,0.0,1,66680.0,66750.0,1,66700.0,66640.0,66640.0,66640.0,1.0,333200.0,371
2023-05-09 22:43:46,cu2404,cu2404,66640.0,0.0,0.0,0.0,1,66680.0,66750.0,1,66700.0,66640.0,66640.0,66640.0,1.0,333200.0,371
2023-05-09 22:43:46,cu2404,cu2404,66640.0,0.0,0.0,0.0,1,66680.0,66750.0,1,66700.0,66640.0,66640.0,66640.0,1.0,333200.0,371
2023-05-09 22:43:48,cu2404,cu2404,66640.0,0.0,0.0,0.0,1,66680.0,66770.0,1,66700.0,66640.0,66640.0,66640.0,1.0,333200.0,371
2023-05-09 22:43:48,cu2404,cu2404,66640.0,0.0,0.0,0.0,1,66680.0,66770.0,2,66700.0,66640.0,66640.0,66640.0,1.0,333200.0,371
2023-05-09 22:44:22,cu2404,cu2404,66640.0,0.0,0.0,0.0,1,66680.0,66760.0,2,66700.0,66640.0,66640.0,66640.0,1.0,333200.0,371
2023-05-09 22:44:22,cu2404,cu2404,66640.0,0.0,0.0,0.0,1,66680.0,66750.0,1,66700.0,66640.0,66640.0,66640.0,1.0,333200.0,371
2023-05-09 22:44:35,cu2404,cu2404,66640.0,0.0,0.0,0.0,1,66680.0,66750.0,1,66700.0,66640.0,66640.0,66640.0,1.0,333200.0,371
2023-05-09 22:44:36,cu2404,cu2404,66640.0,0.0,0.0,0.0,1,66680.0,66750.0,1,66700.0,66640.0,66640.0,66640.0,1.0,333200.0,371
2023-05-09 22:44:36,cu2404,cu2404,66640.0,0.0,0.0,0.0,1,66680.0,66750.0,1,66700.0,66640.0,66640.0,66640.0,1.0,333200.0,371
2023-05-09 22:44:37,cu2404,cu2404,66640.0,0.0,0.0,0.0,1,66680.0,66770.0,1,66700.0,66640.0,66640.0,66640.0,1.0,333200.0,371
2023-05-09 22:44:37,cu2404,cu2404,66640.0,0.0,0.0,0.0,1,66680.0,66770.0,2,66700.0,66640.0,66640.0,66640.0,1.0,333200.0,371
2023-05-09 22:44:49,cu2404,cu2404,66640.0,0.0,0.0,0.0,1,66680.0,66770.0,1,66700.0,66640.0,66640.0,66640.0,1.0,333200.0,371
2023-05-09 22:44:49,cu2404,cu2404,66640.0,0.0,0.0,0.0,1,66680.0,66780.0,1,66700.0,66640.0,66640.0,66640.0,1.0,333200.0,371
2023-05-09 22:44:50,cu2404,cu2404,66640.0,0.0,0.0,0.0,1,66680.0,66770.0,3,66700.0,66640.0,66640.0,66640.0,1.0,333200.0,371
2023-05-09 22:44:50,cu2404,cu2404,66640.0,0.0,0.0,0.0,1,66680.0,66770.0,3,66700.0,66640.0,66640.0,66640.0,1.0,333200.0,371
2023-05-09 22:44:51,cu2404,cu2404,66640.0,0.0,0.0,0.0,1,66680.0,66760.0,1,66700.0,66640.0,66640.0,66640.0,1.0,333200.0,371
2023-05-09 22:44:53,cu2404,cu2404,66640.0,0.0,0.0,0.0,4,66680.0,66760.0,1,66700.0,66640.0,66640.0,66640.0,1.0,333200.0,371
2023-05-09 22:44:56,cu2404,cu2404,66640.0,0.0,0.0,0.0,4,66680.0,66770.0,3,66700.0,66640.0,66640.0,66640.0,1.0,333200.0,371
2023-05-09 22:44:57,cu2404,cu2404,66640.0,0.0,0.0,0.0,4,66680.0,66770.0,1,66700.0,66640.0,66640.0,66640.0,1.0,333200.0,371
2023-05-09 22:45:10,cu2404,cu2404,66640.0,0.0,0.0,0.0,4,66680.0,66760.0,1,66700.0,66640.0,66640.0,66640.0,1.0,333200.0,371
2023-05-09 22:45:11,cu2404,cu2404,66640.0,0.0,0.0,0.0,4,66680.0,66770.0,1,66700.0,66640.0,66640.0,66640.0,1.0,333200.0,371
2023-05-09 22:45:12,cu2404,cu2404,66640.0,0.0,0.0,0.0,4,66680.0,66770.0,1,66700.0,66640.0,66640.0,66640.0,1.0,333200.0,371
2023-05-09 22:45:13,cu2404,cu2404,66640.0,0.0,0.0,0.0,4,66680.0,66770.0,1,66700.0,66640.0,66640.0,66640.0,1.0,333200.0,371
2023-05-09 22:45:17,cu2404,cu2404,66640.0,0.0,0.0,0.0,4,66680.0,66760.0,1,66700.0,66640.0,66640.0,66640.0,1.0,333200.0,371
2023-05-09 22:45:18,cu2404,cu2404,66640.0,0.0,0.0,0.0,4,66680.0,66770.0,1,66700.0,66640.0,66640.0,66640.0,1.0,333200.0,371
2023-05-09 22:45:20,cu2404,cu2404,66640.0,0.0,0.0,0.0,4,66680.0,66760.0,1,66700.0,66640.0,66640.0,66640.0,1.0,333200.0,371
2023-05-09 22:45:21,cu2404,cu2404,66640.0,0.0,0.0,0.0,1,66680.0,66760.0,1,66700.0,66640.0,66640.0,66640.0,1.0,333200.0,371
2023-05-09 22:45:21,cu2404,cu2404,66640.0,0.0,0.0,0.0,1,66680.0,66760.0,2,66700.0,66640.0,66640.0,66640.0,1.0,333200.0,371
2023-05-09 22:45:22,cu2404,cu2404,66640.0,0.0,0.0,0.0,1,66680.0,66750.0,2,66700.0,66640.0,66640.0,66640.0,1.0,333200.0,371
2023-05-09 22:45:23,cu2404,cu2404,66640.0,0.0,0.0,0.0,1,66680.0,66750.0,2,66700.0,66640.0,66640.0,66640.0,1.0,333200.0,371
2023-05-09 22:45:26,cu2404,cu2404,66640.0,0.0,0.0,0.0,1,66680.0,66760.0,1,66700.0,66640.0,66640.0,66640.0,1.0,333200.0,371
2023-05-09 22:45:26,cu2404,cu2404,66640.0,0.0,0.0,0.0,1,66680.0,66760.0,2,66700.0,66640.0,66640.0,66640.0,1.0,333200.0,371
2023-05-09 22:45:30,cu2404,cu2404,66640.0,0.0,0.0,0.0,4,66680.0,66760.0,2,66700.0,66640.0,66640.0,66640.0,1.0,333200.0,371
2023-05-09 22:45:30,cu2404,cu2404,66640.0,0.0,0.0,0.0,4,66680.0,66760.0,2,66700.0,66640.0,66640.0,66640.0,1.0,333200.0,371
2023-05-09 22:45:38,cu2404,cu2404,66640.0,0.0,0.0,0.0,1,66680.0,66760.0,2,66700.0,66640.0,66640.0,66640.0,1.0,333200.0,371
2023-05-09 22:45:39,cu2404,cu2404,66640.0,0.0,0.0,0.0,1,66680.0,66750.0,2,66700.0,66640.0,66640.0,66640.0,1.0,333200.0,371
2023-05-09 22:45:39,cu2404,cu2404,66640.0,0.0,0.0,0.0,1,66680.0,66760.0,1,66700.0,66640.0,66640.0,66640.0,1.0,333200.0,371
2023-05-09 22:45:40,cu2404,cu2404,66640.0,0.0,0.0,0.0,1,66680.0,66760.0,1,66700.0,66640.0,66640.0,66640.0,1.0,333200.0,371
2023-05-09 22:45:40,cu2404,cu2404,66640.0,0.0,0.0,0.0,1,66680.0,66750.0,1,66700.0,66640.0,66640.0,66640.0,1.0,333200.0,371
2023-05-09 22:45:41,cu2404,cu2404,66640.0,0.0,0.0,0.0,1,66680.0,66750.0,1,66700.0,66640.0,66640.0,66640.0,1.0,333200.0,371
2023-05-09 22:45:43,cu2404,cu2404,66640.0,0.0,0.0,0.0,1,66680.0,66770.0,1,66700.0,66640.0,66640.0,66640.0,1.0,333200.0,371
2023-05-09 22:45:44,cu2404,cu2404,66640.0,0.0,0.0,0.0,1,66680.0,66760.0,3,66700.0,66640.0,66640.0,66640.0,1.0,333200.0,371
2023-05-09 22:45:45,cu2404,cu2404,66640.0,0.0,0.0,0.0,1,66680.0,66750.0,1,66700.0,66640.0,66640.0,66640.0,1.0,333200.0,371
2023-05-09 22:45:46,cu2404,cu2404,66640.0,0.0,0.0,0.0,1,66680.0,66750.0,1,66700.0,66640.0,66640.0,66640.0,1.0,333200.0,371
2023-05-09 22:45:58,cu2404,cu2404,66640.0,0.0,0.0,0.0,1,66680.0,66750.0,1,66700.0,66640.0,66640.0,66640.0,1.0,333200.0,371
2023-05-09 22:45:58,cu2404,cu2404,66640.0,0.0,0.0,0.0,1,66680.0,66750.0,1,66700.0,66640.0,66640.0,66640.0,1.0,333200.0,371
2023-05-09 22:46:12,cu2404,cu2404,66640.0,0.0,0.0,0.0,1,66680.0,66740.0,1,66700.0,66640.0,66640.0,66640.0,1.0,333200.0,371
2023-05-09 22:46:13,cu2404,cu2404,66640.0,0.0,0.0,0.0,1,66680.0,66740.0,1,66700.0,66640.0,66640.0,66640.0,1.0,333200.0,371
2023-05-09 22:46:13,cu2404,cu2404,66640.0,0.0,0.0,0.0,1,66680.0,66740.0,1,66700.0,66640.0,66640.0,66640.0,1.0,333200.0,371
2023-05-09 22:46:15,cu2404,cu2404,66640.0,0.0,0.0,0.0,1,66680.0,66730.0,1,66700.0,66640.0,66640.0,66640.0,1.0,333200.0,371
2023-05-09 22:46:15,cu2404,cu2404,66640.0,0.0,0.0,0.0,1,66680.0,66760.0,2,66700.0,66640.0,66640.0,66640.0,1.0,333200.0,371
2023-05-09 22:46:16,cu2404,cu2404,66640.0,0.0,0.0,0.0,1,66680.0,66750.0,1,66700.0,66640.0,66640.0,66640.0,1.0,333200.0,371
2023-05-09 22:46:17,cu2404,cu2404,66640.0,0.0,0.0,0.0,1,66680.0,66740.0,1,66700.0,66640.0,66640.0,66640.0,1.0,333200.0,371
2023-05-09 22:46:18,cu2404,cu2404,66640.0,0.0,0.0,0.0,1,66680.0,66740.0,2,66700.0,66640.0,66640.0,66640.0,1.0,333200.0,371
2023-05-09 22:46:22,cu2404,cu2404,66640.0,0.0,0.0,0.0,1,66610.0,66730.0,1,66700.0,66640.0,66640.0,66640.0,1.0,333200.0,371
2023-05-09 22:46:22,cu2404,cu2404,66640.0,0.0,0.0,0.0,1,66620.0,66730.0,1,66700.0,66640.0,66640.0,66640.0,1.0,333200.0,371
2023-05-09 22:46:23,cu2404,cu2404,66640.0,0.0,0.0,0.0,3,66630.0,66730.0,1,66700.0,66640.0,66640.0,66640.0,1.0,333200.0,371
2023-05-09 22:46:23,cu2404,cu2404,66640.0,0.0,0.0,0.0,1,66640.0,66730.0,1,66700.0,66640.0,66640.0,66640.0,1.0,333200.0,371
2023-05-09 22:46:24,cu2404,cu2404,66640.0,0.0,0.0,0.0,1,66640.0,66730.0,1,66700.0,66640.0,66640.0,66640.0,1.0,333200.0,371
2023-05-09 22:46:25,cu2404,cu2404,66640.0,0.0,0.0,0.0,1,66640.0,66730.0,1,66700.0,66640.0,66640.0,66640.0,1.0,333200.0,371
2023-05-09 22:46:25,cu2404,cu2404,66640.0,0.0,0.0,0.0,4,66640.0,66730.0,1,66700.0,66640.0,66640.0,66640.0,1.0,333200.0,371
2023-05-09 22:46:31,cu2404,cu2404,66640.0,0.0,0.0,0.0,4,66640.0,66830.0,1,66700.0,66640.0,66640.0,66640.0,1.0,333200.0,371
2023-05-09 22:46:31,cu2404,cu2404,66640.0,0.0,0.0,0.0,4,66640.0,66730.0,1,66700.0,66640.0,66640.0,66640.0,1.0,333200.0,371
2023-05-09 22:46:32,cu2404,cu2404,66640.0,0.0,0.0,0.0,4,66640.0,66730.0,1,66700.0,66640.0,66640.0,66640.0,1.0,333200.0,371
2023-05-09 22:46:35,cu2404,cu2404,66640.0,0.0,0.0,0.0,4,66640.0,66730.0,1,66700.0,66640.0,66640.0,66640.0,1.0,333200.0,371
2023-05-09 22:46:41,cu2404,cu2404,66640.0,0.0,0.0,0.0,4,66640.0,66730.0,1,66700.0,66640.0,66640.0,66640.0,1.0,333200.0,371
2023-05-09 22:46:42,cu2404,cu2404,66640.0,0.0,0.0,0.0,4,66640.0,66730.0,1,66700.0,66640.0,66640.0,66640.0,1.0,333200.0,371
2023-05-09 22:46:57,cu2404,cu2404,66640.0,0.0,0.0,0.0,4,66640.0,66730.0,1,66700.0,66640.0,66640.0,66640.0,1.0,333200.0,371
2023-05-09 22:46:57,cu2404,cu2404,66640.0,0.0,0.0,0.0,4,66640.0,66730.0,1,66700.0,66640.0,66640.0,66640.0,1.0,333200.0,371
2023-05-09 22:47:04,cu2404,cu2404,66640.0,0.0,0.0,0.0,4,66640.0,66730.0,2,66700.0,66640.0,66640.0,66640.0,1.0,333200.0,371
2023-05-09 22:47:12,cu2404,cu2404,66640.0,0.0,0.0,0.0,4,66640.0,66720.0,2,66700.0,66640.0,66640.0,66640.0,1.0,333200.0,371
2023-05-09 22:47:13,cu2404,cu2404,66640.0,0.0,0.0,0.0,4,66640.0,66720.0,2,66700.0,66640.0,66640.0,66640.0,1.0,333200.0,371
2023-05-09 22:47:13,cu2404,cu2404,66640.0,0.0,0.0,0.0,4,66640.0,66720.0,2,66700.0,66640.0,66640.0,66640.0,1.0,333200.0,371
2023-05-09 22:47:14,cu2404,cu2404,66640.0,0.0,0.0,0.0,4,66640.0,66730.0,1,66700.0,66640.0,66640.0,66640.0,1.0,333200.0,371
2023-05-09 22:47:14,cu2404,cu2404,66640.0,0.0,0.0,0.0,4,66640.0,66730.0,2,66700.0,66640.0,66640.0,66640.0,1.0,333200.0,371
2023-05-09 22:47:18,cu2404,cu2404,66640.0,0.0,0.0,0.0,4,66640.0,66720.0,1,66700.0,66640.0,66640.0,66640.0,1.0,333200.0,371
2023-05-09 22:47:19,cu2404,cu2404,66640.0,0.0,0.0,0.0,4,66640.0,66720.0,1,66700.0,66640.0,66640.0,66640.0,1.0,333200.0,371
2023-05-09 22:47:20,cu2404,cu2404,66640.0,0.0,0.0,0.0,4,66640.0,66710.0,1,66700.0,66640.0,66640.0,66640.0,1.0,333200.0,371
2023-05-09 22:47:21,cu2404,cu2404,66640.0,0.0,0.0,0.0,4,66640.0,66710.0,1,66700.0,66640.0,66640.0,66640.0,1.0,333200.0,371
2023-05-09 22:47:22,cu2404,cu2404,66640.0,0.0,0.0,0.0,4,66640.0,66830.0,1,66700.0,66640.0,66640.0,66640.0,1.0,333200.0,371
2023-05-09 22:47:22,cu2404,cu2404,66640.0,0.0,0.0,0.0,4,66640.0,66750.0,1,66700.0,66640.0,66640.0,66640.0,1.0,333200.0,371
2023-05-09 22:47:23,cu2404,cu2404,66640.0,0.0,0.0,0.0,4,66640.0,66730.0,1,66700.0,66640.0,66640.0,66640.0,1.0,333200.0,371
2023-05-09 22:47:23,cu2404,cu2404,66640.0,0.0,0.0,0.0,4,66640.0,66730.0,2,66700.0,66640.0,66640.0,66640.0,1.0,333200.0,371
2023-05-09 22:47:24,cu2404,cu2404,66640.0,0.0,0.0,0.0,4,66640.0,66720.0,2,66700.0,66640.0,66640.0,66640.0,1.0,333200.0,371
2023-05-09 22:47:24,cu2404,cu2404,66640.0,0.0,0.0,0.0,4,66640.0,66710.0,1,66700.0,66640.0,66640.0,66640.0,1.0,333200.0,371
2023-05-09 22:47:25,cu2404,cu2404,66640.0,0.0,0.0,0.0,4,66640.0,66710.0,1,66700.0,66640.0,66640.0,66640.0,1.0,333200.0,371
2023-05-09 22:47:26,cu2404,cu2404,66640.0,0.0,0.0,0.0,4,66640.0,66710.0,1,66700.0,66640.0,66640.0,66640.0,1.0,333200.0,371
2023-05-09 22:47:30,cu2404,cu2404,66640.0,0.0,0.0,0.0,4,66640.0,66720.0,2,66700.0,66640.0,66640.0,66640.0,1.0,333200.0,371
2023-05-09 22:47:31,cu2404,cu2404,66640.0,0.0,0.0,0.0,4,66640.0,66780.0,1,66700.0,66640.0,66640.0,66640.0,1.0,333200.0,371
2023-05-09 22:47:32,cu2404,cu2404,66640.0,0.0,0.0,0.0,4,66640.0,66760.0,1,66700.0,66640.0,66640.0,66640.0,1.0,333200.0,371
2023-05-09 22:47:32,cu2404,cu2404,66640.0,0.0,0.0,0.0,4,66640.0,66750.0,3,66700.0,66640.0,66640.0,66640.0,1.0,333200.0,371
2023-05-09 22:47:33,cu2404,cu2404,66640.0,0.0,0.0,0.0,4,66640.0,66750.0,3,66700.0,66640.0,66640.0,66640.0,1.0,333200.0,371
2023-05-09 22:47:37,cu2404,cu2404,66640.0,0.0,0.0,0.0,4,66640.0,66740.0,1,66700.0,66640.0,66640.0,66640.0,1.0,333200.0,371
2023-05-09 22:47:37,cu2404,cu2404,66640.0,0.0,0.0,0.0,4,66640.0,66740.0,2,66700.0,66640.0,66640.0,66640.0,1.0,333200.0,371
2023-05-09 22:47:38,cu2404,cu2404,66640.0,0.0,0.0,0.0,4,66640.0,66740.0,2,66700.0,66640.0,66640.0,66640.0,1.0,333200.0,371
2023-05-09 22:47:41,cu2404,cu2404,66640.0,0.0,0.0,0.0,4,66640.0,66740.0,2,66700.0,66640.0,66640.0,66640.0,1.0,333200.0,371
2023-05-09 22:47:42,cu2404,cu2404,66640.0,0.0,0.0,0.0,4,66640.0,66740.0,2,66700.0,66640.0,66640.0,66640.0,1.0,333200.0,371
2023-05-09 22:47:51,cu2404,cu2404,66640.0,0.0,0.0,0.0,4,66640.0,66740.0,1,66700.0,66640.0,66640.0,66640.0,1.0,333200.0,371
2023-05-09 22:47:52,cu2404,cu2404,66640.0,0.0,0.0,0.0,7,66640.0,66770.0,1,66700.0,66640.0,66640.0,66640.0,1.0,333200.0,371
2023-05-09 22:47:52,cu2404,cu2404,66640.0,0.0,0.0,0.0,7,66640.0,66760.0,1,66700.0,66640.0,66640.0,66640.0,1.0,333200.0,371
2023-05-09 22:47:53,cu2404,cu2404,66640.0,0.0,0.0,0.0,7,66640.0,66750.0,1,66700.0,66640.0,66640.0,66640.0,1.0,333200.0,371
2023-05-09 22:47:53,cu2404,cu2404,66640.0,0.0,0.0,0.0,7,66640.0,66750.0,2,66700.0,66640.0,66640.0,66640.0,1.0,333200.0,371
2023-05-09 22:47:55,cu2404,cu2404,66640.0,0.0,0.0,0.0,7,66640.0,66750.0,1,66700.0,66640.0,66640.0,66640.0,1.0,333200.0,371
2023-05-09 22:47:55,cu2404,cu2404,66640.0,0.0,0.0,0.0,4,66640.0,66820.0,1,66700.0,66640.0,66640.0,66640.0,1.0,333200.0,371
2023-05-09 22:47:56,cu2404,cu2404,66640.0,0.0,0.0,0.0,3,66650.0,66790.0,1,66700.0,66640.0,66640.0,66640.0,1.0,333200.0,371
2023-05-09 22:47:56,cu2404,cu2404,66640.0,0.0,0.0,0.0,1,66660.0,66760.0,1,66700.0,66640.0,66640.0,66640.0,1.0,333200.0,371
2023-05-09 22:47:57,cu2404,cu2404,66640.0,0.0,0.0,0.0,3,66670.0,66760.0,2,66700.0,66640.0,66640.0,66640.0,1.0,333200.0,371
2023-05-09 22:47:57,cu2404,cu2404,66640.0,0.0,0.0,0.0,1,66680.0,66750.0,2,66700.0,66640.0,66640.0,66640.0,1.0,333200.0,371
2023-05-09 22:47:58,cu2404,cu2404,66640.0,0.0,0.0,0.0,1,66680.0,66770.0,1,66700.0,66640.0,66640.0,66640.0,1.0,333200.0,371
2023-05-09 22:47:58,cu2404,cu2404,66640.0,0.0,0.0,0.0,1,66680.0,66760.0,3,66700.0,66640.0,66640.0,66640.0,1.0,333200.0,371
2023-05-09 22:48:00,cu2404,cu2404,66640.0,0.0,0.0,0.0,1,66680.0,66750.0,1,66700.0,66640.0,66640.0,66640.0,1.0,333200.0,371
2023-05-09 22:48:00,cu2404,cu2404,66640.0,0.0,0.0,0.0,1,66680.0,66750.0,1,66700.0,66640.0,66640.0,66640.0,1.0,333200.0,371
2023-05-09 22:48:02,cu2404,cu2404,66640.0,0.0,0.0,0.0,1,66680.0,66800.0,1,66700.0,66640.0,66640.0,66640.0,1.0,333200.0,371
2023-05-09 22:48:03,cu2404,cu2404,66640.0,0.0,0.0,0.0,1,66680.0,66790.0,4,66700.0,66640.0,66640.0,66640.0,1.0,333200.0,371
2023-05-09 22:48:05,cu2404,cu2404,66640.0,0.0,0.0,0.0,1,66680.0,66780.0,1,66700.0,66640.0,66640.0,66640.0,1.0,333200.0,371
2023-05-09 22:48:05,cu2404,cu2404,66640.0,0.0,0.0,0.0,1,66680.0,66770.0,1,66700.0,66640.0,66640.0,66640.0,1.0,333200.0,371
2023-05-09 22:48:06,cu2404,cu2404,66640.0,0.0,0.0,0.0,1,66680.0,66770.0,1,66700.0,66640.0,66640.0,66640.0,1.0,333200.0,371
2023-05-09 22:48:06,cu2404,cu2404,66640.0,0.0,0.0,0.0,1,66680.0,66760.0,3,66700.0,66640.0,66640.0,66640.0,1.0,333200.0,371
2023-05-09 22:48:07,cu2404,cu2404,66640.0,0.0,0.0,0.0,1,66680.0,66760.0,4,66700.0,66640.0,66640.0,66640.0,1.0,333200.0,371
2023-05-09 22:48:07,cu2404,cu2404,66640.0,0.0,0.0,0.0,1,66680.0,66760.0,4,66700.0,66640.0,66640.0,66640.0,1.0,333200.0,371
2023-05-09 22:48:15,cu2404,cu2404,66640.0,0.0,0.0,0.0,1,66680.0,66760.0,4,66700.0,66640.0,66640.0,66640.0,1.0,333200.0,371
2023-05-09 22:48:16,cu2404,cu2404,66640.0,0.0,0.0,0.0,1,66680.0,66760.0,4,66700.0,66640.0,66640.0,66640.0,1.0,333200.0,371
2023-05-09 22:48:17,cu2404,cu2404,66640.0,0.0,0.0,0.0,1,66680.0,66750.0,1,66700.0,66640.0,66640.0,66640.0,1.0,333200.0,371
2023-05-09 22:48:18,cu2404,cu2404,66640.0,0.0,0.0,0.0,1,66680.0,66740.0,1,66700.0,66640.0,66640.0,66640.0,1.0,333200.0,371
2023-05-09 22:48:19,cu2404,cu2404,66640.0,0.0,0.0,0.0,1,66680.0,66740.0,1,66700.0,66640.0,66640.0,66640.0,1.0,333200.0,371
2023-05-09 22:48:19,cu2404,cu2404,66640.0,0.0,0.0,0.0,1,66680.0,66750.0,1,66700.0,66640.0,66640.0,66640.0,1.0,333200.0,371
2023-05-09 22:48:20,cu2404,cu2404,66640.0,0.0,0.0,0.0,1,66680.0,66750.0,2,66700.0,66640.0,66640.0,66640.0,1.0,333200.0,371
2023-05-09 22:48:26,cu2404,cu2404,66640.0,0.0,0.0,0.0,1,66680.0,66740.0,1,66700.0,66640.0,66640.0,66640.0,1.0,333200.0,371
2023-05-09 22:48:26,cu2404,cu2404,66640.0,0.0,0.0,0.0,1,66680.0,66730.0,1,66700.0,66640.0,66640.0,66640.0,1.0,333200.0,371
2023-05-09 22:48:27,cu2404,cu2404,66640.0,0.0,0.0,0.0,1,66610.0,66730.0,1,66700.0,66640.0,66640.0,66640.0,1.0,333200.0,371
2023-05-09 22:48:27,cu2404,cu2404,66640.0,0.0,0.0,0.0,3,66620.0,66730.0,1,66700.0,66640.0,66640.0,66640.0,1.0,333200.0,371
2023-05-09 22:48:28,cu2404,cu2404,66640.0,0.0,0.0,0.0,3,66630.0,66730.0,1,66700.0,66640.0,66640.0,66640.0,1.0,333200.0,371
2023-05-09 22:48:28,cu2404,cu2404,66640.0,0.0,0.0,0.0,1,66640.0,66730.0,1,66700.0,66640.0,66640.0,66640.0,1.0,333200.0,371
2023-05-09 22:48:29,cu2404,cu2404,66640.0,0.0,0.0,0.0,1,66640.0,66730.0,1,66700.0,66640.0,66640.0,66640.0,1.0,333200.0,371
2023-05-09 22:48:30,cu2404,cu2404,66640.0,0.0,0.0,0.0,1,66640.0,66820.0,1,66700.0,66640.0,66640.0,66640.0,1.0,333200.0,371
2023-05-09 22:48:31,cu2404,cu2404,66640.0,0.0,0.0,0.0,1,66640.0,66770.0,1,66700.0,66640.0,66640.0,66640.0,1.0,333200.0,371
2023-05-09 22:48:31,cu2404,cu2404,66640.0,0.0,0.0,0.0,4,66640.0,66740.0,1,66700.0,66640.0,66640.0,66640.0,1.0,333200.0,371
2023-05-09 22:48:32,cu2404,cu2404,66640.0,0.0,0.0,0.0,4,66640.0,66740.0,2,66700.0,66640.0,66640.0,66640.0,1.0,333200.0,371
2023-05-09 22:48:33,cu2404,cu2404,66640.0,0.0,0.0,0.0,4,66640.0,66740.0,2,66700.0,66640.0,66640.0,66640.0,1.0,333200.0,371
2023-05-09 22:48:41,cu2404,cu2404,66640.0,0.0,0.0,0.0,4,66640.0,66740.0,2,66700.0,66640.0,66640.0,66640.0,1.0,333200.0,371
2023-05-09 22:48:43,cu2404,cu2404,66640.0,0.0,0.0,0.0,4,66640.0,66740.0,2,66700.0,66640.0,66640.0,66640.0,1.0,333200.0,371
2023-05-09 22:48:44,cu2404,cu2404,66640.0,0.0,0.0,0.0,4,66640.0,66730.0,2,66700.0,66640.0,66640.0,66640.0,1.0,333200.0,371
2023-05-09 22:48:44,cu2404,cu2404,66640.0,0.0,0.0,0.0,4,66640.0,66740.0,1,66700.0,66640.0,66640.0,66640.0,1.0,333200.0,371
2023-05-09 22:48:45,cu2404,cu2404,66640.0,0.0,0.0,0.0,4,66640.0,66740.0,2,66700.0,66640.0,66640.0,66640.0,1.0,333200.0,371
2023-05-09 22:48:51,cu2404,cu2404,66640.0,0.0,0.0,0.0,4,66640.0,66730.0,2,66700.0,66640.0,66640.0,66640.0,1.0,333200.0,371
2023-05-09 22:48:52,cu2404,cu2404,66640.0,0.0,0.0,0.0,4,66640.0,66730.0,2,66700.0,66640.0,66640.0,66640.0,1.0,333200.0,371
2023-05-09 22:48:52,cu2404,cu2404,66640.0,0.0,0.0,0.0,4,66640.0,66820.0,1,66700.0,66640.0,66640.0,66640.0,1.0,333200.0,371
2023-05-09 22:48:53,cu2404,cu2404,66640.0,0.0,0.0,0.0,4,66640.0,66730.0,1,66700.0,66640.0,66640.0,66640.0,1.0,333200.0,371
2023-05-09 22:48:53,cu2404,cu2404,66640.0,0.0,0.0,0.0,4,66640.0,66760.0,1,66700.0,66640.0,66640.0,66640.0,1.0,333200.0,371
2023-05-09 22:48:54,cu2404,cu2404,66640.0,0.0,0.0,0.0,4,66640.0,66750.0,1,66700.0,66640.0,66640.0,66640.0,1.0,333200.0,371
2023-05-09 22:48:54,cu2404,cu2404,66640.0,0.0,0.0,0.0,4,66640.0,66740.0,2,66700.0,66640.0,66640.0,66640.0,1.0,333200.0,371
2023-05-09 22:48:55,cu2404,cu2404,66640.0,0.0,0.0,0.0,4,66640.0,66740.0,3,66700.0,66640.0,66640.0,66640.0,1.0,333200.0,371
2023-05-09 22:48:56,cu2404,cu2404,66640.0,0.0,0.0,0.0,4,66640.0,66730.0,1,66700.0,66640.0,66640.0,66640.0,1.0,333200.0,371
2023-05-09 22:48:57,cu2404,cu2404,66640.0,0.0,0.0,0.0,4,66640.0,66730.0,2,66700.0,66640.0,66640.0,66640.0,1.0,333200.0,371
2023-05-09 22:49:00,cu2404,cu2404,66640.0,0.0,0.0,0.0,4,66640.0,66730.0,2,66700.0,66640.0,66640.0,66640.0,1.0,333200.0,371
2023-05-09 22:49:00,cu2404,cu2404,66640.0,0.0,0.0,0.0,4,66640.0,66730.0,2,66700.0,66640.0,66640.0,66640.0,1.0,333200.0,371
2023-05-09 22:49:02,cu2404,cu2404,66640.0,0.0,0.0,0.0,4,66640.0,66730.0,2,66700.0,66640.0,66640.0,66640.0,1.0,333200.0,371
2023-05-09 22:49:03,cu2404,cu2404,66640.0,0.0,0.0,0.0,4,66640.0,66710.0,1,66700.0,66640.0,66640.0,66640.0,1.0,333200.0,371
2023-05-09 22:49:03,cu2404,cu2404,66640.0,0.0,0.0,0.0,4,66640.0,66720.0,1,66700.0,66640.0,66640.0,66640.0,1.0,333200.0,371
2023-05-09 22:49:06,cu2404,cu2404,66640.0,0.0,0.0,0.0,4,66640.0,66710.0,1,66700.0,66640.0,66640.0,66640.0,1.0,333200.0,371
2023-05-09 22:49:18,cu2404,cu2404,66640.0,0.0,0.0,0.0,1,66640.0,66710.0,1,66700.0,66640.0,66640.0,66640.0,1.0,333200.0,371
2023-05-09 22:49:19,cu2404,cu2404,66640.0,0.0,0.0,0.0,1,66640.0,66710.0,1,66700.0,66640.0,66640.0,66640.0,1.0,333200.0,371
2023-05-09 22:49:20,cu2404,cu2404,66640.0,0.0,0.0,0.0,1,66640.0,66710.0,2,66700.0,66640.0,66640.0,66640.0,1.0,333200.0,371
2023-05-09 22:49:20,cu2404,cu2404,66640.0,0.0,0.0,0.0,1,66640.0,66710.0,2,66700.0,66640.0,66640.0,66640.0,1.0,333200.0,371
2023-05-09 22:49:23,cu2404,cu2404,66640.0,0.0,0.0,0.0,1,66640.0,66700.0,1,66700.0,66640.0,66640.0,66640.0,1.0,333200.0,371
2023-05-09 22:49:24,cu2404,cu2404,66640.0,0.0,0.0,0.0,1,66640.0,66700.0,1,66700.0,66640.0,66640.0,66640.0,1.0,333200.0,371
2023-05-09 22:49:25,cu2404,cu2404,66640.0,0.0,0.0,0.0,1,66640.0,66700.0,1,66700.0,66640.0,66640.0,66640.0,1.0,333200.0,371
2023-05-09 22:49:25,cu2404,cu2404,66640.0,0.0,0.0,0.0,1,66640.0,66690.0,1,66700.0,66640.0,66640.0,66640.0,1.0,333200.0,371
2023-05-09 22:49:26,cu2404,cu2404,66640.0,0.0,0.0,0.0,1,66640.0,66690.0,1,66700.0,66640.0,66640.0,66640.0,1.0,333200.0,371
2023-05-09 22:49:26,cu2404,cu2404,66640.0,0.0,0.0,0.0,1,66640.0,66700.0,1,66700.0,66640.0,66640.0,66640.0,1.0,333200.0,371
2023-05-09 22:49:37,cu2404,cu2404,66640.0,0.0,0.0,0.0,1,66640.0,66710.0,1,66700.0,66640.0,66640.0,66640.0,1.0,333200.0,371
2023-05-09 22:49:38,cu2404,cu2404,66640.0,0.0,0.0,0.0,1,66640.0,66710.0,2,66700.0,66640.0,66640.0,66640.0,1.0,333200.0,371
2023-05-09 22:49:48,cu2404,cu2404,66640.0,0.0,0.0,0.0,1,66640.0,66710.0,1,66700.0,66640.0,66640.0,66640.0,1.0,333200.0,371
2023-05-09 22:49:50,cu2404,cu2404,66640.0,0.0,0.0,0.0,1,66640.0,66820.0,1,66700.0,66640.0,66640.0,66640.0,1.0,333200.0,371
2023-05-09 22:49:50,cu2404,cu2404,66640.0,0.0,0.0,0.0,1,66640.0,66750.0,1,66700.0,66640.0,66640.0,66640.0,1.0,333200.0,371
2023-05-09 22:49:51,cu2404,cu2404,66640.0,0.0,0.0,0.0,1,66640.0,66740.0,1,66700.0,66640.0,66640.0,66640.0,1.0,333200.0,371
2023-05-09 22:49:51,cu2404,cu2404,66640.0,0.0,0.0,0.0,1,66640.0,66720.0,1,66700.0,66640.0,66640.0,66640.0,1.0,333200.0,371
2023-05-09 22:49:52,cu2404,cu2404,66640.0,0.0,0.0,0.0,1,66640.0,66720.0,1,66700.0,66640.0,66640.0,66640.0,1.0,333200.0,371
2023-05-09 22:49:54,cu2404,cu2404,66640.0,0.0,0.0,0.0,1,66640.0,66760.0,1,66700.0,66640.0,66640.0,66640.0,1.0,333200.0,371
2023-05-09 22:49:54,cu2404,cu2404,66640.0,0.0,0.0,0.0,1,66640.0,66750.0,1,66700.0,66640.0,66640.0,66640.0,1.0,333200.0,371
2023-05-09 22:49:55,cu2404,cu2404,66640.0,0.0,0.0,0.0,1,66640.0,66740.0,2,66700.0,66640.0,66640.0,66640.0,1.0,333200.0,371
2023-05-09 22:49:55,cu2404,cu2404,66640.0,0.0,0.0,0.0,1,66640.0,66730.0,1,66700.0,66640.0,66640.0,66640.0,1.0,333200.0,371
2023-05-09 22:49:58,cu2404,cu2404,66640.0,0.0,0.0,0.0,1,66640.0,66720.0,1,66700.0,66640.0,66640.0,66640.0,1.0,333200.0,371
2023-05-09 22:49:59,cu2404,cu2404,66640.0,0.0,0.0,0.0,1,66640.0,66720.0,1,66700.0,66640.0,66640.0,66640.0,1.0,333200.0,371
2023-05-09 22:49:59,cu2404,cu2404,66640.0,0.0,0.0,0.0,1,66640.0,66730.0,1,66700.0,66640.0,66640.0,66640.0,1.0,333200.0,371
2023-05-09 22:50:00,cu2404,cu2404,66640.0,0.0,0.0,0.0,1,66640.0,66720.0,1,66700.0,66640.0,66640.0,66640.0,1.0,333200.0,371
2023-05-09 22:50:00,cu2404,cu2404,66640.0,0.0,0.0,0.0,1,66640.0,66710.0,1,66700.0,66640.0,66640.0,66640.0,1.0,333200.0,371
2023-05-09 22:50:01,cu2404,cu2404,66640.0,0.0,0.0,0.0,1,66640.0,66710.0,1,66700.0,66640.0,66640.0,66640.0,1.0,333200.0,371
2023-05-09 22:50:02,cu2404,cu2404,66640.0,0.0,0.0,0.0,1,66640.0,66730.0,1,66700.0,66640.0,66640.0,66640.0,1.0,333200.0,371
2023-05-09 22:50:03,cu2404,cu2404,66640.0,0.0,0.0,0.0,1,66640.0,66720.0,1,66700.0,66640.0,66640.0,66640.0,1.0,333200.0,371
2023-05-09 22:50:03,cu2404,cu2404,66640.0,0.0,0.0,0.0,1,66640.0,66720.0,1,66700.0,66640.0,66640.0,66640.0,1.0,333200.0,371
2023-05-09 22:50:04,cu2404,cu2404,66640.0,0.0,0.0,0.0,1,66640.0,66710.0,2,66700.0,66640.0,66640.0,66640.0,1.0,333200.0,371
2023-05-09 22:50:04,cu2404,cu2404,66640.0,0.0,0.0,0.0,1,66640.0,66710.0,3,66700.0,66640.0,66640.0,66640.0,1.0,333200.0,371
2023-05-09 22:50:05,cu2404,cu2404,66640.0,0.0,0.0,0.0,1,66640.0,66710.0,4,66700.0,66640.0,66640.0,66640.0,1.0,333200.0,371
2023-05-09 22:50:18,cu2404,cu2404,66640.0,0.0,0.0,0.0,1,66640.0,66710.0,4,66700.0,66640.0,66640.0,66640.0,1.0,333200.0,371
2023-05-09 22:50:18,cu2404,cu2404,66640.0,0.0,0.0,0.0,1,66640.0,66710.0,4,66700.0,66640.0,66640.0,66640.0,1.0,333200.0,371
2023-05-09 22:50:21,cu2404,cu2404,66640.0,0.0,0.0,0.0,1,66640.0,66700.0,1,66700.0,66640.0,66640.0,66640.0,1.0,333200.0,371
2023-05-09 22:50:21,cu2404,cu2404,66640.0,0.0,0.0,0.0,1,66640.0,66700.0,1,66700.0,66640.0,66640.0,66640.0,1.0,333200.0,371
2023-05-09 22:50:22,cu2404,cu2404,66640.0,0.0,0.0,0.0,1,66640.0,66690.0,1,66700.0,66640.0,66640.0,66640.0,1.0,333200.0,371
2023-05-09 22:50:23,cu2404,cu2404,66640.0,0.0,0.0,0.0,1,66640.0,66690.0,1,66700.0,66640.0,66640.0,66640.0,1.0,333200.0,371
2023-05-09 22:50:23,cu2404,cu2404,66640.0,0.0,0.0,0.0,1,66640.0,66820.0,1,66700.0,66640.0,66640.0,66640.0,1.0,333200.0,371
2023-05-09 22:50:24,cu2404,cu2404,66640.0,0.0,0.0,0.0,1,66640.0,66700.0,1,66700.0,66640.0,66640.0,66640.0,1.0,333200.0,371
2023-05-09 22:50:24,cu2404,cu2404,66640.0,0.0,0.0,0.0,1,66640.0,66700.0,1,66700.0,66640.0,66640.0,66640.0,1.0,333200.0,371
2023-05-09 22:50:25,cu2404,cu2404,66640.0,0.0,0.0,0.0,1,66640.0,66690.0,2,66700.0,66640.0,66640.0,66640.0,1.0,333200.0,371
2023-05-09 22:50:33,cu2404,cu2404,66640.0,0.0,0.0,0.0,1,66640.0,66680.0,1,66700.0,66640.0,66640.0,66640.0,1.0,333200.0,371
2023-05-09 22:50:36,cu2404,cu2404,66640.0,0.0,0.0,0.0,1,66640.0,66690.0,2,66700.0,66640.0,66640.0,66640.0,1.0,333200.0,371
2023-05-09 22:50:57,cu2404,cu2404,66640.0,0.0,0.0,0.0,1,66640.0,66680.0,1,66700.0,66640.0,66640.0,66640.0,1.0,333200.0,371
2023-05-09 22:51:11,cu2404,cu2404,66640.0,0.0,0.0,0.0,1,66640.0,66690.0,2,66700.0,66640.0,66640.0,66640.0,1.0,333200.0,371
2023-05-09 22:51:13,cu2404,cu2404,66640.0,0.0,0.0,0.0,1,66640.0,66820.0,1,66700.0,66640.0,66640.0,66640.0,1.0,333200.0,371
2023-05-09 22:51:13,cu2404,cu2404,66640.0,0.0,0.0,0.0,1,66640.0,66750.0,1,66700.0,66640.0,66640.0,66640.0,1.0,333200.0,371
2023-05-09 22:51:14,cu2404,cu2404,66640.0,0.0,0.0,0.0,1,66640.0,66740.0,1,66700.0,66640.0,66640.0,66640.0,1.0,333200.0,371
2023-05-09 22:51:14,cu2404,cu2404,66640.0,0.0,0.0,0.0,1,66640.0,66730.0,1,66700.0,66640.0,66640.0,66640.0,1.0,333200.0,371
2023-05-09 22:51:15,cu2404,cu2404,66640.0,0.0,0.0,0.0,1,66640.0,66730.0,3,66700.0,66640.0,66640.0,66640.0,1.0,333200.0,371
2023-05-09 22:51:16,cu2404,cu2404,66640.0,0.0,0.0,0.0,1,66640.0,66730.0,3,66700.0,66640.0,66640.0,66640.0,1.0,333200.0,371
2023-05-09 22:51:19,cu2404,cu2404,66640.0,0.0,0.0,0.0,1,66640.0,66730.0,2,66700.0,66640.0,66640.0,66640.0,1.0,333200.0,371
2023-05-09 22:51:28,cu2404,cu2404,66640.0,0.0,0.0,0.0,1,66640.0,66730.0,2,66700.0,66640.0,66640.0,66640.0,1.0,333200.0,371
2023-05-09 22:51:32,cu2404,cu2404,66640.0,0.0,0.0,0.0,1,66640.0,66720.0,2,66700.0,66640.0,66640.0,66640.0,1.0,333200.0,371
2023-05-09 22:51:32,cu2404,cu2404,66640.0,0.0,0.0,0.0,1,66640.0,66710.0,1,66700.0,66640.0,66640.0,66640.0,1.0,333200.0,371
2023-05-09 22:52:04,cu2404,cu2404,66640.0,0.0,0.0,0.0,1,66640.0,66720.0,2,66700.0,66640.0,66640.0,66640.0,1.0,333200.0,371
2023-05-09 22:52:09,cu2404,cu2404,66640.0,0.0,0.0,0.0,1,66640.0,66820.0,1,66700.0,66640.0,66640.0,66640.0,1.0,333200.0,371
2023-05-09 22:52:10,cu2404,cu2404,66640.0,0.0,0.0,0.0,1,66640.0,66760.0,1,66700.0,66640.0,66640.0,66640.0,1.0,333200.0,371
2023-05-09 22:52:10,cu2404,cu2404,66640.0,0.0,0.0,0.0,1,66640.0,66750.0,2,66700.0,66640.0,66640.0,66640.0,1.0,333200.0,371
2023-05-09 22:52:11,cu2404,cu2404,66640.0,0.0,0.0,0.0,1,66640.0,66750.0,3,66700.0,66640.0,66640.0,66640.0,1.0,333200.0,371
2023-05-09 22:52:11,cu2404,cu2404,66640.0,0.0,0.0,0.0,1,66640.0,66740.0,2,66700.0,66640.0,66640.0,66640.0,1.0,333200.0,371
2023-05-09 22:52:12,cu2404,cu2404,66640.0,0.0,0.0,0.0,1,66640.0,66730.0,1,66700.0,66640.0,66640.0,66640.0,1.0,333200.0,371
2023-05-09 22:52:13,cu2404,cu2404,66640.0,0.0,0.0,0.0,1,66640.0,66730.0,1,66700.0,66640.0,66640.0,66640.0,1.0,333200.0,371
2023-05-09 22:52:13,cu2404,cu2404,66640.0,0.0,0.0,0.0,1,66640.0,66720.0,1,66700.0,66640.0,66640.0,66640.0,1.0,333200.0,371
2023-05-09 22:52:14,cu2404,cu2404,66640.0,0.0,0.0,0.0,1,66640.0,66720.0,2,66700.0,66640.0,66640.0,66640.0,1.0,333200.0,371
2023-05-09 22:52:14,cu2404,cu2404,66640.0,0.0,0.0,0.0,1,66640.0,66710.0,2,66700.0,66640.0,66640.0,66640.0,1.0,333200.0,371
2023-05-09 22:52:15,cu2404,cu2404,66640.0,0.0,0.0,0.0,1,66640.0,66710.0,2,66700.0,66640.0,66640.0,66640.0,1.0,333200.0,371
2023-05-09 22:52:19,cu2404,cu2404,66640.0,0.0,0.0,0.0,1,66640.0,66750.0,1,66700.0,66640.0,66640.0,66640.0,1.0,333200.0,371
2023-05-09 22:52:20,cu2404,cu2404,66640.0,0.0,0.0,0.0,1,66640.0,66740.0,1,66700.0,66640.0,66640.0,66640.0,1.0,333200.0,371
2023-05-09 22:52:20,cu2404,cu2404,66640.0,0.0,0.0,0.0,1,66640.0,66730.0,1,66700.0,66640.0,66640.0,66640.0,1.0,333200.0,371
2023-05-09 22:52:21,cu2404,cu2404,66640.0,0.0,0.0,0.0,1,66640.0,66730.0,2,66700.0,66640.0,66640.0,66640.0,1.0,333200.0,371
2023-05-09 22:52:21,cu2404,cu2404,66640.0,0.0,0.0,0.0,1,66640.0,66720.0,2,66700.0,66640.0,66640.0,66640.0,1.0,333200.0,371
2023-05-09 22:52:22,cu2404,cu2404,66640.0,0.0,0.0,0.0,1,66640.0,66720.0,2,66700.0,66640.0,66640.0,66640.0,1.0,333200.0,371
2023-05-09 22:52:27,cu2404,cu2404,66640.0,0.0,0.0,0.0,1,66640.0,66710.0,1,66700.0,66640.0,66640.0,66640.0,1.0,333200.0,371
2023-05-09 22:52:27,cu2404,cu2404,66640.0,0.0,0.0,0.0,1,66640.0,66710.0,2,66700.0,66640.0,66640.0,66640.0,1.0,333200.0,371
2023-05-09 22:52:33,cu2404,cu2404,66640.0,0.0,0.0,0.0,1,66640.0,66710.0,2,66700.0,66640.0,66640.0,66640.0,1.0,333200.0,371
2023-05-09 22:52:57,cu2404,cu2404,66640.0,0.0,0.0,0.0,1,66640.0,66710.0,2,66700.0,66640.0,66640.0,66640.0,1.0,333200.0,371
2023-05-09 22:52:57,cu2404,cu2404,66640.0,0.0,0.0,0.0,1,66640.0,66700.0,2,66700.0,66640.0,66640.0,66640.0,1.0,333200.0,371
2023-05-09 22:52:58,cu2404,cu2404,66640.0,0.0,0.0,0.0,1,66640.0,66700.0,2,66700.0,66640.0,66640.0,66640.0,1.0,333200.0,371
2023-05-09 22:53:00,cu2404,cu2404,66640.0,0.0,0.0,0.0,1,66640.0,66710.0,1,66700.0,66640.0,66640.0,66640.0,1.0,333200.0,371
2023-05-09 22:53:01,cu2404,cu2404,66640.0,0.0,0.0,0.0,1,66640.0,66710.0,2,66700.0,66640.0,66640.0,66640.0,1.0,333200.0,371
2023-05-09 22:53:48,cu2404,cu2404,66640.0,0.0,0.0,0.0,1,66640.0,66710.0,2,66700.0,66640.0,66640.0,66640.0,1.0,333200.0,371
2023-05-09 22:53:48,cu2404,cu2404,66640.0,0.0,0.0,0.0,1,66640.0,66710.0,2,66700.0,66640.0,66640.0,66640.0,1.0,333200.0,371
2023-05-09 22:53:57,cu2404,cu2404,66640.0,0.0,0.0,0.0,1,66570.0,66700.0,1,66700.0,66640.0,66640.0,66640.0,1.0,333200.0,371
2023-05-09 22:53:58,cu2404,cu2404,66640.0,0.0,0.0,0.0,4,66580.0,66700.0,1,66700.0,66640.0,66640.0,66640.0,1.0,333200.0,371
2023-05-09 22:53:58,cu2404,cu2404,66640.0,0.0,0.0,0.0,3,66590.0,66700.0,1,66700.0,66640.0,66640.0,66640.0,1.0,333200.0,371
2023-05-09 22:53:59,cu2404,cu2404,66640.0,0.0,0.0,0.0,1,66600.0,66700.0,1,66700.0,66640.0,66640.0,66640.0,1.0,333200.0,371
2023-05-09 22:53:59,cu2404,cu2404,66640.0,0.0,0.0,0.0,1,66600.0,66690.0,1,66700.0,66640.0,66640.0,66640.0,1.0,333200.0,371
2023-05-09 22:54:00,cu2404,cu2404,66640.0,0.0,0.0,0.0,1,66600.0,66690.0,2,66700.0,66640.0,66640.0,66640.0,1.0,333200.0,371
2023-05-09 22:54:00,cu2404,cu2404,66640.0,0.0,0.0,0.0,4,66600.0,66690.0,2,66700.0,66640.0,66640.0,66640.0,1.0,333200.0,371
2023-05-09 22:54:04,cu2404,cu2404,66640.0,0.0,0.0,0.0,4,66600.0,66690.0,2,66700.0,66640.0,66640.0,66640.0,1.0,333200.0,371
2023-05-09 22:54:07,cu2404,cu2404,66640.0,0.0,0.0,0.0,4,66600.0,66680.0,2,66700.0,66640.0,66640.0,66640.0,1.0,333200.0,371
2023-05-09 22:54:07,cu2404,cu2404,66640.0,0.0,0.0,0.0,4,66600.0,66670.0,1,66700.0,66640.0,66640.0,66640.0,1.0,333200.0,371
2023-05-09 22:54:10,cu2404,cu2404,66640.0,0.0,0.0,0.0,4,66600.0,66670.0,1,66700.0,66640.0,66640.0,66640.0,1.0,333200.0,371
2023-05-09 22:54:10,cu2404,cu2404,66640.0,0.0,0.0,0.0,4,66600.0,66690.0,1,66700.0,66640.0,66640.0,66640.0,1.0,333200.0,371
2023-05-09 22:54:11,cu2404,cu2404,66640.0,0.0,0.0,0.0,4,66600.0,66690.0,2,66700.0,66640.0,66640.0,66640.0,1.0,333200.0,371
2023-05-09 22:54:18,cu2404,cu2404,66640.0,0.0,0.0,0.0,4,66600.0,66690.0,1,66700.0,66640.0,66640.0,66640.0,1.0,333200.0,371
2023-05-09 22:54:18,cu2404,cu2404,66640.0,0.0,0.0,0.0,4,66600.0,66700.0,1,66700.0,66640.0,66640.0,66640.0,1.0,333200.0,371
2023-05-09 22:54:19,cu2404,cu2404,66640.0,0.0,0.0,0.0,4,66600.0,66700.0,2,66700.0,66640.0,66640.0,66640.0,1.0,333200.0,371
2023-05-09 22:54:19,cu2404,cu2404,66640.0,0.0,0.0,0.0,4,66600.0,66690.0,2,66700.0,66640.0,66640.0,66640.0,1.0,333200.0,371
2023-05-09 22:54:20,cu2404,cu2404,66640.0,0.0,0.0,0.0,4,66600.0,66700.0,1,66700.0,66640.0,66640.0,66640.0,1.0,333200.0,371
2023-05-09 22:54:20,cu2404,cu2404,66640.0,0.0,0.0,0.0,4,66600.0,66700.0,2,66700.0,66640.0,66640.0,66640.0,1.0,333200.0,371
2023-05-09 22:54:37,cu2404,cu2404,66640.0,0.0,0.0,0.0,4,66600.0,66700.0,3,66700.0,66640.0,66640.0,66640.0,1.0,333200.0,371
2023-05-09 22:54:37,cu2404,cu2404,66640.0,0.0,0.0,0.0,4,66600.0,66690.0,1,66700.0,66640.0,66640.0,66640.0,1.0,333200.0,371
2023-05-09 22:54:38,cu2404,cu2404,66640.0,0.0,0.0,0.0,4,66600.0,66690.0,1,66700.0,66640.0,66640.0,66640.0,1.0,333200.0,371
2023-05-09 22:54:40,cu2404,cu2404,66640.0,0.0,0.0,0.0,4,66600.0,66680.0,1,66700.0,66640.0,66640.0,66640.0,1.0,333200.0,371
2023-05-09 22:54:40,cu2404,cu2404,66640.0,0.0,0.0,0.0,4,66600.0,66680.0,1,66700.0,66640.0,66640.0,66640.0,1.0,333200.0,371
2023-05-09 22:54:41,cu2404,cu2404,66640.0,0.0,0.0,0.0,4,66600.0,66700.0,1,66700.0,66640.0,66640.0,66640.0,1.0,333200.0,371
2023-05-09 22:54:42,cu2404,cu2404,66640.0,0.0,0.0,0.0,4,66600.0,66690.0,3,66700.0,66640.0,66640.0,66640.0,1.0,333200.0,371
2023-05-09 22:54:42,cu2404,cu2404,66640.0,0.0,0.0,0.0,4,66600.0,66690.0,3,66700.0,66640.0,66640.0,66640.0,1.0,333200.0,371
2023-05-09 22:54:47,cu2404,cu2404,66640.0,0.0,0.0,0.0,4,66600.0,66690.0,1,66700.0,66640.0,66640.0,66640.0,1.0,333200.0,371
2023-05-09 22:54:48,cu2404,cu2404,66640.0,0.0,0.0,0.0,4,66600.0,66700.0,1,66700.0,66640.0,66640.0,66640.0,1.0,333200.0,371
2023-05-09 22:54:48,cu2404,cu2404,66640.0,0.0,0.0,0.0,4,66600.0,66700.0,2,66700.0,66640.0,66640.0,66640.0,1.0,333200.0,371
2023-05-09 22:54:50,cu2404,cu2404,66640.0,0.0,0.0,0.0,4,66600.0,66690.0,1,66700.0,66640.0,66640.0,66640.0,1.0,333200.0,371
2023-05-09 22:54:51,cu2404,cu2404,66640.0,0.0,0.0,0.0,4,66600.0,66690.0,2,66700.0,66640.0,66640.0,66640.0,1.0,333200.0,371
2023-05-09 22:54:54,cu2404,cu2404,66640.0,0.0,0.0,0.0,4,66600.0,66680.0,1,66700.0,66640.0,66640.0,66640.0,1.0,333200.0,371
2023-05-09 22:54:54,cu2404,cu2404,66640.0,0.0,0.0,0.0,4,66600.0,66690.0,4,66700.0,66640.0,66640.0,66640.0,1.0,333200.0,371
2023-05-09 22:54:55,cu2404,cu2404,66640.0,0.0,0.0,0.0,4,66600.0,66690.0,5,66700.0,66640.0,66640.0,66640.0,1.0,333200.0,371
2023-05-09 22:55:04,cu2404,cu2404,66640.0,0.0,0.0,0.0,4,66600.0,66690.0,4,66700.0,66640.0,66640.0,66640.0,1.0,333200.0,371
2023-05-09 22:55:27,cu2404,cu2404,66640.0,0.0,0.0,0.0,4,66600.0,66690.0,5,66700.0,66640.0,66640.0,66640.0,1.0,333200.0,371
2023-05-09 22:55:39,cu2404,cu2404,66640.0,0.0,0.0,0.0,4,66600.0,66680.0,1,66700.0,66640.0,66640.0,66640.0,1.0,333200.0,371
2023-05-09 22:55:40,cu2404,cu2404,66640.0,0.0,0.0,0.0,4,66600.0,66680.0,1,66700.0,66640.0,66640.0,66640.0,1.0,333200.0,371
2023-05-09 22:55:41,cu2404,cu2404,66640.0,0.0,0.0,0.0,4,66600.0,66670.0,1,66700.0,66640.0,66640.0,66640.0,1.0,333200.0,371
2023-05-09 22:55:41,cu2404,cu2404,66640.0,0.0,0.0,0.0,4,66600.0,66670.0,1,66700.0,66640.0,66640.0,66640.0,1.0,333200.0,371
2023-05-09 22:55:52,cu2404,cu2404,66640.0,0.0,0.0,0.0,4,66600.0,66670.0,1,66700.0,66640.0,66640.0,66640.0,1.0,333200.0,371
2023-05-09 22:56:47,cu2404,cu2404,66640.0,0.0,0.0,0.0,1,66600.0,66670.0,1,66700.0,66640.0,66640.0,66640.0,1.0,333200.0,371
2023-05-09 22:56:48,cu2404,cu2404,66640.0,0.0,0.0,0.0,4,66600.0,66670.0,1,66700.0,66640.0,66640.0,66640.0,1.0,333200.0,371
2023-05-09 22:57:14,cu2404,cu2404,66640.0,0.0,0.0,0.0,4,66600.0,66690.0,1,66700.0,66640.0,66640.0,66640.0,1.0,333200.0,371
2023-05-09 22:57:14,cu2404,cu2404,66640.0,0.0,0.0,0.0,4,66600.0,66680.0,1,66700.0,66640.0,66640.0,66640.0,1.0,333200.0,371
2023-05-09 22:57:15,cu2404,cu2404,66640.0,0.0,0.0,0.0,4,66600.0,66680.0,1,66700.0,66640.0,66640.0,66640.0,1.0,333200.0,371
2023-05-09 22:57:16,cu2404,cu2404,66640.0,0.0,0.0,0.0,4,66600.0,66700.0,1,66700.0,66640.0,66640.0,66640.0,1.0,333200.0,371
2023-05-09 22:57:17,cu2404,cu2404,66640.0,0.0,0.0,0.0,4,66600.0,66700.0,2,66700.0,66640.0,66640.0,66640.0,1.0,333200.0,371
2023-05-09 22:57:20,cu2404,cu2404,66640.0,0.0,0.0,0.0,4,66600.0,66690.0,2,66700.0,66640.0,66640.0,66640.0,1.0,333200.0,371
2023-05-09 22:57:20,cu2404,cu2404,66640.0,0.0,0.0,0.0,4,66600.0,66680.0,1,66700.0,66640.0,66640.0,66640.0,1.0,333200.0,371
2023-05-09 22:57:54,cu2404,cu2404,66640.0,0.0,0.0,0.0,4,66600.0,66690.0,2,66700.0,66640.0,66640.0,66640.0,1.0,333200.0,371
2023-05-09 22:57:56,cu2404,cu2404,66640.0,0.0,0.0,0.0,4,66600.0,66690.0,1,66700.0,66640.0,66640.0,66640.0,1.0,333200.0,371
2023-05-09 22:57:56,cu2404,cu2404,66640.0,0.0,0.0,0.0,4,66600.0,66820.0,1,66700.0,66640.0,66640.0,66640.0,1.0,333200.0,371
2023-05-09 22:57:57,cu2404,cu2404,66640.0,0.0,0.0,0.0,4,66600.0,66700.0,1,66700.0,66640.0,66640.0,66640.0,1.0,333200.0,371
2023-05-09 22:57:57,cu2404,cu2404,66640.0,0.0,0.0,0.0,4,66600.0,66700.0,1,66700.0,66640.0,66640.0,66640.0,1.0,333200.0,371
2023-05-09 22:57:58,cu2404,cu2404,66640.0,0.0,0.0,0.0,4,66600.0,66720.0,1,66700.0,66640.0,66640.0,66640.0,1.0,333200.0,371
2023-05-09 22:57:58,cu2404,cu2404,66640.0,0.0,0.0,0.0,4,66600.0,66710.0,1,66700.0,66640.0,66640.0,66640.0,1.0,333200.0,371
2023-05-09 22:57:59,cu2404,cu2404,66640.0,0.0,0.0,0.0,4,66600.0,66710.0,1,66700.0,66640.0,66640.0,66640.0,1.0,333200.0,371
2023-05-09 22:57:59,cu2404,cu2404,66640.0,0.0,0.0,0.0,4,66600.0,66710.0,1,66700.0,66640.0,66640.0,66640.0,1.0,333200.0,371
2023-05-09 22:58:01,cu2404,cu2404,66640.0,0.0,0.0,0.0,4,66600.0,66700.0,1,66700.0,66640.0,66640.0,66640.0,1.0,333200.0,371
2023-05-09 22:58:01,cu2404,cu2404,66640.0,0.0,0.0,0.0,4,66600.0,66700.0,1,66700.0,66640.0,66640.0,66640.0,1.0,333200.0,371
2023-05-09 22:58:02,cu2404,cu2404,66640.0,0.0,0.0,0.0,4,66600.0,66730.0,1,66700.0,66640.0,66640.0,66640.0,1.0,333200.0,371
2023-05-09 22:58:02,cu2404,cu2404,66640.0,0.0,0.0,0.0,4,66600.0,66720.0,1,66700.0,66640.0,66640.0,66640.0,1.0,333200.0,371
2023-05-09 22:58:03,cu2404,cu2404,66640.0,0.0,0.0,0.0,4,66600.0,66710.0,1,66700.0,66640.0,66640.0,66640.0,1.0,333200.0,371
2023-05-09 22:58:03,cu2404,cu2404,66640.0,0.0,0.0,0.0,4,66600.0,66710.0,2,66700.0,66640.0,66640.0,66640.0,1.0,333200.0,371
2023-05-09 22:58:04,cu2404,cu2404,66640.0,0.0,0.0,0.0,4,66600.0,66710.0,2,66700.0,66640.0,66640.0,66640.0,1.0,333200.0,371
2023-05-09 22:58:04,cu2404,cu2404,66640.0,0.0,0.0,0.0,4,66600.0,66690.0,1,66700.0,66640.0,66640.0,66640.0,1.0,333200.0,371
2023-05-09 22:58:05,cu2404,cu2404,66640.0,0.0,0.0,0.0,4,66600.0,66690.0,1,66700.0,66640.0,66640.0,66640.0,1.0,333200.0,371
2023-05-09 22:58:05,cu2404,cu2404,66640.0,0.0,0.0,0.0,4,66600.0,66710.0,1,66700.0,66640.0,66640.0,66640.0,1.0,333200.0,371
2023-05-09 22:58:06,cu2404,cu2404,66640.0,0.0,0.0,0.0,4,66600.0,66710.0,2,66700.0,66640.0,66640.0,66640.0,1.0,333200.0,371
2023-05-09 22:58:06,cu2404,cu2404,66640.0,0.0,0.0,0.0,4,66600.0,66700.0,1,66700.0,66640.0,66640.0,66640.0,1.0,333200.0,371
2023-05-09 22:58:07,cu2404,cu2404,66640.0,0.0,0.0,0.0,4,66600.0,66700.0,1,66700.0,66640.0,66640.0,66640.0,1.0,333200.0,371
2023-05-09 22:58:08,cu2404,cu2404,66640.0,0.0,0.0,0.0,4,66600.0,66690.0,1,66700.0,66640.0,66640.0,66640.0,1.0,333200.0,371
2023-05-09 22:58:33,cu2404,cu2404,66640.0,0.0,0.0,0.0,4,66600.0,66700.0,1,66700.0,66640.0,66640.0,66640.0,1.0,333200.0,371
2023-05-09 22:58:36,cu2404,cu2404,66640.0,0.0,0.0,0.0,4,66600.0,66690.0,1,66700.0,66640.0,66640.0,66640.0,1.0,333200.0,371
2023-05-09 22:59:20,cu2404,cu2404,66640.0,0.0,0.0,0.0,3,66600.0,66690.0,1,66700.0,66640.0,66640.0,66640.0,1.0,333200.0,371
2023-05-09 22:59:23,cu2404,cu2404,66640.0,0.0,0.0,0.0,3,66600.0,66700.0,1,66700.0,66640.0,66640.0,66640.0,1.0,333200.0,371
2023-05-09 22:59:32,cu2404,cu2404,66640.0,0.0,0.0,0.0,3,66600.0,66690.0,1,66700.0,66640.0,66640.0,66640.0,1.0,333200.0,371
2023-05-09 22:59:36,cu2404,cu2404,66640.0,0.0,0.0,0.0,3,66600.0,66700.0,1,66700.0,66640.0,66640.0,66640.0,1.0,333200.0,371
2023-05-09 22:59:54,cu2404,cu2404,66640.0,0.0,0.0,0.0,3,66600.0,66690.0,1,66700.0,66640.0,66640.0,66640.0,1.0,333200.0,371
2023-05-09 23:00:00,cu2404,cu2404,66640.0,0.0,0.0,0.0,3,66600.0,66690.0,1,66700.0,66640.0,66640.0,66640.0,1.0,333200.0,371
2023-05-09 23:00:00,cu2404,cu2404,66640.0,0.0,0.0,0.0,3,66600.0,66760.0,1,66700.0,66640.0,66640.0,66640.0,1.0,333200.0,371
2023-05-09 23:00:01,cu2404,cu2404,66640.0,0.0,0.0,0.0,3,66600.0,66700.0,1,66700.0,66640.0,66640.0,66640.0,1.0,333200.0,371
2023-05-09 23:00:01,cu2404,cu2404,66640.0,0.0,0.0,0.0,3,66600.0,66700.0,1,66700.0,66640.0,66640.0,66640.0,1.0,333200.0,371
2023-05-09 23:00:03,cu2404,cu2404,66640.0,0.0,0.0,0.0,3,66600.0,66740.0,1,66700.0,66640.0,66640.0,66640.0,1.0,333200.0,371
2023-05-09 23:00:04,cu2404,cu2404,66640.0,0.0,0.0,0.0,3,66600.0,66730.0,1,66700.0,66640.0,66640.0,66640.0,1.0,333200.0,371
2023-05-09 23:00:04,cu2404,cu2404,66640.0,0.0,0.0,0.0,3,66600.0,66720.0,2,66700.0,66640.0,66640.0,66640.0,1.0,333200.0,371
2023-05-09 23:00:05,cu2404,cu2404,66640.0,0.0,0.0,0.0,3,66600.0,66720.0,2,66700.0,66640.0,66640.0,66640.0,1.0,333200.0,371
2023-05-09 23:00:05,cu2404,cu2404,66640.0,0.0,0.0,0.0,3,66600.0,66720.0,2,66700.0,66640.0,66640.0,66640.0,1.0,333200.0,371
2023-05-09 23:00:06,cu2404,cu2404,66640.0,0.0,0.0,0.0,3,66600.0,66720.0,3,66700.0,66640.0,66640.0,66640.0,1.0,333200.0,371
2023-05-09 23:01:34,cu2404,cu2404,66640.0,0.0,0.0,0.0,3,66600.0,66720.0,4,66700.0,66640.0,66640.0,66640.0,1.0,333200.0,371
2023-05-09 23:01:36,cu2404,cu2404,66640.0,0.0,0.0,0.0,3,66600.0,66720.0,5,66700.0,66640.0,66640.0,66640.0,1.0,333200.0,371
2023-05-09 23:02:04,cu2404,cu2404,66640.0,0.0,0.0,0.0,3,66600.0,66720.0,4,66700.0,66640.0,66640.0,66640.0,1.0,333200.0,371
2023-05-09 23:02:05,cu2404,cu2404,66640.0,0.0,0.0,0.0,3,66600.0,66710.0,1,66700.0,66640.0,66640.0,66640.0,1.0,333200.0,371
2023-05-09 23:02:05,cu2404,cu2404,66640.0,0.0,0.0,0.0,3,66600.0,66700.0,1,66700.0,66640.0,66640.0,66640.0,1.0,333200.0,371
2023-05-09 23:02:06,cu2404,cu2404,66640.0,0.0,0.0,0.0,3,66600.0,66700.0,1,66700.0,66640.0,66640.0,66640.0,1.0,333200.0,371
2023-05-09 23:02:06,cu2404,cu2404,66640.0,0.0,0.0,0.0,3,66600.0,66690.0,2,66700.0,66640.0,66640.0,66640.0,1.0,333200.0,371
2023-05-09 23:02:07,cu2404,cu2404,66640.0,0.0,0.0,0.0,3,66600.0,66680.0,1,66700.0,66640.0,66640.0,66640.0,1.0,333200.0,371
2023-05-09 23:02:07,cu2404,cu2404,66640.0,0.0,0.0,0.0,3,66600.0,66680.0,1,66700.0,66640.0,66640.0,66640.0,1.0,333200.0,371
2023-05-09 23:02:26,cu2404,cu2404,66640.0,0.0,0.0,0.0,1,66570.0,66680.0,1,66700.0,66640.0,66640.0,66640.0,1.0,333200.0,371
2023-05-09 23:02:27,cu2404,cu2404,66640.0,0.0,0.0,0.0,3,66580.0,66680.0,1,66700.0,66640.0,66640.0,66640.0,1.0,333200.0,371
2023-05-09 23:02:28,cu2404,cu2404,66640.0,0.0,0.0,0.0,3,66580.0,66680.0,1,66700.0,66640.0,66640.0,66640.0,1.0,333200.0,371
2023-05-09 23:03:12,cu2404,cu2404,66640.0,0.0,0.0,0.0,3,66580.0,66690.0,2,66700.0,66640.0,66640.0,66640.0,1.0,333200.0,371
2023-05-09 23:03:12,cu2404,cu2404,66640.0,0.0,0.0,0.0,3,66580.0,66690.0,2,66700.0,66640.0,66640.0,66640.0,1.0,333200.0,371
2023-05-09 23:03:13,cu2404,cu2404,66640.0,0.0,0.0,0.0,6,66580.0,66690.0,2,66700.0,66640.0,66640.0,66640.0,1.0,333200.0,371
2023-05-09 23:03:15,cu2404,cu2404,66640.0,0.0,0.0,0.0,6,66580.0,66760.0,1,66700.0,66640.0,66640.0,66640.0,1.0,333200.0,371
2023-05-09 23:03:16,cu2404,cu2404,66640.0,0.0,0.0,0.0,6,66580.0,66730.0,1,66700.0,66640.0,66640.0,66640.0,1.0,333200.0,371
2023-05-09 23:03:16,cu2404,cu2404,66640.0,0.0,0.0,0.0,6,66580.0,66730.0,1,66700.0,66640.0,66640.0,66640.0,1.0,333200.0,371
2023-05-09 23:03:17,cu2404,cu2404,66640.0,0.0,0.0,0.0,6,66580.0,66720.0,1,66700.0,66640.0,66640.0,66640.0,1.0,333200.0,371
2023-05-09 23:03:17,cu2404,cu2404,66640.0,0.0,0.0,0.0,3,66580.0,66720.0,1,66700.0,66640.0,66640.0,66640.0,1.0,333200.0,371
2023-05-09 23:03:18,cu2404,cu2404,66640.0,0.0,0.0,0.0,6,66580.0,66720.0,1,66700.0,66640.0,66640.0,66640.0,1.0,333200.0,371
2023-05-09 23:03:21,cu2404,cu2404,66640.0,0.0,0.0,0.0,6,66580.0,66730.0,1,66700.0,66640.0,66640.0,66640.0,1.0,333200.0,371
2023-05-09 23:03:21,cu2404,cu2404,66640.0,0.0,0.0,0.0,6,66580.0,66730.0,2,66700.0,66640.0,66640.0,66640.0,1.0,333200.0,371
2023-05-09 23:03:22,cu2404,cu2404,66640.0,0.0,0.0,0.0,6,66580.0,66720.0,2,66700.0,66640.0,66640.0,66640.0,1.0,333200.0,371
2023-05-09 23:03:22,cu2404,cu2404,66640.0,0.0,0.0,0.0,6,66580.0,66720.0,2,66700.0,66640.0,66640.0,66640.0,1.0,333200.0,371
2023-05-09 23:03:23,cu2404,cu2404,66640.0,0.0,0.0,0.0,6,66580.0,66710.0,1,66700.0,66640.0,66640.0,66640.0,1.0,333200.0,371
2023-05-09 23:03:27,cu2404,cu2404,66640.0,0.0,0.0,0.0,6,66580.0,66710.0,1,66700.0,66640.0,66640.0,66640.0,1.0,333200.0,371
2023-05-09 23:03:28,cu2404,cu2404,66640.0,0.0,0.0,0.0,6,66580.0,66700.0,2,66700.0,66640.0,66640.0,66640.0,1.0,333200.0,371
2023-05-09 23:03:29,cu2404,cu2404,66640.0,0.0,0.0,0.0,6,66580.0,66690.0,1,66700.0,66640.0,66640.0,66640.0,1.0,333200.0,371
2023-05-09 23:03:29,cu2404,cu2404,66640.0,0.0,0.0,0.0,6,66580.0,66690.0,1,66700.0,66640.0,66640.0,66640.0,1.0,333200.0,371
2023-05-09 23:03:31,cu2404,cu2404,66640.0,0.0,0.0,0.0,6,66580.0,66700.0,1,66700.0,66640.0,66640.0,66640.0,1.0,333200.0,371
2023-05-09 23:04:07,cu2404,cu2404,66640.0,0.0,0.0,0.0,6,66580.0,66760.0,1,66700.0,66640.0,66640.0,66640.0,1.0,333200.0,371
2023-05-09 23:04:08,cu2404,cu2404,66640.0,0.0,0.0,0.0,3,66580.0,66740.0,1,66700.0,66640.0,66640.0,66640.0,1.0,333200.0,371
2023-05-09 23:04:08,cu2404,cu2404,66640.0,0.0,0.0,0.0,3,66590.0,66740.0,1,66700.0,66640.0,66640.0,66640.0,1.0,333200.0,371
2023-05-09 23:04:09,cu2404,cu2404,66640.0,0.0,0.0,0.0,3,66590.0,66740.0,1,66700.0,66640.0,66640.0,66640.0,1.0,333200.0,371
2023-05-09 23:04:09,cu2404,cu2404,66640.0,0.0,0.0,0.0,3,66600.0,66740.0,1,66700.0,66640.0,66640.0,66640.0,1.0,333200.0,371
2023-05-09 23:04:11,cu2404,cu2404,66640.0,0.0,0.0,0.0,3,66600.0,66740.0,1,66700.0,66640.0,66640.0,66640.0,1.0,333200.0,371
2023-05-09 23:04:11,cu2404,cu2404,66640.0,0.0,0.0,0.0,3,66600.0,66730.0,2,66700.0,66640.0,66640.0,66640.0,1.0,333200.0,371
2023-05-09 23:04:12,cu2404,cu2404,66640.0,0.0,0.0,0.0,3,66600.0,66730.0,2,66700.0,66640.0,66640.0,66640.0,1.0,333200.0,371
2023-05-09 23:04:13,cu2404,cu2404,66640.0,0.0,0.0,0.0,6,66600.0,66730.0,2,66700.0,66640.0,66640.0,66640.0,1.0,333200.0,371
2023-05-09 23:04:14,cu2404,cu2404,66640.0,0.0,0.0,0.0,6,66600.0,66730.0,1,66700.0,66640.0,66640.0,66640.0,1.0,333200.0,371
2023-05-09 23:04:17,cu2404,cu2404,66640.0,0.0,0.0,0.0,6,66600.0,66750.0,1,66700.0,66640.0,66640.0,66640.0,1.0,333200.0,371
2023-05-09 23:04:17,cu2404,cu2404,66640.0,0.0,0.0,0.0,6,66600.0,66750.0,2,66700.0,66640.0,66640.0,66640.0,1.0,333200.0,371
2023-05-09 23:04:18,cu2404,cu2404,66640.0,0.0,0.0,0.0,3,66600.0,66750.0,2,66700.0,66640.0,66640.0,66640.0,1.0,333200.0,371
2023-05-09 23:04:18,cu2404,cu2404,66640.0,0.0,0.0,0.0,3,66610.0,66750.0,3,66700.0,66640.0,66640.0,66640.0,1.0,333200.0,371
2023-05-09 23:04:19,cu2404,cu2404,66640.0,0.0,0.0,0.0,3,66610.0,66750.0,3,66700.0,66640.0,66640.0,66640.0,1.0,333200.0,371
2023-05-09 23:04:19,cu2404,cu2404,66640.0,0.0,0.0,0.0,3,66620.0,66750.0,3,66700.0,66640.0,66640.0,66640.0,1.0,333200.0,371
2023-05-09 23:04:20,cu2404,cu2404,66640.0,0.0,0.0,0.0,3,66620.0,66740.0,2,66700.0,66640.0,66640.0,66640.0,1.0,333200.0,371
2023-05-09 23:04:20,cu2404,cu2404,66640.0,0.0,0.0,0.0,3,66620.0,66730.0,1,66700.0,66640.0,66640.0,66640.0,1.0,333200.0,371
2023-05-09 23:04:21,cu2404,cu2404,66640.0,0.0,0.0,0.0,3,66620.0,66730.0,1,66700.0,66640.0,66640.0,66640.0,1.0,333200.0,371
2023-05-09 23:04:22,cu2404,cu2404,66640.0,0.0,0.0,0.0,3,66620.0,66740.0,1,66700.0,66640.0,66640.0,66640.0,1.0,333200.0,371
2023-05-09 23:04:26,cu2404,cu2404,66640.0,0.0,0.0,0.0,3,66620.0,66740.0,1,66700.0,66640.0,66640.0,66640.0,1.0,333200.0,371
2023-05-09 23:04:27,cu2404,cu2404,66640.0,0.0,0.0,0.0,3,66620.0,66730.0,2,66700.0,66640.0,66640.0,66640.0,1.0,333200.0,371
2023-05-09 23:04:28,cu2404,cu2404,66640.0,0.0,0.0,0.0,3,66620.0,66720.0,1,66700.0,66640.0,66640.0,66640.0,1.0,333200.0,371
2023-05-09 23:04:57,cu2404,cu2404,66640.0,0.0,0.0,0.0,3,66620.0,66720.0,1,66700.0,66640.0,66640.0,66640.0,1.0,333200.0,371
2023-05-09 23:05:00,cu2404,cu2404,66640.0,0.0,0.0,0.0,3,66620.0,66740.0,1,66700.0,66640.0,66640.0,66640.0,1.0,333200.0,371
2023-05-09 23:05:01,cu2404,cu2404,66640.0,0.0,0.0,0.0,3,66620.0,66740.0,1,66700.0,66640.0,66640.0,66640.0,1.0,333200.0,371
2023-05-09 23:05:01,cu2404,cu2404,66640.0,0.0,0.0,0.0,3,66620.0,66730.0,2,66700.0,66640.0,66640.0,66640.0,1.0,333200.0,371
2023-05-09 23:05:03,cu2404,cu2404,66640.0,0.0,0.0,0.0,3,66620.0,66720.0,1,66700.0,66640.0,66640.0,66640.0,1.0,333200.0,371
2023-05-09 23:05:30,cu2404,cu2404,66640.0,0.0,0.0,0.0,3,66620.0,66720.0,1,66700.0,66640.0,66640.0,66640.0,1.0,333200.0,371
2023-05-09 23:05:48,cu2404,cu2404,66640.0,0.0,0.0,0.0,3,66620.0,66720.0,1,66700.0,66640.0,66640.0,66640.0,1.0,333200.0,371
2023-05-09 23:05:51,cu2404,cu2404,66640.0,0.0,0.0,0.0,3,66620.0,66750.0,1,66700.0,66640.0,66640.0,66640.0,1.0,333200.0,371
2023-05-09 23:05:52,cu2404,cu2404,66640.0,0.0,0.0,0.0,3,66620.0,66750.0,3,66700.0,66640.0,66640.0,66640.0,1.0,333200.0,371
2023-05-09 23:06:00,cu2404,cu2404,66640.0,0.0,0.0,0.0,3,66620.0,66740.0,2,66700.0,66640.0,66640.0,66640.0,1.0,333200.0,371
2023-05-09 23:06:00,cu2404,cu2404,66640.0,0.0,0.0,0.0,3,66620.0,66730.0,1,66700.0,66640.0,66640.0,66640.0,1.0,333200.0,371
2023-05-09 23:06:04,cu2404,cu2404,66640.0,0.0,0.0,0.0,3,66620.0,66730.0,1,66700.0,66640.0,66640.0,66640.0,1.0,333200.0,371
2023-05-09 23:06:05,cu2404,cu2404,66640.0,0.0,0.0,0.0,3,66620.0,66720.0,1,66700.0,66640.0,66640.0,66640.0,1.0,333200.0,371
2023-05-09 23:06:05,cu2404,cu2404,66640.0,0.0,0.0,0.0,3,66620.0,66730.0,1,66700.0,66640.0,66640.0,66640.0,1.0,333200.0,371
2023-05-09 23:06:06,cu2404,cu2404,66640.0,0.0,0.0,0.0,3,66620.0,66720.0,1,66700.0,66640.0,66640.0,66640.0,1.0,333200.0,371
2023-05-09 23:06:06,cu2404,cu2404,66640.0,0.0,0.0,0.0,3,66620.0,66720.0,1,66700.0,66640.0,66640.0,66640.0,1.0,333200.0,371
2023-05-09 23:06:38,cu2404,cu2404,66640.0,0.0,0.0,0.0,3,66620.0,66720.0,1,66700.0,66640.0,66640.0,66640.0,1.0,333200.0,371
2023-05-09 23:06:46,cu2404,cu2404,66640.0,0.0,0.0,0.0,3,66620.0,66750.0,1,66700.0,66640.0,66640.0,66640.0,1.0,333200.0,371
2023-05-09 23:06:46,cu2404,cu2404,66640.0,0.0,0.0,0.0,3,66620.0,66740.0,2,66700.0,66640.0,66640.0,66640.0,1.0,333200.0,371
2023-05-09 23:06:47,cu2404,cu2404,66640.0,0.0,0.0,0.0,3,66620.0,66730.0,1,66700.0,66640.0,66640.0,66640.0,1.0,333200.0,371
2023-05-09 23:06:48,cu2404,cu2404,66640.0,0.0,0.0,0.0,3,66620.0,66730.0,1,66700.0,66640.0,66640.0,66640.0,1.0,333200.0,371
2023-05-09 23:06:50,cu2404,cu2404,66640.0,0.0,0.0,0.0,3,66620.0,66740.0,1,66700.0,66640.0,66640.0,66640.0,1.0,333200.0,371
2023-05-09 23:06:51,cu2404,cu2404,66640.0,0.0,0.0,0.0,3,66620.0,66720.0,1,66700.0,66640.0,66640.0,66640.0,1.0,333200.0,371
2023-05-09 23:06:51,cu2404,cu2404,66640.0,0.0,0.0,0.0,3,66620.0,66710.0,1,66700.0,66640.0,66640.0,66640.0,1.0,333200.0,371
2023-05-09 23:06:54,cu2404,cu2404,66640.0,0.0,0.0,0.0,3,66620.0,66710.0,1,66700.0,66640.0,66640.0,66640.0,1.0,333200.0,371
2023-05-09 23:06:58,cu2404,cu2404,66640.0,0.0,0.0,0.0,3,66620.0,66720.0,1,66700.0,66640.0,66640.0,66640.0,1.0,333200.0,371
2023-05-09 23:07:33,cu2404,cu2404,66640.0,0.0,0.0,0.0,3,66620.0,66720.0,1,66700.0,66640.0,66640.0,66640.0,1.0,333200.0,371
2023-05-09 23:07:34,cu2404,cu2404,66640.0,0.0,0.0,0.0,3,66620.0,66720.0,1,66700.0,66640.0,66640.0,66640.0,1.0,333200.0,371
2023-05-09 23:07:35,cu2404,cu2404,66640.0,0.0,0.0,0.0,3,66620.0,66750.0,1,66700.0,66640.0,66640.0,66640.0,1.0,333200.0,371
2023-05-09 23:07:39,cu2404,cu2404,66640.0,0.0,0.0,0.0,3,66620.0,66740.0,2,66700.0,66640.0,66640.0,66640.0,1.0,333200.0,371
2023-05-09 23:07:39,cu2404,cu2404,66640.0,0.0,0.0,0.0,3,66620.0,66730.0,1,66700.0,66640.0,66640.0,66640.0,1.0,333200.0,371
2023-05-09 23:07:58,cu2404,cu2404,66640.0,0.0,0.0,0.0,3,66620.0,66730.0,1,66700.0,66640.0,66640.0,66640.0,1.0,333200.0,371
2023-05-09 23:07:58,cu2404,cu2404,66640.0,0.0,0.0,0.0,3,66630.0,66730.0,1,66700.0,66640.0,66640.0,66640.0,1.0,333200.0,371
2023-05-09 23:07:59,cu2404,cu2404,66640.0,0.0,0.0,0.0,3,66630.0,66730.0,1,66700.0,66640.0,66640.0,66640.0,1.0,333200.0,371
2023-05-09 23:07:59,cu2404,cu2404,66640.0,0.0,0.0,0.0,3,66640.0,66730.0,1,66700.0,66640.0,66640.0,66640.0,1.0,333200.0,371
2023-05-09 23:08:00,cu2404,cu2404,66640.0,0.0,0.0,0.0,3,66640.0,66740.0,1,66700.0,66640.0,66640.0,66640.0,1.0,333200.0,371
2023-05-09 23:08:00,cu2404,cu2404,66640.0,0.0,0.0,0.0,3,66640.0,66740.0,1,66700.0,66640.0,66640.0,66640.0,1.0,333200.0,371
2023-05-09 23:08:01,cu2404,cu2404,66640.0,0.0,0.0,0.0,3,66640.0,66740.0,1,66700.0,66640.0,66640.0,66640.0,1.0,333200.0,371
2023-05-09 23:08:08,cu2404,cu2404,66640.0,0.0,0.0,0.0,3,66640.0,66790.0,1,66700.0,66640.0,66640.0,66640.0,1.0,333200.0,371
2023-05-09 23:08:09,cu2404,cu2404,66640.0,0.0,0.0,0.0,3,66640.0,66780.0,4,66700.0,66640.0,66640.0,66640.0,1.0,333200.0,371
2023-05-09 23:08:11,cu2404,cu2404,66640.0,0.0,0.0,0.0,3,66640.0,66770.0,1,66700.0,66640.0,66640.0,66640.0,1.0,333200.0,371
2023-05-09 23:08:12,cu2404,cu2404,66640.0,0.0,0.0,0.0,3,66640.0,66770.0,2,66700.0,66640.0,66640.0,66640.0,1.0,333200.0,371
2023-05-09 23:08:12,cu2404,cu2404,66640.0,0.0,0.0,0.0,3,66640.0,66770.0,1,66700.0,66640.0,66640.0,66640.0,1.0,333200.0,371
2023-05-09 23:08:13,cu2404,cu2404,66640.0,0.0,0.0,0.0,3,66640.0,66750.0,1,66700.0,66640.0,66640.0,66640.0,1.0,333200.0,371
2023-05-09 23:08:14,cu2404,cu2404,66640.0,0.0,0.0,0.0,3,66640.0,66740.0,1,66700.0,66640.0,66640.0,66640.0,1.0,333200.0,371
2023-05-09 23:08:46,cu2404,cu2404,66640.0,0.0,0.0,0.0,3,66640.0,66750.0,1,66700.0,66640.0,66640.0,66640.0,1.0,333200.0,371
2023-05-09 23:08:55,cu2404,cu2404,66640.0,0.0,0.0,0.0,3,66640.0,66750.0,1,66700.0,66640.0,66640.0,66640.0,1.0,333200.0,371
2023-05-09 23:09:13,cu2404,cu2404,66640.0,0.0,0.0,0.0,3,66640.0,66750.0,1,66700.0,66640.0,66640.0,66640.0,1.0,333200.0,371
2023-05-09 23:09:13,cu2404,cu2404,66640.0,0.0,0.0,0.0,3,66640.0,66750.0,2,66700.0,66640.0,66640.0,66640.0,1.0,333200.0,371
2023-05-09 23:09:14,cu2404,cu2404,66640.0,0.0,0.0,0.0,3,66640.0,66750.0,3,66700.0,66640.0,66640.0,66640.0,1.0,333200.0,371
2023-05-09 23:09:15,cu2404,cu2404,66640.0,0.0,0.0,0.0,3,66640.0,66750.0,4,66700.0,66640.0,66640.0,66640.0,1.0,333200.0,371
2023-05-09 23:09:17,cu2404,cu2404,66640.0,0.0,0.0,0.0,1,66550.0,66750.0,4,66700.0,66640.0,66640.0,66640.0,1.0,333200.0,371
2023-05-09 23:09:18,cu2404,cu2404,66640.0,0.0,0.0,0.0,9,66560.0,66750.0,4,66700.0,66640.0,66640.0,66640.0,1.0,333200.0,371
2023-05-09 23:09:18,cu2404,cu2404,66640.0,0.0,0.0,0.0,7,66570.0,66750.0,4,66700.0,66640.0,66640.0,66640.0,1.0,333200.0,371
2023-05-09 23:09:19,cu2404,cu2404,66640.0,0.0,0.0,0.0,1,66580.0,66750.0,4,66700.0,66640.0,66640.0,66640.0,1.0,333200.0,371
2023-05-09 23:09:19,cu2404,cu2404,66640.0,0.0,0.0,0.0,1,66580.0,66750.0,4,66700.0,66640.0,66640.0,66640.0,1.0,333200.0,371
2023-05-09 23:09:22,cu2404,cu2404,66640.0,0.0,0.0,0.0,3,66590.0,66750.0,4,66700.0,66640.0,66640.0,66640.0,1.0,333200.0,371
2023-05-09 23:09:23,cu2404,cu2404,66640.0,0.0,0.0,0.0,3,66590.0,66750.0,4,66700.0,66640.0,66640.0,66640.0,1.0,333200.0,371
2023-05-09 23:09:24,cu2404,cu2404,66640.0,0.0,0.0,0.0,4,66590.0,66750.0,4,66700.0,66640.0,66640.0,66640.0,1.0,333200.0,371
2023-05-09 23:09:24,cu2404,cu2404,66640.0,0.0,0.0,0.0,3,66600.0,66750.0,4,66700.0,66640.0,66640.0,66640.0,1.0,333200.0,371
2023-05-09 23:09:25,cu2404,cu2404,66640.0,0.0,0.0,0.0,3,66600.0,66750.0,4,66700.0,66640.0,66640.0,66640.0,1.0,333200.0,371
2023-05-09 23:09:28,cu2404,cu2404,66640.0,0.0,0.0,0.0,3,66610.0,66750.0,4,66700.0,66640.0,66640.0,66640.0,1.0,333200.0,371
2023-05-09 23:09:28,cu2404,cu2404,66640.0,0.0,0.0,0.0,3,66610.0,66750.0,4,66700.0,66640.0,66640.0,66640.0,1.0,333200.0,371
2023-05-09 23:09:29,cu2404,cu2404,66640.0,0.0,0.0,0.0,6,66610.0,66750.0,4,66700.0,66640.0,66640.0,66640.0,1.0,333200.0,371
2023-05-09 23:09:31,cu2404,cu2404,66640.0,0.0,0.0,0.0,3,66610.0,66750.0,3,66700.0,66640.0,66640.0,66640.0,1.0,333200.0,371
2023-05-09 23:09:32,cu2404,cu2404,66640.0,0.0,0.0,0.0,3,66610.0,66740.0,1,66700.0,66640.0,66640.0,66640.0,1.0,333200.0,371
2023-05-09 23:09:32,cu2404,cu2404,66640.0,0.0,0.0,0.0,3,66610.0,66740.0,2,66700.0,66640.0,66640.0,66640.0,1.0,333200.0,371
2023-05-09 23:09:33,cu2404,cu2404,66640.0,0.0,0.0,0.0,3,66610.0,66740.0,2,66700.0,66640.0,66640.0,66640.0,1.0,333200.0,371
2023-05-09 23:09:33,cu2404,cu2404,66640.0,0.0,0.0,0.0,3,66610.0,66730.0,2,66700.0,66640.0,66640.0,66640.0,1.0,333200.0,371
2023-05-09 23:09:34,cu2404,cu2404,66640.0,0.0,0.0,0.0,3,66610.0,66730.0,2,66700.0,66640.0,66640.0,66640.0,1.0,333200.0,371
2023-05-09 23:09:35,cu2404,cu2404,66640.0,0.0,0.0,0.0,3,66610.0,66730.0,2,66700.0,66640.0,66640.0,66640.0,1.0,333200.0,371
2023-05-09 23:09:40,cu2404,cu2404,66640.0,0.0,0.0,0.0,3,66610.0,66730.0,3,66700.0,66640.0,66640.0,66640.0,1.0,333200.0,371
2023-05-09 23:09:40,cu2404,cu2404,66640.0,0.0,0.0,0.0,3,66610.0,66730.0,2,66700.0,66640.0,66640.0,66640.0,1.0,333200.0,371
2023-05-09 23:09:45,cu2404,cu2404,66640.0,0.0,0.0,0.0,3,66610.0,66800.0,1,66700.0,66640.0,66640.0,66640.0,1.0,333200.0,371
2023-05-09 23:09:45,cu2404,cu2404,66640.0,0.0,0.0,0.0,3,66610.0,66740.0,1,66700.0,66640.0,66640.0,66640.0,1.0,333200.0,371
2023-05-09 23:09:46,cu2404,cu2404,66640.0,0.0,0.0,0.0,3,66610.0,66740.0,1,66700.0,66640.0,66640.0,66640.0,1.0,333200.0,371
2023-05-09 23:09:47,cu2404,cu2404,66640.0,0.0,0.0,0.0,3,66610.0,66740.0,1,66700.0,66640.0,66640.0,66640.0,1.0,333200.0,371
2023-05-09 23:09:52,cu2404,cu2404,66640.0,0.0,0.0,0.0,3,66610.0,66790.0,2,66700.0,66640.0,66640.0,66640.0,1.0,333200.0,371
2023-05-09 23:09:52,cu2404,cu2404,66640.0,0.0,0.0,0.0,3,66610.0,66750.0,1,66700.0,66640.0,66640.0,66640.0,1.0,333200.0,371
2023-05-09 23:09:53,cu2404,cu2404,66640.0,0.0,0.0,0.0,3,66610.0,66750.0,1,66700.0,66640.0,66640.0,66640.0,1.0,333200.0,371
2023-05-09 23:09:53,cu2404,cu2404,66640.0,0.0,0.0,0.0,3,66610.0,66750.0,1,66700.0,66640.0,66640.0,66640.0,1.0,333200.0,371
2023-05-09 23:09:54,cu2404,cu2404,66640.0,0.0,0.0,0.0,3,66610.0,66740.0,2,66700.0,66640.0,66640.0,66640.0,1.0,333200.0,371
2023-05-09 23:09:54,cu2404,cu2404,66640.0,0.0,0.0,0.0,3,66610.0,66740.0,3,66700.0,66640.0,66640.0,66640.0,1.0,333200.0,371
2023-05-09 23:09:55,cu2404,cu2404,66640.0,0.0,0.0,0.0,3,66610.0,66740.0,3,66700.0,66640.0,66640.0,66640.0,1.0,333200.0,371
2023-05-09 23:09:55,cu2404,cu2404,66640.0,0.0,0.0,0.0,3,66610.0,66740.0,4,66700.0,66640.0,66640.0,66640.0,1.0,333200.0,371
2023-05-09 23:10:04,cu2404,cu2404,66640.0,0.0,0.0,0.0,3,66610.0,66730.0,1,66700.0,66640.0,66640.0,66640.0,1.0,333200.0,371
2023-05-09 23:10:04,cu2404,cu2404,66640.0,0.0,0.0,0.0,3,66610.0,66730.0,1,66700.0,66640.0,66640.0,66640.0,1.0,333200.0,371
2023-05-09 23:10:11,cu2404,cu2404,66640.0,0.0,0.0,0.0,3,66610.0,66730.0,1,66700.0,66640.0,66640.0,66640.0,1.0,333200.0,371
2023-05-09 23:11:06,cu2404,cu2404,66640.0,0.0,0.0,0.0,3,66610.0,66730.0,2,66700.0,66640.0,66640.0,66640.0,1.0,333200.0,371
2023-05-09 23:11:21,cu2404,cu2404,66640.0,0.0,0.0,0.0,3,66610.0,66730.0,2,66700.0,66640.0,66640.0,66640.0,1.0,333200.0,371
2023-05-09 23:11:24,cu2404,cu2404,66640.0,0.0,0.0,0.0,3,66610.0,66720.0,2,66700.0,66640.0,66640.0,66640.0,1.0,333200.0,371
2023-05-09 23:11:25,cu2404,cu2404,66640.0,0.0,0.0,0.0,3,66610.0,66730.0,1,66700.0,66640.0,66640.0,66640.0,1.0,333200.0,371
2023-05-09 23:11:25,cu2404,cu2404,66640.0,0.0,0.0,0.0,3,66610.0,66730.0,2,66700.0,66640.0,66640.0,66640.0,1.0,333200.0,371
2023-05-09 23:11:26,cu2404,cu2404,66640.0,0.0,0.0,0.0,3,66610.0,66720.0,2,66700.0,66640.0,66640.0,66640.0,1.0,333200.0,371
2023-05-09 23:11:27,cu2404,cu2404,66640.0,0.0,0.0,0.0,3,66610.0,66710.0,1,66700.0,66640.0,66640.0,66640.0,1.0,333200.0,371
2023-05-09 23:12:07,cu2404,cu2404,66640.0,0.0,0.0,0.0,1,66560.0,66710.0,2,66700.0,66640.0,66640.0,66640.0,1.0,333200.0,371
2023-05-09 23:12:08,cu2404,cu2404,66640.0,0.0,0.0,0.0,3,66570.0,66710.0,3,66700.0,66640.0,66640.0,66640.0,1.0,333200.0,371
2023-05-09 23:12:08,cu2404,cu2404,66640.0,0.0,0.0,0.0,3,66580.0,66710.0,3,66700.0,66640.0,66640.0,66640.0,1.0,333200.0,371
2023-05-09 23:12:09,cu2404,cu2404,66640.0,0.0,0.0,0.0,3,66580.0,66700.0,2,66700.0,66640.0,66640.0,66640.0,1.0,333200.0,371
2023-05-09 23:12:09,cu2404,cu2404,66640.0,0.0,0.0,0.0,3,66580.0,66700.0,2,66700.0,66640.0,66640.0,66640.0,1.0,333200.0,371
2023-05-09 23:12:13,cu2404,cu2404,66640.0,0.0,0.0,0.0,3,66580.0,66690.0,1,66700.0,66640.0,66640.0,66640.0,1.0,333200.0,371
2023-05-09 23:12:14,cu2404,cu2404,66640.0,0.0,0.0,0.0,3,66580.0,66690.0,1,66700.0,66640.0,66640.0,66640.0,1.0,333200.0,371
2023-05-09 23:12:14,cu2404,cu2404,66640.0,0.0,0.0,0.0,3,66580.0,66690.0,2,66700.0,66640.0,66640.0,66640.0,1.0,333200.0,371
2023-05-09 23:12:15,cu2404,cu2404,66640.0,0.0,0.0,0.0,3,66580.0,66680.0,1,66700.0,66640.0,66640.0,66640.0,1.0,333200.0,371
2023-05-09 23:12:24,cu2404,cu2404,66640.0,0.0,0.0,0.0,3,66580.0,66680.0,1,66700.0,66640.0,66640.0,66640.0,1.0,333200.0,371
2023-05-09 23:12:42,cu2404,cu2404,66640.0,0.0,0.0,0.0,3,66580.0,66680.0,1,66700.0,66640.0,66640.0,66640.0,1.0,333200.0,371
2023-05-09 23:12:42,cu2404,cu2404,66640.0,0.0,0.0,0.0,3,66580.0,66670.0,2,66700.0,66640.0,66640.0,66640.0,1.0,333200.0,371
2023-05-09 23:12:43,cu2404,cu2404,66640.0,0.0,0.0,0.0,3,66580.0,66660.0,1,66700.0,66640.0,66640.0,66640.0,1.0,333200.0,371
2023-05-09 23:12:54,cu2404,cu2404,66640.0,0.0,0.0,0.0,3,66580.0,66660.0,1,66700.0,66640.0,66640.0,66640.0,1.0,333200.0,371
2023-05-09 23:12:54,cu2404,cu2404,66640.0,0.0,0.0,0.0,3,66580.0,66680.0,1,66700.0,66640.0,66640.0,66640.0,1.0,333200.0,371
2023-05-09 23:12:55,cu2404,cu2404,66640.0,0.0,0.0,0.0,3,66580.0,66670.0,2,66700.0,66640.0,66640.0,66640.0,1.0,333200.0,371
2023-05-09 23:12:57,cu2404,cu2404,66640.0,0.0,0.0,0.0,3,66580.0,66660.0,1,66700.0,66640.0,66640.0,66640.0,1.0,333200.0,371
2023-05-09 23:13:02,cu2404,cu2404,66640.0,0.0,0.0,0.0,3,66580.0,66660.0,1,66700.0,66640.0,66640.0,66640.0,1.0,333200.0,371
2023-05-09 23:13:02,cu2404,cu2404,66640.0,0.0,0.0,0.0,3,66580.0,66680.0,1,66700.0,66640.0,66640.0,66640.0,1.0,333200.0,371
2023-05-09 23:13:03,cu2404,cu2404,66640.0,0.0,0.0,0.0,3,66580.0,66670.0,2,66700.0,66640.0,66640.0,66640.0,1.0,333200.0,371
2023-05-09 23:13:04,cu2404,cu2404,66640.0,0.0,0.0,0.0,3,66580.0,66660.0,1,66700.0,66640.0,66640.0,66640.0,1.0,333200.0,371
2023-05-09 23:13:31,cu2404,cu2404,66640.0,0.0,0.0,0.0,3,66580.0,66670.0,2,66700.0,66640.0,66640.0,66640.0,1.0,333200.0,371
2023-05-09 23:13:32,cu2404,cu2404,66640.0,0.0,0.0,0.0,3,66580.0,66800.0,1,66700.0,66640.0,66640.0,66640.0,1.0,333200.0,371
2023-05-09 23:13:32,cu2404,cu2404,66640.0,0.0,0.0,0.0,3,66580.0,66710.0,1,66700.0,66640.0,66640.0,66640.0,1.0,333200.0,371
2023-05-09 23:13:33,cu2404,cu2404,66640.0,0.0,0.0,0.0,3,66580.0,66700.0,1,66700.0,66640.0,66640.0,66640.0,1.0,333200.0,371
2023-05-09 23:13:33,cu2404,cu2404,66640.0,0.0,0.0,0.0,3,66580.0,66700.0,1,66700.0,66640.0,66640.0,66640.0,1.0,333200.0,371
2023-05-09 23:13:34,cu2404,cu2404,66640.0,0.0,0.0,0.0,3,66580.0,66690.0,2,66700.0,66640.0,66640.0,66640.0,1.0,333200.0,371
2023-05-09 23:13:35,cu2404,cu2404,66640.0,0.0,0.0,0.0,3,66580.0,66680.0,1,66700.0,66640.0,66640.0,66640.0,1.0,333200.0,371
2023-05-09 23:13:35,cu2404,cu2404,66640.0,0.0,0.0,0.0,3,66580.0,66680.0,1,66700.0,66640.0,66640.0,66640.0,1.0,333200.0,371
2023-05-09 23:13:37,cu2404,cu2404,66640.0,0.0,0.0,0.0,3,66580.0,66730.0,1,66700.0,66640.0,66640.0,66640.0,1.0,333200.0,371
2023-05-09 23:13:37,cu2404,cu2404,66640.0,0.0,0.0,0.0,3,66580.0,66710.0,1,66700.0,66640.0,66640.0,66640.0,1.0,333200.0,371
2023-05-09 23:13:38,cu2404,cu2404,66640.0,0.0,0.0,0.0,3,66580.0,66710.0,1,66700.0,66640.0,66640.0,66640.0,1.0,333200.0,371
2023-05-09 23:13:41,cu2404,cu2404,66640.0,0.0,0.0,0.0,3,66580.0,66700.0,1,66700.0,66640.0,66640.0,66640.0,1.0,333200.0,371
2023-05-09 23:13:41,cu2404,cu2404,66640.0,0.0,0.0,0.0,3,66580.0,66700.0,1,66700.0,66640.0,66640.0,66640.0,1.0,333200.0,371
2023-05-09 23:13:43,cu2404,cu2404,66640.0,0.0,0.0,0.0,3,66580.0,66720.0,1,66700.0,66640.0,66640.0,66640.0,1.0,333200.0,371
2023-05-09 23:13:43,cu2404,cu2404,66640.0,0.0,0.0,0.0,3,66580.0,66710.0,1,66700.0,66640.0,66640.0,66640.0,1.0,333200.0,371
2023-05-09 23:13:44,cu2404,cu2404,66640.0,0.0,0.0,0.0,3,66580.0,66700.0,1,66700.0,66640.0,66640.0,66640.0,1.0,333200.0,371
2023-05-09 23:13:48,cu2404,cu2404,66640.0,0.0,0.0,0.0,3,66580.0,66690.0,2,66700.0,66640.0,66640.0,66640.0,1.0,333200.0,371
2023-05-09 23:13:49,cu2404,cu2404,66640.0,0.0,0.0,0.0,3,66580.0,66680.0,1,66700.0,66640.0,66640.0,66640.0,1.0,333200.0,371
2023-05-09 23:15:00,cu2404,cu2404,66640.0,0.0,0.0,0.0,3,66580.0,66680.0,1,66700.0,66640.0,66640.0,66640.0,1.0,333200.0,371
2023-05-09 23:15:00,cu2404,cu2404,66640.0,0.0,0.0,0.0,3,66580.0,66670.0,1,66700.0,66640.0,66640.0,66640.0,1.0,333200.0,371
2023-05-09 23:15:01,cu2404,cu2404,66640.0,0.0,0.0,0.0,3,66580.0,66670.0,1,66700.0,66640.0,66640.0,66640.0,1.0,333200.0,371
2023-05-09 23:15:02,cu2404,cu2404,66640.0,0.0,0.0,0.0,3,66580.0,66710.0,1,66700.0,66640.0,66640.0,66640.0,1.0,333200.0,371
2023-05-09 23:15:04,cu2404,cu2404,66640.0,0.0,0.0,0.0,3,66580.0,66700.0,1,66700.0,66640.0,66640.0,66640.0,1.0,333200.0,371
2023-05-09 23:15:18,cu2404,cu2404,66640.0,0.0,0.0,0.0,3,66580.0,66690.0,1,66700.0,66640.0,66640.0,66640.0,1.0,333200.0,371
2023-05-09 23:15:19,cu2404,cu2404,66640.0,0.0,0.0,0.0,3,66580.0,66680.0,1,66700.0,66640.0,66640.0,66640.0,1.0,333200.0,371
2023-05-09 23:15:21,cu2404,cu2404,66640.0,0.0,0.0,0.0,3,66580.0,66680.0,1,66700.0,66640.0,66640.0,66640.0,1.0,333200.0,371
2023-05-09 23:15:21,cu2404,cu2404,66640.0,0.0,0.0,0.0,3,66580.0,66670.0,1,66700.0,66640.0,66640.0,66640.0,1.0,333200.0,371
2023-05-09 23:15:22,cu2404,cu2404,66640.0,0.0,0.0,0.0,3,66580.0,66700.0,1,66700.0,66640.0,66640.0,66640.0,1.0,333200.0,371
2023-05-09 23:15:22,cu2404,cu2404,66640.0,0.0,0.0,0.0,3,66580.0,66690.0,2,66700.0,66640.0,66640.0,66640.0,1.0,333200.0,371
2023-05-09 23:15:29,cu2404,cu2404,66640.0,0.0,0.0,0.0,3,66580.0,66680.0,1,66700.0,66640.0,66640.0,66640.0,1.0,333200.0,371
2023-05-09 23:15:30,cu2404,cu2404,66640.0,0.0,0.0,0.0,3,66580.0,66680.0,1,66700.0,66640.0,66640.0,66640.0,1.0,333200.0,371
2023-05-09 23:15:30,cu2404,cu2404,66640.0,0.0,0.0,0.0,3,66580.0,66670.0,1,66700.0,66640.0,66640.0,66640.0,1.0,333200.0,371
2023-05-09 23:15:31,cu2404,cu2404,66640.0,0.0,0.0,0.0,3,66580.0,66680.0,1,66700.0,66640.0,66640.0,66640.0,1.0,333200.0,371
2023-05-09 23:15:37,cu2404,cu2404,66640.0,0.0,0.0,0.0,3,66580.0,66670.0,1,66700.0,66640.0,66640.0,66640.0,1.0,333200.0,371
2023-05-09 23:15:38,cu2404,cu2404,66640.0,0.0,0.0,0.0,3,66580.0,66680.0,1,66700.0,66640.0,66640.0,66640.0,1.0,333200.0,371
2023-05-09 23:15:44,cu2404,cu2404,66640.0,0.0,0.0,0.0,3,66580.0,66670.0,1,66700.0,66640.0,66640.0,66640.0,1.0,333200.0,371
2023-05-09 23:15:44,cu2404,cu2404,66640.0,0.0,0.0,0.0,3,66580.0,66680.0,1,66700.0,66640.0,66640.0,66640.0,1.0,333200.0,371
2023-05-09 23:15:49,cu2404,cu2404,66640.0,0.0,0.0,0.0,3,66580.0,66670.0,1,66700.0,66640.0,66640.0,66640.0,1.0,333200.0,371
2023-05-09 23:15:50,cu2404,cu2404,66640.0,0.0,0.0,0.0,3,66580.0,66670.0,1,66700.0,66640.0,66640.0,66640.0,1.0,333200.0,371
2023-05-09 23:15:50,cu2404,cu2404,66640.0,0.0,0.0,0.0,3,66580.0,66690.0,1,66700.0,66640.0,66640.0,66640.0,1.0,333200.0,371
2023-05-09 23:15:51,cu2404,cu2404,66640.0,0.0,0.0,0.0,3,66580.0,66690.0,2,66700.0,66640.0,66640.0,66640.0,1.0,333200.0,371
2023-05-09 23:15:51,cu2404,cu2404,66640.0,0.0,0.0,0.0,3,66580.0,66680.0,1,66700.0,66640.0,66640.0,66640.0,1.0,333200.0,371
2023-05-09 23:15:59,cu2404,cu2404,66640.0,0.0,0.0,0.0,6,66580.0,66690.0,2,66700.0,66640.0,66640.0,66640.0,1.0,333200.0,371
2023-05-09 23:16:01,cu2404,cu2404,66640.0,0.0,0.0,0.0,6,66580.0,66690.0,1,66700.0,66640.0,66640.0,66640.0,1.0,333200.0,371
2023-05-09 23:16:02,cu2404,cu2404,66640.0,0.0,0.0,0.0,3,66580.0,66690.0,1,66700.0,66640.0,66640.0,66640.0,1.0,333200.0,371
2023-05-09 23:16:02,cu2404,cu2404,66640.0,0.0,0.0,0.0,3,66590.0,66690.0,1,66700.0,66640.0,66640.0,66640.0,1.0,333200.0,371
2023-05-09 23:16:03,cu2404,cu2404,66640.0,0.0,0.0,0.0,3,66590.0,66690.0,1,66700.0,66640.0,66640.0,66640.0,1.0,333200.0,371
2023-05-09 23:16:05,cu2404,cu2404,66640.0,0.0,0.0,0.0,3,66600.0,66690.0,1,66700.0,66640.0,66640.0,66640.0,1.0,333200.0,371
2023-05-09 23:16:25,cu2404,cu2404,66640.0,0.0,0.0,0.0,3,66600.0,66740.0,1,66700.0,66640.0,66640.0,66640.0,1.0,333200.0,371
2023-05-09 23:16:25,cu2404,cu2404,66640.0,0.0,0.0,0.0,3,66600.0,66730.0,3,66700.0,66640.0,66640.0,66640.0,1.0,333200.0,371
2023-05-09 23:16:26,cu2404,cu2404,66640.0,0.0,0.0,0.0,3,66600.0,66720.0,2,66700.0,66640.0,66640.0,66640.0,1.0,333200.0,371
2023-05-09 23:16:26,cu2404,cu2404,66640.0,0.0,0.0,0.0,3,66600.0,66720.0,2,66700.0,66640.0,66640.0,66640.0,1.0,333200.0,371
2023-05-09 23:16:29,cu2404,cu2404,66640.0,0.0,0.0,0.0,3,66600.0,66710.0,1,66700.0,66640.0,66640.0,66640.0,1.0,333200.0,371
2023-05-09 23:16:29,cu2404,cu2404,66640.0,0.0,0.0,0.0,3,66600.0,66710.0,1,66700.0,66640.0,66640.0,66640.0,1.0,333200.0,371
2023-05-09 23:16:30,cu2404,cu2404,66640.0,0.0,0.0,0.0,3,66600.0,66700.0,1,66700.0,66640.0,66640.0,66640.0,1.0,333200.0,371
2023-05-09 23:16:30,cu2404,cu2404,66640.0,0.0,0.0,0.0,3,66600.0,66700.0,1,66700.0,66640.0,66640.0,66640.0,1.0,333200.0,371
2023-05-09 23:16:55,cu2404,cu2404,66640.0,0.0,0.0,0.0,3,66610.0,66700.0,1,66700.0,66640.0,66640.0,66640.0,1.0,333200.0,371
2023-05-09 23:16:56,cu2404,cu2404,66640.0,0.0,0.0,0.0,4,66610.0,66700.0,1,66700.0,66640.0,66640.0,66640.0,1.0,333200.0,371
2023-05-09 23:16:56,cu2404,cu2404,66640.0,0.0,0.0,0.0,3,66620.0,66800.0,1,66700.0,66640.0,66640.0,66640.0,1.0,333200.0,371
2023-05-09 23:16:57,cu2404,cu2404,66640.0,0.0,0.0,0.0,3,66620.0,66790.0,3,66700.0,66640.0,66640.0,66640.0,1.0,333200.0,371
2023-05-09 23:16:57,cu2404,cu2404,66640.0,0.0,0.0,0.0,3,66620.0,66780.0,1,66700.0,66640.0,66640.0,66640.0,1.0,333200.0,371
2023-05-09 23:16:58,cu2404,cu2404,66640.0,0.0,0.0,0.0,3,66620.0,66770.0,2,66700.0,66640.0,66640.0,66640.0,1.0,333200.0,371
2023-05-09 23:16:58,cu2404,cu2404,66640.0,0.0,0.0,0.0,6,66620.0,66770.0,2,66700.0,66640.0,66640.0,66640.0,1.0,333200.0,371
2023-05-09 23:16:59,cu2404,cu2404,66640.0,0.0,0.0,0.0,6,66620.0,66760.0,2,66700.0,66640.0,66640.0,66640.0,1.0,333200.0,371
2023-05-09 23:16:59,cu2404,cu2404,66640.0,0.0,0.0,0.0,6,66620.0,66760.0,2,66700.0,66640.0,66640.0,66640.0,1.0,333200.0,371
2023-05-09 23:17:00,cu2404,cu2404,66640.0,0.0,0.0,0.0,6,66620.0,66750.0,1,66700.0,66640.0,66640.0,66640.0,1.0,333200.0,371
2023-05-09 23:17:01,cu2404,cu2404,66640.0,0.0,0.0,0.0,6,66620.0,66750.0,1,66700.0,66640.0,66640.0,66640.0,1.0,333200.0,371
2023-05-09 23:17:01,cu2404,cu2404,66640.0,0.0,0.0,0.0,6,66620.0,66730.0,1,66700.0,66640.0,66640.0,66640.0,1.0,333200.0,371
2023-05-09 23:17:02,cu2404,cu2404,66640.0,0.0,0.0,0.0,6,66620.0,66730.0,1,66700.0,66640.0,66640.0,66640.0,1.0,333200.0,371
2023-05-09 23:17:04,cu2404,cu2404,66640.0,0.0,0.0,0.0,6,66620.0,66720.0,1,66700.0,66640.0,66640.0,66640.0,1.0,333200.0,371
2023-05-09 23:17:05,cu2404,cu2404,66640.0,0.0,0.0,0.0,6,66620.0,66730.0,1,66700.0,66640.0,66640.0,66640.0,1.0,333200.0,371
2023-05-09 23:17:05,cu2404,cu2404,66640.0,0.0,0.0,0.0,3,66620.0,66800.0,1,66700.0,66640.0,66640.0,66640.0,1.0,333200.0,371
2023-05-09 23:17:06,cu2404,cu2404,66640.0,0.0,0.0,0.0,3,66630.0,66770.0,1,66700.0,66640.0,66640.0,66640.0,1.0,333200.0,371
2023-05-09 23:17:06,cu2404,cu2404,66640.0,0.0,0.0,0.0,3,66630.0,66770.0,1,66700.0,66640.0,66640.0,66640.0,1.0,333200.0,371
2023-05-09 23:17:07,cu2404,cu2404,66640.0,0.0,0.0,0.0,3,66630.0,66760.0,3,66700.0,66640.0,66640.0,66640.0,1.0,333200.0,371
2023-05-09 23:17:08,cu2404,cu2404,66640.0,0.0,0.0,0.0,3,66640.0,66760.0,3,66700.0,66640.0,66640.0,66640.0,1.0,333200.0,371
2023-05-09 23:17:10,cu2404,cu2404,66640.0,0.0,0.0,0.0,3,66640.0,66760.0,3,66700.0,66640.0,66640.0,66640.0,1.0,333200.0,371
2023-05-09 23:17:11,cu2404,cu2404,66640.0,0.0,0.0,0.0,3,66640.0,66760.0,1,66700.0,66640.0,66640.0,66640.0,1.0,333200.0,371
2023-05-09 23:17:13,cu2404,cu2404,66640.0,0.0,0.0,0.0,3,66640.0,66750.0,1,66700.0,66640.0,66640.0,66640.0,1.0,333200.0,371
2023-05-09 23:17:14,cu2404,cu2404,66640.0,0.0,0.0,0.0,3,66640.0,66740.0,1,66700.0,66640.0,66640.0,66640.0,1.0,333200.0,371
2023-05-09 23:17:16,cu2404,cu2404,66640.0,0.0,0.0,0.0,3,66640.0,66740.0,1,66700.0,66640.0,66640.0,66640.0,1.0,333200.0,371
2023-05-09 23:17:16,cu2404,cu2404,66640.0,0.0,0.0,0.0,3,66640.0,66740.0,1,66700.0,66640.0,66640.0,66640.0,1.0,333200.0,371
2023-05-09 23:17:17,cu2404,cu2404,66640.0,0.0,0.0,0.0,3,66640.0,66730.0,1,66700.0,66640.0,66640.0,66640.0,1.0,333200.0,371
2023-05-09 23:17:17,cu2404,cu2404,66640.0,0.0,0.0,0.0,3,66640.0,66800.0,1,66700.0,66640.0,66640.0,66640.0,1.0,333200.0,371
2023-05-09 23:17:18,cu2404,cu2404,66640.0,0.0,0.0,0.0,3,66640.0,66780.0,1,66700.0,66640.0,66640.0,66640.0,1.0,333200.0,371
2023-05-09 23:17:18,cu2404,cu2404,66640.0,0.0,0.0,0.0,3,66640.0,66770.0,2,66700.0,66640.0,66640.0,66640.0,1.0,333200.0,371
2023-05-09 23:17:19,cu2404,cu2404,66640.0,0.0,0.0,0.0,3,66640.0,66760.0,1,66700.0,66640.0,66640.0,66640.0,1.0,333200.0,371
2023-05-09 23:17:20,cu2404,cu2404,66640.0,0.0,0.0,0.0,3,66640.0,66760.0,1,66700.0,66640.0,66640.0,66640.0,1.0,333200.0,371
2023-05-09 23:17:22,cu2404,cu2404,66640.0,0.0,0.0,0.0,3,66640.0,66760.0,1,66700.0,66640.0,66640.0,66640.0,1.0,333200.0,371
2023-05-09 23:17:23,cu2404,cu2404,66640.0,0.0,0.0,0.0,3,66640.0,66740.0,1,66700.0,66640.0,66640.0,66640.0,1.0,333200.0,371
2023-05-09 23:17:24,cu2404,cu2404,66640.0,0.0,0.0,0.0,3,66640.0,66740.0,1,66700.0,66640.0,66640.0,66640.0,1.0,333200.0,371
2023-05-09 23:17:27,cu2404,cu2404,66640.0,0.0,0.0,0.0,3,66640.0,66740.0,1,66700.0,66640.0,66640.0,66640.0,1.0,333200.0,371
2023-05-09 23:17:34,cu2404,cu2404,66640.0,0.0,0.0,0.0,3,66640.0,66750.0,1,66700.0,66640.0,66640.0,66640.0,1.0,333200.0,371
2023-05-09 23:17:34,cu2404,cu2404,66640.0,0.0,0.0,0.0,3,66640.0,66740.0,1,66700.0,66640.0,66640.0,66640.0,1.0,333200.0,371
2023-05-09 23:17:35,cu2404,cu2404,66640.0,0.0,0.0,0.0,3,66640.0,66740.0,2,66700.0,66640.0,66640.0,66640.0,1.0,333200.0,371
2023-05-09 23:17:36,cu2404,cu2404,66640.0,0.0,0.0,0.0,3,66640.0,66740.0,1,66700.0,66640.0,66640.0,66640.0,1.0,333200.0,371
2023-05-09 23:17:42,cu2404,cu2404,66640.0,0.0,0.0,0.0,3,66640.0,66790.0,1,66700.0,66640.0,66640.0,66640.0,1.0,333200.0,371
2023-05-09 23:17:42,cu2404,cu2404,66640.0,0.0,0.0,0.0,3,66640.0,66780.0,1,66700.0,66640.0,66640.0,66640.0,1.0,333200.0,371
2023-05-09 23:17:43,cu2404,cu2404,66640.0,0.0,0.0,0.0,3,66640.0,66770.0,2,66700.0,66640.0,66640.0,66640.0,1.0,333200.0,371
2023-05-09 23:17:43,cu2404,cu2404,66640.0,0.0,0.0,0.0,3,66640.0,66760.0,1,66700.0,66640.0,66640.0,66640.0,1.0,333200.0,371
2023-05-09 23:17:45,cu2404,cu2404,66640.0,0.0,0.0,0.0,3,66640.0,66760.0,1,66700.0,66640.0,66640.0,66640.0,1.0,333200.0,371
2023-05-09 23:17:45,cu2404,cu2404,66640.0,0.0,0.0,0.0,3,66640.0,66740.0,1,66700.0,66640.0,66640.0,66640.0,1.0,333200.0,371
2023-05-09 23:17:46,cu2404,cu2404,66640.0,0.0,0.0,0.0,3,66640.0,66740.0,1,66700.0,66640.0,66640.0,66640.0,1.0,333200.0,371
2023-05-09 23:17:58,cu2404,cu2404,66640.0,0.0,0.0,0.0,3,66640.0,66730.0,1,66700.0,66640.0,66640.0,66640.0,1.0,333200.0,371
2023-05-09 23:18:01,cu2404,cu2404,66640.0,0.0,0.0,0.0,3,66640.0,66730.0,1,66700.0,66640.0,66640.0,66640.0,1.0,333200.0,371
2023-05-09 23:18:03,cu2404,cu2404,66640.0,0.0,0.0,0.0,3,66640.0,66730.0,1,66700.0,66640.0,66640.0,66640.0,1.0,333200.0,371
2023-05-09 23:18:04,cu2404,cu2404,66640.0,0.0,0.0,0.0,3,66640.0,66720.0,1,66700.0,66640.0,66640.0,66640.0,1.0,333200.0,371
2023-05-09 23:18:04,cu2404,cu2404,66640.0,0.0,0.0,0.0,3,66640.0,66740.0,1,66700.0,66640.0,66640.0,66640.0,1.0,333200.0,371
2023-05-09 23:18:05,cu2404,cu2404,66640.0,0.0,0.0,0.0,3,66640.0,66730.0,1,66700.0,66640.0,66640.0,66640.0,1.0,333200.0,371
2023-05-09 23:18:05,cu2404,cu2404,66640.0,0.0,0.0,0.0,3,66640.0,66730.0,1,66700.0,66640.0,66640.0,66640.0,1.0,333200.0,371
2023-05-09 23:18:20,cu2404,cu2404,66640.0,0.0,0.0,0.0,3,66640.0,66720.0,1,66700.0,66640.0,66640.0,66640.0,1.0,333200.0,371
2023-05-09 23:20:15,cu2404,cu2404,66640.0,0.0,0.0,0.0,3,66640.0,66720.0,1,66700.0,66640.0,66640.0,66640.0,1.0,333200.0,371
2023-05-09 23:20:16,cu2404,cu2404,66640.0,0.0,0.0,0.0,3,66640.0,66730.0,1,66700.0,66640.0,66640.0,66640.0,1.0,333200.0,371
2023-05-09 23:20:32,cu2404,cu2404,66640.0,0.0,0.0,0.0,3,66640.0,66740.0,1,66700.0,66640.0,66640.0,66640.0,1.0,333200.0,371
2023-05-09 23:20:32,cu2404,cu2404,66640.0,0.0,0.0,0.0,3,66640.0,66800.0,1,66700.0,66640.0,66640.0,66640.0,1.0,333200.0,371
2023-05-09 23:20:33,cu2404,cu2404,66640.0,0.0,0.0,0.0,3,66640.0,66730.0,1,66700.0,66640.0,66640.0,66640.0,1.0,333200.0,371
2023-05-09 23:20:33,cu2404,cu2404,66640.0,0.0,0.0,0.0,3,66640.0,66740.0,1,66700.0,66640.0,66640.0,66640.0,1.0,333200.0,371
2023-05-09 23:20:34,cu2404,cu2404,66640.0,0.0,0.0,0.0,3,66640.0,66730.0,1,66700.0,66640.0,66640.0,66640.0,1.0,333200.0,371
2023-05-09 23:20:34,cu2404,cu2404,66640.0,0.0,0.0,0.0,3,66640.0,66730.0,1,66700.0,66640.0,66640.0,66640.0,1.0,333200.0,371
2023-05-09 23:20:35,cu2404,cu2404,66640.0,0.0,0.0,0.0,3,66640.0,66730.0,1,66700.0,66640.0,66640.0,66640.0,1.0,333200.0,371
2023-05-09 23:20:35,cu2404,cu2404,66640.0,0.0,0.0,0.0,3,66640.0,66780.0,1,66700.0,66640.0,66640.0,66640.0,1.0,333200.0,371
2023-05-09 23:20:36,cu2404,cu2404,66640.0,0.0,0.0,0.0,3,66640.0,66770.0,4,66700.0,66640.0,66640.0,66640.0,1.0,333200.0,371
2023-05-09 23:20:37,cu2404,cu2404,66640.0,0.0,0.0,0.0,3,66640.0,66760.0,1,66700.0,66640.0,66640.0,66640.0,1.0,333200.0,371
2023-05-09 23:20:37,cu2404,cu2404,66640.0,0.0,0.0,0.0,3,66640.0,66760.0,1,66700.0,66640.0,66640.0,66640.0,1.0,333200.0,371
2023-05-09 23:20:38,cu2404,cu2404,66640.0,0.0,0.0,0.0,3,66640.0,66760.0,1,66700.0,66640.0,66640.0,66640.0,1.0,333200.0,371
2023-05-09 23:20:40,cu2404,cu2404,66640.0,0.0,0.0,0.0,3,66640.0,66760.0,1,66700.0,66640.0,66640.0,66640.0,1.0,333200.0,371
2023-05-09 23:20:41,cu2404,cu2404,66640.0,0.0,0.0,0.0,3,66640.0,66760.0,1,66700.0,66640.0,66640.0,66640.0,1.0,333200.0,371
2023-05-09 23:20:42,cu2404,cu2404,66640.0,0.0,0.0,0.0,3,66640.0,66750.0,1,66700.0,66640.0,66640.0,66640.0,1.0,333200.0,371
2023-05-09 23:20:42,cu2404,cu2404,66640.0,0.0,0.0,0.0,3,66640.0,66750.0,1,66700.0,66640.0,66640.0,66640.0,1.0,333200.0,371
2023-05-09 23:20:43,cu2404,cu2404,66640.0,0.0,0.0,0.0,3,66640.0,66750.0,2,66700.0,66640.0,66640.0,66640.0,1.0,333200.0,371
2023-05-09 23:20:43,cu2404,cu2404,66640.0,0.0,0.0,0.0,3,66640.0,66740.0,1,66700.0,66640.0,66640.0,66640.0,1.0,333200.0,371
2023-05-09 23:20:44,cu2404,cu2404,66640.0,0.0,0.0,0.0,3,66640.0,66740.0,1,66700.0,66640.0,66640.0,66640.0,1.0,333200.0,371
2023-05-09 23:20:44,cu2404,cu2404,66640.0,0.0,0.0,0.0,3,66640.0,66730.0,1,66700.0,66640.0,66640.0,66640.0,1.0,333200.0,371
2023-05-09 23:20:45,cu2404,cu2404,66640.0,0.0,0.0,0.0,3,66640.0,66730.0,1,66700.0,66640.0,66640.0,66640.0,1.0,333200.0,371
2023-05-09 23:20:45,cu2404,cu2404,66640.0,0.0,0.0,0.0,3,66640.0,66800.0,1,66700.0,66640.0,66640.0,66640.0,1.0,333200.0,371
2023-05-09 23:20:46,cu2404,cu2404,66640.0,0.0,0.0,0.0,3,66640.0,66770.0,1,66700.0,66640.0,66640.0,66640.0,1.0,333200.0,371
2023-05-09 23:20:46,cu2404,cu2404,66640.0,0.0,0.0,0.0,3,66640.0,66770.0,1,66700.0,66640.0,66640.0,66640.0,1.0,333200.0,371
2023-05-09 23:20:47,cu2404,cu2404,66640.0,0.0,0.0,0.0,3,66640.0,66760.0,1,66700.0,66640.0,66640.0,66640.0,1.0,333200.0,371
2023-05-09 23:20:48,cu2404,cu2404,66640.0,0.0,0.0,0.0,3,66640.0,66760.0,1,66700.0,66640.0,66640.0,66640.0,1.0,333200.0,371
2023-05-09 23:20:48,cu2404,cu2404,66640.0,0.0,0.0,0.0,3,66640.0,66780.0,1,66700.0,66640.0,66640.0,66640.0,1.0,333200.0,371
2023-05-09 23:20:49,cu2404,cu2404,66640.0,0.0,0.0,0.0,3,66640.0,66770.0,2,66700.0,66640.0,66640.0,66640.0,1.0,333200.0,371
2023-05-09 23:20:49,cu2404,cu2404,66640.0,0.0,0.0,0.0,3,66640.0,66770.0,2,66700.0,66640.0,66640.0,66640.0,1.0,333200.0,371
2023-05-09 23:20:50,cu2404,cu2404,66640.0,0.0,0.0,0.0,3,66640.0,66760.0,1,66700.0,66640.0,66640.0,66640.0,1.0,333200.0,371
2023-05-09 23:20:50,cu2404,cu2404,66640.0,0.0,0.0,0.0,3,66640.0,66760.0,1,66700.0,66640.0,66640.0,66640.0,1.0,333200.0,371
2023-05-09 23:20:56,cu2404,cu2404,66640.0,0.0,0.0,0.0,3,66640.0,66750.0,1,66700.0,66640.0,66640.0,66640.0,1.0,333200.0,371
2023-05-09 23:21:34,cu2404,cu2404,66640.0,0.0,0.0,0.0,3,66640.0,66740.0,1,66700.0,66640.0,66640.0,66640.0,1.0,333200.0,371
2023-05-09 23:21:34,cu2404,cu2404,66640.0,0.0,0.0,0.0,3,66640.0,66750.0,1,66700.0,66640.0,66640.0,66640.0,1.0,333200.0,371
2023-05-09 23:21:41,cu2404,cu2404,66640.0,0.0,0.0,0.0,3,66640.0,66760.0,1,66700.0,66640.0,66640.0,66640.0,1.0,333200.0,371
2023-05-09 23:21:41,cu2404,cu2404,66640.0,0.0,0.0,0.0,3,66640.0,66760.0,1,66700.0,66640.0,66640.0,66640.0,1.0,333200.0,371
2023-05-09 23:21:42,cu2404,cu2404,66640.0,0.0,0.0,0.0,6,66640.0,66790.0,1,66700.0,66640.0,66640.0,66640.0,1.0,333200.0,371
2023-05-09 23:21:42,cu2404,cu2404,66640.0,0.0,0.0,0.0,6,66640.0,66780.0,2,66700.0,66640.0,66640.0,66640.0,1.0,333200.0,371
2023-05-09 23:21:43,cu2404,cu2404,66640.0,0.0,0.0,0.0,6,66640.0,66770.0,1,66700.0,66640.0,66640.0,66640.0,1.0,333200.0,371
2023-05-09 23:21:44,cu2404,cu2404,66640.0,0.0,0.0,0.0,6,66640.0,66770.0,1,66700.0,66640.0,66640.0,66640.0,1.0,333200.0,371
2023-05-09 23:21:50,cu2404,cu2404,66640.0,0.0,0.0,0.0,6,66640.0,66770.0,1,66700.0,66640.0,66640.0,66640.0,1.0,333200.0,371
2023-05-09 23:22:02,cu2404,cu2404,66640.0,0.0,0.0,0.0,8,66640.0,66770.0,1,66700.0,66640.0,66640.0,66640.0,1.0,333200.0,371
2023-05-09 23:22:02,cu2404,cu2404,66640.0,0.0,0.0,0.0,7,66640.0,66770.0,1,66700.0,66640.0,66640.0,66640.0,1.0,333200.0,371
2023-05-09 23:22:03,cu2404,cu2404,66640.0,0.0,0.0,0.0,3,66650.0,66770.0,1,66700.0,66640.0,66640.0,66640.0,1.0,333200.0,371
2023-05-09 23:22:03,cu2404,cu2404,66640.0,0.0,0.0,0.0,3,66650.0,66770.0,1,66700.0,66640.0,66640.0,66640.0,1.0,333200.0,371
2023-05-09 23:22:04,cu2404,cu2404,66640.0,0.0,0.0,0.0,3,66660.0,66770.0,1,66700.0,66640.0,66640.0,66640.0,1.0,333200.0,371
2023-05-09 23:22:06,cu2404,cu2404,66640.0,0.0,0.0,0.0,3,66660.0,66770.0,1,66700.0,66640.0,66640.0,66640.0,1.0,333200.0,371
2023-05-09 23:22:07,cu2404,cu2404,66640.0,0.0,0.0,0.0,3,66660.0,66770.0,1,66700.0,66640.0,66640.0,66640.0,1.0,333200.0,371
2023-05-09 23:22:28,cu2404,cu2404,66640.0,0.0,0.0,0.0,3,66660.0,66760.0,2,66700.0,66640.0,66640.0,66640.0,1.0,333200.0,371
2023-05-09 23:22:28,cu2404,cu2404,66640.0,0.0,0.0,0.0,3,66660.0,66750.0,1,66700.0,66640.0,66640.0,66640.0,1.0,333200.0,371
2023-05-09 23:22:29,cu2404,cu2404,66640.0,0.0,0.0,0.0,3,66660.0,66750.0,1,66700.0,66640.0,66640.0,66640.0,1.0,333200.0,371
2023-05-09 23:22:31,cu2404,cu2404,66640.0,0.0,0.0,0.0,3,66660.0,66790.0,1,66700.0,66640.0,66640.0,66640.0,1.0,333200.0,371
2023-05-09 23:22:31,cu2404,cu2404,66640.0,0.0,0.0,0.0,3,66660.0,66780.0,2,66700.0,66640.0,66640.0,66640.0,1.0,333200.0,371
2023-05-09 23:22:32,cu2404,cu2404,66640.0,0.0,0.0,0.0,3,66660.0,66770.0,1,66700.0,66640.0,66640.0,66640.0,1.0,333200.0,371
2023-05-09 23:22:33,cu2404,cu2404,66640.0,0.0,0.0,0.0,3,66660.0,66770.0,1,66700.0,66640.0,66640.0,66640.0,1.0,333200.0,371
2023-05-09 23:23:14,cu2404,cu2404,66640.0,0.0,0.0,0.0,3,66660.0,66770.0,2,66700.0,66640.0,66640.0,66640.0,1.0,333200.0,371
2023-05-09 23:23:15,cu2404,cu2404,66640.0,0.0,0.0,0.0,3,66660.0,66770.0,1,66700.0,66640.0,66640.0,66640.0,1.0,333200.0,371
2023-05-09 23:23:16,cu2404,cu2404,66640.0,0.0,0.0,0.0,3,66660.0,66770.0,2,66700.0,66640.0,66640.0,66640.0,1.0,333200.0,371
2023-05-09 23:23:22,cu2404,cu2404,66640.0,0.0,0.0,0.0,3,66660.0,66760.0,2,66700.0,66640.0,66640.0,66640.0,1.0,333200.0,371
2023-05-09 23:23:22,cu2404,cu2404,66640.0,0.0,0.0,0.0,3,66660.0,66760.0,2,66700.0,66640.0,66640.0,66640.0,1.0,333200.0,371
2023-05-09 23:23:24,cu2404,cu2404,66640.0,0.0,0.0,0.0,3,66660.0,66750.0,1,66700.0,66640.0,66640.0,66640.0,1.0,333200.0,371
2023-05-09 23:23:30,cu2404,cu2404,66640.0,0.0,0.0,0.0,3,66660.0,66750.0,1,66700.0,66640.0,66640.0,66640.0,1.0,333200.0,371
2023-05-09 23:23:56,cu2404,cu2404,66640.0,0.0,0.0,0.0,3,66660.0,66750.0,1,66700.0,66640.0,66640.0,66640.0,1.0,333200.0,371
2023-05-09 23:24:01,cu2404,cu2404,66640.0,0.0,0.0,0.0,3,66660.0,66740.0,1,66700.0,66640.0,66640.0,66640.0,1.0,333200.0,371
2023-05-09 23:24:04,cu2404,cu2404,66640.0,0.0,0.0,0.0,3,66660.0,66730.0,1,66700.0,66640.0,66640.0,66640.0,1.0,333200.0,371
2023-05-09 23:24:20,cu2404,cu2404,66640.0,0.0,0.0,0.0,1,66560.0,66730.0,1,66700.0,66640.0,66640.0,66640.0,1.0,333200.0,371
2023-05-09 23:24:21,cu2404,cu2404,66640.0,0.0,0.0,0.0,9,66570.0,66730.0,1,66700.0,66640.0,66640.0,66640.0,1.0,333200.0,371
2023-05-09 23:24:21,cu2404,cu2404,66640.0,0.0,0.0,0.0,3,66580.0,66730.0,1,66700.0,66640.0,66640.0,66640.0,1.0,333200.0,371
2023-05-09 23:24:22,cu2404,cu2404,66640.0,0.0,0.0,0.0,1,66590.0,66730.0,1,66700.0,66640.0,66640.0,66640.0,1.0,333200.0,371
2023-05-09 23:24:22,cu2404,cu2404,66640.0,0.0,0.0,0.0,5,66590.0,66730.0,1,66700.0,66640.0,66640.0,66640.0,1.0,333200.0,371
2023-05-09 23:24:23,cu2404,cu2404,66640.0,0.0,0.0,0.0,3,66600.0,66730.0,1,66700.0,66640.0,66640.0,66640.0,1.0,333200.0,371
2023-05-09 23:24:23,cu2404,cu2404,66640.0,0.0,0.0,0.0,3,66600.0,66730.0,1,66700.0,66640.0,66640.0,66640.0,1.0,333200.0,371
2023-05-09 23:24:26,cu2404,cu2404,66640.0,0.0,0.0,0.0,4,66600.0,66730.0,1,66700.0,66640.0,66640.0,66640.0,1.0,333200.0,371
2023-05-09 23:24:26,cu2404,cu2404,66640.0,0.0,0.0,0.0,3,66610.0,66730.0,1,66700.0,66640.0,66640.0,66640.0,1.0,333200.0,371
2023-05-09 23:24:27,cu2404,cu2404,66640.0,0.0,0.0,0.0,3,66610.0,66730.0,1,66700.0,66640.0,66640.0,66640.0,1.0,333200.0,371
2023-05-09 23:24:27,cu2404,cu2404,66640.0,0.0,0.0,0.0,3,66620.0,66740.0,1,66700.0,66640.0,66640.0,66640.0,1.0,333200.0,371
2023-05-09 23:24:28,cu2404,cu2404,66640.0,0.0,0.0,0.0,3,66620.0,66740.0,1,66700.0,66640.0,66640.0,66640.0,1.0,333200.0,371
2023-05-09 23:24:32,cu2404,cu2404,66640.0,0.0,0.0,0.0,3,66620.0,66740.0,1,66700.0,66640.0,66640.0,66640.0,1.0,333200.0,371
2023-05-09 23:24:32,cu2404,cu2404,66640.0,0.0,0.0,0.0,6,66620.0,66740.0,1,66700.0,66640.0,66640.0,66640.0,1.0,333200.0,371
2023-05-09 23:24:48,cu2404,cu2404,66640.0,0.0,0.0,0.0,6,66620.0,66750.0,1,66700.0,66640.0,66640.0,66640.0,1.0,333200.0,371
2023-05-09 23:25:03,cu2404,cu2404,66640.0,0.0,0.0,0.0,6,66620.0,66740.0,2,66700.0,66640.0,66640.0,66640.0,1.0,333200.0,371
2023-05-09 23:25:10,cu2404,cu2404,66640.0,0.0,0.0,0.0,6,66620.0,66730.0,1,66700.0,66640.0,66640.0,66640.0,1.0,333200.0,371
2023-05-09 23:26:26,cu2404,cu2404,66640.0,0.0,0.0,0.0,3,66620.0,66730.0,1,66700.0,66640.0,66640.0,66640.0,1.0,333200.0,371
2023-05-09 23:26:28,cu2404,cu2404,66640.0,0.0,0.0,0.0,6,66620.0,66730.0,1,66700.0,66640.0,66640.0,66640.0,1.0,333200.0,371
2023-05-09 23:27:05,cu2404,cu2404,66640.0,0.0,0.0,0.0,4,66620.0,66730.0,1,66700.0,66640.0,66640.0,66640.0,1.0,333200.0,371
2023-05-09 23:27:09,cu2404,cu2404,66640.0,0.0,0.0,0.0,3,66620.0,66730.0,1,66700.0,66640.0,66640.0,66640.0,1.0,333200.0,371
2023-05-09 23:27:25,cu2404,cu2404,66640.0,0.0,0.0,0.0,3,66620.0,66730.0,1,66700.0,66640.0,66640.0,66640.0,1.0,333200.0,371
2023-05-09 23:27:26,cu2404,cu2404,66640.0,0.0,0.0,0.0,3,66620.0,66720.0,2,66700.0,66640.0,66640.0,66640.0,1.0,333200.0,371
2023-05-09 23:27:26,cu2404,cu2404,66640.0,0.0,0.0,0.0,3,66620.0,66710.0,1,66700.0,66640.0,66640.0,66640.0,1.0,333200.0,371
2023-05-09 23:27:27,cu2404,cu2404,66640.0,0.0,0.0,0.0,3,66620.0,66710.0,1,66700.0,66640.0,66640.0,66640.0,1.0,333200.0,371
2023-05-09 23:27:32,cu2404,cu2404,66640.0,0.0,0.0,0.0,3,66620.0,66730.0,1,66700.0,66640.0,66640.0,66640.0,1.0,333200.0,371
2023-05-09 23:27:32,cu2404,cu2404,66640.0,0.0,0.0,0.0,3,66620.0,66800.0,1,66700.0,66640.0,66640.0,66640.0,1.0,333200.0,371
2023-05-09 23:27:33,cu2404,cu2404,66640.0,0.0,0.0,0.0,3,66620.0,66750.0,1,66700.0,66640.0,66640.0,66640.0,1.0,333200.0,371
2023-05-09 23:27:33,cu2404,cu2404,66640.0,0.0,0.0,0.0,3,66620.0,66740.0,1,66700.0,66640.0,66640.0,66640.0,1.0,333200.0,371
2023-05-09 23:27:34,cu2404,cu2404,66640.0,0.0,0.0,0.0,3,66620.0,66740.0,3,66700.0,66640.0,66640.0,66640.0,1.0,333200.0,371
2023-05-09 23:27:34,cu2404,cu2404,66640.0,0.0,0.0,0.0,3,66620.0,66730.0,2,66700.0,66640.0,66640.0,66640.0,1.0,333200.0,371
2023-05-09 23:27:35,cu2404,cu2404,66640.0,0.0,0.0,0.0,3,66620.0,66730.0,3,66700.0,66640.0,66640.0,66640.0,1.0,333200.0,371
2023-05-09 23:27:36,cu2404,cu2404,66640.0,0.0,0.0,0.0,3,66620.0,66720.0,1,66700.0,66640.0,66640.0,66640.0,1.0,333200.0,371
2023-05-09 23:27:36,cu2404,cu2404,66640.0,0.0,0.0,0.0,3,66620.0,66720.0,1,66700.0,66640.0,66640.0,66640.0,1.0,333200.0,371
2023-05-09 23:27:39,cu2404,cu2404,66640.0,0.0,0.0,0.0,3,66620.0,66720.0,1,66700.0,66640.0,66640.0,66640.0,1.0,333200.0,371
2023-05-09 23:28:00,cu2404,cu2404,66640.0,0.0,0.0,0.0,3,66620.0,66720.0,1,66700.0,66640.0,66640.0,66640.0,1.0,333200.0,371
2023-05-09 23:28:00,cu2404,cu2404,66640.0,0.0,0.0,0.0,3,66620.0,66730.0,1,66700.0,66640.0,66640.0,66640.0,1.0,333200.0,371
2023-05-09 23:28:05,cu2404,cu2404,66640.0,0.0,0.0,0.0,3,66620.0,66730.0,2,66700.0,66640.0,66640.0,66640.0,1.0,333200.0,371
2023-05-09 23:28:07,cu2404,cu2404,66640.0,0.0,0.0,0.0,3,66620.0,66730.0,1,66700.0,66640.0,66640.0,66640.0,1.0,333200.0,371
2023-05-09 23:28:24,cu2404,cu2404,66640.0,0.0,0.0,0.0,3,66620.0,66730.0,2,66700.0,66640.0,66640.0,66640.0,1.0,333200.0,371
2023-05-09 23:28:25,cu2404,cu2404,66640.0,0.0,0.0,0.0,3,66620.0,66730.0,1,66700.0,66640.0,66640.0,66640.0,1.0,333200.0,371
2023-05-09 23:28:45,cu2404,cu2404,66640.0,0.0,0.0,0.0,3,66620.0,66730.0,2,66700.0,66640.0,66640.0,66640.0,1.0,333200.0,371
2023-05-09 23:28:46,cu2404,cu2404,66640.0,0.0,0.0,0.0,3,66620.0,66730.0,3,66700.0,66640.0,66640.0,66640.0,1.0,333200.0,371
2023-05-09 23:29:01,cu2404,cu2404,66640.0,0.0,0.0,0.0,1,66570.0,66730.0,3,66700.0,66640.0,66640.0,66640.0,1.0,333200.0,371
2023-05-09 23:29:02,cu2404,cu2404,66640.0,0.0,0.0,0.0,3,66580.0,66730.0,3,66700.0,66640.0,66640.0,66640.0,1.0,333200.0,371
2023-05-09 23:29:02,cu2404,cu2404,66640.0,0.0,0.0,0.0,3,66590.0,66730.0,3,66700.0,66640.0,66640.0,66640.0,1.0,333200.0,371
2023-05-09 23:29:03,cu2404,cu2404,66640.0,0.0,0.0,0.0,3,66590.0,66730.0,2,66700.0,66640.0,66640.0,66640.0,1.0,333200.0,371
2023-05-09 23:29:04,cu2404,cu2404,66640.0,0.0,0.0,0.0,3,66590.0,66720.0,2,66700.0,66640.0,66640.0,66640.0,1.0,333200.0,371
2023-05-09 23:29:04,cu2404,cu2404,66640.0,0.0,0.0,0.0,3,66590.0,66710.0,1,66700.0,66640.0,66640.0,66640.0,1.0,333200.0,371
2023-05-09 23:29:05,cu2404,cu2404,66640.0,0.0,0.0,0.0,3,66590.0,66710.0,1,66700.0,66640.0,66640.0,66640.0,1.0,333200.0,371
2023-05-09 23:29:06,cu2404,cu2404,66640.0,0.0,0.0,0.0,3,66590.0,66710.0,1,66700.0,66640.0,66640.0,66640.0,1.0,333200.0,371
2023-05-09 23:29:09,cu2404,cu2404,66640.0,0.0,0.0,0.0,3,66590.0,66700.0,2,66700.0,66640.0,66640.0,66640.0,1.0,333200.0,371
2023-05-09 23:29:10,cu2404,cu2404,66640.0,0.0,0.0,0.0,3,66590.0,66690.0,1,66700.0,66640.0,66640.0,66640.0,1.0,333200.0,371
2023-05-09 23:29:10,cu2404,cu2404,66640.0,0.0,0.0,0.0,3,66590.0,66690.0,1,66700.0,66640.0,66640.0,66640.0,1.0,333200.0,371
2023-05-09 23:29:11,cu2404,cu2404,66640.0,0.0,0.0,0.0,3,66590.0,66690.0,1,66700.0,66640.0,66640.0,66640.0,1.0,333200.0,371
2023-05-09 23:29:12,cu2404,cu2404,66640.0,0.0,0.0,0.0,3,66590.0,66700.0,1,66700.0,66640.0,66640.0,66640.0,1.0,333200.0,371
2023-05-09 23:29:18,cu2404,cu2404,66640.0,0.0,0.0,0.0,3,66590.0,66760.0,1,66700.0,66640.0,66640.0,66640.0,1.0,333200.0,371
2023-05-09 23:29:19,cu2404,cu2404,66640.0,0.0,0.0,0.0,3,66590.0,66720.0,1,66700.0,66640.0,66640.0,66640.0,1.0,333200.0,371
2023-05-09 23:29:19,cu2404,cu2404,66640.0,0.0,0.0,0.0,3,66590.0,66710.0,1,66700.0,66640.0,66640.0,66640.0,1.0,333200.0,371
2023-05-09 23:29:20,cu2404,cu2404,66640.0,0.0,0.0,0.0,3,66590.0,66710.0,2,66700.0,66640.0,66640.0,66640.0,1.0,333200.0,371
2023-05-09 23:29:21,cu2404,cu2404,66640.0,0.0,0.0,0.0,3,66590.0,66710.0,2,66700.0,66640.0,66640.0,66640.0,1.0,333200.0,371
2023-05-09 23:29:22,cu2404,cu2404,66640.0,0.0,0.0,0.0,3,66590.0,66710.0,2,66700.0,66640.0,66640.0,66640.0,1.0,333200.0,371
2023-05-09 23:29:32,cu2404,cu2404,66640.0,0.0,0.0,0.0,3,66590.0,66710.0,2,66700.0,66640.0,66640.0,66640.0,1.0,333200.0,371
2023-05-09 23:29:41,cu2404,cu2404,66640.0,0.0,0.0,0.0,3,66590.0,66710.0,3,66700.0,66640.0,66640.0,66640.0,1.0,333200.0,371
2023-05-09 23:29:42,cu2404,cu2404,66640.0,0.0,0.0,0.0,3,66590.0,66710.0,2,66700.0,66640.0,66640.0,66640.0,1.0,333200.0,371
2023-05-09 23:30:11,cu2404,cu2404,66640.0,0.0,0.0,0.0,3,66590.0,66700.0,2,66700.0,66640.0,66640.0,66640.0,1.0,333200.0,371
2023-05-09 23:30:12,cu2404,cu2404,66640.0,0.0,0.0,0.0,3,66590.0,66690.0,1,66700.0,66640.0,66640.0,66640.0,1.0,333200.0,371
2023-05-09 23:30:27,cu2404,cu2404,66640.0,0.0,0.0,0.0,3,66590.0,66690.0,1,66700.0,66640.0,66640.0,66640.0,1.0,333200.0,371
2023-05-09 23:30:30,cu2404,cu2404,66640.0,0.0,0.0,0.0,3,66590.0,66690.0,1,66700.0,66640.0,66640.0,66640.0,1.0,333200.0,371
2023-05-09 23:30:30,cu2404,cu2404,66640.0,0.0,0.0,0.0,3,66590.0,66700.0,1,66700.0,66640.0,66640.0,66640.0,1.0,333200.0,371
2023-05-09 23:31:18,cu2404,cu2404,66640.0,0.0,0.0,0.0,3,66590.0,66760.0,1,66700.0,66640.0,66640.0,66640.0,1.0,333200.0,371
2023-05-09 23:31:19,cu2404,cu2404,66640.0,0.0,0.0,0.0,6,66590.0,66730.0,2,66700.0,66640.0,66640.0,66640.0,1.0,333200.0,371
2023-05-09 23:31:19,cu2404,cu2404,66640.0,0.0,0.0,0.0,6,66590.0,66720.0,1,66700.0,66640.0,66640.0,66640.0,1.0,333200.0,371
2023-05-09 23:31:20,cu2404,cu2404,66640.0,0.0,0.0,0.0,6,66590.0,66720.0,3,66700.0,66640.0,66640.0,66640.0,1.0,333200.0,371
2023-05-09 23:31:21,cu2404,cu2404,66640.0,0.0,0.0,0.0,6,66590.0,66720.0,1,66700.0,66640.0,66640.0,66640.0,1.0,333200.0,371
2023-05-09 23:31:22,cu2404,cu2404,66640.0,0.0,0.0,0.0,6,66590.0,66720.0,1,66700.0,66640.0,66640.0,66640.0,1.0,333200.0,371
2023-05-09 23:31:26,cu2404,cu2404,66640.0,0.0,0.0,0.0,6,66590.0,66720.0,1,66700.0,66640.0,66640.0,66640.0,1.0,333200.0,371
2023-05-09 23:31:32,cu2404,cu2404,66640.0,0.0,0.0,0.0,6,66590.0,66720.0,1,66700.0,66640.0,66640.0,66640.0,1.0,333200.0,371
2023-05-09 23:31:32,cu2404,cu2404,66640.0,0.0,0.0,0.0,6,66590.0,66760.0,1,66700.0,66640.0,66640.0,66640.0,1.0,333200.0,371
2023-05-09 23:31:33,cu2404,cu2404,66640.0,0.0,0.0,0.0,6,66590.0,66730.0,2,66700.0,66640.0,66640.0,66640.0,1.0,333200.0,371
2023-05-09 23:31:33,cu2404,cu2404,66640.0,0.0,0.0,0.0,6,66590.0,66730.0,2,66700.0,66640.0,66640.0,66640.0,1.0,333200.0,371
2023-05-09 23:31:38,cu2404,cu2404,66640.0,0.0,0.0,0.0,6,66590.0,66720.0,1,66700.0,66640.0,66640.0,66640.0,1.0,333200.0,371
2023-05-09 23:31:38,cu2404,cu2404,66640.0,0.0,0.0,0.0,6,66590.0,66720.0,1,66700.0,66640.0,66640.0,66640.0,1.0,333200.0,371
2023-05-09 23:31:49,cu2404,cu2404,66640.0,0.0,0.0,0.0,6,66590.0,66720.0,1,66700.0,66640.0,66640.0,66640.0,1.0,333200.0,371
2023-05-09 23:31:51,cu2404,cu2404,66640.0,0.0,0.0,0.0,6,66590.0,66760.0,1,66700.0,66640.0,66640.0,66640.0,1.0,333200.0,371
2023-05-09 23:31:52,cu2404,cu2404,66640.0,0.0,0.0,0.0,6,66590.0,66730.0,2,66700.0,66640.0,66640.0,66640.0,1.0,333200.0,371
2023-05-09 23:31:52,cu2404,cu2404,66640.0,0.0,0.0,0.0,6,66590.0,66730.0,2,66700.0,66640.0,66640.0,66640.0,1.0,333200.0,371
2023-05-09 23:31:56,cu2404,cu2404,66640.0,0.0,0.0,0.0,6,66590.0,66730.0,3,66700.0,66640.0,66640.0,66640.0,1.0,333200.0,371
2023-05-09 23:32:01,cu2404,cu2404,66640.0,0.0,0.0,0.0,6,66590.0,66720.0,3,66700.0,66640.0,66640.0,66640.0,1.0,333200.0,371
2023-05-09 23:32:01,cu2404,cu2404,66640.0,0.0,0.0,0.0,6,66590.0,66720.0,3,66700.0,66640.0,66640.0,66640.0,1.0,333200.0,371
2023-05-09 23:32:02,cu2404,cu2404,66640.0,0.0,0.0,0.0,6,66590.0,66720.0,1,66700.0,66640.0,66640.0,66640.0,1.0,333200.0,371
2023-05-09 23:32:08,cu2404,cu2404,66640.0,0.0,0.0,0.0,6,66590.0,66720.0,1,66700.0,66640.0,66640.0,66640.0,1.0,333200.0,371
2023-05-09 23:33:16,cu2404,cu2404,66640.0,0.0,0.0,0.0,6,66590.0,66710.0,1,66700.0,66640.0,66640.0,66640.0,1.0,333200.0,371
2023-05-09 23:33:17,cu2404,cu2404,66640.0,0.0,0.0,0.0,3,66590.0,66700.0,1,66700.0,66640.0,66640.0,66640.0,1.0,333200.0,371
2023-05-09 23:33:17,cu2404,cu2404,66640.0,0.0,0.0,0.0,3,66590.0,66700.0,1,66700.0,66640.0,66640.0,66640.0,1.0,333200.0,371
2023-05-09 23:33:38,cu2404,cu2404,66640.0,0.0,0.0,0.0,3,66590.0,66690.0,2,66700.0,66640.0,66640.0,66640.0,1.0,333200.0,371
2023-05-09 23:33:39,cu2404,cu2404,66640.0,0.0,0.0,0.0,3,66590.0,66680.0,1,66700.0,66640.0,66640.0,66640.0,1.0,333200.0,371
2023-05-09 23:33:59,cu2404,cu2404,66640.0,0.0,0.0,0.0,3,66590.0,66680.0,1,66700.0,66640.0,66640.0,66640.0,1.0,333200.0,371
2023-05-09 23:34:07,cu2404,cu2404,66640.0,0.0,0.0,0.0,3,66590.0,66690.0,2,66700.0,66640.0,66640.0,66640.0,1.0,333200.0,371
2023-05-09 23:34:21,cu2404,cu2404,66640.0,0.0,0.0,0.0,3,66590.0,66770.0,1,66700.0,66640.0,66640.0,66640.0,1.0,333200.0,371
2023-05-09 23:34:21,cu2404,cu2404,66640.0,0.0,0.0,0.0,3,66590.0,66700.0,1,66700.0,66640.0,66640.0,66640.0,1.0,333200.0,371
2023-05-09 23:34:22,cu2404,cu2404,66640.0,0.0,0.0,0.0,3,66590.0,66710.0,1,66700.0,66640.0,66640.0,66640.0,1.0,333200.0,371
2023-05-09 23:34:22,cu2404,cu2404,66640.0,0.0,0.0,0.0,3,66590.0,66730.0,1,66700.0,66640.0,66640.0,66640.0,1.0,333200.0,371
2023-05-09 23:34:23,cu2404,cu2404,66640.0,0.0,0.0,0.0,3,66590.0,66720.0,2,66700.0,66640.0,66640.0,66640.0,1.0,333200.0,371
2023-05-09 23:34:23,cu2404,cu2404,66640.0,0.0,0.0,0.0,3,66590.0,66710.0,1,66700.0,66640.0,66640.0,66640.0,1.0,333200.0,371
2023-05-09 23:34:24,cu2404,cu2404,66640.0,0.0,0.0,0.0,3,66590.0,66710.0,1,66700.0,66640.0,66640.0,66640.0,1.0,333200.0,371
2023-05-09 23:34:26,cu2404,cu2404,66640.0,0.0,0.0,0.0,3,66590.0,66710.0,1,66700.0,66640.0,66640.0,66640.0,1.0,333200.0,371
2023-05-09 23:34:50,cu2404,cu2404,66640.0,0.0,0.0,0.0,3,66590.0,66710.0,2,66700.0,66640.0,66640.0,66640.0,1.0,333200.0,371
2023-05-09 23:35:05,cu2404,cu2404,66640.0,0.0,0.0,0.0,3,66590.0,66710.0,1,66700.0,66640.0,66640.0,66640.0,1.0,333200.0,371
2023-05-09 23:35:11,cu2404,cu2404,66640.0,0.0,0.0,0.0,3,66590.0,66710.0,2,66700.0,66640.0,66640.0,66640.0,1.0,333200.0,371
2023-05-09 23:35:19,cu2404,cu2404,66640.0,0.0,0.0,0.0,3,66590.0,66710.0,1,66700.0,66640.0,66640.0,66640.0,1.0,333200.0,371
2023-05-09 23:35:39,cu2404,cu2404,66640.0,0.0,0.0,0.0,3,66590.0,66710.0,2,66700.0,66640.0,66640.0,66640.0,1.0,333200.0,371
2023-05-09 23:35:42,cu2404,cu2404,66640.0,0.0,0.0,0.0,3,66590.0,66710.0,1,66700.0,66640.0,66640.0,66640.0,1.0,333200.0,371
2023-05-09 23:35:55,cu2404,cu2404,66640.0,0.0,0.0,0.0,3,66590.0,66700.0,1,66700.0,66640.0,66640.0,66640.0,1.0,333200.0,371
2023-05-09 23:35:56,cu2404,cu2404,66640.0,0.0,0.0,0.0,3,66590.0,66690.0,1,66700.0,66640.0,66640.0,66640.0,1.0,333200.0,371
2023-05-09 23:35:56,cu2404,cu2404,66640.0,0.0,0.0,0.0,3,66590.0,66690.0,1,66700.0,66640.0,66640.0,66640.0,1.0,333200.0,371
2023-05-09 23:35:57,cu2404,cu2404,66640.0,0.0,0.0,0.0,3,66590.0,66740.0,1,66700.0,66640.0,66640.0,66640.0,1.0,333200.0,371
2023-05-09 23:35:57,cu2404,cu2404,66640.0,0.0,0.0,0.0,3,66590.0,66720.0,1,66700.0,66640.0,66640.0,66640.0,1.0,333200.0,371
2023-05-09 23:35:58,cu2404,cu2404,66640.0,0.0,0.0,0.0,3,66590.0,66720.0,1,66700.0,66640.0,66640.0,66640.0,1.0,333200.0,371
2023-05-09 23:36:00,cu2404,cu2404,66640.0,0.0,0.0,0.0,3,66590.0,66710.0,1,66700.0,66640.0,66640.0,66640.0,1.0,333200.0,371
2023-05-09 23:36:01,cu2404,cu2404,66640.0,0.0,0.0,0.0,3,66590.0,66710.0,1,66700.0,66640.0,66640.0,66640.0,1.0,333200.0,371
2023-05-09 23:36:07,cu2404,cu2404,66640.0,0.0,0.0,0.0,3,66590.0,66720.0,1,66700.0,66640.0,66640.0,66640.0,1.0,333200.0,371
2023-05-09 23:36:07,cu2404,cu2404,66640.0,0.0,0.0,0.0,3,66590.0,66720.0,2,66700.0,66640.0,66640.0,66640.0,1.0,333200.0,371
2023-05-09 23:36:10,cu2404,cu2404,66640.0,0.0,0.0,0.0,3,66590.0,66720.0,3,66700.0,66640.0,66640.0,66640.0,1.0,333200.0,371
2023-05-09 23:36:37,cu2404,cu2404,66640.0,0.0,0.0,0.0,3,66590.0,66720.0,2,66700.0,66640.0,66640.0,66640.0,1.0,333200.0,371
2023-05-09 23:36:38,cu2404,cu2404,66640.0,0.0,0.0,0.0,3,66590.0,66710.0,1,66700.0,66640.0,66640.0,66640.0,1.0,333200.0,371
2023-05-09 23:36:38,cu2404,cu2404,66640.0,0.0,0.0,0.0,3,66590.0,66710.0,2,66700.0,66640.0,66640.0,66640.0,1.0,333200.0,371
2023-05-09 23:36:40,cu2404,cu2404,66640.0,0.0,0.0,0.0,3,66590.0,66700.0,1,66700.0,66640.0,66640.0,66640.0,1.0,333200.0,371
2023-05-09 23:36:40,cu2404,cu2404,66640.0,0.0,0.0,0.0,3,66590.0,66700.0,1,66700.0,66640.0,66640.0,66640.0,1.0,333200.0,371
2023-05-09 23:36:44,cu2404,cu2404,66640.0,0.0,0.0,0.0,3,66590.0,66710.0,1,66700.0,66640.0,66640.0,66640.0,1.0,333200.0,371
2023-05-09 23:36:44,cu2404,cu2404,66640.0,0.0,0.0,0.0,3,66590.0,66740.0,1,66700.0,66640.0,66640.0,66640.0,1.0,333200.0,371
2023-05-09 23:36:45,cu2404,cu2404,66640.0,0.0,0.0,0.0,3,66590.0,66720.0,1,66700.0,66640.0,66640.0,66640.0,1.0,333200.0,371
2023-05-09 23:36:45,cu2404,cu2404,66640.0,0.0,0.0,0.0,3,66590.0,66720.0,1,66700.0,66640.0,66640.0,66640.0,1.0,333200.0,371
2023-05-09 23:36:50,cu2404,cu2404,66640.0,0.0,0.0,0.0,3,66590.0,66710.0,1,66700.0,66640.0,66640.0,66640.0,1.0,333200.0,371
2023-05-09 23:36:50,cu2404,cu2404,66640.0,0.0,0.0,0.0,3,66590.0,66710.0,2,66700.0,66640.0,66640.0,66640.0,1.0,333200.0,371
2023-05-09 23:36:52,cu2404,cu2404,66640.0,0.0,0.0,0.0,3,66590.0,66710.0,1,66700.0,66640.0,66640.0,66640.0,1.0,333200.0,371
2023-05-09 23:36:55,cu2404,cu2404,66640.0,0.0,0.0,0.0,3,66590.0,66720.0,1,66700.0,66640.0,66640.0,66640.0,1.0,333200.0,371
2023-05-09 23:36:55,cu2404,cu2404,66640.0,0.0,0.0,0.0,3,66590.0,66720.0,2,66700.0,66640.0,66640.0,66640.0,1.0,333200.0,371
2023-05-09 23:36:56,cu2404,cu2404,66640.0,0.0,0.0,0.0,3,66590.0,66710.0,2,66700.0,66640.0,66640.0,66640.0,1.0,333200.0,371
2023-05-09 23:36:56,cu2404,cu2404,66640.0,0.0,0.0,0.0,3,66590.0,66700.0,1,66700.0,66640.0,66640.0,66640.0,1.0,333200.0,371
2023-05-09 23:36:57,cu2404,cu2404,66640.0,0.0,0.0,0.0,3,66590.0,66700.0,1,66700.0,66640.0,66640.0,66640.0,1.0,333200.0,371
2023-05-09 23:36:57,cu2404,cu2404,66640.0,0.0,0.0,0.0,3,66590.0,66700.0,1,66700.0,66640.0,66640.0,66640.0,1.0,333200.0,371
2023-05-09 23:37:03,cu2404,cu2404,66640.0,0.0,0.0,0.0,3,66590.0,66700.0,1,66700.0,66640.0,66640.0,66640.0,1.0,333200.0,371
2023-05-09 23:37:04,cu2404,cu2404,66640.0,0.0,0.0,0.0,3,66590.0,66710.0,1,66700.0,66640.0,66640.0,66640.0,1.0,333200.0,371
2023-05-09 23:37:15,cu2404,cu2404,66640.0,0.0,0.0,0.0,3,66590.0,66710.0,1,66700.0,66640.0,66640.0,66640.0,1.0,333200.0,371
2023-05-09 23:37:27,cu2404,cu2404,66640.0,0.0,0.0,0.0,3,66590.0,66710.0,1,66700.0,66640.0,66640.0,66640.0,1.0,333200.0,371
2023-05-09 23:37:27,cu2404,cu2404,66640.0,0.0,0.0,0.0,3,66590.0,66710.0,1,66700.0,66640.0,66640.0,66640.0,1.0,333200.0,371
2023-05-09 23:37:29,cu2404,cu2404,66640.0,0.0,0.0,0.0,3,66590.0,66700.0,2,66700.0,66640.0,66640.0,66640.0,1.0,333200.0,371
2023-05-09 23:37:30,cu2404,cu2404,66640.0,0.0,0.0,0.0,3,66590.0,66700.0,2,66700.0,66640.0,66640.0,66640.0,1.0,333200.0,371
2023-05-09 23:38:00,cu2404,cu2404,66640.0,0.0,0.0,0.0,3,66590.0,66700.0,3,66700.0,66640.0,66640.0,66640.0,1.0,333200.0,371
2023-05-09 23:38:01,cu2404,cu2404,66640.0,0.0,0.0,0.0,3,66590.0,66700.0,3,66700.0,66640.0,66640.0,66640.0,1.0,333200.0,371
2023-05-09 23:38:02,cu2404,cu2404,66640.0,0.0,0.0,0.0,3,66590.0,66700.0,4,66700.0,66640.0,66640.0,66640.0,1.0,333200.0,371
2023-05-09 23:38:08,cu2404,cu2404,66640.0,0.0,0.0,0.0,3,66590.0,66700.0,3,66700.0,66640.0,66640.0,66640.0,1.0,333200.0,371
2023-05-09 23:38:14,cu2404,cu2404,66640.0,0.0,0.0,0.0,3,66590.0,66700.0,2,66700.0,66640.0,66640.0,66640.0,1.0,333200.0,371
2023-05-09 23:39:27,cu2404,cu2404,66640.0,0.0,0.0,0.0,3,66590.0,66690.0,1,66700.0,66640.0,66640.0,66640.0,1.0,333200.0,371
2023-05-09 23:39:35,cu2404,cu2404,66640.0,0.0,0.0,0.0,3,66590.0,66680.0,1,66700.0,66640.0,66640.0,66640.0,1.0,333200.0,371
2023-05-09 23:39:37,cu2404,cu2404,66640.0,0.0,0.0,0.0,3,66590.0,66690.0,1,66700.0,66640.0,66640.0,66640.0,1.0,333200.0,371
2023-05-09 23:40:07,cu2404,cu2404,66640.0,0.0,0.0,0.0,3,66590.0,66680.0,1,66700.0,66640.0,66640.0,66640.0,1.0,333200.0,371
2023-05-09 23:40:07,cu2404,cu2404,66640.0,0.0,0.0,0.0,3,66590.0,66690.0,1,66700.0,66640.0,66640.0,66640.0,1.0,333200.0,371
2023-05-09 23:40:17,cu2404,cu2404,66640.0,0.0,0.0,0.0,3,66590.0,66680.0,2,66700.0,66640.0,66640.0,66640.0,1.0,333200.0,371
2023-05-09 23:40:17,cu2404,cu2404,66640.0,0.0,0.0,0.0,3,66590.0,66670.0,1,66700.0,66640.0,66640.0,66640.0,1.0,333200.0,371
2023-05-09 23:40:20,cu2404,cu2404,66640.0,0.0,0.0,0.0,3,66590.0,66670.0,1,66700.0,66640.0,66640.0,66640.0,1.0,333200.0,371
2023-05-09 23:40:34,cu2404,cu2404,66640.0,0.0,0.0,0.0,3,66590.0,66670.0,1,66700.0,66640.0,66640.0,66640.0,1.0,333200.0,371
2023-05-09 23:40:38,cu2404,cu2404,66640.0,0.0,0.0,0.0,3,66590.0,66690.0,1,66700.0,66640.0,66640.0,66640.0,1.0,333200.0,371
2023-05-09 23:40:44,cu2404,cu2404,66640.0,0.0,0.0,0.0,3,66590.0,66740.0,1,66700.0,66640.0,66640.0,66640.0,1.0,333200.0,371
2023-05-09 23:40:45,cu2404,cu2404,66640.0,0.0,0.0,0.0,3,66590.0,66720.0,1,66700.0,66640.0,66640.0,66640.0,1.0,333200.0,371
2023-05-09 23:40:45,cu2404,cu2404,66640.0,0.0,0.0,0.0,3,66590.0,66710.0,1,66700.0,66640.0,66640.0,66640.0,1.0,333200.0,371
2023-05-09 23:40:46,cu2404,cu2404,66640.0,0.0,0.0,0.0,3,66590.0,66710.0,1,66700.0,66640.0,66640.0,66640.0,1.0,333200.0,371
2023-05-09 23:40:47,cu2404,cu2404,66640.0,0.0,0.0,0.0,3,66590.0,66720.0,1,66700.0,66640.0,66640.0,66640.0,1.0,333200.0,371
2023-05-09 23:40:47,cu2404,cu2404,66640.0,0.0,0.0,0.0,3,66590.0,66720.0,2,66700.0,66640.0,66640.0,66640.0,1.0,333200.0,371
2023-05-09 23:40:48,cu2404,cu2404,66640.0,0.0,0.0,0.0,3,66590.0,66720.0,1,66700.0,66640.0,66640.0,66640.0,1.0,333200.0,371
2023-05-09 23:40:49,cu2404,cu2404,66640.0,0.0,0.0,0.0,6,66590.0,66720.0,1,66700.0,66640.0,66640.0,66640.0,1.0,333200.0,371
2023-05-09 23:40:58,cu2404,cu2404,66640.0,0.0,0.0,0.0,3,66590.0,66720.0,1,66700.0,66640.0,66640.0,66640.0,1.0,333200.0,371
2023-05-09 23:40:58,cu2404,cu2404,66640.0,0.0,0.0,0.0,3,66600.0,66720.0,1,66700.0,66640.0,66640.0,66640.0,1.0,333200.0,371
2023-05-09 23:40:59,cu2404,cu2404,66640.0,0.0,0.0,0.0,3,66600.0,66720.0,1,66700.0,66640.0,66640.0,66640.0,1.0,333200.0,371
2023-05-09 23:41:00,cu2404,cu2404,66640.0,0.0,0.0,0.0,3,66610.0,66720.0,1,66700.0,66640.0,66640.0,66640.0,1.0,333200.0,371
2023-05-09 23:41:01,cu2404,cu2404,66640.0,0.0,0.0,0.0,3,66610.0,66720.0,1,66700.0,66640.0,66640.0,66640.0,1.0,333200.0,371
2023-05-09 23:41:04,cu2404,cu2404,66640.0,0.0,0.0,0.0,3,66610.0,66720.0,1,66700.0,66640.0,66640.0,66640.0,1.0,333200.0,371
2023-05-09 23:41:05,cu2404,cu2404,66640.0,0.0,0.0,0.0,3,66610.0,66740.0,1,66700.0,66640.0,66640.0,66640.0,1.0,333200.0,371
2023-05-09 23:41:06,cu2404,cu2404,66640.0,0.0,0.0,0.0,3,66610.0,66730.0,1,66700.0,66640.0,66640.0,66640.0,1.0,333200.0,371
2023-05-09 23:41:06,cu2404,cu2404,66640.0,0.0,0.0,0.0,3,66610.0,66730.0,1,66700.0,66640.0,66640.0,66640.0,1.0,333200.0,371
2023-05-09 23:41:08,cu2404,cu2404,66640.0,0.0,0.0,0.0,3,66610.0,66720.0,1,66700.0,66640.0,66640.0,66640.0,1.0,333200.0,371
2023-05-09 23:41:53,cu2404,cu2404,66640.0,0.0,0.0,0.0,3,66610.0,66720.0,1,66700.0,66640.0,66640.0,66640.0,1.0,333200.0,371
2023-05-09 23:41:53,cu2404,cu2404,66640.0,0.0,0.0,0.0,6,66610.0,66730.0,1,66700.0,66640.0,66640.0,66640.0,1.0,333200.0,371
2023-05-09 23:41:55,cu2404,cu2404,66640.0,0.0,0.0,0.0,6,66610.0,66780.0,1,66700.0,66640.0,66640.0,66640.0,1.0,333200.0,371
2023-05-09 23:41:55,cu2404,cu2404,66640.0,0.0,0.0,0.0,6,66610.0,66760.0,1,66700.0,66640.0,66640.0,66640.0,1.0,333200.0,371
2023-05-09 23:41:56,cu2404,cu2404,66640.0,0.0,0.0,0.0,6,66610.0,66760.0,2,66700.0,66640.0,66640.0,66640.0,1.0,333200.0,371
2023-05-09 23:41:58,cu2404,cu2404,66640.0,0.0,0.0,0.0,6,66610.0,66750.0,1,66700.0,66640.0,66640.0,66640.0,1.0,333200.0,371
2023-05-09 23:41:58,cu2404,cu2404,66640.0,0.0,0.0,0.0,6,66610.0,66750.0,1,66700.0,66640.0,66640.0,66640.0,1.0,333200.0,371
2023-05-09 23:42:03,cu2404,cu2404,66640.0,0.0,0.0,0.0,6,66610.0,66750.0,2,66700.0,66640.0,66640.0,66640.0,1.0,333200.0,371
2023-05-09 23:42:04,cu2404,cu2404,66640.0,0.0,0.0,0.0,6,66610.0,66740.0,2,66700.0,66640.0,66640.0,66640.0,1.0,333200.0,371
2023-05-09 23:42:04,cu2404,cu2404,66640.0,0.0,0.0,0.0,6,66610.0,66730.0,1,66700.0,66640.0,66640.0,66640.0,1.0,333200.0,371
2023-05-09 23:42:05,cu2404,cu2404,66640.0,0.0,0.0,0.0,3,66610.0,66730.0,1,66700.0,66640.0,66640.0,66640.0,1.0,333200.0,371
2023-05-09 23:42:10,cu2404,cu2404,66640.0,0.0,0.0,0.0,3,66610.0,66780.0,1,66700.0,66640.0,66640.0,66640.0,1.0,333200.0,371
2023-05-09 23:42:10,cu2404,cu2404,66640.0,0.0,0.0,0.0,3,66610.0,66750.0,1,66700.0,66640.0,66640.0,66640.0,1.0,333200.0,371
2023-05-09 23:42:12,cu2404,cu2404,66640.0,0.0,0.0,0.0,3,66610.0,66750.0,2,66700.0,66640.0,66640.0,66640.0,1.0,333200.0,371
2023-05-09 23:42:18,cu2404,cu2404,66640.0,0.0,0.0,0.0,3,66610.0,66740.0,1,66700.0,66640.0,66640.0,66640.0,1.0,333200.0,371
2023-05-09 23:42:18,cu2404,cu2404,66640.0,0.0,0.0,0.0,3,66610.0,66740.0,1,66700.0,66640.0,66640.0,66640.0,1.0,333200.0,371
2023-05-09 23:42:24,cu2404,cu2404,66640.0,0.0,0.0,0.0,3,66610.0,66730.0,1,66700.0,66640.0,66640.0,66640.0,1.0,333200.0,371
2023-05-09 23:42:24,cu2404,cu2404,66640.0,0.0,0.0,0.0,3,66610.0,66720.0,1,66700.0,66640.0,66640.0,66640.0,1.0,333200.0,371
2023-05-09 23:42:28,cu2404,cu2404,66640.0,0.0,0.0,0.0,3,66610.0,66720.0,1,66700.0,66640.0,66640.0,66640.0,1.0,333200.0,371
2023-05-09 23:43:14,cu2404,cu2404,66640.0,0.0,0.0,0.0,4,66610.0,66720.0,1,66700.0,66640.0,66640.0,66640.0,1.0,333200.0,371
2023-05-09 23:43:20,cu2404,cu2404,66640.0,0.0,0.0,0.0,6,66610.0,66720.0,1,66700.0,66640.0,66640.0,66640.0,1.0,333200.0,371
2023-05-09 23:43:24,cu2404,cu2404,66640.0,0.0,0.0,0.0,6,66610.0,66720.0,1,66700.0,66640.0,66640.0,66640.0,1.0,333200.0,371
2023-05-09 23:43:39,cu2404,cu2404,66640.0,0.0,0.0,0.0,6,66610.0,66760.0,1,66700.0,66640.0,66640.0,66640.0,1.0,333200.0,371
2023-05-09 23:43:39,cu2404,cu2404,66640.0,0.0,0.0,0.0,6,66610.0,66750.0,2,66700.0,66640.0,66640.0,66640.0,1.0,333200.0,371
2023-05-09 23:43:40,cu2404,cu2404,66640.0,0.0,0.0,0.0,6,66610.0,66740.0,1,66700.0,66640.0,66640.0,66640.0,1.0,333200.0,371
2023-05-09 23:43:40,cu2404,cu2404,66640.0,0.0,0.0,0.0,6,66610.0,66740.0,1,66700.0,66640.0,66640.0,66640.0,1.0,333200.0,371
2023-05-09 23:43:46,cu2404,cu2404,66640.0,0.0,0.0,0.0,6,66610.0,66740.0,1,66700.0,66640.0,66640.0,66640.0,1.0,333200.0,371
2023-05-09 23:44:44,cu2404,cu2404,66640.0,0.0,0.0,0.0,6,66610.0,66730.0,2,66700.0,66640.0,66640.0,66640.0,1.0,333200.0,371
2023-05-09 23:44:44,cu2404,cu2404,66640.0,0.0,0.0,0.0,6,66610.0,66720.0,1,66700.0,66640.0,66640.0,66640.0,1.0,333200.0,371
2023-05-09 23:44:45,cu2404,cu2404,66640.0,0.0,0.0,0.0,6,66610.0,66720.0,1,66700.0,66640.0,66640.0,66640.0,1.0,333200.0,371
2023-05-09 23:44:50,cu2404,cu2404,66640.0,0.0,0.0,0.0,6,66610.0,66720.0,1,66700.0,66640.0,66640.0,66640.0,1.0,333200.0,371
2023-05-09 23:44:50,cu2404,cu2404,66640.0,0.0,0.0,0.0,6,66610.0,66780.0,1,66700.0,66640.0,66640.0,66640.0,1.0,333200.0,371
2023-05-09 23:44:51,cu2404,cu2404,66640.0,0.0,0.0,0.0,6,66610.0,66760.0,1,66700.0,66640.0,66640.0,66640.0,1.0,333200.0,371
2023-05-09 23:44:51,cu2404,cu2404,66640.0,0.0,0.0,0.0,6,66610.0,66760.0,1,66700.0,66640.0,66640.0,66640.0,1.0,333200.0,371
2023-05-09 23:44:56,cu2404,cu2404,66640.0,0.0,0.0,0.0,6,66610.0,66760.0,1,66700.0,66640.0,66640.0,66640.0,1.0,333200.0,371
2023-05-09 23:44:57,cu2404,cu2404,66640.0,0.0,0.0,0.0,6,66610.0,66760.0,2,66700.0,66640.0,66640.0,66640.0,1.0,333200.0,371
2023-05-09 23:45:00,cu2404,cu2404,66640.0,0.0,0.0,0.0,6,66610.0,66750.0,1,66700.0,66640.0,66640.0,66640.0,1.0,333200.0,371
2023-05-09 23:45:01,cu2404,cu2404,66640.0,0.0,0.0,0.0,6,66610.0,66750.0,1,66700.0,66640.0,66640.0,66640.0,1.0,333200.0,371
2023-05-09 23:45:01,cu2404,cu2404,66640.0,0.0,0.0,0.0,3,66610.0,66750.0,1,66700.0,66640.0,66640.0,66640.0,1.0,333200.0,371
2023-05-09 23:45:02,cu2404,cu2404,66640.0,0.0,0.0,0.0,3,66620.0,66750.0,1,66700.0,66640.0,66640.0,66640.0,1.0,333200.0,371
2023-05-09 23:45:02,cu2404,cu2404,66640.0,0.0,0.0,0.0,3,66620.0,66750.0,1,66700.0,66640.0,66640.0,66640.0,1.0,333200.0,371
2023-05-09 23:45:03,cu2404,cu2404,66640.0,0.0,0.0,0.0,3,66630.0,66750.0,1,66700.0,66640.0,66640.0,66640.0,1.0,333200.0,371
2023-05-09 23:45:04,cu2404,cu2404,66640.0,0.0,0.0,0.0,3,66630.0,66750.0,1,66700.0,66640.0,66640.0,66640.0,1.0,333200.0,371
2023-05-09 23:45:06,cu2404,cu2404,66640.0,0.0,0.0,0.0,3,66630.0,66750.0,1,66700.0,66640.0,66640.0,66640.0,1.0,333200.0,371
2023-05-09 23:46:18,cu2404,cu2404,66640.0,0.0,0.0,0.0,3,66630.0,66740.0,1,66700.0,66640.0,66640.0,66640.0,1.0,333200.0,371
2023-05-09 23:46:19,cu2404,cu2404,66640.0,0.0,0.0,0.0,3,66630.0,66730.0,1,66700.0,66640.0,66640.0,66640.0,1.0,333200.0,371
2023-05-09 23:46:19,cu2404,cu2404,66640.0,0.0,0.0,0.0,3,66630.0,66730.0,1,66700.0,66640.0,66640.0,66640.0,1.0,333200.0,371
2023-05-09 23:47:16,cu2404,cu2404,66640.0,0.0,0.0,0.0,3,66630.0,66720.0,1,66700.0,66640.0,66640.0,66640.0,1.0,333200.0,371
2023-05-09 23:47:16,cu2404,cu2404,66640.0,0.0,0.0,0.0,3,66630.0,66730.0,1,66700.0,66640.0,66640.0,66640.0,1.0,333200.0,371
2023-05-09 23:48:28,cu2404,cu2404,66640.0,0.0,0.0,0.0,1,66570.0,66730.0,2,66700.0,66640.0,66640.0,66640.0,1.0,333200.0,371
2023-05-09 23:48:28,cu2404,cu2404,66640.0,0.0,0.0,0.0,3,66580.0,66720.0,1,66700.0,66640.0,66640.0,66640.0,1.0,333200.0,371
2023-05-09 23:48:29,cu2404,cu2404,66640.0,0.0,0.0,0.0,3,66590.0,66720.0,1,66700.0,66640.0,66640.0,66640.0,1.0,333200.0,371
2023-05-09 23:48:29,cu2404,cu2404,66640.0,0.0,0.0,0.0,3,66590.0,66710.0,1,66700.0,66640.0,66640.0,66640.0,1.0,333200.0,371
2023-05-09 23:48:35,cu2404,cu2404,66640.0,0.0,0.0,0.0,3,66590.0,66710.0,1,66700.0,66640.0,66640.0,66640.0,1.0,333200.0,371
2023-05-09 23:48:35,cu2404,cu2404,66640.0,0.0,0.0,0.0,6,66590.0,66710.0,1,66700.0,66640.0,66640.0,66640.0,1.0,333200.0,371
2023-05-09 23:48:37,cu2404,cu2404,66640.0,0.0,0.0,0.0,6,66590.0,66710.0,1,66700.0,66640.0,66640.0,66640.0,1.0,333200.0,371
2023-05-09 23:48:38,cu2404,cu2404,66640.0,0.0,0.0,0.0,3,66590.0,66710.0,1,66700.0,66640.0,66640.0,66640.0,1.0,333200.0,371
2023-05-09 23:48:38,cu2404,cu2404,66640.0,0.0,0.0,0.0,3,66600.0,66710.0,1,66700.0,66640.0,66640.0,66640.0,1.0,333200.0,371
2023-05-09 23:48:39,cu2404,cu2404,66640.0,0.0,0.0,0.0,3,66600.0,66710.0,1,66700.0,66640.0,66640.0,66640.0,1.0,333200.0,371
2023-05-09 23:48:40,cu2404,cu2404,66640.0,0.0,0.0,0.0,3,66610.0,66710.0,1,66700.0,66640.0,66640.0,66640.0,1.0,333200.0,371
2023-05-09 23:48:44,cu2404,cu2404,66640.0,0.0,0.0,0.0,3,66610.0,66710.0,1,66700.0,66640.0,66640.0,66640.0,1.0,333200.0,371
2023-05-09 23:48:57,cu2404,cu2404,66640.0,0.0,0.0,0.0,3,66610.0,66710.0,1,66700.0,66640.0,66640.0,66640.0,1.0,333200.0,371
2023-05-09 23:48:57,cu2404,cu2404,66640.0,0.0,0.0,0.0,3,66610.0,66720.0,1,66700.0,66640.0,66640.0,66640.0,1.0,333200.0,371
2023-05-09 23:49:09,cu2404,cu2404,66640.0,0.0,0.0,0.0,3,66610.0,66710.0,1,66700.0,66640.0,66640.0,66640.0,1.0,333200.0,371
2023-05-09 23:49:14,cu2404,cu2404,66640.0,0.0,0.0,0.0,3,66610.0,66700.0,1,66700.0,66640.0,66640.0,66640.0,1.0,333200.0,371
2023-05-09 23:50:09,cu2404,cu2404,66640.0,0.0,0.0,0.0,3,66610.0,66710.0,1,66700.0,66640.0,66640.0,66640.0,1.0,333200.0,371
2023-05-09 23:50:10,cu2404,cu2404,66640.0,0.0,0.0,0.0,6,66620.0,66710.0,1,66700.0,66640.0,66640.0,66640.0,1.0,333200.0,371
2023-05-09 23:50:10,cu2404,cu2404,66640.0,0.0,0.0,0.0,7,66620.0,66790.0,1,66700.0,66640.0,66640.0,66640.0,1.0,333200.0,371
2023-05-09 23:50:11,cu2404,cu2404,66640.0,0.0,0.0,0.0,3,66630.0,66780.0,2,66700.0,66640.0,66640.0,66640.0,1.0,333200.0,371
2023-05-09 23:50:11,cu2404,cu2404,66640.0,0.0,0.0,0.0,3,66630.0,66780.0,4,66700.0,66640.0,66640.0,66640.0,1.0,333200.0,371
2023-05-09 23:50:12,cu2404,cu2404,66640.0,0.0,0.0,0.0,3,66630.0,66780.0,6,66700.0,66640.0,66640.0,66640.0,1.0,333200.0,371
2023-05-09 23:50:12,cu2404,cu2404,66640.0,0.0,0.0,0.0,3,66630.0,66780.0,6,66700.0,66640.0,66640.0,66640.0,1.0,333200.0,371
2023-05-09 23:50:13,cu2404,cu2404,66640.0,0.0,0.0,0.0,3,66640.0,66780.0,6,66700.0,66640.0,66640.0,66640.0,1.0,333200.0,371
2023-05-09 23:50:13,cu2404,cu2404,66640.0,0.0,0.0,0.0,3,66640.0,66780.0,6,66700.0,66640.0,66640.0,66640.0,1.0,333200.0,371
2023-05-09 23:50:14,cu2404,cu2404,66640.0,0.0,0.0,0.0,3,66650.0,66780.0,5,66700.0,66640.0,66640.0,66640.0,1.0,333200.0,371
2023-05-09 23:50:15,cu2404,cu2404,66640.0,0.0,0.0,0.0,3,66650.0,66780.0,5,66700.0,66640.0,66640.0,66640.0,1.0,333200.0,371
2023-05-09 23:50:20,cu2404,cu2404,66640.0,0.0,0.0,0.0,3,66650.0,66780.0,6,66700.0,66640.0,66640.0,66640.0,1.0,333200.0,371
2023-05-09 23:50:24,cu2404,cu2404,66640.0,0.0,0.0,0.0,3,66650.0,66780.0,5,66700.0,66640.0,66640.0,66640.0,1.0,333200.0,371
2023-05-09 23:50:25,cu2404,cu2404,66640.0,0.0,0.0,0.0,3,66650.0,66770.0,1,66700.0,66640.0,66640.0,66640.0,1.0,333200.0,371
2023-05-09 23:50:25,cu2404,cu2404,66640.0,0.0,0.0,0.0,3,66650.0,66770.0,2,66700.0,66640.0,66640.0,66640.0,1.0,333200.0,371
2023-05-09 23:50:26,cu2404,cu2404,66640.0,0.0,0.0,0.0,3,66650.0,66760.0,1,66700.0,66640.0,66640.0,66640.0,1.0,333200.0,371
2023-05-09 23:50:27,cu2404,cu2404,66640.0,0.0,0.0,0.0,3,66650.0,66760.0,2,66700.0,66640.0,66640.0,66640.0,1.0,333200.0,371
2023-05-09 23:50:27,cu2404,cu2404,66640.0,0.0,0.0,0.0,3,66650.0,66760.0,2,66700.0,66640.0,66640.0,66640.0,1.0,333200.0,371
2023-05-09 23:50:32,cu2404,cu2404,66640.0,0.0,0.0,0.0,3,66650.0,66760.0,3,66700.0,66640.0,66640.0,66640.0,1.0,333200.0,371
2023-05-09 23:51:05,cu2404,cu2404,66640.0,0.0,0.0,0.0,3,66650.0,66760.0,2,66700.0,66640.0,66640.0,66640.0,1.0,333200.0,371
2023-05-09 23:51:11,cu2404,cu2404,66640.0,0.0,0.0,0.0,3,66650.0,66760.0,3,66700.0,66640.0,66640.0,66640.0,1.0,333200.0,371
2023-05-09 23:51:19,cu2404,cu2404,66640.0,0.0,0.0,0.0,3,66650.0,66760.0,2,66700.0,66640.0,66640.0,66640.0,1.0,333200.0,371
2023-05-09 23:51:47,cu2404,cu2404,66640.0,0.0,0.0,0.0,3,66650.0,66760.0,3,66700.0,66640.0,66640.0,66640.0,1.0,333200.0,371
2023-05-09 23:52:05,cu2404,cu2404,66640.0,0.0,0.0,0.0,3,66650.0,66760.0,2,66700.0,66640.0,66640.0,66640.0,1.0,333200.0,371
2023-05-09 23:52:18,cu2404,cu2404,66640.0,0.0,0.0,0.0,4,66650.0,66760.0,2,66700.0,66640.0,66640.0,66640.0,1.0,333200.0,371
2023-05-09 23:52:18,cu2404,cu2404,66640.0,0.0,0.0,0.0,6,66650.0,66760.0,2,66700.0,66640.0,66640.0,66640.0,1.0,333200.0,371
2023-05-09 23:52:21,cu2404,cu2404,66640.0,0.0,0.0,0.0,6,66650.0,66750.0,2,66700.0,66640.0,66640.0,66640.0,1.0,333200.0,371
2023-05-09 23:52:21,cu2404,cu2404,66640.0,0.0,0.0,0.0,6,66650.0,66760.0,2,66700.0,66640.0,66640.0,66640.0,1.0,333200.0,371
2023-05-09 23:52:25,cu2404,cu2404,66640.0,0.0,0.0,0.0,3,66650.0,66760.0,2,66700.0,66640.0,66640.0,66640.0,1.0,333200.0,371
2023-05-09 23:52:53,cu2404,cu2404,66640.0,0.0,0.0,0.0,3,66650.0,66760.0,3,66700.0,66640.0,66640.0,66640.0,1.0,333200.0,371
2023-05-09 23:53:03,cu2404,cu2404,66640.0,0.0,0.0,0.0,3,66650.0,66760.0,2,66700.0,66640.0,66640.0,66640.0,1.0,333200.0,371
2023-05-09 23:53:03,cu2404,cu2404,66640.0,0.0,0.0,0.0,1,66570.0,66750.0,1,66700.0,66640.0,66640.0,66640.0,1.0,333200.0,371
2023-05-09 23:53:04,cu2404,cu2404,66640.0,0.0,0.0,0.0,7,66580.0,66740.0,1,66700.0,66640.0,66640.0,66640.0,1.0,333200.0,371
2023-05-09 23:53:04,cu2404,cu2404,66640.0,0.0,0.0,0.0,3,66590.0,66740.0,1,66700.0,66640.0,66640.0,66640.0,1.0,333200.0,371
2023-05-09 23:53:05,cu2404,cu2404,66640.0,0.0,0.0,0.0,3,66590.0,66740.0,1,66700.0,66640.0,66640.0,66640.0,1.0,333200.0,371
2023-05-09 23:53:11,cu2404,cu2404,66640.0,0.0,0.0,0.0,3,66590.0,66740.0,1,66700.0,66640.0,66640.0,66640.0,1.0,333200.0,371
2023-05-09 23:53:11,cu2404,cu2404,66640.0,0.0,0.0,0.0,5,66600.0,66740.0,1,66700.0,66640.0,66640.0,66640.0,1.0,333200.0,371
2023-05-09 23:53:12,cu2404,cu2404,66640.0,0.0,0.0,0.0,5,66600.0,66740.0,1,66700.0,66640.0,66640.0,66640.0,1.0,333200.0,371
2023-05-09 23:53:12,cu2404,cu2404,66640.0,0.0,0.0,0.0,3,66610.0,66740.0,1,66700.0,66640.0,66640.0,66640.0,1.0,333200.0,371
2023-05-09 23:53:13,cu2404,cu2404,66640.0,0.0,0.0,0.0,3,66610.0,66740.0,1,66700.0,66640.0,66640.0,66640.0,1.0,333200.0,371
2023-05-09 23:53:16,cu2404,cu2404,66640.0,0.0,0.0,0.0,3,66610.0,66740.0,1,66700.0,66640.0,66640.0,66640.0,1.0,333200.0,371
2023-05-09 23:53:17,cu2404,cu2404,66640.0,0.0,0.0,0.0,3,66620.0,66740.0,1,66700.0,66640.0,66640.0,66640.0,1.0,333200.0,371
2023-05-09 23:53:17,cu2404,cu2404,66640.0,0.0,0.0,0.0,3,66620.0,66740.0,1,66700.0,66640.0,66640.0,66640.0,1.0,333200.0,371
2023-05-09 23:53:19,cu2404,cu2404,66640.0,0.0,0.0,0.0,3,66630.0,66740.0,1,66700.0,66640.0,66640.0,66640.0,1.0,333200.0,371
2023-05-09 23:53:20,cu2404,cu2404,66640.0,0.0,0.0,0.0,3,66630.0,66740.0,1,66700.0,66640.0,66640.0,66640.0,1.0,333200.0,371
2023-05-09 23:53:23,cu2404,cu2404,66640.0,0.0,0.0,0.0,3,66630.0,66740.0,1,66700.0,66640.0,66640.0,66640.0,1.0,333200.0,371
2023-05-09 23:54:03,cu2404,cu2404,66640.0,0.0,0.0,0.0,6,66630.0,66740.0,1,66700.0,66640.0,66640.0,66640.0,1.0,333200.0,371
2023-05-09 23:54:19,cu2404,cu2404,66640.0,0.0,0.0,0.0,3,66630.0,66740.0,1,66700.0,66640.0,66640.0,66640.0,1.0,333200.0,371
2023-05-09 23:54:20,cu2404,cu2404,66640.0,0.0,0.0,0.0,6,66630.0,66740.0,1,66700.0,66640.0,66640.0,66640.0,1.0,333200.0,371
2023-05-09 23:55:44,cu2404,cu2404,66640.0,0.0,0.0,0.0,3,66630.0,66740.0,1,66700.0,66640.0,66640.0,66640.0,1.0,333200.0,371
2023-05-09 23:55:44,cu2404,cu2404,66640.0,0.0,0.0,0.0,3,66640.0,66740.0,1,66700.0,66640.0,66640.0,66640.0,1.0,333200.0,371
2023-05-09 23:55:45,cu2404,cu2404,66640.0,0.0,0.0,0.0,3,66640.0,66740.0,1,66700.0,66640.0,66640.0,66640.0,1.0,333200.0,371
2023-05-09 23:55:47,cu2404,cu2404,66640.0,0.0,0.0,0.0,3,66640.0,66810.0,1,66700.0,66640.0,66640.0,66640.0,1.0,333200.0,371
2023-05-09 23:55:48,cu2404,cu2404,66640.0,0.0,0.0,0.0,3,66650.0,66760.0,1,66700.0,66640.0,66640.0,66640.0,1.0,333200.0,371
2023-05-09 23:55:48,cu2404,cu2404,66640.0,0.0,0.0,0.0,3,66650.0,66770.0,1,66700.0,66640.0,66640.0,66640.0,1.0,333200.0,371
2023-05-09 23:55:49,cu2404,cu2404,66640.0,0.0,0.0,0.0,3,66650.0,66770.0,1,66700.0,66640.0,66640.0,66640.0,1.0,333200.0,371
2023-05-09 23:55:54,cu2404,cu2404,66640.0,0.0,0.0,0.0,3,66650.0,66770.0,1,66700.0,66640.0,66640.0,66640.0,1.0,333200.0,371
2023-05-09 23:56:01,cu2404,cu2404,66640.0,0.0,0.0,0.0,3,66650.0,66770.0,1,66700.0,66640.0,66640.0,66640.0,1.0,333200.0,371
2023-05-09 23:56:11,cu2404,cu2404,66640.0,0.0,0.0,0.0,3,66650.0,66790.0,1,66700.0,66640.0,66640.0,66640.0,1.0,333200.0,371
2023-05-09 23:56:12,cu2404,cu2404,66640.0,0.0,0.0,0.0,3,66650.0,66780.0,2,66700.0,66640.0,66640.0,66640.0,1.0,333200.0,371
2023-05-09 23:56:12,cu2404,cu2404,66640.0,0.0,0.0,0.0,3,66650.0,66770.0,3,66700.0,66640.0,66640.0,66640.0,1.0,333200.0,371
2023-05-09 23:56:13,cu2404,cu2404,66640.0,0.0,0.0,0.0,3,66650.0,66770.0,3,66700.0,66640.0,66640.0,66640.0,1.0,333200.0,371
2023-05-09 23:56:24,cu2404,cu2404,66640.0,0.0,0.0,0.0,3,66650.0,66770.0,4,66700.0,66640.0,66640.0,66640.0,1.0,333200.0,371
2023-05-09 23:56:51,cu2404,cu2404,66640.0,0.0,0.0,0.0,3,66650.0,66770.0,4,66700.0,66640.0,66640.0,66640.0,1.0,333200.0,371
2023-05-09 23:56:51,cu2404,cu2404,66640.0,0.0,0.0,0.0,3,66650.0,66760.0,1,66700.0,66640.0,66640.0,66640.0,1.0,333200.0,371
2023-05-09 23:56:52,cu2404,cu2404,66640.0,0.0,0.0,0.0,1,66570.0,66750.0,1,66700.0,66640.0,66640.0,66640.0,1.0,333200.0,371
2023-05-09 23:56:52,cu2404,cu2404,66640.0,0.0,0.0,0.0,3,66580.0,66750.0,1,66700.0,66640.0,66640.0,66640.0,1.0,333200.0,371
2023-05-09 23:56:53,cu2404,cu2404,66640.0,0.0,0.0,0.0,6,66590.0,66750.0,1,66700.0,66640.0,66640.0,66640.0,1.0,333200.0,371
2023-05-09 23:56:54,cu2404,cu2404,66640.0,0.0,0.0,0.0,7,66590.0,66750.0,1,66700.0,66640.0,66640.0,66640.0,1.0,333200.0,371
2023-05-09 23:56:57,cu2404,cu2404,66640.0,0.0,0.0,0.0,3,66600.0,66750.0,1,66700.0,66640.0,66640.0,66640.0,1.0,333200.0,371
2023-05-09 23:56:57,cu2404,cu2404,66640.0,0.0,0.0,0.0,3,66600.0,66750.0,1,66700.0,66640.0,66640.0,66640.0,1.0,333200.0,371
2023-05-09 23:56:58,cu2404,cu2404,66640.0,0.0,0.0,0.0,3,66610.0,66750.0,1,66700.0,66640.0,66640.0,66640.0,1.0,333200.0,371
2023-05-09 23:56:58,cu2404,cu2404,66640.0,0.0,0.0,0.0,3,66610.0,66750.0,1,66700.0,66640.0,66640.0,66640.0,1.0,333200.0,371
2023-05-09 23:57:01,cu2404,cu2404,66640.0,0.0,0.0,0.0,3,66620.0,66750.0,1,66700.0,66640.0,66640.0,66640.0,1.0,333200.0,371
2023-05-09 23:57:01,cu2404,cu2404,66640.0,0.0,0.0,0.0,3,66620.0,66750.0,1,66700.0,66640.0,66640.0,66640.0,1.0,333200.0,371
2023-05-09 23:57:02,cu2404,cu2404,66640.0,0.0,0.0,0.0,6,66620.0,66750.0,1,66700.0,66640.0,66640.0,66640.0,1.0,333200.0,371
2023-05-09 23:57:02,cu2404,cu2404,66640.0,0.0,0.0,0.0,6,66620.0,66750.0,1,66700.0,66640.0,66640.0,66640.0,1.0,333200.0,371
2023-05-09 23:58:30,cu2404,cu2404,66640.0,0.0,0.0,0.0,6,66620.0,66750.0,1,66700.0,66640.0,66640.0,66640.0,1.0,333200.0,371
2023-05-09 23:58:57,cu2404,cu2404,66640.0,0.0,0.0,0.0,6,66620.0,66740.0,2,66700.0,66640.0,66640.0,66640.0,1.0,333200.0,371
2023-05-09 23:58:58,cu2404,cu2404,66640.0,0.0,0.0,0.0,3,66620.0,66730.0,1,66700.0,66640.0,66640.0,66640.0,1.0,333200.0,371
2023-05-09 23:59:00,cu2404,cu2404,66640.0,0.0,0.0,0.0,3,66620.0,66730.0,1,66700.0,66640.0,66640.0,66640.0,1.0,333200.0,371
2023-05-09 23:59:01,cu2404,cu2404,66640.0,0.0,0.0,0.0,3,66620.0,66750.0,1,66700.0,66640.0,66640.0,66640.0,1.0,333200.0,371
2023-05-09 23:59:01,cu2404,cu2404,66640.0,0.0,0.0,0.0,3,66620.0,66750.0,3,66700.0,66640.0,66640.0,66640.0,1.0,333200.0,371
2023-05-09 23:59:50,cu2404,cu2404,66640.0,0.0,0.0,0.0,3,66620.0,66750.0,2,66700.0,66640.0,66640.0,66640.0,1.0,333200.0,371
2023-05-09 23:59:50,cu2404,cu2404,66640.0,0.0,0.0,0.0,6,66620.0,66750.0,1,66700.0,66640.0,66640.0,66640.0,1.0,333200.0,371
2023-05-09 23:59:57,cu2404,cu2404,66640.0,0.0,0.0,0.0,3,66620.0,66750.0,1,66700.0,66640.0,66640.0,66640.0,1.0,333200.0,371
2023-05-09 23:59:57,cu2404,cu2404,66640.0,0.0,0.0,0.0,3,66630.0,66750.0,1,66700.0,66640.0,66640.0,66640.0,1.0,333200.0,371
2023-05-09 23:59:58,cu2404,cu2404,66640.0,0.0,0.0,0.0,3,66630.0,66750.0,1,66700.0,66640.0,66640.0,66640.0,1.0,333200.0,371
2023-05-10 00:00:06,cu2404,cu2404,66640.0,0.0,0.0,0.0,3,66640.0,66750.0,1,66700.0,66640.0,66640.0,66640.0,1.0,333200.0,371
2023-05-10 00:00:06,cu2404,cu2404,66640.0,0.0,0.0,0.0,3,66640.0,66750.0,1,66700.0,66640.0,66640.0,66640.0,1.0,333200.0,371
2023-05-10 00:00:55,cu2404,cu2404,66640.0,0.0,0.0,0.0,3,66640.0,66750.0,2,66700.0,66640.0,66640.0,66640.0,1.0,333200.0,371
2023-05-10 00:00:56,cu2404,cu2404,66640.0,0.0,0.0,0.0,3,66640.0,66750.0,1,66700.0,66640.0,66640.0,66640.0,1.0,333200.0,371
2023-05-10 00:01:06,cu2404,cu2404,66640.0,0.0,0.0,0.0,3,66640.0,66750.0,2,66700.0,66640.0,66640.0,66640.0,1.0,333200.0,371
2023-05-10 00:01:07,cu2404,cu2404,66640.0,0.0,0.0,0.0,3,66640.0,66750.0,1,66700.0,66640.0,66640.0,66640.0,1.0,333200.0,371
2023-05-10 00:01:10,cu2404,cu2404,66640.0,0.0,0.0,0.0,3,66640.0,66750.0,2,66700.0,66640.0,66640.0,66640.0,1.0,333200.0,371
2023-05-10 00:01:10,cu2404,cu2404,66640.0,0.0,0.0,0.0,3,66640.0,66750.0,3,66700.0,66640.0,66640.0,66640.0,1.0,333200.0,371
2023-05-10 00:01:13,cu2404,cu2404,66640.0,0.0,0.0,0.0,3,66640.0,66740.0,1,66700.0,66640.0,66640.0,66640.0,1.0,333200.0,371
2023-05-10 00:01:14,cu2404,cu2404,66640.0,0.0,0.0,0.0,3,66640.0,66730.0,1,66700.0,66640.0,66640.0,66640.0,1.0,333200.0,371
2023-05-10 00:01:15,cu2404,cu2404,66640.0,0.0,0.0,0.0,3,66640.0,66730.0,1,66700.0,66640.0,66640.0,66640.0,1.0,333200.0,371
2023-05-10 00:01:15,cu2404,cu2404,66640.0,0.0,0.0,0.0,1,66590.0,66730.0,1,66700.0,66640.0,66640.0,66640.0,1.0,333200.0,371
2023-05-10 00:01:16,cu2404,cu2404,66640.0,0.0,0.0,0.0,3,66600.0,66730.0,1,66700.0,66640.0,66640.0,66640.0,1.0,333200.0,371
2023-05-10 00:01:16,cu2404,cu2404,66640.0,0.0,0.0,0.0,3,66600.0,66730.0,1,66700.0,66640.0,66640.0,66640.0,1.0,333200.0,371
2023-05-10 00:01:17,cu2404,cu2404,66640.0,0.0,0.0,0.0,3,66600.0,66730.0,1,66700.0,66640.0,66640.0,66640.0,1.0,333200.0,371
2023-05-10 00:01:17,cu2404,cu2404,66640.0,0.0,0.0,0.0,3,66610.0,66730.0,1,66700.0,66640.0,66640.0,66640.0,1.0,333200.0,371
2023-05-10 00:01:18,cu2404,cu2404,66640.0,0.0,0.0,0.0,3,66610.0,66730.0,1,66700.0,66640.0,66640.0,66640.0,1.0,333200.0,371
2023-05-10 00:01:19,cu2404,cu2404,66640.0,0.0,0.0,0.0,6,66610.0,66730.0,1,66700.0,66640.0,66640.0,66640.0,1.0,333200.0,371
2023-05-10 00:02:01,cu2404,cu2404,66640.0,0.0,0.0,0.0,6,66610.0,66730.0,1,66700.0,66640.0,66640.0,66640.0,1.0,333200.0,371
2023-05-10 00:02:04,cu2404,cu2404,66640.0,0.0,0.0,0.0,6,66610.0,66740.0,1,66700.0,66640.0,66640.0,66640.0,1.0,333200.0,371
2023-05-10 00:02:07,cu2404,cu2404,66640.0,0.0,0.0,0.0,3,66610.0,66740.0,1,66700.0,66640.0,66640.0,66640.0,1.0,333200.0,371
2023-05-10 00:02:31,cu2404,cu2404,66640.0,0.0,0.0,0.0,3,66610.0,66730.0,1,66700.0,66640.0,66640.0,66640.0,1.0,333200.0,371
2023-05-10 00:02:32,cu2404,cu2404,66640.0,0.0,0.0,0.0,3,66610.0,66720.0,1,66700.0,66640.0,66640.0,66640.0,1.0,333200.0,371
2023-05-10 00:02:55,cu2404,cu2404,66640.0,0.0,0.0,0.0,5,66610.0,66720.0,1,66700.0,66640.0,66640.0,66640.0,1.0,333200.0,371
2023-05-10 00:03:00,cu2404,cu2404,66640.0,0.0,0.0,0.0,6,66610.0,66720.0,1,66700.0,66640.0,66640.0,66640.0,1.0,333200.0,371
2023-05-10 00:03:08,cu2404,cu2404,66640.0,0.0,0.0,0.0,3,66610.0,66720.0,1,66700.0,66640.0,66640.0,66640.0,1.0,333200.0,371
2023-05-10 00:03:51,cu2404,cu2404,66640.0,0.0,0.0,0.0,6,66610.0,66720.0,1,66700.0,66640.0,66640.0,66640.0,1.0,333200.0,371
2023-05-10 00:04:04,cu2404,cu2404,66640.0,0.0,0.0,0.0,4,66610.0,66720.0,1,66700.0,66640.0,66640.0,66640.0,1.0,333200.0,371
2023-05-10 00:04:05,cu2404,cu2404,66640.0,0.0,0.0,0.0,3,66610.0,66720.0,1,66700.0,66640.0,66640.0,66640.0,1.0,333200.0,371
2023-05-10 00:04:32,cu2404,cu2404,66640.0,0.0,0.0,0.0,6,66610.0,66720.0,1,66700.0,66640.0,66640.0,66640.0,1.0,333200.0,371
2023-05-10 00:04:35,cu2404,cu2404,66640.0,0.0,0.0,0.0,3,66610.0,66720.0,1,66700.0,66640.0,66640.0,66640.0,1.0,333200.0,371
2023-05-10 00:05:06,cu2404,cu2404,66640.0,0.0,0.0,0.0,6,66610.0,66720.0,1,66700.0,66640.0,66640.0,66640.0,1.0,333200.0,371
2023-05-10 00:05:38,cu2404,cu2404,66640.0,0.0,0.0,0.0,6,66610.0,66810.0,1,66700.0,66640.0,66640.0,66640.0,1.0,333200.0,371
2023-05-10 00:05:39,cu2404,cu2404,66640.0,0.0,0.0,0.0,3,66610.0,66730.0,1,66700.0,66640.0,66640.0,66640.0,1.0,333200.0,371
2023-05-10 00:05:39,cu2404,cu2404,66640.0,0.0,0.0,0.0,3,66620.0,66730.0,1,66700.0,66640.0,66640.0,66640.0,1.0,333200.0,371
2023-05-10 00:05:40,cu2404,cu2404,66640.0,0.0,0.0,0.0,3,66620.0,66750.0,1,66700.0,66640.0,66640.0,66640.0,1.0,333200.0,371
2023-05-10 00:05:40,cu2404,cu2404,66640.0,0.0,0.0,0.0,3,66630.0,66740.0,2,66700.0,66640.0,66640.0,66640.0,1.0,333200.0,371
2023-05-10 00:05:42,cu2404,cu2404,66640.0,0.0,0.0,0.0,3,66630.0,66730.0,1,66700.0,66640.0,66640.0,66640.0,1.0,333200.0,371
2023-05-10 00:05:43,cu2404,cu2404,66640.0,0.0,0.0,0.0,3,66630.0,66730.0,1,66700.0,66640.0,66640.0,66640.0,1.0,333200.0,371
2023-05-10 00:05:48,cu2404,cu2404,66640.0,0.0,0.0,0.0,3,66630.0,66730.0,1,66700.0,66640.0,66640.0,66640.0,1.0,333200.0,371
2023-05-10 00:05:49,cu2404,cu2404,66640.0,0.0,0.0,0.0,3,66630.0,66780.0,1,66700.0,66640.0,66640.0,66640.0,1.0,333200.0,371
2023-05-10 00:05:50,cu2404,cu2404,66640.0,0.0,0.0,0.0,3,66630.0,66770.0,3,66700.0,66640.0,66640.0,66640.0,1.0,333200.0,371
2023-05-10 00:05:50,cu2404,cu2404,66640.0,0.0,0.0,0.0,6,66630.0,66760.0,1,66700.0,66640.0,66640.0,66640.0,1.0,333200.0,371
2023-05-10 00:05:51,cu2404,cu2404,66640.0,0.0,0.0,0.0,6,66630.0,66760.0,1,66700.0,66640.0,66640.0,66640.0,1.0,333200.0,371
2023-05-10 00:05:51,cu2404,cu2404,66640.0,0.0,0.0,0.0,6,66630.0,66760.0,1,66700.0,66640.0,66640.0,66640.0,1.0,333200.0,371
2023-05-10 00:05:52,cu2404,cu2404,66640.0,0.0,0.0,0.0,6,66630.0,66760.0,1,66700.0,66640.0,66640.0,66640.0,1.0,333200.0,371
2023-05-10 00:06:00,cu2404,cu2404,66640.0,0.0,0.0,0.0,3,66630.0,66760.0,2,66700.0,66640.0,66640.0,66640.0,1.0,333200.0,371
2023-05-10 00:06:01,cu2404,cu2404,66640.0,0.0,0.0,0.0,3,66630.0,66760.0,3,66700.0,66640.0,66640.0,66640.0,1.0,333200.0,371
2023-05-10 00:06:05,cu2404,cu2404,66640.0,0.0,0.0,0.0,3,66630.0,66760.0,1,66700.0,66640.0,66640.0,66640.0,1.0,333200.0,371
2023-05-10 00:06:06,cu2404,cu2404,66640.0,0.0,0.0,0.0,6,66630.0,66760.0,1,66700.0,66640.0,66640.0,66640.0,1.0,333200.0,371
2023-05-10 00:06:08,cu2404,cu2404,66640.0,0.0,0.0,0.0,3,66630.0,66760.0,1,66700.0,66640.0,66640.0,66640.0,1.0,333200.0,371
2023-05-10 00:06:09,cu2404,cu2404,66640.0,0.0,0.0,0.0,3,66640.0,66760.0,1,66700.0,66640.0,66640.0,66640.0,1.0,333200.0,371
2023-05-10 00:06:09,cu2404,cu2404,66640.0,0.0,0.0,0.0,3,66640.0,66760.0,1,66700.0,66640.0,66640.0,66640.0,1.0,333200.0,371
2023-05-10 00:06:10,cu2404,cu2404,66640.0,0.0,0.0,0.0,3,66650.0,66760.0,1,66700.0,66640.0,66640.0,66640.0,1.0,333200.0,371
2023-05-10 00:06:17,cu2404,cu2404,66640.0,0.0,0.0,0.0,3,66650.0,66760.0,1,66700.0,66640.0,66640.0,66640.0,1.0,333200.0,371
2023-05-10 00:07:07,cu2404,cu2404,66640.0,0.0,0.0,0.0,3,66650.0,66760.0,2,66700.0,66640.0,66640.0,66640.0,1.0,333200.0,371
2023-05-10 00:07:08,cu2404,cu2404,66640.0,0.0,0.0,0.0,3,66650.0,66760.0,1,66700.0,66640.0,66640.0,66640.0,1.0,333200.0,371
2023-05-10 00:07:42,cu2404,cu2404,66640.0,0.0,0.0,0.0,4,66650.0,66760.0,1,66700.0,66640.0,66640.0,66640.0,1.0,333200.0,371
2023-05-10 00:07:45,cu2404,cu2404,66640.0,0.0,0.0,0.0,6,66650.0,66760.0,1,66700.0,66640.0,66640.0,66640.0,1.0,333200.0,371
2023-05-10 00:07:59,cu2404,cu2404,66640.0,0.0,0.0,0.0,3,66650.0,66760.0,1,66700.0,66640.0,66640.0,66640.0,1.0,333200.0,371
2023-05-10 00:08:59,cu2404,cu2404,66640.0,0.0,0.0,0.0,3,66650.0,66760.0,1,66700.0,66640.0,66640.0,66640.0,1.0,333200.0,371
2023-05-10 00:09:00,cu2404,cu2404,66640.0,0.0,0.0,0.0,3,66660.0,66760.0,1,66700.0,66640.0,66640.0,66640.0,1.0,333200.0,371
2023-05-10 00:09:00,cu2404,cu2404,66640.0,0.0,0.0,0.0,3,66660.0,66780.0,1,66700.0,66640.0,66640.0,66640.0,1.0,333200.0,371
2023-05-10 00:09:01,cu2404,cu2404,66640.0,0.0,0.0,0.0,3,66670.0,66780.0,1,66700.0,66640.0,66640.0,66640.0,1.0,333200.0,371
2023-05-10 00:09:02,cu2404,cu2404,66640.0,0.0,0.0,0.0,3,66670.0,66780.0,1,66700.0,66640.0,66640.0,66640.0,1.0,333200.0,371
2023-05-10 00:09:08,cu2404,cu2404,66640.0,0.0,0.0,0.0,3,66670.0,66780.0,1,66700.0,66640.0,66640.0,66640.0,1.0,333200.0,371
2023-05-10 00:09:10,cu2404,cu2404,66640.0,0.0,0.0,0.0,3,66670.0,66790.0,1,66700.0,66640.0,66640.0,66640.0,1.0,333200.0,371
2023-05-10 00:09:10,cu2404,cu2404,66640.0,0.0,0.0,0.0,3,66670.0,66790.0,1,66700.0,66640.0,66640.0,66640.0,1.0,333200.0,371
2023-05-10 00:09:13,cu2404,cu2404,66640.0,0.0,0.0,0.0,3,66670.0,66780.0,1,66700.0,66640.0,66640.0,66640.0,1.0,333200.0,371
2023-05-10 00:09:13,cu2404,cu2404,66640.0,0.0,0.0,0.0,3,66670.0,66780.0,1,66700.0,66640.0,66640.0,66640.0,1.0,333200.0,371
2023-05-10 00:09:14,cu2404,cu2404,66640.0,0.0,0.0,0.0,3,66670.0,66770.0,1,66700.0,66640.0,66640.0,66640.0,1.0,333200.0,371
2023-05-10 00:09:41,cu2404,cu2404,66640.0,0.0,0.0,0.0,3,66670.0,66750.0,1,66700.0,66640.0,66640.0,66640.0,1.0,333200.0,371
2023-05-10 00:09:43,cu2404,cu2404,66640.0,0.0,0.0,0.0,1,66580.0,66750.0,1,66700.0,66640.0,66640.0,66640.0,1.0,333200.0,371
2023-05-10 00:09:44,cu2404,cu2404,66640.0,0.0,0.0,0.0,12,66590.0,66740.0,1,66700.0,66640.0,66640.0,66640.0,1.0,333200.0,371
2023-05-10 00:09:44,cu2404,cu2404,66640.0,0.0,0.0,0.0,17,66590.0,66760.0,1,66700.0,66640.0,66640.0,66640.0,1.0,333200.0,371
2023-05-10 00:09:45,cu2404,cu2404,66640.0,0.0,0.0,0.0,17,66590.0,66750.0,1,66700.0,66640.0,66640.0,66640.0,1.0,333200.0,371
2023-05-10 00:09:55,cu2404,cu2404,66640.0,0.0,0.0,0.0,2,66600.0,66750.0,1,66700.0,66640.0,66640.0,66640.0,1.0,333200.0,371
2023-05-10 00:09:56,cu2404,cu2404,66640.0,0.0,0.0,0.0,1,66610.0,66750.0,1,66700.0,66640.0,66640.0,66640.0,1.0,333200.0,371
2023-05-10 00:09:57,cu2404,cu2404,66640.0,0.0,0.0,0.0,3,66620.0,66750.0,1,66700.0,66640.0,66640.0,66640.0,1.0,333200.0,371
2023-05-10 00:09:57,cu2404,cu2404,66640.0,0.0,0.0,0.0,3,66620.0,66750.0,1,66700.0,66640.0,66640.0,66640.0,1.0,333200.0,371
2023-05-10 00:09:58,cu2404,cu2404,66640.0,0.0,0.0,0.0,3,66620.0,66750.0,1,66700.0,66640.0,66640.0,66640.0,1.0,333200.0,371
2023-05-10 00:09:58,cu2404,cu2404,66640.0,0.0,0.0,0.0,3,66620.0,66750.0,1,66700.0,66640.0,66640.0,66640.0,1.0,333200.0,371
2023-05-10 00:09:59,cu2404,cu2404,66640.0,0.0,0.0,0.0,3,66630.0,66750.0,1,66700.0,66640.0,66640.0,66640.0,1.0,333200.0,371
2023-05-10 00:09:59,cu2404,cu2404,66640.0,0.0,0.0,0.0,3,66630.0,66750.0,1,66700.0,66640.0,66640.0,66640.0,1.0,333200.0,371
2023-05-10 00:10:01,cu2404,cu2404,66640.0,0.0,0.0,0.0,3,66640.0,66750.0,1,66700.0,66640.0,66640.0,66640.0,1.0,333200.0,371
2023-05-10 00:10:01,cu2404,cu2404,66640.0,0.0,0.0,0.0,3,66640.0,66750.0,1,66700.0,66640.0,66640.0,66640.0,1.0,333200.0,371
2023-05-10 00:10:29,cu2404,cu2404,66640.0,0.0,0.0,0.0,3,66640.0,66750.0,2,66700.0,66640.0,66640.0,66640.0,1.0,333200.0,371
2023-05-10 00:10:30,cu2404,cu2404,66640.0,0.0,0.0,0.0,3,66640.0,66750.0,1,66700.0,66640.0,66640.0,66640.0,1.0,333200.0,371
2023-05-10 00:10:33,cu2404,cu2404,66640.0,0.0,0.0,0.0,3,66640.0,66760.0,1,66700.0,66640.0,66640.0,66640.0,1.0,333200.0,371
2023-05-10 00:11:07,cu2404,cu2404,66640.0,0.0,0.0,0.0,4,66640.0,66760.0,1,66700.0,66640.0,66640.0,66640.0,1.0,333200.0,371
2023-05-10 00:11:10,cu2404,cu2404,66640.0,0.0,0.0,0.0,6,66640.0,66760.0,1,66700.0,66640.0,66640.0,66640.0,1.0,333200.0,371
2023-05-10 00:12:32,cu2404,cu2404,66640.0,0.0,0.0,0.0,6,66640.0,66770.0,1,66700.0,66640.0,66640.0,66640.0,1.0,333200.0,371
2023-05-10 00:12:32,cu2404,cu2404,66640.0,0.0,0.0,0.0,3,66640.0,66770.0,1,66700.0,66640.0,66640.0,66640.0,1.0,333200.0,371
2023-05-10 00:12:33,cu2404,cu2404,66640.0,0.0,0.0,0.0,3,66650.0,66770.0,1,66700.0,66640.0,66640.0,66640.0,1.0,333200.0,371
2023-05-10 00:12:33,cu2404,cu2404,66640.0,0.0,0.0,0.0,3,66650.0,66770.0,1,66700.0,66640.0,66640.0,66640.0,1.0,333200.0,371
2023-05-10 00:12:35,cu2404,cu2404,66640.0,0.0,0.0,0.0,3,66660.0,66770.0,1,66700.0,66640.0,66640.0,66640.0,1.0,333200.0,371
2023-05-10 00:12:37,cu2404,cu2404,66640.0,0.0,0.0,0.0,3,66660.0,66820.0,1,66700.0,66640.0,66640.0,66640.0,1.0,333200.0,371
2023-05-10 00:12:37,cu2404,cu2404,66640.0,0.0,0.0,0.0,3,66660.0,66780.0,1,66700.0,66640.0,66640.0,66640.0,1.0,333200.0,371
2023-05-10 00:12:42,cu2404,cu2404,66640.0,0.0,0.0,0.0,3,66660.0,66780.0,1,66700.0,66640.0,66640.0,66640.0,1.0,333200.0,371
2023-05-10 00:12:42,cu2404,cu2404,66640.0,0.0,0.0,0.0,3,66660.0,66770.0,1,66700.0,66640.0,66640.0,66640.0,1.0,333200.0,371
2023-05-10 00:12:43,cu2404,cu2404,66640.0,0.0,0.0,0.0,3,66660.0,66770.0,1,66700.0,66640.0,66640.0,66640.0,1.0,333200.0,371
2023-05-10 00:12:45,cu2404,cu2404,66640.0,0.0,0.0,0.0,3,66660.0,66760.0,1,66700.0,66640.0,66640.0,66640.0,1.0,333200.0,371
2023-05-10 00:13:11,cu2404,cu2404,66640.0,0.0,0.0,0.0,3,66670.0,66760.0,1,66700.0,66640.0,66640.0,66640.0,1.0,333200.0,371
2023-05-10 00:13:12,cu2404,cu2404,66640.0,0.0,0.0,0.0,3,66670.0,66760.0,1,66700.0,66640.0,66640.0,66640.0,1.0,333200.0,371
2023-05-10 00:13:20,cu2404,cu2404,66640.0,0.0,0.0,0.0,3,66670.0,66830.0,1,66700.0,66640.0,66640.0,66640.0,1.0,333200.0,371
2023-05-10 00:13:21,cu2404,cu2404,66640.0,0.0,0.0,0.0,3,66680.0,66800.0,1,66700.0,66640.0,66640.0,66640.0,1.0,333200.0,371
2023-05-10 00:13:21,cu2404,cu2404,66640.0,0.0,0.0,0.0,3,66680.0,66790.0,1,66700.0,66640.0,66640.0,66640.0,1.0,333200.0,371
2023-05-10 00:13:22,cu2404,cu2404,66640.0,0.0,0.0,0.0,3,66680.0,66790.0,1,66700.0,66640.0,66640.0,66640.0,1.0,333200.0,371
2023-05-10 00:13:22,cu2404,cu2404,66640.0,0.0,0.0,0.0,3,66680.0,66810.0,1,66700.0,66640.0,66640.0,66640.0,1.0,333200.0,371
2023-05-10 00:13:23,cu2404,cu2404,66640.0,0.0,0.0,0.0,3,66680.0,66800.0,2,66700.0,66640.0,66640.0,66640.0,1.0,333200.0,371
2023-05-10 00:13:23,cu2404,cu2404,66640.0,0.0,0.0,0.0,3,66680.0,66790.0,1,66700.0,66640.0,66640.0,66640.0,1.0,333200.0,371
2023-05-10 00:13:24,cu2404,cu2404,66640.0,0.0,0.0,0.0,3,66680.0,66790.0,1,66700.0,66640.0,66640.0,66640.0,1.0,333200.0,371
2023-05-10 00:13:59,cu2404,cu2404,66640.0,0.0,0.0,0.0,3,66680.0,66790.0,2,66700.0,66640.0,66640.0,66640.0,1.0,333200.0,371
2023-05-10 00:14:46,cu2404,cu2404,66640.0,0.0,0.0,0.0,3,66680.0,66790.0,1,66700.0,66640.0,66640.0,66640.0,1.0,333200.0,371
2023-05-10 00:14:59,cu2404,cu2404,66640.0,0.0,0.0,0.0,3,66680.0,66790.0,1,66700.0,66640.0,66640.0,66640.0,1.0,333200.0,371
2023-05-10 00:15:00,cu2404,cu2404,66640.0,0.0,0.0,0.0,6,66680.0,66790.0,1,66700.0,66640.0,66640.0,66640.0,1.0,333200.0,371
2023-05-10 00:15:00,cu2404,cu2404,66640.0,0.0,0.0,0.0,6,66680.0,66810.0,1,66700.0,66640.0,66640.0,66640.0,1.0,333200.0,371
2023-05-10 00:15:01,cu2404,cu2404,66640.0,0.0,0.0,0.0,6,66680.0,66800.0,1,66700.0,66640.0,66640.0,66640.0,1.0,333200.0,371
2023-05-10 00:15:01,cu2404,cu2404,66640.0,0.0,0.0,0.0,6,66680.0,66790.0,1,66700.0,66640.0,66640.0,66640.0,1.0,333200.0,371
2023-05-10 00:15:02,cu2404,cu2404,66640.0,0.0,0.0,0.0,3,66680.0,66790.0,1,66700.0,66640.0,66640.0,66640.0,1.0,333200.0,371
2023-05-10 00:15:08,cu2404,cu2404,66640.0,0.0,0.0,0.0,3,66680.0,66790.0,1,66700.0,66640.0,66640.0,66640.0,1.0,333200.0,371
2023-05-10 00:17:03,cu2404,cu2404,66640.0,0.0,0.0,0.0,3,66680.0,66790.0,1,66700.0,66640.0,66640.0,66640.0,1.0,333200.0,371
2023-05-10 00:17:04,cu2404,cu2404,66640.0,0.0,0.0,0.0,6,66680.0,66790.0,1,66700.0,66640.0,66640.0,66640.0,1.0,333200.0,371
2023-05-10 00:17:13,cu2404,cu2404,66640.0,0.0,0.0,0.0,3,66680.0,66790.0,1,66700.0,66640.0,66640.0,66640.0,1.0,333200.0,371
2023-05-10 00:17:49,cu2404,cu2404,66640.0,0.0,0.0,0.0,3,66680.0,66780.0,2,66700.0,66640.0,66640.0,66640.0,1.0,333200.0,371
2023-05-10 00:17:50,cu2404,cu2404,66640.0,0.0,0.0,0.0,3,66680.0,66790.0,1,66700.0,66640.0,66640.0,66640.0,1.0,333200.0,371
2023-05-10 00:18:15,cu2404,cu2404,66640.0,0.0,0.0,0.0,4,66680.0,66790.0,1,66700.0,66640.0,66640.0,66640.0,1.0,333200.0,371
2023-05-10 00:18:18,cu2404,cu2404,66640.0,0.0,0.0,0.0,3,66680.0,66790.0,1,66700.0,66640.0,66640.0,66640.0,1.0,333200.0,371
2023-05-10 00:18:27,cu2404,cu2404,66640.0,0.0,0.0,0.0,3,66680.0,66790.0,2,66700.0,66640.0,66640.0,66640.0,1.0,333200.0,371
2023-05-10 00:18:28,cu2404,cu2404,66640.0,0.0,0.0,0.0,3,66680.0,66780.0,1,66700.0,66640.0,66640.0,66640.0,1.0,333200.0,371
2023-05-10 00:18:28,cu2404,cu2404,66640.0,0.0,0.0,0.0,3,66680.0,66770.0,1,66700.0,66640.0,66640.0,66640.0,1.0,333200.0,371
2023-05-10 00:25:23,cu2404,cu2404,66640.0,0.0,0.0,0.0,1,66590.0,66770.0,1,66700.0,66640.0,66640.0,66640.0,1.0,333200.0,371
2023-05-10 00:25:23,cu2404,cu2404,66640.0,0.0,0.0,0.0,9,66600.0,66770.0,1,66700.0,66640.0,66640.0,66640.0,1.0,333200.0,371
2023-05-10 00:25:24,cu2404,cu2404,66640.0,0.0,0.0,0.0,2,66610.0,66770.0,1,66700.0,66640.0,66640.0,66640.0,1.0,333200.0,371
2023-05-10 00:25:24,cu2404,cu2404,66640.0,0.0,0.0,0.0,4,66620.0,66770.0,1,66700.0,66640.0,66640.0,66640.0,1.0,333200.0,371
2023-05-10 00:25:25,cu2404,cu2404,66640.0,0.0,0.0,0.0,1,66630.0,66770.0,1,66700.0,66640.0,66640.0,66640.0,1.0,333200.0,371
2023-05-10 00:25:25,cu2404,cu2404,66640.0,0.0,0.0,0.0,1,66630.0,66770.0,1,66700.0,66640.0,66640.0,66640.0,1.0,333200.0,371
2023-05-10 00:25:26,cu2404,cu2404,66640.0,0.0,0.0,0.0,1,66630.0,66770.0,1,66700.0,66640.0,66640.0,66640.0,1.0,333200.0,371
2023-05-10 00:25:26,cu2404,cu2404,66640.0,0.0,0.0,0.0,3,66640.0,66770.0,1,66700.0,66640.0,66640.0,66640.0,1.0,333200.0,371
2023-05-10 00:25:27,cu2404,cu2404,66640.0,0.0,0.0,0.0,3,66640.0,66770.0,1,66700.0,66640.0,66640.0,66640.0,1.0,333200.0,371
2023-05-10 00:25:27,cu2404,cu2404,66640.0,0.0,0.0,0.0,3,66650.0,66770.0,1,66700.0,66640.0,66640.0,66640.0,1.0,333200.0,371
2023-05-10 00:25:30,cu2404,cu2404,66640.0,0.0,0.0,0.0,3,66650.0,66770.0,1,66700.0,66640.0,66640.0,66640.0,1.0,333200.0,371
2023-05-10 00:25:30,cu2404,cu2404,66640.0,0.0,0.0,0.0,6,66650.0,66770.0,1,66700.0,66640.0,66640.0,66640.0,1.0,333200.0,371
2023-05-10 00:25:36,cu2404,cu2404,66640.0,0.0,0.0,0.0,3,66650.0,66770.0,1,66700.0,66640.0,66640.0,66640.0,1.0,333200.0,371
2023-05-10 00:27:13,cu2404,cu2404,66640.0,0.0,0.0,0.0,3,66650.0,66770.0,2,66700.0,66640.0,66640.0,66640.0,1.0,333200.0,371
2023-05-10 00:27:13,cu2404,cu2404,66640.0,0.0,0.0,0.0,3,66650.0,66760.0,1,66700.0,66640.0,66640.0,66640.0,1.0,333200.0,371
2023-05-10 00:27:14,cu2404,cu2404,66640.0,0.0,0.0,0.0,3,66650.0,66750.0,1,66700.0,66640.0,66640.0,66640.0,1.0,333200.0,371
2023-05-10 00:27:14,cu2404,cu2404,66640.0,0.0,0.0,0.0,3,66650.0,66750.0,1,66700.0,66640.0,66640.0,66640.0,1.0,333200.0,371
2023-05-10 00:27:46,cu2404,cu2404,66640.0,0.0,0.0,0.0,3,66650.0,66750.0,2,66700.0,66640.0,66640.0,66640.0,1.0,333200.0,371
2023-05-10 00:27:47,cu2404,cu2404,66640.0,0.0,0.0,0.0,3,66650.0,66740.0,1,66700.0,66640.0,66640.0,66640.0,1.0,333200.0,371
2023-05-10 00:27:47,cu2404,cu2404,66640.0,0.0,0.0,0.0,3,66650.0,66730.0,1,66700.0,66640.0,66640.0,66640.0,1.0,333200.0,371
2023-05-10 00:27:48,cu2404,cu2404,66640.0,0.0,0.0,0.0,1,66610.0,66730.0,1,66700.0,66640.0,66640.0,66640.0,1.0,333200.0,371
2023-05-10 00:27:48,cu2404,cu2404,66640.0,0.0,0.0,0.0,4,66610.0,66730.0,1,66700.0,66640.0,66640.0,66640.0,1.0,333200.0,371
2023-05-10 00:27:49,cu2404,cu2404,66640.0,0.0,0.0,0.0,3,66620.0,66730.0,1,66700.0,66640.0,66640.0,66640.0,1.0,333200.0,371
2023-05-10 00:28:13,cu2404,cu2404,66640.0,0.0,0.0,0.0,3,66620.0,66730.0,1,66700.0,66640.0,66640.0,66640.0,1.0,333200.0,371
2023-05-10 00:28:14,cu2404,cu2404,66640.0,0.0,0.0,0.0,6,66620.0,66730.0,1,66700.0,66640.0,66640.0,66640.0,1.0,333200.0,371
2023-05-10 00:28:34,cu2404,cu2404,66640.0,0.0,0.0,0.0,3,66620.0,66730.0,1,66700.0,66640.0,66640.0,66640.0,1.0,333200.0,371
2023-05-10 00:28:35,cu2404,cu2404,66640.0,0.0,0.0,0.0,3,66630.0,66730.0,1,66700.0,66640.0,66640.0,66640.0,1.0,333200.0,371
2023-05-10 00:28:35,cu2404,cu2404,66640.0,0.0,0.0,0.0,3,66630.0,66730.0,1,66700.0,66640.0,66640.0,66640.0,1.0,333200.0,371
2023-05-10 00:28:40,cu2404,cu2404,66640.0,0.0,0.0,0.0,3,66640.0,66730.0,1,66700.0,66640.0,66640.0,66640.0,1.0,333200.0,371
2023-05-10 00:28:46,cu2404,cu2404,66640.0,0.0,0.0,0.0,3,66640.0,66730.0,1,66700.0,66640.0,66640.0,66640.0,1.0,333200.0,371
2023-05-10 00:30:00,cu2404,cu2404,66640.0,0.0,0.0,0.0,3,66640.0,66830.0,1,66700.0,66640.0,66640.0,66640.0,1.0,333200.0,371
2023-05-10 00:30:00,cu2404,cu2404,66640.0,0.0,0.0,0.0,3,66640.0,66770.0,1,66700.0,66640.0,66640.0,66640.0,1.0,333200.0,371
2023-05-10 00:30:01,cu2404,cu2404,66640.0,0.0,0.0,0.0,3,66640.0,66760.0,1,66700.0,66640.0,66640.0,66640.0,1.0,333200.0,371
2023-05-10 00:30:01,cu2404,cu2404,66640.0,0.0,0.0,0.0,3,66640.0,66760.0,2,66700.0,66640.0,66640.0,66640.0,1.0,333200.0,371
2023-05-10 00:30:02,cu2404,cu2404,66640.0,0.0,0.0,0.0,3,66640.0,66750.0,2,66700.0,66640.0,66640.0,66640.0,1.0,333200.0,371
2023-05-10 00:30:02,cu2404,cu2404,66640.0,0.0,0.0,0.0,3,66640.0,66740.0,1,66700.0,66640.0,66640.0,66640.0,1.0,333200.0,371
2023-05-10 00:30:03,cu2404,cu2404,66640.0,0.0,0.0,0.0,3,66640.0,66740.0,1,66700.0,66640.0,66640.0,66640.0,1.0,333200.0,371
2023-05-10 00:30:05,cu2404,cu2404,66640.0,0.0,0.0,0.0,3,66640.0,66740.0,1,66700.0,66640.0,66640.0,66640.0,1.0,333200.0,371
2023-05-10 00:30:35,cu2404,cu2404,66640.0,0.0,0.0,0.0,3,66640.0,66740.0,1,66700.0,66640.0,66640.0,66640.0,1.0,333200.0,371
2023-05-10 00:30:35,cu2404,cu2404,66640.0,0.0,0.0,0.0,3,66640.0,66750.0,1,66700.0,66640.0,66640.0,66640.0,1.0,333200.0,371
2023-05-10 00:30:36,cu2404,cu2404,66640.0,0.0,0.0,0.0,3,66640.0,66740.0,1,66700.0,66640.0,66640.0,66640.0,1.0,333200.0,371
2023-05-10 00:30:36,cu2404,cu2404,66640.0,0.0,0.0,0.0,3,66640.0,66740.0,1,66700.0,66640.0,66640.0,66640.0,1.0,333200.0,371
2023-05-10 00:30:37,cu2404,cu2404,66640.0,0.0,0.0,0.0,6,66640.0,66740.0,1,66700.0,66640.0,66640.0,66640.0,1.0,333200.0,371
2023-05-10 00:30:37,cu2404,cu2404,66640.0,0.0,0.0,0.0,6,66640.0,66740.0,1,66700.0,66640.0,66640.0,66640.0,1.0,333200.0,371
2023-05-10 00:30:40,cu2404,cu2404,66640.0,0.0,0.0,0.0,6,66640.0,66800.0,1,66700.0,66640.0,66640.0,66640.0,1.0,333200.0,371
2023-05-10 00:30:40,cu2404,cu2404,66640.0,0.0,0.0,0.0,6,66640.0,66780.0,1,66700.0,66640.0,66640.0,66640.0,1.0,333200.0,371
2023-05-10 00:30:41,cu2404,cu2404,66640.0,0.0,0.0,0.0,6,66640.0,66780.0,1,66700.0,66640.0,66640.0,66640.0,1.0,333200.0,371
2023-05-10 00:30:46,cu2404,cu2404,66640.0,0.0,0.0,0.0,6,66640.0,66770.0,1,66700.0,66640.0,66640.0,66640.0,1.0,333200.0,371
2023-05-10 00:30:47,cu2404,cu2404,66640.0,0.0,0.0,0.0,6,66640.0,66770.0,1,66700.0,66640.0,66640.0,66640.0,1.0,333200.0,371
2023-05-10 00:30:48,cu2404,cu2404,66640.0,0.0,0.0,0.0,6,66640.0,66770.0,1,66700.0,66640.0,66640.0,66640.0,1.0,333200.0,371
2023-05-10 00:30:49,cu2404,cu2404,66640.0,0.0,0.0,0.0,6,66640.0,66770.0,1,66700.0,66640.0,66640.0,66640.0,1.0,333200.0,371
2023-05-10 00:30:49,cu2404,cu2404,66640.0,0.0,0.0,0.0,6,66640.0,66760.0,1,66700.0,66640.0,66640.0,66640.0,1.0,333200.0,371
2023-05-10 00:30:50,cu2404,cu2404,66640.0,0.0,0.0,0.0,6,66640.0,66760.0,1,66700.0,66640.0,66640.0,66640.0,1.0,333200.0,371
2023-05-10 00:30:51,cu2404,cu2404,66640.0,0.0,0.0,0.0,6,66640.0,66780.0,1,66700.0,66640.0,66640.0,66640.0,1.0,333200.0,371
2023-05-10 00:30:51,cu2404,cu2404,66640.0,0.0,0.0,0.0,6,66640.0,66770.0,2,66700.0,66640.0,66640.0,66640.0,1.0,333200.0,371
2023-05-10 00:30:52,cu2404,cu2404,66640.0,0.0,0.0,0.0,6,66640.0,66760.0,1,66700.0,66640.0,66640.0,66640.0,1.0,333200.0,371
2023-05-10 00:30:59,cu2404,cu2404,66640.0,0.0,0.0,0.0,3,66640.0,66760.0,1,66700.0,66640.0,66640.0,66640.0,1.0,333200.0,371
2023-05-10 00:31:14,cu2404,cu2404,66640.0,0.0,0.0,0.0,3,66640.0,66760.0,2,66700.0,66640.0,66640.0,66640.0,1.0,333200.0,371
2023-05-10 00:31:20,cu2404,cu2404,66640.0,0.0,0.0,0.0,3,66640.0,66760.0,2,66700.0,66640.0,66640.0,66640.0,1.0,333200.0,371
2023-05-10 00:31:21,cu2404,cu2404,66640.0,0.0,0.0,0.0,3,66640.0,66750.0,1,66700.0,66640.0,66640.0,66640.0,1.0,333200.0,371
2023-05-10 00:31:21,cu2404,cu2404,66640.0,0.0,0.0,0.0,3,66640.0,66750.0,2,66700.0,66640.0,66640.0,66640.0,1.0,333200.0,371
2023-05-10 00:31:23,cu2404,cu2404,66640.0,0.0,0.0,0.0,3,66640.0,66740.0,1,66700.0,66640.0,66640.0,66640.0,1.0,333200.0,371
2023-05-10 00:31:24,cu2404,cu2404,66640.0,0.0,0.0,0.0,3,66640.0,66760.0,1,66700.0,66640.0,66640.0,66640.0,1.0,333200.0,371
2023-05-10 00:31:24,cu2404,cu2404,66640.0,0.0,0.0,0.0,6,66640.0,66760.0,1,66700.0,66640.0,66640.0,66640.0,1.0,333200.0,371
2023-05-10 00:31:33,cu2404,cu2404,66640.0,0.0,0.0,0.0,6,66640.0,66790.0,1,66700.0,66640.0,66640.0,66640.0,1.0,333200.0,371
2023-05-10 00:31:34,cu2404,cu2404,66640.0,0.0,0.0,0.0,6,66640.0,66770.0,1,66700.0,66640.0,66640.0,66640.0,1.0,333200.0,371
2023-05-10 00:31:42,cu2404,cu2404,66640.0,0.0,0.0,0.0,3,66640.0,66760.0,1,66700.0,66640.0,66640.0,66640.0,1.0,333200.0,371
2023-05-10 00:31:43,cu2404,cu2404,66640.0,0.0,0.0,0.0,3,66650.0,66760.0,1,66700.0,66640.0,66640.0,66640.0,1.0,333200.0,371
2023-05-10 00:31:43,cu2404,cu2404,66640.0,0.0,0.0,0.0,3,66650.0,66770.0,1,66700.0,66640.0,66640.0,66640.0,1.0,333200.0,371
2023-05-10 00:31:44,cu2404,cu2404,66640.0,0.0,0.0,0.0,3,66650.0,66770.0,2,66700.0,66640.0,66640.0,66640.0,1.0,333200.0,371
2023-05-10 00:31:52,cu2404,cu2404,66640.0,0.0,0.0,0.0,3,66660.0,66770.0,2,66700.0,66640.0,66640.0,66640.0,1.0,333200.0,371
2023-05-10 00:31:53,cu2404,cu2404,66640.0,0.0,0.0,0.0,3,66660.0,66770.0,2,66700.0,66640.0,66640.0,66640.0,1.0,333200.0,371
2023-05-10 00:31:55,cu2404,cu2404,66640.0,0.0,0.0,0.0,3,66660.0,66770.0,1,66700.0,66640.0,66640.0,66640.0,1.0,333200.0,371
2023-05-10 00:31:56,cu2404,cu2404,66640.0,0.0,0.0,0.0,3,66660.0,66770.0,1,66700.0,66640.0,66640.0,66640.0,1.0,333200.0,371
2023-05-10 00:31:59,cu2404,cu2404,66640.0,0.0,0.0,0.0,6,66660.0,66770.0,1,66700.0,66640.0,66640.0,66640.0,1.0,333200.0,371
2023-05-10 00:32:02,cu2404,cu2404,66640.0,0.0,0.0,0.0,3,66660.0,66770.0,1,66700.0,66640.0,66640.0,66640.0,1.0,333200.0,371
2023-05-10 00:32:04,cu2404,cu2404,66640.0,0.0,0.0,0.0,6,66660.0,66770.0,1,66700.0,66640.0,66640.0,66640.0,1.0,333200.0,371
2023-05-10 00:32:06,cu2404,cu2404,66640.0,0.0,0.0,0.0,6,66660.0,66790.0,1,66700.0,66640.0,66640.0,66640.0,1.0,333200.0,371
2023-05-10 00:32:06,cu2404,cu2404,66640.0,0.0,0.0,0.0,6,66660.0,66780.0,1,66700.0,66640.0,66640.0,66640.0,1.0,333200.0,371
2023-05-10 00:32:07,cu2404,cu2404,66640.0,0.0,0.0,0.0,6,66660.0,66780.0,1,66700.0,66640.0,66640.0,66640.0,1.0,333200.0,371
2023-05-10 00:32:11,cu2404,cu2404,66640.0,0.0,0.0,0.0,6,66660.0,66770.0,1,66700.0,66640.0,66640.0,66640.0,1.0,333200.0,371
2023-05-10 00:32:18,cu2404,cu2404,66640.0,0.0,0.0,0.0,3,66660.0,66770.0,1,66700.0,66640.0,66640.0,66640.0,1.0,333200.0,371
2023-05-10 00:32:18,cu2404,cu2404,66640.0,0.0,0.0,0.0,3,66670.0,66770.0,1,66700.0,66640.0,66640.0,66640.0,1.0,333200.0,371
2023-05-10 00:32:19,cu2404,cu2404,66640.0,0.0,0.0,0.0,3,66670.0,66770.0,1,66700.0,66640.0,66640.0,66640.0,1.0,333200.0,371
2023-05-10 00:32:21,cu2404,cu2404,66640.0,0.0,0.0,0.0,3,66680.0,66770.0,1,66700.0,66640.0,66640.0,66640.0,1.0,333200.0,371
2023-05-10 00:32:21,cu2404,cu2404,66640.0,0.0,0.0,0.0,3,66680.0,66770.0,1,66700.0,66640.0,66640.0,66640.0,1.0,333200.0,371
2023-05-10 00:33:00,cu2404,cu2404,66640.0,0.0,0.0,0.0,6,66680.0,67000.0,2,66700.0,66640.0,66640.0,66640.0,1.0,333200.0,371
2023-05-10 00:33:00,cu2404,cu2404,66640.0,0.0,0.0,0.0,6,66680.0,66790.0,1,66700.0,66640.0,66640.0,66640.0,1.0,333200.0,371
2023-05-10 00:33:01,cu2404,cu2404,66640.0,0.0,0.0,0.0,6,66680.0,66800.0,1,66700.0,66640.0,66640.0,66640.0,1.0,333200.0,371
2023-05-10 00:33:01,cu2404,cu2404,66640.0,0.0,0.0,0.0,6,66680.0,66830.0,1,66700.0,66640.0,66640.0,66640.0,1.0,333200.0,371
2023-05-10 00:33:02,cu2404,cu2404,66640.0,0.0,0.0,0.0,6,66680.0,66810.0,1,66700.0,66640.0,66640.0,66640.0,1.0,333200.0,371
2023-05-10 00:33:02,cu2404,cu2404,66640.0,0.0,0.0,0.0,3,66680.0,66810.0,1,66700.0,66640.0,66640.0,66640.0,1.0,333200.0,371
2023-05-10 00:33:03,cu2404,cu2404,66640.0,0.0,0.0,0.0,3,66690.0,66800.0,1,66700.0,66640.0,66640.0,66640.0,1.0,333200.0,371
2023-05-10 00:33:03,cu2404,cu2404,66640.0,0.0,0.0,0.0,3,66690.0,66800.0,1,66700.0,66640.0,66640.0,66640.0,1.0,333200.0,371
2023-05-10 00:33:04,cu2404,cu2404,66640.0,0.0,0.0,0.0,3,66690.0,66810.0,1,66700.0,66640.0,66640.0,66640.0,1.0,333200.0,371
2023-05-10 00:33:05,cu2404,cu2404,66640.0,0.0,0.0,0.0,3,66690.0,66810.0,2,66700.0,66640.0,66640.0,66640.0,1.0,333200.0,371
2023-05-10 00:33:09,cu2404,cu2404,66640.0,0.0,0.0,0.0,1,66610.0,66810.0,2,66700.0,66640.0,66640.0,66640.0,1.0,333200.0,371
2023-05-10 00:33:10,cu2404,cu2404,66640.0,0.0,0.0,0.0,8,66620.0,66810.0,2,66700.0,66640.0,66640.0,66640.0,1.0,333200.0,371
2023-05-10 00:33:13,cu2404,cu2404,66640.0,0.0,0.0,0.0,8,66630.0,66810.0,3,66700.0,66640.0,66640.0,66640.0,1.0,333200.0,371
2023-05-10 00:33:14,cu2404,cu2404,66640.0,0.0,0.0,0.0,4,66630.0,66810.0,3,66700.0,66640.0,66640.0,66640.0,1.0,333200.0,371
2023-05-10 00:33:14,cu2404,cu2404,66640.0,0.0,0.0,0.0,5,66640.0,66800.0,1,66700.0,66640.0,66640.0,66640.0,1.0,333200.0,371
2023-05-10 00:33:15,cu2404,cu2404,66640.0,0.0,0.0,0.0,5,66640.0,66790.0,1,66700.0,66640.0,66640.0,66640.0,1.0,333200.0,371
2023-05-10 00:33:15,cu2404,cu2404,66640.0,0.0,0.0,0.0,3,66650.0,66790.0,1,66700.0,66640.0,66640.0,66640.0,1.0,333200.0,371
2023-05-10 00:33:16,cu2404,cu2404,66640.0,0.0,0.0,0.0,3,66650.0,66790.0,1,66700.0,66640.0,66640.0,66640.0,1.0,333200.0,371
2023-05-10 00:33:17,cu2404,cu2404,66640.0,0.0,0.0,0.0,3,66650.0,66790.0,1,66700.0,66640.0,66640.0,66640.0,1.0,333200.0,371
2023-05-10 00:33:18,cu2404,cu2404,66640.0,0.0,0.0,0.0,6,66650.0,66790.0,1,66700.0,66640.0,66640.0,66640.0,1.0,333200.0,371
2023-05-10 00:33:30,cu2404,cu2404,66640.0,0.0,0.0,0.0,6,66650.0,66780.0,1,66700.0,66640.0,66640.0,66640.0,1.0,333200.0,371
2023-05-10 00:33:31,cu2404,cu2404,66640.0,0.0,0.0,0.0,6,66650.0,66780.0,1,66700.0,66640.0,66640.0,66640.0,1.0,333200.0,371
2023-05-10 00:33:57,cu2404,cu2404,66640.0,0.0,0.0,0.0,6,66650.0,66790.0,1,66700.0,66640.0,66640.0,66640.0,1.0,333200.0,371
2023-05-10 00:33:58,cu2404,cu2404,66640.0,0.0,0.0,0.0,6,66650.0,66790.0,2,66700.0,66640.0,66640.0,66640.0,1.0,333200.0,371
2023-05-10 00:33:59,cu2404,cu2404,66640.0,0.0,0.0,0.0,6,66650.0,66780.0,2,66700.0,66640.0,66640.0,66640.0,1.0,333200.0,371
2023-05-10 00:33:59,cu2404,cu2404,66640.0,0.0,0.0,0.0,6,66650.0,66780.0,2,66700.0,66640.0,66640.0,66640.0,1.0,333200.0,371
2023-05-10 00:34:00,cu2404,cu2404,66640.0,0.0,0.0,0.0,6,66650.0,66790.0,1,66700.0,66640.0,66640.0,66640.0,1.0,333200.0,371
2023-05-10 00:34:00,cu2404,cu2404,66640.0,0.0,0.0,0.0,6,66650.0,66790.0,2,66700.0,66640.0,66640.0,66640.0,1.0,333200.0,371
2023-05-10 00:34:03,cu2404,cu2404,66640.0,0.0,0.0,0.0,6,66650.0,66790.0,1,66700.0,66640.0,66640.0,66640.0,1.0,333200.0,371
2023-05-10 00:34:04,cu2404,cu2404,66640.0,0.0,0.0,0.0,3,66650.0,66790.0,1,66700.0,66640.0,66640.0,66640.0,1.0,333200.0,371
2023-05-10 00:34:04,cu2404,cu2404,66640.0,0.0,0.0,0.0,3,66660.0,66790.0,1,66700.0,66640.0,66640.0,66640.0,1.0,333200.0,371
2023-05-10 00:34:05,cu2404,cu2404,66640.0,0.0,0.0,0.0,3,66660.0,66790.0,1,66700.0,66640.0,66640.0,66640.0,1.0,333200.0,371
2023-05-10 00:34:10,cu2404,cu2404,66640.0,0.0,0.0,0.0,3,66670.0,66790.0,1,66700.0,66640.0,66640.0,66640.0,1.0,333200.0,371
2023-05-10 00:34:10,cu2404,cu2404,66640.0,0.0,0.0,0.0,3,66670.0,66790.0,1,66700.0,66640.0,66640.0,66640.0,1.0,333200.0,371
2023-05-10 00:34:19,cu2404,cu2404,66640.0,0.0,0.0,0.0,3,66670.0,66790.0,2,66700.0,66640.0,66640.0,66640.0,1.0,333200.0,371
2023-05-10 00:34:29,cu2404,cu2404,66640.0,0.0,0.0,0.0,3,66670.0,66790.0,3,66700.0,66640.0,66640.0,66640.0,1.0,333200.0,371
2023-05-10 00:34:55,cu2404,cu2404,66640.0,0.0,0.0,0.0,3,66670.0,66790.0,2,66700.0,66640.0,66640.0,66640.0,1.0,333200.0,371
2023-05-10 00:34:57,cu2404,cu2404,66640.0,0.0,0.0,0.0,3,66670.0,66790.0,3,66700.0,66640.0,66640.0,66640.0,1.0,333200.0,371
2023-05-10 00:35:05,cu2404,cu2404,66640.0,0.0,0.0,0.0,3,66670.0,66790.0,2,66700.0,66640.0,66640.0,66640.0,1.0,333200.0,371
2023-05-10 00:35:06,cu2404,cu2404,66640.0,0.0,0.0,0.0,3,66670.0,66780.0,1,66700.0,66640.0,66640.0,66640.0,1.0,333200.0,371
2023-05-10 00:35:06,cu2404,cu2404,66640.0,0.0,0.0,0.0,3,66670.0,66770.0,1,66700.0,66640.0,66640.0,66640.0,1.0,333200.0,371
2023-05-10 00:35:07,cu2404,cu2404,66640.0,0.0,0.0,0.0,3,66670.0,66770.0,1,66700.0,66640.0,66640.0,66640.0,1.0,333200.0,371
2023-05-10 00:35:07,cu2404,cu2404,66640.0,0.0,0.0,0.0,3,66670.0,66760.0,1,66700.0,66640.0,66640.0,66640.0,1.0,333200.0,371
2023-05-10 00:35:08,cu2404,cu2404,66640.0,0.0,0.0,0.0,3,66670.0,66760.0,1,66700.0,66640.0,66640.0,66640.0,1.0,333200.0,371
2023-05-10 00:35:08,cu2404,cu2404,66640.0,0.0,0.0,0.0,3,66670.0,66750.0,1,66700.0,66640.0,66640.0,66640.0,1.0,333200.0,371
2023-05-10 00:35:09,cu2404,cu2404,66640.0,0.0,0.0,0.0,3,66670.0,66750.0,1,66700.0,66640.0,66640.0,66640.0,1.0,333200.0,371
2023-05-10 00:35:55,cu2404,cu2404,66640.0,0.0,0.0,0.0,3,66670.0,66750.0,1,66700.0,66640.0,66640.0,66640.0,1.0,333200.0,371
2023-05-10 00:35:55,cu2404,cu2404,66640.0,0.0,0.0,0.0,3,66670.0,66770.0,1,66700.0,66640.0,66640.0,66640.0,1.0,333200.0,371
2023-05-10 00:36:19,cu2404,cu2404,66640.0,0.0,0.0,0.0,3,66670.0,66760.0,1,66700.0,66640.0,66640.0,66640.0,1.0,333200.0,371
2023-05-10 00:36:20,cu2404,cu2404,66640.0,0.0,0.0,0.0,3,66670.0,66760.0,1,66700.0,66640.0,66640.0,66640.0,1.0,333200.0,371
2023-05-10 00:36:24,cu2404,cu2404,66640.0,0.0,0.0,0.0,3,66670.0,66750.0,1,66700.0,66640.0,66640.0,66640.0,1.0,333200.0,371
2023-05-10 00:36:25,cu2404,cu2404,66640.0,0.0,0.0,0.0,1,66620.0,66750.0,1,66700.0,66640.0,66640.0,66640.0,1.0,333200.0,371
2023-05-10 00:36:25,cu2404,cu2404,66640.0,0.0,0.0,0.0,4,66620.0,66750.0,1,66700.0,66640.0,66640.0,66640.0,1.0,333200.0,371
2023-05-10 00:36:26,cu2404,cu2404,66640.0,0.0,0.0,0.0,3,66630.0,66750.0,1,66700.0,66640.0,66640.0,66640.0,1.0,333200.0,371
2023-05-10 00:36:28,cu2404,cu2404,66640.0,0.0,0.0,0.0,3,66630.0,66750.0,1,66700.0,66640.0,66640.0,66640.0,1.0,333200.0,371
2023-05-10 00:36:28,cu2404,cu2404,66640.0,0.0,0.0,0.0,6,66630.0,66750.0,1,66700.0,66640.0,66640.0,66640.0,1.0,333200.0,371
2023-05-10 00:36:48,cu2404,cu2404,66640.0,0.0,0.0,0.0,3,66630.0,66750.0,1,66700.0,66640.0,66640.0,66640.0,1.0,333200.0,371
2023-05-10 00:36:49,cu2404,cu2404,66640.0,0.0,0.0,0.0,6,66630.0,66750.0,1,66700.0,66640.0,66640.0,66640.0,1.0,333200.0,371
2023-05-10 00:37:14,cu2404,cu2404,66640.0,0.0,0.0,0.0,8,66630.0,66750.0,1,66700.0,66640.0,66640.0,66640.0,1.0,333200.0,371
2023-05-10 00:37:39,cu2404,cu2404,66640.0,0.0,0.0,0.0,7,66630.0,66750.0,1,66700.0,66640.0,66640.0,66640.0,1.0,333200.0,371
2023-05-10 00:37:40,cu2404,cu2404,66640.0,0.0,0.0,0.0,5,66630.0,66750.0,1,66700.0,66640.0,66640.0,66640.0,1.0,333200.0,371
2023-05-10 00:37:45,cu2404,cu2404,66640.0,0.0,0.0,0.0,3,66630.0,66750.0,1,66700.0,66640.0,66640.0,66640.0,1.0,333200.0,371
2023-05-10 00:39:09,cu2404,cu2404,66640.0,0.0,0.0,0.0,4,66630.0,66750.0,1,66700.0,66640.0,66640.0,66640.0,1.0,333200.0,371
2023-05-10 00:39:13,cu2404,cu2404,66640.0,0.0,0.0,0.0,3,66630.0,66750.0,1,66700.0,66640.0,66640.0,66640.0,1.0,333200.0,371
2023-05-10 00:40:35,cu2404,cu2404,66640.0,0.0,0.0,0.0,4,66630.0,66750.0,1,66700.0,66640.0,66640.0,66640.0,1.0,333200.0,371
2023-05-10 00:40:53,cu2404,cu2404,66640.0,0.0,0.0,0.0,3,66630.0,66750.0,1,66700.0,66640.0,66640.0,66640.0,1.0,333200.0,371
2023-05-10 00:41:29,cu2404,cu2404,66640.0,0.0,0.0,0.0,4,66630.0,66750.0,1,66700.0,66640.0,66640.0,66640.0,1.0,333200.0,371
2023-05-10 00:42:22,cu2404,cu2404,66640.0,0.0,0.0,0.0,3,66630.0,66750.0,1,66700.0,66640.0,66640.0,66640.0,1.0,333200.0,371
2023-05-10 00:42:22,cu2404,cu2404,66640.0,0.0,0.0,0.0,1,66640.0,66750.0,1,66700.0,66640.0,66640.0,66640.0,1.0,333200.0,371
2023-05-10 00:42:23,cu2404,cu2404,66640.0,0.0,0.0,0.0,1,66640.0,66750.0,1,66700.0,66640.0,66640.0,66640.0,1.0,333200.0,371
2023-05-10 00:42:26,cu2404,cu2404,66640.0,0.0,0.0,0.0,3,66650.0,66750.0,1,66700.0,66640.0,66640.0,66640.0,1.0,333200.0,371
2023-05-10 00:42:27,cu2404,cu2404,66640.0,0.0,0.0,0.0,3,66650.0,66750.0,1,66700.0,66640.0,66640.0,66640.0,1.0,333200.0,371
2023-05-10 00:44:32,cu2404,cu2404,66640.0,0.0,0.0,0.0,3,66650.0,66840.0,1,66700.0,66640.0,66640.0,66640.0,1.0,333200.0,371
2023-05-10 00:44:33,cu2404,cu2404,66640.0,0.0,0.0,0.0,4,66650.0,66770.0,1,66700.0,66640.0,66640.0,66640.0,1.0,333200.0,371
2023-05-10 00:44:33,cu2404,cu2404,66640.0,0.0,0.0,0.0,4,66650.0,66780.0,1,66700.0,66640.0,66640.0,66640.0,1.0,333200.0,371
2023-05-10 00:44:34,cu2404,cu2404,66640.0,0.0,0.0,0.0,4,66650.0,66780.0,1,66700.0,66640.0,66640.0,66640.0,1.0,333200.0,371
2023-05-10 00:44:35,cu2404,cu2404,66640.0,0.0,0.0,0.0,4,66650.0,66790.0,1,66700.0,66640.0,66640.0,66640.0,1.0,333200.0,371
2023-05-10 00:44:35,cu2404,cu2404,66640.0,0.0,0.0,0.0,4,66650.0,66780.0,2,66700.0,66640.0,66640.0,66640.0,1.0,333200.0,371
2023-05-10 00:44:36,cu2404,cu2404,66640.0,0.0,0.0,0.0,4,66650.0,66780.0,2,66700.0,66640.0,66640.0,66640.0,1.0,333200.0,371
2023-05-10 00:44:36,cu2404,cu2404,66640.0,0.0,0.0,0.0,4,66650.0,66770.0,1,66700.0,66640.0,66640.0,66640.0,1.0,333200.0,371
2023-05-10 00:44:37,cu2404,cu2404,66640.0,0.0,0.0,0.0,4,66650.0,66770.0,1,66700.0,66640.0,66640.0,66640.0,1.0,333200.0,371
2023-05-10 00:45:15,cu2404,cu2404,66640.0,0.0,0.0,0.0,4,66650.0,66780.0,1,66700.0,66640.0,66640.0,66640.0,1.0,333200.0,371
2023-05-10 00:45:16,cu2404,cu2404,66640.0,0.0,0.0,0.0,4,66650.0,66770.0,1,66700.0,66640.0,66640.0,66640.0,1.0,333200.0,371
2023-05-10 00:45:50,cu2404,cu2404,66640.0,0.0,0.0,0.0,4,66650.0,66780.0,1,66700.0,66640.0,66640.0,66640.0,1.0,333200.0,371
2023-05-10 00:45:51,cu2404,cu2404,66640.0,0.0,0.0,0.0,3,66650.0,66780.0,1,66700.0,66640.0,66640.0,66640.0,1.0,333200.0,371
2023-05-10 00:45:51,cu2404,cu2404,66640.0,0.0,0.0,0.0,1,66660.0,66780.0,1,66700.0,66640.0,66640.0,66640.0,1.0,333200.0,371
2023-05-10 00:45:52,cu2404,cu2404,66640.0,0.0,0.0,0.0,1,66660.0,66780.0,1,66700.0,66640.0,66640.0,66640.0,1.0,333200.0,371
2023-05-10 00:45:52,cu2404,cu2404,66640.0,0.0,0.0,0.0,3,66670.0,66780.0,1,66700.0,66640.0,66640.0,66640.0,1.0,333200.0,371
2023-05-10 00:45:54,cu2404,cu2404,66640.0,0.0,0.0,0.0,3,66670.0,66780.0,1,66700.0,66640.0,66640.0,66640.0,1.0,333200.0,371
2023-05-10 00:45:59,cu2404,cu2404,66640.0,0.0,0.0,0.0,3,66670.0,66820.0,1,66700.0,66640.0,66640.0,66640.0,1.0,333200.0,371
2023-05-10 00:45:59,cu2404,cu2404,66640.0,0.0,0.0,0.0,4,66670.0,66810.0,4,66700.0,66640.0,66640.0,66640.0,1.0,333200.0,371
2023-05-10 00:46:02,cu2404,cu2404,66640.0,0.0,0.0,0.0,4,66670.0,66810.0,3,66700.0,66640.0,66640.0,66640.0,1.0,333200.0,371
2023-05-10 00:46:05,cu2404,cu2404,66640.0,0.0,0.0,0.0,3,66670.0,66810.0,3,66700.0,66640.0,66640.0,66640.0,1.0,333200.0,371
2023-05-10 00:46:05,cu2404,cu2404,66640.0,0.0,0.0,0.0,3,66670.0,66810.0,4,66700.0,66640.0,66640.0,66640.0,1.0,333200.0,371
2023-05-10 00:46:34,cu2404,cu2404,66640.0,0.0,0.0,0.0,4,66670.0,66810.0,4,66700.0,66640.0,66640.0,66640.0,1.0,333200.0,371
2023-05-10 00:46:36,cu2404,cu2404,66640.0,0.0,0.0,0.0,4,66670.0,66810.0,3,66700.0,66640.0,66640.0,66640.0,1.0,333200.0,371
2023-05-10 00:46:36,cu2404,cu2404,66640.0,0.0,0.0,0.0,4,66670.0,66810.0,2,66700.0,66640.0,66640.0,66640.0,1.0,333200.0,371
2023-05-10 00:46:37,cu2404,cu2404,66640.0,0.0,0.0,0.0,4,66670.0,66800.0,2,66700.0,66640.0,66640.0,66640.0,1.0,333200.0,371
2023-05-10 00:46:37,cu2404,cu2404,66640.0,0.0,0.0,0.0,4,66670.0,66790.0,1,66700.0,66640.0,66640.0,66640.0,1.0,333200.0,371
2023-05-10 00:46:38,cu2404,cu2404,66640.0,0.0,0.0,0.0,4,66670.0,66790.0,1,66700.0,66640.0,66640.0,66640.0,1.0,333200.0,371
2023-05-10 00:46:38,cu2404,cu2404,66640.0,0.0,0.0,0.0,3,66670.0,66790.0,1,66700.0,66640.0,66640.0,66640.0,1.0,333200.0,371
2023-05-10 00:46:41,cu2404,cu2404,66640.0,0.0,0.0,0.0,3,66670.0,66800.0,1,66700.0,66640.0,66640.0,66640.0,1.0,333200.0,371
2023-05-10 00:46:49,cu2404,cu2404,66640.0,0.0,0.0,0.0,4,66670.0,66800.0,1,66700.0,66640.0,66640.0,66640.0,1.0,333200.0,371
2023-05-10 00:46:51,cu2404,cu2404,66640.0,0.0,0.0,0.0,3,66670.0,66800.0,1,66700.0,66640.0,66640.0,66640.0,1.0,333200.0,371
2023-05-10 00:46:56,cu2404,cu2404,66640.0,0.0,0.0,0.0,4,66670.0,66800.0,1,66700.0,66640.0,66640.0,66640.0,1.0,333200.0,371
2023-05-10 00:47:05,cu2404,cu2404,66640.0,0.0,0.0,0.0,3,66670.0,66800.0,1,66700.0,66640.0,66640.0,66640.0,1.0,333200.0,371
2023-05-10 00:47:26,cu2404,cu2404,66640.0,0.0,0.0,0.0,4,66670.0,66800.0,1,66700.0,66640.0,66640.0,66640.0,1.0,333200.0,371
2023-05-10 00:47:42,cu2404,cu2404,66640.0,0.0,0.0,0.0,3,66670.0,66800.0,1,66700.0,66640.0,66640.0,66640.0,1.0,333200.0,371
2023-05-10 00:48:13,cu2404,cu2404,66640.0,0.0,0.0,0.0,3,66670.0,66800.0,2,66700.0,66640.0,66640.0,66640.0,1.0,333200.0,371
2023-05-10 00:48:19,cu2404,cu2404,66640.0,0.0,0.0,0.0,3,66670.0,66800.0,1,66700.0,66640.0,66640.0,66640.0,1.0,333200.0,371
2023-05-10 00:49:38,cu2404,cu2404,66640.0,0.0,0.0,0.0,3,66670.0,66800.0,2,66700.0,66640.0,66640.0,66640.0,1.0,333200.0,371
2023-05-10 00:49:38,cu2404,cu2404,66640.0,0.0,0.0,0.0,3,66670.0,66800.0,3,66700.0,66640.0,66640.0,66640.0,1.0,333200.0,371
2023-05-10 00:49:40,cu2404,cu2404,66640.0,0.0,0.0,0.0,3,66670.0,66800.0,2,66700.0,66640.0,66640.0,66640.0,1.0,333200.0,371
2023-05-10 00:50:16,cu2404,cu2404,66640.0,0.0,0.0,0.0,3,66670.0,66800.0,3,66700.0,66640.0,66640.0,66640.0,1.0,333200.0,371
2023-05-10 00:50:17,cu2404,cu2404,66640.0,0.0,0.0,0.0,3,66670.0,66790.0,1,66700.0,66640.0,66640.0,66640.0,1.0,333200.0,371
2023-05-10 00:50:17,cu2404,cu2404,66640.0,0.0,0.0,0.0,3,66670.0,66780.0,1,66700.0,66640.0,66640.0,66640.0,1.0,333200.0,371
2023-05-10 00:50:25,cu2404,cu2404,66640.0,0.0,0.0,0.0,3,66670.0,66780.0,1,66700.0,66640.0,66640.0,66640.0,1.0,333200.0,371
2023-05-10 00:50:27,cu2404,cu2404,66640.0,0.0,0.0,0.0,3,66670.0,66810.0,1,66700.0,66640.0,66640.0,66640.0,1.0,333200.0,371
2023-05-10 00:50:27,cu2404,cu2404,66640.0,0.0,0.0,0.0,3,66670.0,66800.0,2,66700.0,66640.0,66640.0,66640.0,1.0,333200.0,371
2023-05-10 00:50:31,cu2404,cu2404,66640.0,0.0,0.0,0.0,3,66670.0,66790.0,1,66700.0,66640.0,66640.0,66640.0,1.0,333200.0,371
2023-05-10 00:50:32,cu2404,cu2404,66640.0,0.0,0.0,0.0,3,66670.0,66790.0,1,66700.0,66640.0,66640.0,66640.0,1.0,333200.0,371
2023-05-10 00:50:33,cu2404,cu2404,66640.0,0.0,0.0,0.0,3,66670.0,66780.0,1,66700.0,66640.0,66640.0,66640.0,1.0,333200.0,371
2023-05-10 00:50:37,cu2404,cu2404,66640.0,0.0,0.0,0.0,3,66670.0,66780.0,1,66700.0,66640.0,66640.0,66640.0,1.0,333200.0,371
2023-05-10 00:50:38,cu2404,cu2404,66640.0,0.0,0.0,0.0,3,66670.0,66790.0,1,66700.0,66640.0,66640.0,66640.0,1.0,333200.0,371
2023-05-10 00:50:44,cu2404,cu2404,66640.0,0.0,0.0,0.0,3,66670.0,66790.0,2,66700.0,66640.0,66640.0,66640.0,1.0,333200.0,371
2023-05-10 00:50:51,cu2404,cu2404,66640.0,0.0,0.0,0.0,3,66670.0,66790.0,3,66700.0,66640.0,66640.0,66640.0,1.0,333200.0,371
2023-05-10 00:50:51,cu2404,cu2404,66640.0,0.0,0.0,0.0,3,66670.0,66790.0,2,66700.0,66640.0,66640.0,66640.0,1.0,333200.0,371
2023-05-10 00:50:52,cu2404,cu2404,66640.0,0.0,0.0,0.0,3,66670.0,66790.0,1,66700.0,66640.0,66640.0,66640.0,1.0,333200.0,371
2023-05-10 00:50:52,cu2404,cu2404,66640.0,0.0,0.0,0.0,3,66670.0,66780.0,1,66700.0,66640.0,66640.0,66640.0,1.0,333200.0,371
2023-05-10 00:50:55,cu2404,cu2404,66640.0,0.0,0.0,0.0,3,66670.0,66770.0,1,66700.0,66640.0,66640.0,66640.0,1.0,333200.0,371
2023-05-10 00:51:00,cu2404,cu2404,66640.0,0.0,0.0,0.0,3,66670.0,66770.0,1,66700.0,66640.0,66640.0,66640.0,1.0,333200.0,371
2023-05-10 00:51:03,cu2404,cu2404,66640.0,0.0,0.0,0.0,3,66670.0,66790.0,1,66700.0,66640.0,66640.0,66640.0,1.0,333200.0,371
2023-05-10 00:51:04,cu2404,cu2404,66640.0,0.0,0.0,0.0,3,66670.0,66790.0,1,66700.0,66640.0,66640.0,66640.0,1.0,333200.0,371
2023-05-10 00:51:04,cu2404,cu2404,66640.0,0.0,0.0,0.0,3,66670.0,66780.0,1,66700.0,66640.0,66640.0,66640.0,1.0,333200.0,371
2023-05-10 00:51:05,cu2404,cu2404,66640.0,0.0,0.0,0.0,3,66670.0,66770.0,1,66700.0,66640.0,66640.0,66640.0,1.0,333200.0,371
2023-05-10 00:51:10,cu2404,cu2404,66640.0,0.0,0.0,0.0,3,66670.0,66770.0,1,66700.0,66640.0,66640.0,66640.0,1.0,333200.0,371
2023-05-10 00:51:13,cu2404,cu2404,66640.0,0.0,0.0,0.0,3,66670.0,66810.0,1,66700.0,66640.0,66640.0,66640.0,1.0,333200.0,371
2023-05-10 00:51:14,cu2404,cu2404,66640.0,0.0,0.0,0.0,3,66670.0,66800.0,3,66700.0,66640.0,66640.0,66640.0,1.0,333200.0,371
2023-05-10 00:51:20,cu2404,cu2404,66640.0,0.0,0.0,0.0,3,66670.0,66790.0,1,66700.0,66640.0,66640.0,66640.0,1.0,333200.0,371
2023-05-10 00:51:20,cu2404,cu2404,66640.0,0.0,0.0,0.0,3,66670.0,66790.0,1,66700.0,66640.0,66640.0,66640.0,1.0,333200.0,371
2023-05-10 00:51:21,cu2404,cu2404,66640.0,0.0,0.0,0.0,3,66670.0,66790.0,1,66700.0,66640.0,66640.0,66640.0,1.0,333200.0,371
2023-05-10 00:51:21,cu2404,cu2404,66640.0,0.0,0.0,0.0,3,66670.0,66790.0,2,66700.0,66640.0,66640.0,66640.0,1.0,333200.0,371
2023-05-10 00:52:01,cu2404,cu2404,66640.0,0.0,0.0,0.0,3,66670.0,66790.0,3,66700.0,66640.0,66640.0,66640.0,1.0,333200.0,371
2023-05-10 00:52:01,cu2404,cu2404,66640.0,0.0,0.0,0.0,3,66670.0,66790.0,3,66700.0,66640.0,66640.0,66640.0,1.0,333200.0,371
2023-05-10 00:52:02,cu2404,cu2404,66640.0,0.0,0.0,0.0,3,66670.0,66790.0,2,66700.0,66640.0,66640.0,66640.0,1.0,333200.0,371
2023-05-10 00:52:02,cu2404,cu2404,66640.0,0.0,0.0,0.0,3,66670.0,66780.0,1,66700.0,66640.0,66640.0,66640.0,1.0,333200.0,371
2023-05-10 00:52:03,cu2404,cu2404,66640.0,0.0,0.0,0.0,3,66670.0,66770.0,1,66700.0,66640.0,66640.0,66640.0,1.0,333200.0,371
2023-05-10 00:52:04,cu2404,cu2404,66640.0,0.0,0.0,0.0,3,66670.0,66770.0,1,66700.0,66640.0,66640.0,66640.0,1.0,333200.0,371
2023-05-10 00:52:09,cu2404,cu2404,66640.0,0.0,0.0,0.0,3,66670.0,66770.0,1,66700.0,66640.0,66640.0,66640.0,1.0,333200.0,371
2023-05-10 00:52:12,cu2404,cu2404,66640.0,0.0,0.0,0.0,3,66670.0,66810.0,1,66700.0,66640.0,66640.0,66640.0,1.0,333200.0,371
2023-05-10 00:52:12,cu2404,cu2404,66640.0,0.0,0.0,0.0,3,66670.0,66800.0,4,66700.0,66640.0,66640.0,66640.0,1.0,333200.0,371
2023-05-10 00:52:13,cu2404,cu2404,66640.0,0.0,0.0,0.0,3,66670.0,66790.0,1,66700.0,66640.0,66640.0,66640.0,1.0,333200.0,371
2023-05-10 00:52:13,cu2404,cu2404,66640.0,0.0,0.0,0.0,3,66670.0,66790.0,1,66700.0,66640.0,66640.0,66640.0,1.0,333200.0,371
2023-05-10 00:52:16,cu2404,cu2404,66640.0,0.0,0.0,0.0,3,66670.0,66790.0,2,66700.0,66640.0,66640.0,66640.0,1.0,333200.0,371
2023-05-10 00:52:42,cu2404,cu2404,66640.0,0.0,0.0,0.0,3,66670.0,66790.0,1,66700.0,66640.0,66640.0,66640.0,1.0,333200.0,371
2023-05-10 00:52:45,cu2404,cu2404,66640.0,0.0,0.0,0.0,3,66670.0,66790.0,1,66700.0,66640.0,66640.0,66640.0,1.0,333200.0,371
2023-05-10 00:52:57,cu2404,cu2404,66640.0,0.0,0.0,0.0,3,66670.0,66790.0,1,66700.0,66640.0,66640.0,66640.0,1.0,333200.0,371
2023-05-10 00:52:58,cu2404,cu2404,66640.0,0.0,0.0,0.0,4,66670.0,66810.0,1,66700.0,66640.0,66640.0,66640.0,1.0,333200.0,371
2023-05-10 00:52:58,cu2404,cu2404,66640.0,0.0,0.0,0.0,4,66670.0,66810.0,2,66700.0,66640.0,66640.0,66640.0,1.0,333200.0,371
2023-05-10 00:53:05,cu2404,cu2404,66640.0,0.0,0.0,0.0,4,66670.0,66800.0,2,66700.0,66640.0,66640.0,66640.0,1.0,333200.0,371
2023-05-10 00:53:06,cu2404,cu2404,66640.0,0.0,0.0,0.0,4,66670.0,66810.0,2,66700.0,66640.0,66640.0,66640.0,1.0,333200.0,371
2023-05-10 00:53:24,cu2404,cu2404,66640.0,0.0,0.0,0.0,4,66670.0,66800.0,1,66700.0,66640.0,66640.0,66640.0,1.0,333200.0,371
2023-05-10 00:53:25,cu2404,cu2404,66640.0,0.0,0.0,0.0,4,66670.0,66800.0,1,66700.0,66640.0,66640.0,66640.0,1.0,333200.0,371
2023-05-10 00:53:28,cu2404,cu2404,66640.0,0.0,0.0,0.0,4,66670.0,66790.0,1,66700.0,66640.0,66640.0,66640.0,1.0,333200.0,371
2023-05-10 00:53:44,cu2404,cu2404,66640.0,0.0,0.0,0.0,3,66670.0,66790.0,1,66700.0,66640.0,66640.0,66640.0,1.0,333200.0,371
2023-05-10 00:54:20,cu2404,cu2404,66640.0,0.0,0.0,0.0,4,66670.0,66790.0,1,66700.0,66640.0,66640.0,66640.0,1.0,333200.0,371
2023-05-10 00:54:47,cu2404,cu2404,66640.0,0.0,0.0,0.0,3,66670.0,66790.0,1,66700.0,66640.0,66640.0,66640.0,1.0,333200.0,371
2023-05-10 00:55:00,cu2404,cu2404,66640.0,0.0,0.0,0.0,4,66670.0,66790.0,1,66700.0,66640.0,66640.0,66640.0,1.0,333200.0,371
2023-05-10 00:55:02,cu2404,cu2404,66640.0,0.0,0.0,0.0,3,66670.0,66790.0,1,66700.0,66640.0,66640.0,66640.0,1.0,333200.0,371
2023-05-10 00:55:03,cu2404,cu2404,66640.0,0.0,0.0,0.0,1,66680.0,66790.0,1,66700.0,66640.0,66640.0,66640.0,1.0,333200.0,371
2023-05-10 00:55:03,cu2404,cu2404,66640.0,0.0,0.0,0.0,1,66680.0,66790.0,1,66700.0,66640.0,66640.0,66640.0,1.0,333200.0,371
2023-05-10 00:55:05,cu2404,cu2404,66640.0,0.0,0.0,0.0,3,66690.0,66790.0,1,66700.0,66640.0,66640.0,66640.0,1.0,333200.0,371
2023-05-10 00:55:10,cu2404,cu2404,66640.0,0.0,0.0,0.0,3,66690.0,66790.0,1,66700.0,66640.0,66640.0,66640.0,1.0,333200.0,371
2023-05-10 00:55:23,cu2404,cu2404,66640.0,0.0,0.0,0.0,3,66690.0,67000.0,2,66700.0,66640.0,66640.0,66640.0,1.0,333200.0,371
2023-05-10 00:55:24,cu2404,cu2404,66640.0,0.0,0.0,0.0,3,66690.0,66800.0,1,66700.0,66640.0,66640.0,66640.0,1.0,333200.0,371
2023-05-10 00:55:24,cu2404,cu2404,66640.0,0.0,0.0,0.0,3,66690.0,66820.0,2,66700.0,66640.0,66640.0,66640.0,1.0,333200.0,371
2023-05-10 00:55:25,cu2404,cu2404,66640.0,0.0,0.0,0.0,3,66690.0,66820.0,2,66700.0,66640.0,66640.0,66640.0,1.0,333200.0,371
2023-05-10 00:55:26,cu2404,cu2404,66640.0,0.0,0.0,0.0,3,66690.0,66820.0,1,66700.0,66640.0,66640.0,66640.0,1.0,333200.0,371
2023-05-10 00:55:27,cu2404,cu2404,66640.0,0.0,0.0,0.0,3,66690.0,66820.0,1,66700.0,66640.0,66640.0,66640.0,1.0,333200.0,371
2023-05-10 00:55:32,cu2404,cu2404,66640.0,0.0,0.0,0.0,3,66690.0,66830.0,1,66700.0,66640.0,66640.0,66640.0,1.0,333200.0,371
2023-05-10 00:55:32,cu2404,cu2404,66640.0,0.0,0.0,0.0,4,66690.0,66820.0,1,66700.0,66640.0,66640.0,66640.0,1.0,333200.0,371
2023-05-10 00:55:33,cu2404,cu2404,66640.0,0.0,0.0,0.0,4,66690.0,66820.0,1,66700.0,66640.0,66640.0,66640.0,1.0,333200.0,371
2023-05-10 00:55:39,cu2404,cu2404,66640.0,0.0,0.0,0.0,3,66690.0,66820.0,1,66700.0,66640.0,66640.0,66640.0,1.0,333200.0,371
2023-05-10 00:55:40,cu2404,cu2404,66640.0,0.0,0.0,0.0,3,66690.0,66810.0,1,66700.0,66640.0,66640.0,66640.0,1.0,333200.0,371
2023-05-10 00:55:49,cu2404,cu2404,66640.0,0.0,0.0,0.0,3,66690.0,66810.0,1,66700.0,66640.0,66640.0,66640.0,1.0,333200.0,371
2023-05-10 00:57:04,cu2404,cu2404,66640.0,0.0,0.0,0.0,4,66690.0,66810.0,1,66700.0,66640.0,66640.0,66640.0,1.0,333200.0,371
2023-05-10 00:57:07,cu2404,cu2404,66640.0,0.0,0.0,0.0,4,66690.0,67000.0,3,66700.0,66640.0,66640.0,66640.0,1.0,333200.0,371
2023-05-10 00:57:07,cu2404,cu2404,66640.0,0.0,0.0,0.0,3,66690.0,66830.0,1,66700.0,66640.0,66640.0,66640.0,1.0,333200.0,371
2023-05-10 00:57:08,cu2404,cu2404,66640.0,0.0,0.0,0.0,1,66700.0,66840.0,1,66700.0,66640.0,66640.0,66640.0,1.0,333200.0,371
2023-05-10 00:57:08,cu2404,cu2404,66640.0,0.0,0.0,0.0,1,66700.0,66840.0,1,66700.0,66640.0,66640.0,66640.0,1.0,333200.0,371
2023-05-10 00:57:09,cu2404,cu2404,66640.0,0.0,0.0,0.0,3,66710.0,66840.0,1,66700.0,66640.0,66640.0,66640.0,1.0,333200.0,371
2023-05-10 00:57:10,cu2404,cu2404,66640.0,0.0,0.0,0.0,3,66710.0,66830.0,2,66700.0,66640.0,66640.0,66640.0,1.0,333200.0,371
2023-05-10 00:57:11,cu2404,cu2404,66640.0,0.0,0.0,0.0,3,66710.0,66820.0,1,66700.0,66640.0,66640.0,66640.0,1.0,333200.0,371
2023-05-10 00:57:11,cu2404,cu2404,66640.0,0.0,0.0,0.0,3,66710.0,66820.0,1,66700.0,66640.0,66640.0,66640.0,1.0,333200.0,371
2023-05-10 00:57:13,cu2404,cu2404,66640.0,0.0,0.0,0.0,3,66710.0,66820.0,1,66700.0,66640.0,66640.0,66640.0,1.0,333200.0,371
2023-05-10 00:57:15,cu2404,cu2404,66640.0,0.0,0.0,0.0,3,66710.0,66830.0,1,66700.0,66640.0,66640.0,66640.0,1.0,333200.0,371
2023-05-10 00:57:18,cu2404,cu2404,66640.0,0.0,0.0,0.0,3,66710.0,66820.0,1,66700.0,66640.0,66640.0,66640.0,1.0,333200.0,371
2023-05-10 00:57:19,cu2404,cu2404,66640.0,0.0,0.0,0.0,3,66710.0,66810.0,1,66700.0,66640.0,66640.0,66640.0,1.0,333200.0,371
2023-05-10 00:58:35,cu2404,cu2404,66640.0,0.0,0.0,0.0,4,66710.0,66810.0,1,66700.0,66640.0,66640.0,66640.0,1.0,333200.0,371
2023-05-10 00:58:51,cu2404,cu2404,66640.0,0.0,0.0,0.0,3,66710.0,66810.0,1,66700.0,66640.0,66640.0,66640.0,1.0,333200.0,371
2023-05-10 00:58:54,cu2404,cu2404,66640.0,0.0,0.0,0.0,3,66710.0,67000.0,3,66700.0,66640.0,66640.0,66640.0,1.0,333200.0,371
2023-05-10 00:58:54,cu2404,cu2404,66640.0,0.0,0.0,0.0,3,66710.0,66850.0,1,66700.0,66640.0,66640.0,66640.0,1.0,333200.0,371
2023-05-10 00:58:55,cu2404,cu2404,66640.0,0.0,0.0,0.0,3,66710.0,66830.0,1,66700.0,66640.0,66640.0,66640.0,1.0,333200.0,371
2023-05-10 00:58:55,cu2404,cu2404,66640.0,0.0,0.0,0.0,3,66710.0,66820.0,1,66700.0,66640.0,66640.0,66640.0,1.0,333200.0,371
2023-05-10 00:58:56,cu2404,cu2404,66640.0,0.0,0.0,0.0,3,66710.0,66820.0,1,66700.0,66640.0,66640.0,66640.0,1.0,333200.0,371
2023-05-10 00:58:58,cu2404,cu2404,66640.0,0.0,0.0,0.0,3,66710.0,66820.0,1,66700.0,66640.0,66640.0,66640.0,1.0,333200.0,371
2023-05-10 00:58:58,cu2404,cu2404,66640.0,0.0,0.0,0.0,3,66710.0,66820.0,1,66700.0,66640.0,66640.0,66640.0,1.0,333200.0,371
2023-05-10 00:58:59,cu2404,cu2404,66640.0,0.0,0.0,0.0,3,66710.0,66820.0,1,66700.0,66640.0,66640.0,66640.0,1.0,333200.0,371
2023-05-10 00:59:01,cu2404,cu2404,66640.0,0.0,0.0,0.0,3,66710.0,66830.0,1,66700.0,66640.0,66640.0,66640.0,1.0,333200.0,371
2023-05-10 00:59:14,cu2404,cu2404,66640.0,0.0,0.0,0.0,3,66710.0,66830.0,1,66700.0,66640.0,66640.0,66640.0,1.0,333200.0,371
2023-05-10 00:59:30,cu2404,cu2404,66640.0,0.0,0.0,0.0,3,66710.0,66830.0,1,66700.0,66640.0,66640.0,66640.0,1.0,333200.0,371
2023-05-10 00:59:40,cu2404,cu2404,66640.0,0.0,0.0,0.0,3,66710.0,66830.0,1,66700.0,66640.0,66640.0,66640.0,1.0,333200.0,371
2023-05-10 00:59:47,cu2404,cu2404,66640.0,0.0,0.0,0.0,3,66710.0,66830.0,1,66700.0,66640.0,66640.0,66640.0,1.0,333200.0,371
2023-05-10 00:59:53,cu2404,cu2404,66640.0,0.0,0.0,0.0,1,66010.0,66830.0,1,66700.0,66640.0,66640.0,66640.0,1.0,333200.0,371
2023-05-10 00:59:54,cu2404,cu2404,66640.0,0.0,0.0,0.0,3,66560.0,66830.0,1,66700.0,66640.0,66640.0,66640.0,1.0,333200.0,371
2023-05-10 00:59:55,cu2404,cu2404,66640.0,0.0,0.0,0.0,3,66560.0,66830.0,1,66700.0,66640.0,66640.0,66640.0,1.0,333200.0,371
2023-05-10 00:59:55,cu2404,cu2404,66640.0,0.0,0.0,0.0,3,66560.0,66830.0,1,66700.0,66640.0,66640.0,66640.0,1.0,333200.0,371
2023-05-10 00:59:57,cu2404,cu2404,66640.0,0.0,0.0,0.0,3,66560.0,67000.0,1,66700.0,66640.0,66640.0,66640.0,1.0,333200.0,371
2023-05-10 00:59:57,cu2404,cu2404,66640.0,0.0,0.0,0.0,3,66560.0,66990.0,1,66700.0,66640.0,66640.0,66640.0,1.0,333200.0,371
2023-05-10 00:59:58,cu2404,cu2404,66640.0,0.0,0.0,0.0,1,66010.0,66990.0,1,66700.0,66640.0,66640.0,66640.0,1.0,333200.0,371
2023-05-10 00:59:58,cu2404,cu2404,66640.0,0.0,0.0,0.0,1,66010.0,67000.0,1,66700.0,66640.0,66640.0,66640.0,1.0,333200.0,371
2023-05-10 09:00:00,cu2404,cu2404,66640.0,0.0,0.0,0.0,1,66010.0,66990.0,2,66700.0,66640.0,66640.0,66640.0,1.0,333200.0,371
2023-05-10 09:00:01,cu2404,cu2404,66640.0,0.0,0.0,0.0,1,66010.0,66990.0,2,66700.0,66640.0,66640.0,66640.0,1.0,333200.0,371
2023-05-10 09:00:01,cu2404,cu2404,66640.0,0.0,0.0,0.0,1,66030.0,67000.0,1,66700.0,66640.0,66640.0,66640.0,1.0,333200.0,371
2023-05-10 09:00:02,cu2404,cu2404,66640.0,0.0,0.0,0.0,3,66650.0,66980.0,2,66700.0,66640.0,66640.0,66640.0,1.0,333200.0,371
2023-05-10 09:00:02,cu2404,cu2404,66640.0,0.0,0.0,0.0,3,66650.0,66980.0,2,66700.0,66640.0,66640.0,66640.0,1.0,333200.0,371
2023-05-10 09:00:03,cu2404,cu2404,66640.0,0.0,0.0,0.0,1,66730.0,66980.0,2,66700.0,66640.0,66640.0,66640.0,1.0,333200.0,371
2023-05-10 09:00:03,cu2404,cu2404,66640.0,0.0,0.0,0.0,1,66730.0,66980.0,2,66700.0,66640.0,66640.0,66640.0,1.0,333200.0,371
2023-05-10 09:00:04,cu2404,cu2404,66640.0,0.0,0.0,0.0,3,66740.0,66980.0,2,66700.0,66640.0,66640.0,66640.0,1.0,333200.0,371
2023-05-10 09:00:04,cu2404,cu2404,66640.0,0.0,0.0,0.0,6,66740.0,66980.0,2,66700.0,66640.0,66640.0,66640.0,1.0,333200.0,371
2023-05-10 09:00:05,cu2404,cu2404,66640.0,0.0,0.0,0.0,5,66740.0,66970.0,1,66700.0,66640.0,66640.0,66640.0,1.0,333200.0,371
2023-05-10 09:00:05,cu2404,cu2404,66640.0,0.0,0.0,0.0,6,66740.0,66970.0,1,66700.0,66640.0,66640.0,66640.0,1.0,333200.0,371
2023-05-10 09:00:06,cu2404,cu2404,66640.0,0.0,0.0,0.0,6,66740.0,66960.0,2,66700.0,66640.0,66640.0,66640.0,1.0,333200.0,371
2023-05-10 09:00:06,cu2404,cu2404,66640.0,0.0,0.0,0.0,6,66740.0,66960.0,2,66700.0,66640.0,66640.0,66640.0,1.0,333200.0,371
2023-05-10 09:00:07,cu2404,cu2404,66640.0,0.0,0.0,0.0,5,66740.0,66960.0,2,66700.0,66640.0,66640.0,66640.0,1.0,333200.0,371
2023-05-10 09:00:07,cu2404,cu2404,66640.0,0.0,0.0,0.0,3,66740.0,66960.0,4,66700.0,66640.0,66640.0,66640.0,1.0,333200.0,371
2023-05-10 09:00:08,cu2404,cu2404,66640.0,0.0,0.0,0.0,3,66740.0,66950.0,1,66700.0,66640.0,66640.0,66640.0,1.0,333200.0,371
2023-05-10 09:00:08,cu2404,cu2404,66640.0,0.0,0.0,0.0,3,66740.0,66950.0,1,66700.0,66640.0,66640.0,66640.0,1.0,333200.0,371
2023-05-10 09:00:09,cu2404,cu2404,66640.0,0.0,0.0,0.0,3,66740.0,66940.0,3,66700.0,66640.0,66640.0,66640.0,1.0,333200.0,371
2023-05-10 09:00:09,cu2404,cu2404,66640.0,0.0,0.0,0.0,3,66740.0,66940.0,3,66700.0,66640.0,66640.0,66640.0,1.0,333200.0,371
2023-05-10 09:00:10,cu2404,cu2404,66640.0,0.0,0.0,0.0,4,66740.0,66940.0,5,66700.0,66640.0,66640.0,66640.0,1.0,333200.0,371
2023-05-10 09:00:11,cu2404,cu2404,66640.0,0.0,0.0,0.0,4,66740.0,66930.0,1,66700.0,66640.0,66640.0,66640.0,1.0,333200.0,371
2023-05-10 09:00:11,cu2404,cu2404,66640.0,0.0,0.0,0.0,4,66740.0,66920.0,2,66700.0,66640.0,66640.0,66640.0,1.0,333200.0,371
2023-05-10 09:00:12,cu2404,cu2404,66640.0,0.0,0.0,0.0,4,66740.0,66920.0,2,66700.0,66640.0,66640.0,66640.0,1.0,333200.0,371
2023-05-10 09:00:13,cu2404,cu2404,66640.0,0.0,0.0,0.0,4,66740.0,66920.0,2,66700.0,66640.0,66640.0,66640.0,1.0,333200.0,371
2023-05-10 09:00:13,cu2404,cu2404,66640.0,0.0,0.0,0.0,4,66740.0,66920.0,2,66700.0,66640.0,66640.0,66640.0,1.0,333200.0,371
2023-05-10 09:00:14,cu2404,cu2404,66640.0,0.0,0.0,0.0,4,66740.0,66910.0,3,66700.0,66640.0,66640.0,66640.0,1.0,333200.0,371
2023-05-10 09:00:14,cu2404,cu2404,66640.0,0.0,0.0,0.0,4,66740.0,66900.0,1,66700.0,66640.0,66640.0,66640.0,1.0,333200.0,371
2023-05-10 09:00:15,cu2404,cu2404,66640.0,0.0,0.0,0.0,4,66740.0,66900.0,2,66700.0,66640.0,66640.0,66640.0,1.0,333200.0,371
2023-05-10 09:00:16,cu2404,cu2404,66640.0,0.0,0.0,0.0,4,66740.0,66900.0,1,66700.0,66640.0,66640.0,66640.0,1.0,333200.0,371
2023-05-10 09:00:16,cu2404,cu2404,66640.0,0.0,0.0,0.0,4,66740.0,66900.0,1,66700.0,66640.0,66640.0,66640.0,1.0,333200.0,371
2023-05-10 09:00:17,cu2404,cu2404,66640.0,0.0,0.0,0.0,4,66740.0,66890.0,3,66700.0,66640.0,66640.0,66640.0,1.0,333200.0,371
2023-05-10 09:00:17,cu2404,cu2404,66640.0,0.0,0.0,0.0,4,66740.0,66880.0,1,66700.0,66640.0,66640.0,66640.0,1.0,333200.0,371
2023-05-10 09:00:18,cu2404,cu2404,66640.0,0.0,0.0,0.0,6,66740.0,66880.0,1,66700.0,66640.0,66640.0,66640.0,1.0,333200.0,371
2023-05-10 09:00:19,cu2404,cu2404,66640.0,0.0,0.0,0.0,7,66740.0,66890.0,2,66700.0,66640.0,66640.0,66640.0,1.0,333200.0,371
2023-05-10 09:00:20,cu2404,cu2404,66640.0,0.0,0.0,0.0,1,66750.0,66890.0,3,66700.0,66640.0,66640.0,66640.0,1.0,333200.0,371
2023-05-10 09:00:20,cu2404,cu2404,66640.0,0.0,0.0,0.0,1,66770.0,66890.0,3,66700.0,66640.0,66640.0,66640.0,1.0,333200.0,371
2023-05-10 09:00:21,cu2404,cu2404,66640.0,0.0,0.0,0.0,3,66780.0,66870.0,1,66700.0,66640.0,66640.0,66640.0,1.0,333200.0,371
2023-05-10 09:00:21,cu2404,cu2404,66640.0,0.0,0.0,0.0,3,66780.0,66870.0,1,66700.0,66640.0,66640.0,66640.0,1.0,333200.0,371
2023-05-10 09:00:22,cu2404,cu2404,66640.0,0.0,0.0,0.0,3,66780.0,66870.0,1,66700.0,66640.0,66640.0,66640.0,1.0,333200.0,371
2023-05-10 09:00:23,cu2404,cu2404,66640.0,0.0,0.0,0.0,3,66780.0,66870.0,1,66700.0,66640.0,66640.0,66640.0,1.0,333200.0,371
2023-05-10 09:00:23,cu2404,cu2404,66640.0,0.0,0.0,0.0,3,66780.0,66870.0,1,66700.0,66640.0,66640.0,66640.0,1.0,333200.0,371
2023-05-10 09:00:25,cu2404,cu2404,66640.0,0.0,0.0,0.0,3,66780.0,66870.0,1,66700.0,66640.0,66640.0,66640.0,1.0,333200.0,371
2023-05-10 09:00:25,cu2404,cu2404,66640.0,0.0,0.0,0.0,3,66780.0,66870.0,1,66700.0,66640.0,66640.0,66640.0,1.0,333200.0,371
2023-05-10 09:00:28,cu2404,cu2404,66640.0,0.0,0.0,0.0,3,66780.0,66870.0,1,66700.0,66640.0,66640.0,66640.0,1.0,333200.0,371
2023-05-10 09:00:28,cu2404,cu2404,66640.0,0.0,0.0,0.0,3,66780.0,66870.0,1,66700.0,66640.0,66640.0,66640.0,1.0,333200.0,371
2023-05-10 09:00:31,cu2404,cu2404,66640.0,0.0,0.0,0.0,4,66780.0,66870.0,1,66700.0,66640.0,66640.0,66640.0,1.0,333200.0,371
2023-05-10 09:00:31,cu2404,cu2404,66640.0,0.0,0.0,0.0,6,66780.0,66870.0,1,66700.0,66640.0,66640.0,66640.0,1.0,333200.0,371
2023-05-10 09:00:32,cu2404,cu2404,66640.0,0.0,0.0,0.0,6,66780.0,66870.0,1,66700.0,66640.0,66640.0,66640.0,1.0,333200.0,371
2023-05-10 09:00:32,cu2404,cu2404,66640.0,0.0,0.0,0.0,5,66780.0,66870.0,1,66700.0,66640.0,66640.0,66640.0,1.0,333200.0,371
2023-05-10 09:00:34,cu2404,cu2404,66640.0,0.0,0.0,0.0,3,66780.0,66870.0,1,66700.0,66640.0,66640.0,66640.0,1.0,333200.0,371
2023-05-10 09:00:35,cu2404,cu2404,66640.0,0.0,0.0,0.0,3,66780.0,66870.0,1,66700.0,66640.0,66640.0,66640.0,1.0,333200.0,371
2023-05-10 09:00:35,cu2404,cu2404,66640.0,0.0,0.0,0.0,4,66780.0,66870.0,1,66700.0,66640.0,66640.0,66640.0,1.0,333200.0,371
2023-05-10 09:00:36,cu2404,cu2404,66640.0,0.0,0.0,0.0,3,66780.0,66870.0,1,66700.0,66640.0,66640.0,66640.0,1.0,333200.0,371
2023-05-10 09:00:37,cu2404,cu2404,66640.0,0.0,0.0,0.0,3,66780.0,66870.0,1,66700.0,66640.0,66640.0,66640.0,1.0,333200.0,371
2023-05-10 09:00:38,cu2404,cu2404,66640.0,0.0,0.0,0.0,1,66790.0,66870.0,1,66700.0,66640.0,66640.0,66640.0,1.0,333200.0,371
2023-05-10 09:00:38,cu2404,cu2404,66640.0,0.0,0.0,0.0,2,66780.0,66870.0,1,66700.0,66640.0,66640.0,66640.0,1.0,333200.0,371
2023-05-10 09:00:39,cu2404,cu2404,66640.0,0.0,0.0,0.0,3,66790.0,66870.0,1,66700.0,66640.0,66640.0,66640.0,1.0,333200.0,371
2023-05-10 09:00:39,cu2404,cu2404,66640.0,0.0,0.0,0.0,3,66790.0,66870.0,1,66700.0,66640.0,66640.0,66640.0,1.0,333200.0,371
2023-05-10 09:00:40,cu2404,cu2404,66640.0,0.0,0.0,0.0,3,66790.0,66870.0,1,66700.0,66640.0,66640.0,66640.0,1.0,333200.0,371
2023-05-10 09:00:40,cu2404,cu2404,66640.0,0.0,0.0,0.0,3,66790.0,66870.0,1,66700.0,66640.0,66640.0,66640.0,1.0,333200.0,371
2023-05-10 09:00:42,cu2404,cu2404,66640.0,0.0,0.0,0.0,3,66790.0,66870.0,1,66700.0,66640.0,66640.0,66640.0,1.0,333200.0,371
2023-05-10 09:00:43,cu2404,cu2404,66640.0,0.0,0.0,0.0,3,66790.0,66870.0,1,66700.0,66640.0,66640.0,66640.0,1.0,333200.0,371
2023-05-10 09:00:43,cu2404,cu2404,66640.0,0.0,0.0,0.0,3,66790.0,66870.0,1,66700.0,66640.0,66640.0,66640.0,1.0,333200.0,371
2023-05-10 09:00:44,cu2404,cu2404,66640.0,0.0,0.0,0.0,3,66790.0,66870.0,1,66700.0,66640.0,66640.0,66640.0,1.0,333200.0,371
2023-05-10 09:00:45,cu2404,cu2404,66640.0,0.0,0.0,0.0,3,66790.0,66870.0,1,66700.0,66640.0,66640.0,66640.0,1.0,333200.0,371
2023-05-10 09:00:46,cu2404,cu2404,66640.0,0.0,0.0,0.0,3,66790.0,66870.0,1,66700.0,66640.0,66640.0,66640.0,1.0,333200.0,371
2023-05-10 09:00:47,cu2404,cu2404,66640.0,0.0,0.0,0.0,3,66790.0,66870.0,1,66700.0,66640.0,66640.0,66640.0,1.0,333200.0,371
2023-05-10 09:00:50,cu2404,cu2404,66640.0,0.0,0.0,0.0,4,66790.0,66870.0,1,66700.0,66640.0,66640.0,66640.0,1.0,333200.0,371
2023-05-10 09:00:51,cu2404,cu2404,66640.0,0.0,0.0,0.0,3,66790.0,66870.0,1,66700.0,66640.0,66640.0,66640.0,1.0,333200.0,371
2023-05-10 09:00:52,cu2404,cu2404,66640.0,0.0,0.0,0.0,4,66790.0,66870.0,1,66700.0,66640.0,66640.0,66640.0,1.0,333200.0,371
2023-05-10 09:00:53,cu2404,cu2404,66640.0,0.0,0.0,0.0,4,66790.0,66950.0,2,66700.0,66640.0,66640.0,66640.0,1.0,333200.0,371
2023-05-10 09:00:53,cu2404,cu2404,66640.0,0.0,0.0,0.0,4,66790.0,66940.0,2,66700.0,66640.0,66640.0,66640.0,1.0,333200.0,371
2023-05-10 09:00:54,cu2404,cu2404,66640.0,0.0,0.0,0.0,6,66790.0,66940.0,2,66700.0,66640.0,66640.0,66640.0,1.0,333200.0,371
2023-05-10 09:00:54,cu2404,cu2404,66640.0,0.0,0.0,0.0,6,66790.0,66940.0,2,66700.0,66640.0,66640.0,66640.0,1.0,333200.0,371
2023-05-10 09:00:55,cu2404,cu2404,66640.0,0.0,0.0,0.0,7,66790.0,66940.0,2,66700.0,66640.0,66640.0,66640.0,1.0,333200.0,371
2023-05-10 09:00:56,cu2404,cu2404,66640.0,0.0,0.0,0.0,7,66790.0,66940.0,1,66700.0,66640.0,66640.0,66640.0,1.0,333200.0,371
2023-05-10 09:00:56,cu2404,cu2404,66640.0,0.0,0.0,0.0,7,66790.0,66940.0,2,66700.0,66640.0,66640.0,66640.0,1.0,333200.0,371
2023-05-10 09:00:59,cu2404,cu2404,66640.0,0.0,0.0,0.0,7,66790.0,66930.0,2,66700.0,66640.0,66640.0,66640.0,1.0,333200.0,371
2023-05-10 09:01:00,cu2404,cu2404,66640.0,0.0,0.0,0.0,7,66790.0,66930.0,3,66700.0,66640.0,66640.0,66640.0,1.0,333200.0,371
2023-05-10 09:01:00,cu2404,cu2404,66640.0,0.0,0.0,0.0,6,66790.0,66930.0,3,66700.0,66640.0,66640.0,66640.0,1.0,333200.0,371
2023-05-10 09:01:01,cu2404,cu2404,66640.0,0.0,0.0,0.0,7,66790.0,66920.0,1,66700.0,66640.0,66640.0,66640.0,1.0,333200.0,371
2023-05-10 09:01:01,cu2404,cu2404,66640.0,0.0,0.0,0.0,7,66790.0,66920.0,1,66700.0,66640.0,66640.0,66640.0,1.0,333200.0,371
2023-05-10 09:01:02,cu2404,cu2404,66640.0,0.0,0.0,0.0,7,66790.0,66920.0,1,66700.0,66640.0,66640.0,66640.0,1.0,333200.0,371
2023-05-10 09:01:03,cu2404,cu2404,66640.0,0.0,0.0,0.0,5,66790.0,66920.0,1,66700.0,66640.0,66640.0,66640.0,1.0,333200.0,371
2023-05-10 09:01:03,cu2404,cu2404,66640.0,0.0,0.0,0.0,2,66800.0,66920.0,1,66700.0,66640.0,66640.0,66640.0,1.0,333200.0,371
2023-05-10 09:01:04,cu2404,cu2404,66640.0,0.0,0.0,0.0,1,66810.0,66950.0,1,66700.0,66640.0,66640.0,66640.0,1.0,333200.0,371
2023-05-10 09:01:04,cu2404,cu2404,66640.0,0.0,0.0,0.0,1,66810.0,66930.0,1,66700.0,66640.0,66640.0,66640.0,1.0,333200.0,371
2023-05-10 09:01:05,cu2404,cu2404,66640.0,0.0,0.0,0.0,3,66820.0,66930.0,2,66700.0,66640.0,66640.0,66640.0,1.0,333200.0,371
2023-05-10 09:01:05,cu2404,cu2404,66640.0,0.0,0.0,0.0,3,66820.0,66930.0,2,66700.0,66640.0,66640.0,66640.0,1.0,333200.0,371
2023-05-10 09:01:06,cu2404,cu2404,66640.0,0.0,0.0,0.0,3,66820.0,66930.0,1,66700.0,66640.0,66640.0,66640.0,1.0,333200.0,371
2023-05-10 09:01:06,cu2404,cu2404,66640.0,0.0,0.0,0.0,3,66820.0,66920.0,1,66700.0,66640.0,66640.0,66640.0,1.0,333200.0,371
2023-05-10 09:01:07,cu2404,cu2404,66640.0,0.0,0.0,0.0,3,66820.0,66920.0,1,66700.0,66640.0,66640.0,66640.0,1.0,333200.0,371
2023-05-10 09:01:08,cu2404,cu2404,66640.0,0.0,0.0,0.0,3,66820.0,66920.0,1,66700.0,66640.0,66640.0,66640.0,1.0,333200.0,371
2023-05-10 09:01:08,cu2404,cu2404,66640.0,0.0,0.0,0.0,3,66820.0,66920.0,1,66700.0,66640.0,66640.0,66640.0,1.0,333200.0,371
2023-05-10 09:01:09,cu2404,cu2404,66640.0,0.0,0.0,0.0,3,66820.0,66920.0,1,66700.0,66640.0,66640.0,66640.0,1.0,333200.0,371
2023-05-10 09:01:12,cu2404,cu2404,66640.0,0.0,0.0,0.0,3,66820.0,66920.0,1,66700.0,66640.0,66640.0,66640.0,1.0,333200.0,371
2023-05-10 09:01:12,cu2404,cu2404,66640.0,0.0,0.0,0.0,3,66820.0,66920.0,1,66700.0,66640.0,66640.0,66640.0,1.0,333200.0,371
2023-05-10 09:01:14,cu2404,cu2404,66640.0,0.0,0.0,0.0,3,66820.0,66920.0,1,66700.0,66640.0,66640.0,66640.0,1.0,333200.0,371
2023-05-10 09:01:15,cu2404,cu2404,66640.0,0.0,0.0,0.0,3,66820.0,66920.0,1,66700.0,66640.0,66640.0,66640.0,1.0,333200.0,371
2023-05-10 09:01:18,cu2404,cu2404,66640.0,0.0,0.0,0.0,3,66820.0,66920.0,1,66700.0,66640.0,66640.0,66640.0,1.0,333200.0,371
2023-05-10 09:01:18,cu2404,cu2404,66640.0,0.0,0.0,0.0,3,66820.0,66940.0,1,66700.0,66640.0,66640.0,66640.0,1.0,333200.0,371
2023-05-10 09:01:19,cu2404,cu2404,66640.0,0.0,0.0,0.0,3,66820.0,66930.0,1,66700.0,66640.0,66640.0,66640.0,1.0,333200.0,371
2023-05-10 09:01:19,cu2404,cu2404,66640.0,0.0,0.0,0.0,3,66820.0,66930.0,1,66700.0,66640.0,66640.0,66640.0,1.0,333200.0,371
2023-05-10 09:01:20,cu2404,cu2404,66640.0,0.0,0.0,0.0,3,66820.0,66930.0,1,66700.0,66640.0,66640.0,66640.0,1.0,333200.0,371
2023-05-10 09:01:20,cu2404,cu2404,66640.0,0.0,0.0,0.0,3,66820.0,66920.0,1,66700.0,66640.0,66640.0,66640.0,1.0,333200.0,371
2023-05-10 09:01:21,cu2404,cu2404,66640.0,0.0,0.0,0.0,3,66820.0,66920.0,1,66700.0,66640.0,66640.0,66640.0,1.0,333200.0,371
2023-05-10 09:01:21,cu2404,cu2404,66640.0,0.0,0.0,0.0,3,66820.0,66930.0,1,66700.0,66640.0,66640.0,66640.0,1.0,333200.0,371
2023-05-10 09:01:22,cu2404,cu2404,66640.0,0.0,0.0,0.0,3,66820.0,66930.0,2,66700.0,66640.0,66640.0,66640.0,1.0,333200.0,371
2023-05-10 09:01:22,cu2404,cu2404,66640.0,0.0,0.0,0.0,3,66820.0,66930.0,2,66700.0,66640.0,66640.0,66640.0,1.0,333200.0,371
2023-05-10 09:01:27,cu2404,cu2404,66640.0,0.0,0.0,0.0,3,66820.0,66930.0,1,66700.0,66640.0,66640.0,66640.0,1.0,333200.0,371
2023-05-10 09:01:27,cu2404,cu2404,66640.0,0.0,0.0,0.0,3,66820.0,66940.0,1,66700.0,66640.0,66640.0,66640.0,1.0,333200.0,371
2023-05-10 09:01:28,cu2404,cu2404,66640.0,0.0,0.0,0.0,3,66820.0,66940.0,2,66700.0,66640.0,66640.0,66640.0,1.0,333200.0,371
2023-05-10 09:01:29,cu2404,cu2404,66640.0,0.0,0.0,0.0,7,66820.0,66940.0,2,66700.0,66640.0,66640.0,66640.0,1.0,333200.0,371
2023-05-10 09:01:29,cu2404,cu2404,66640.0,0.0,0.0,0.0,7,66820.0,66940.0,2,66700.0,66640.0,66640.0,66640.0,1.0,333200.0,371
2023-05-10 09:01:30,cu2404,cu2404,66640.0,0.0,0.0,0.0,7,66820.0,66940.0,1,66700.0,66640.0,66640.0,66640.0,1.0,333200.0,371
2023-05-10 09:01:30,cu2404,cu2404,66640.0,0.0,0.0,0.0,7,66820.0,66940.0,1,66700.0,66640.0,66640.0,66640.0,1.0,333200.0,371
2023-05-10 09:01:31,cu2404,cu2404,66640.0,0.0,0.0,0.0,5,66820.0,66940.0,1,66700.0,66640.0,66640.0,66640.0,1.0,333200.0,371
2023-05-10 09:01:32,cu2404,cu2404,66640.0,0.0,0.0,0.0,2,66830.0,66940.0,1,66700.0,66640.0,66640.0,66640.0,1.0,333200.0,371
2023-05-10 09:01:32,cu2404,cu2404,66640.0,0.0,0.0,0.0,3,66830.0,66940.0,1,66700.0,66640.0,66640.0,66640.0,1.0,333200.0,371
2023-05-10 09:01:33,cu2404,cu2404,66640.0,0.0,0.0,0.0,3,66840.0,66940.0,1,66700.0,66640.0,66640.0,66640.0,1.0,333200.0,371
2023-05-10 09:01:34,cu2404,cu2404,66640.0,0.0,0.0,0.0,3,66840.0,66940.0,1,66700.0,66640.0,66640.0,66640.0,1.0,333200.0,371
2023-05-10 09:01:35,cu2404,cu2404,66640.0,0.0,0.0,0.0,3,66840.0,66940.0,1,66700.0,66640.0,66640.0,66640.0,1.0,333200.0,371
2023-05-10 09:01:36,cu2404,cu2404,66640.0,0.0,0.0,0.0,3,66840.0,66940.0,1,66700.0,66640.0,66640.0,66640.0,1.0,333200.0,371
2023-05-10 09:01:38,cu2404,cu2404,66640.0,0.0,0.0,0.0,3,66840.0,66940.0,2,66700.0,66640.0,66640.0,66640.0,1.0,333200.0,371
2023-05-10 09:01:43,cu2404,cu2404,66640.0,0.0,0.0,0.0,3,66840.0,66940.0,2,66700.0,66640.0,66640.0,66640.0,1.0,333200.0,371
2023-05-10 09:01:43,cu2404,cu2404,66640.0,0.0,0.0,0.0,3,66840.0,66940.0,2,66700.0,66640.0,66640.0,66640.0,1.0,333200.0,371
2023-05-10 09:01:49,cu2404,cu2404,66640.0,0.0,0.0,0.0,3,66840.0,66940.0,1,66700.0,66640.0,66640.0,66640.0,1.0,333200.0,371
2023-05-10 09:01:54,cu2404,cu2404,66640.0,0.0,0.0,0.0,3,66840.0,66940.0,2,66700.0,66640.0,66640.0,66640.0,1.0,333200.0,371
2023-05-10 09:01:55,cu2404,cu2404,66640.0,0.0,0.0,0.0,3,66840.0,66940.0,2,66700.0,66640.0,66640.0,66640.0,1.0,333200.0,371
2023-05-10 09:01:56,cu2404,cu2404,66640.0,0.0,0.0,0.0,3,66840.0,66940.0,2,66700.0,66640.0,66640.0,66640.0,1.0,333200.0,371
2023-05-10 09:02:03,cu2404,cu2404,66640.0,0.0,0.0,0.0,3,66840.0,66940.0,1,66700.0,66640.0,66640.0,66640.0,1.0,333200.0,371
2023-05-10 09:02:09,cu2404,cu2404,66640.0,0.0,0.0,0.0,3,66840.0,66940.0,1,66700.0,66640.0,66640.0,66640.0,1.0,333200.0,371
2023-05-10 09:02:10,cu2404,cu2404,66640.0,0.0,0.0,0.0,3,66840.0,66940.0,1,66700.0,66640.0,66640.0,66640.0,1.0,333200.0,371
2023-05-10 09:02:14,cu2404,cu2404,66640.0,0.0,0.0,0.0,5,66840.0,66950.0,1,66700.0,66640.0,66640.0,66640.0,1.0,333200.0,371
2023-05-10 09:02:15,cu2404,cu2404,66640.0,0.0,0.0,0.0,6,66840.0,66950.0,1,66700.0,66640.0,66640.0,66640.0,1.0,333200.0,371
2023-05-10 09:02:19,cu2404,cu2404,66640.0,0.0,0.0,0.0,6,66840.0,66950.0,1,66700.0,66640.0,66640.0,66640.0,1.0,333200.0,371
2023-05-10 09:02:20,cu2404,cu2404,66640.0,0.0,0.0,0.0,6,66840.0,66950.0,1,66700.0,66640.0,66640.0,66640.0,1.0,333200.0,371
2023-05-10 09:02:20,cu2404,cu2404,66640.0,0.0,0.0,0.0,5,66840.0,66940.0,1,66700.0,66640.0,66640.0,66640.0,1.0,333200.0,371
2023-05-10 09:02:21,cu2404,cu2404,66640.0,0.0,0.0,0.0,3,66840.0,66940.0,1,66700.0,66640.0,66640.0,66640.0,1.0,333200.0,371
2023-05-10 09:02:21,cu2404,cu2404,66640.0,0.0,0.0,0.0,1,66850.0,66950.0,1,66700.0,66640.0,66640.0,66640.0,1.0,333200.0,371
2023-05-10 09:02:22,cu2404,cu2404,66640.0,0.0,0.0,0.0,2,66850.0,66950.0,1,66700.0,66640.0,66640.0,66640.0,1.0,333200.0,371
2023-05-10 09:02:22,cu2404,cu2404,66640.0,0.0,0.0,0.0,4,66860.0,66950.0,1,66700.0,66640.0,66640.0,66640.0,1.0,333200.0,371
2023-05-10 09:02:23,cu2404,cu2404,66640.0,0.0,0.0,0.0,4,66860.0,67000.0,1,66700.0,66640.0,66640.0,66640.0,1.0,333200.0,371
2023-05-10 09:02:24,cu2404,cu2404,66640.0,0.0,0.0,0.0,4,66860.0,66990.0,1,66700.0,66640.0,66640.0,66640.0,1.0,333200.0,371
2023-05-10 09:02:24,cu2404,cu2404,66640.0,0.0,0.0,0.0,4,66860.0,66990.0,2,66700.0,66640.0,66640.0,66640.0,1.0,333200.0,371
2023-05-10 09:02:25,cu2404,cu2404,66640.0,0.0,0.0,0.0,2,66870.0,66990.0,3,66700.0,66640.0,66640.0,66640.0,1.0,333200.0,371
2023-05-10 09:02:25,cu2404,cu2404,66640.0,0.0,0.0,0.0,2,66870.0,66990.0,3,66700.0,66640.0,66640.0,66640.0,1.0,333200.0,371
2023-05-10 09:02:26,cu2404,cu2404,66640.0,0.0,0.0,0.0,3,66880.0,66990.0,2,66700.0,66640.0,66640.0,66640.0,1.0,333200.0,371
2023-05-10 09:02:26,cu2404,cu2404,66640.0,0.0,0.0,0.0,3,66880.0,66970.0,1,66700.0,66640.0,66640.0,66640.0,1.0,333200.0,371
2023-05-10 09:02:27,cu2404,cu2404,66640.0,0.0,0.0,0.0,3,66880.0,66970.0,1,66700.0,66640.0,66640.0,66640.0,1.0,333200.0,371
2023-05-10 09:02:27,cu2404,cu2404,66640.0,0.0,0.0,0.0,3,66880.0,66970.0,1,66700.0,66640.0,66640.0,66640.0,1.0,333200.0,371
2023-05-10 09:02:28,cu2404,cu2404,66640.0,0.0,0.0,0.0,3,66880.0,66970.0,1,66700.0,66640.0,66640.0,66640.0,1.0,333200.0,371
2023-05-10 09:02:29,cu2404,cu2404,66640.0,0.0,0.0,0.0,3,66880.0,66970.0,1,66700.0,66640.0,66640.0,66640.0,1.0,333200.0,371
2023-05-10 09:02:29,cu2404,cu2404,66640.0,0.0,0.0,0.0,3,66880.0,66970.0,1,66700.0,66640.0,66640.0,66640.0,1.0,333200.0,371
2023-05-10 09:02:30,cu2404,cu2404,66640.0,0.0,0.0,0.0,3,66880.0,66970.0,1,66700.0,66640.0,66640.0,66640.0,1.0,333200.0,371
2023-05-10 09:02:36,cu2404,cu2404,66640.0,0.0,0.0,0.0,4,66880.0,66970.0,1,66700.0,66640.0,66640.0,66640.0,1.0,333200.0,371
2023-05-10 09:02:37,cu2404,cu2404,66640.0,0.0,0.0,0.0,4,66880.0,66970.0,1,66700.0,66640.0,66640.0,66640.0,1.0,333200.0,371
2023-05-10 09:02:37,cu2404,cu2404,66640.0,0.0,0.0,0.0,3,66880.0,66970.0,1,66700.0,66640.0,66640.0,66640.0,1.0,333200.0,371
2023-05-10 09:02:38,cu2404,cu2404,66640.0,0.0,0.0,0.0,4,66880.0,66970.0,1,66700.0,66640.0,66640.0,66640.0,1.0,333200.0,371
2023-05-10 09:02:39,cu2404,cu2404,66640.0,0.0,0.0,0.0,3,66880.0,66970.0,1,66700.0,66640.0,66640.0,66640.0,1.0,333200.0,371
2023-05-10 09:02:39,cu2404,cu2404,66640.0,0.0,0.0,0.0,4,66880.0,66970.0,1,66700.0,66640.0,66640.0,66640.0,1.0,333200.0,371
2023-05-10 09:02:40,cu2404,cu2404,66640.0,0.0,0.0,0.0,3,66880.0,66970.0,1,66700.0,66640.0,66640.0,66640.0,1.0,333200.0,371
2023-05-10 09:02:40,cu2404,cu2404,66640.0,0.0,0.0,0.0,3,66880.0,66970.0,1,66700.0,66640.0,66640.0,66640.0,1.0,333200.0,371
2023-05-10 09:02:41,cu2404,cu2404,66640.0,0.0,0.0,0.0,1,66890.0,66970.0,1,66700.0,66640.0,66640.0,66640.0,1.0,333200.0,371
2023-05-10 09:02:42,cu2404,cu2404,66640.0,0.0,0.0,0.0,2,66880.0,66970.0,1,66700.0,66640.0,66640.0,66640.0,1.0,333200.0,371
2023-05-10 09:02:42,cu2404,cu2404,66640.0,0.0,0.0,0.0,3,66890.0,66970.0,1,66700.0,66640.0,66640.0,66640.0,1.0,333200.0,371
2023-05-10 09:02:43,cu2404,cu2404,66640.0,0.0,0.0,0.0,4,66890.0,66970.0,1,66700.0,66640.0,66640.0,66640.0,1.0,333200.0,371
2023-05-10 09:02:43,cu2404,cu2404,66640.0,0.0,0.0,0.0,3,66890.0,66970.0,1,66700.0,66640.0,66640.0,66640.0,1.0,333200.0,371
2023-05-10 09:02:45,cu2404,cu2404,66640.0,0.0,0.0,0.0,3,66890.0,66970.0,1,66700.0,66640.0,66640.0,66640.0,1.0,333200.0,371
2023-05-10 09:02:46,cu2404,cu2404,66640.0,0.0,0.0,0.0,3,66890.0,66970.0,1,66700.0,66640.0,66640.0,66640.0,1.0,333200.0,371
2023-05-10 09:02:46,cu2404,cu2404,66640.0,0.0,0.0,0.0,3,66890.0,66970.0,1,66700.0,66640.0,66640.0,66640.0,1.0,333200.0,371
2023-05-10 09:02:47,cu2404,cu2404,66640.0,0.0,0.0,0.0,4,66890.0,66970.0,1,66700.0,66640.0,66640.0,66640.0,1.0,333200.0,371
2023-05-10 09:02:48,cu2404,cu2404,66640.0,0.0,0.0,0.0,4,66890.0,66970.0,1,66700.0,66640.0,66640.0,66640.0,1.0,333200.0,371
2023-05-10 09:02:49,cu2404,cu2404,66640.0,0.0,0.0,0.0,4,66890.0,66970.0,1,66700.0,66640.0,66640.0,66640.0,1.0,333200.0,371
2023-05-10 09:02:52,cu2404,cu2404,66640.0,0.0,0.0,0.0,3,66890.0,66970.0,2,66700.0,66640.0,66640.0,66640.0,1.0,333200.0,371
2023-05-10 09:02:52,cu2404,cu2404,66640.0,0.0,0.0,0.0,3,66890.0,66960.0,1,66700.0,66640.0,66640.0,66640.0,1.0,333200.0,371
2023-05-10 09:02:53,cu2404,cu2404,66640.0,0.0,0.0,0.0,3,66890.0,66970.0,1,66700.0,66640.0,66640.0,66640.0,1.0,333200.0,371
2023-05-10 09:02:53,cu2404,cu2404,66640.0,0.0,0.0,0.0,3,66890.0,66970.0,2,66700.0,66640.0,66640.0,66640.0,1.0,333200.0,371
2023-05-10 09:02:55,cu2404,cu2404,66640.0,0.0,0.0,0.0,3,66890.0,66970.0,2,66700.0,66640.0,66640.0,66640.0,1.0,333200.0,371
2023-05-10 09:02:56,cu2404,cu2404,66640.0,0.0,0.0,0.0,3,66890.0,66970.0,2,66700.0,66640.0,66640.0,66640.0,1.0,333200.0,371
2023-05-10 09:02:57,cu2404,cu2404,66640.0,0.0,0.0,0.0,4,66890.0,66970.0,2,66700.0,66640.0,66640.0,66640.0,1.0,333200.0,371
2023-05-10 09:02:58,cu2404,cu2404,66640.0,0.0,0.0,0.0,4,66890.0,66970.0,2,66700.0,66640.0,66640.0,66640.0,1.0,333200.0,371
2023-05-10 09:03:00,cu2404,cu2404,66640.0,0.0,0.0,0.0,4,66890.0,66970.0,2,66700.0,66640.0,66640.0,66640.0,1.0,333200.0,371
2023-05-10 09:03:00,cu2404,cu2404,66640.0,0.0,0.0,0.0,4,66890.0,66970.0,2,66700.0,66640.0,66640.0,66640.0,1.0,333200.0,371
2023-05-10 09:03:01,cu2404,cu2404,66640.0,0.0,0.0,0.0,3,66890.0,66970.0,2,66700.0,66640.0,66640.0,66640.0,1.0,333200.0,371
2023-05-10 09:03:02,cu2404,cu2404,66640.0,0.0,0.0,0.0,4,66890.0,66970.0,2,66700.0,66640.0,66640.0,66640.0,1.0,333200.0,371
2023-05-10 09:03:02,cu2404,cu2404,66640.0,0.0,0.0,0.0,3,66890.0,66970.0,2,66700.0,66640.0,66640.0,66640.0,1.0,333200.0,371
2023-05-10 09:03:04,cu2404,cu2404,66640.0,0.0,0.0,0.0,4,66890.0,66970.0,2,66700.0,66640.0,66640.0,66640.0,1.0,333200.0,371
2023-05-10 09:03:05,cu2404,cu2404,66640.0,0.0,0.0,0.0,3,66890.0,66970.0,2,66700.0,66640.0,66640.0,66640.0,1.0,333200.0,371
2023-05-10 09:03:11,cu2404,cu2404,66640.0,0.0,0.0,0.0,3,66890.0,66970.0,2,66700.0,66640.0,66640.0,66640.0,1.0,333200.0,371
2023-05-10 09:03:11,cu2404,cu2404,66640.0,0.0,0.0,0.0,3,66890.0,66970.0,2,66700.0,66640.0,66640.0,66640.0,1.0,333200.0,371
2023-05-10 09:03:12,cu2404,cu2404,66640.0,0.0,0.0,0.0,3,66890.0,66970.0,2,66700.0,66640.0,66640.0,66640.0,1.0,333200.0,371
2023-05-10 09:03:13,cu2404,cu2404,66640.0,0.0,0.0,0.0,3,66890.0,66970.0,2,66700.0,66640.0,66640.0,66640.0,1.0,333200.0,371
2023-05-10 09:03:17,cu2404,cu2404,66640.0,0.0,0.0,0.0,3,66890.0,66970.0,1,66700.0,66640.0,66640.0,66640.0,1.0,333200.0,371
2023-05-10 09:03:19,cu2404,cu2404,66640.0,0.0,0.0,0.0,4,66890.0,66970.0,1,66700.0,66640.0,66640.0,66640.0,1.0,333200.0,371
2023-05-10 09:03:20,cu2404,cu2404,66640.0,0.0,0.0,0.0,4,66890.0,66970.0,1,66700.0,66640.0,66640.0,66640.0,1.0,333200.0,371
2023-05-10 09:03:21,cu2404,cu2404,66640.0,0.0,0.0,0.0,4,66890.0,66970.0,1,66700.0,66640.0,66640.0,66640.0,1.0,333200.0,371
2023-05-10 09:03:21,cu2404,cu2404,66640.0,0.0,0.0,0.0,4,66890.0,66970.0,1,66700.0,66640.0,66640.0,66640.0,1.0,333200.0,371
2023-05-10 09:03:22,cu2404,cu2404,66640.0,0.0,0.0,0.0,4,66890.0,66970.0,1,66700.0,66640.0,66640.0,66640.0,1.0,333200.0,371
2023-05-10 09:03:23,cu2404,cu2404,66640.0,0.0,0.0,0.0,4,66890.0,66970.0,1,66700.0,66640.0,66640.0,66640.0,1.0,333200.0,371
2023-05-10 09:03:26,cu2404,cu2404,66640.0,0.0,0.0,0.0,4,66890.0,66970.0,1,66700.0,66640.0,66640.0,66640.0,1.0,333200.0,371
2023-05-10 09:03:27,cu2404,cu2404,66640.0,0.0,0.0,0.0,4,66890.0,66970.0,1,66700.0,66640.0,66640.0,66640.0,1.0,333200.0,371
2023-05-10 09:03:28,cu2404,cu2404,66640.0,0.0,0.0,0.0,4,66890.0,66970.0,1,66700.0,66640.0,66640.0,66640.0,1.0,333200.0,371
2023-05-10 09:03:29,cu2404,cu2404,66640.0,0.0,0.0,0.0,4,66890.0,66970.0,1,66700.0,66640.0,66640.0,66640.0,1.0,333200.0,371
2023-05-10 09:03:31,cu2404,cu2404,66640.0,0.0,0.0,0.0,4,66890.0,66970.0,1,66700.0,66640.0,66640.0,66640.0,1.0,333200.0,371
2023-05-10 09:03:31,cu2404,cu2404,66640.0,0.0,0.0,0.0,4,66890.0,66970.0,1,66700.0,66640.0,66640.0,66640.0,1.0,333200.0,371
2023-05-10 09:03:32,cu2404,cu2404,66640.0,0.0,0.0,0.0,4,66890.0,66970.0,2,66700.0,66640.0,66640.0,66640.0,1.0,333200.0,371
2023-05-10 09:03:33,cu2404,cu2404,66640.0,0.0,0.0,0.0,4,66890.0,66970.0,1,66700.0,66640.0,66640.0,66640.0,1.0,333200.0,371
2023-05-10 09:03:39,cu2404,cu2404,66640.0,0.0,0.0,0.0,1,66900.0,66970.0,1,66700.0,66640.0,66640.0,66640.0,1.0,333200.0,371
2023-05-10 09:03:39,cu2404,cu2404,66640.0,0.0,0.0,0.0,1,66820.0,66970.0,1,66700.0,66640.0,66640.0,66640.0,1.0,333200.0,371
2023-05-10 09:03:40,cu2404,cu2404,66640.0,0.0,0.0,0.0,1,66880.0,66970.0,1,66700.0,66640.0,66640.0,66640.0,1.0,333200.0,371
2023-05-10 09:03:40,cu2404,cu2404,66640.0,0.0,0.0,0.0,1,66890.0,66970.0,1,66700.0,66640.0,66640.0,66640.0,1.0,333200.0,371
2023-05-10 09:03:41,cu2404,cu2404,66640.0,0.0,0.0,0.0,3,66900.0,66970.0,1,66700.0,66640.0,66640.0,66640.0,1.0,333200.0,371
2023-05-10 09:03:41,cu2404,cu2404,66640.0,0.0,0.0,0.0,3,66900.0,66970.0,1,66700.0,66640.0,66640.0,66640.0,1.0,333200.0,371
2023-05-10 09:03:42,cu2404,cu2404,66640.0,0.0,0.0,0.0,3,66900.0,66970.0,1,66700.0,66640.0,66640.0,66640.0,1.0,333200.0,371
2023-05-10 09:03:45,cu2404,cu2404,66640.0,0.0,0.0,0.0,3,66900.0,66970.0,1,66700.0,66640.0,66640.0,66640.0,1.0,333200.0,371
2023-05-10 09:03:48,cu2404,cu2404,66640.0,0.0,0.0,0.0,3,66900.0,66970.0,1,66700.0,66640.0,66640.0,66640.0,1.0,333200.0,371
2023-05-10 09:03:49,cu2404,cu2404,66640.0,0.0,0.0,0.0,3,66900.0,66970.0,1,66700.0,66640.0,66640.0,66640.0,1.0,333200.0,371
2023-05-10 09:03:50,cu2404,cu2404,66640.0,0.0,0.0,0.0,3,66900.0,66970.0,1,66700.0,66640.0,66640.0,66640.0,1.0,333200.0,371
2023-05-10 09:03:50,cu2404,cu2404,66640.0,0.0,0.0,0.0,3,66900.0,66970.0,1,66700.0,66640.0,66640.0,66640.0,1.0,333200.0,371
2023-05-10 09:03:53,cu2404,cu2404,66640.0,0.0,0.0,0.0,4,66900.0,66970.0,1,66700.0,66640.0,66640.0,66640.0,1.0,333200.0,371
2023-05-10 09:03:54,cu2404,cu2404,66640.0,0.0,0.0,0.0,3,66900.0,66970.0,1,66700.0,66640.0,66640.0,66640.0,1.0,333200.0,371
2023-05-10 09:03:58,cu2404,cu2404,66640.0,0.0,0.0,0.0,3,66900.0,66970.0,1,66700.0,66640.0,66640.0,66640.0,1.0,333200.0,371
2023-05-10 09:03:59,cu2404,cu2404,66640.0,0.0,0.0,0.0,3,66900.0,66970.0,1,66700.0,66640.0,66640.0,66640.0,1.0,333200.0,371
2023-05-10 09:04:03,cu2404,cu2404,66640.0,0.0,0.0,0.0,3,66900.0,66970.0,1,66700.0,66640.0,66640.0,66640.0,1.0,333200.0,371
2023-05-10 09:04:03,cu2404,cu2404,66640.0,0.0,0.0,0.0,3,66900.0,66970.0,1,66700.0,66640.0,66640.0,66640.0,1.0,333200.0,371
2023-05-10 09:04:05,cu2404,cu2404,66640.0,0.0,0.0,0.0,3,66900.0,66970.0,1,66700.0,66640.0,66640.0,66640.0,1.0,333200.0,371
2023-05-10 09:04:06,cu2404,cu2404,66640.0,0.0,0.0,0.0,3,66900.0,66970.0,1,66700.0,66640.0,66640.0,66640.0,1.0,333200.0,371
2023-05-10 09:04:07,cu2404,cu2404,66640.0,0.0,0.0,0.0,3,66900.0,66970.0,1,66700.0,66640.0,66640.0,66640.0,1.0,333200.0,371
2023-05-10 09:04:07,cu2404,cu2404,66640.0,0.0,0.0,0.0,3,66900.0,66970.0,1,66700.0,66640.0,66640.0,66640.0,1.0,333200.0,371
2023-05-10 09:04:09,cu2404,cu2404,66640.0,0.0,0.0,0.0,4,66900.0,66970.0,1,66700.0,66640.0,66640.0,66640.0,1.0,333200.0,371
2023-05-10 09:04:11,cu2404,cu2404,66640.0,0.0,0.0,0.0,3,66900.0,66970.0,1,66700.0,66640.0,66640.0,66640.0,1.0,333200.0,371
2023-05-10 09:04:13,cu2404,cu2404,66640.0,0.0,0.0,0.0,3,66900.0,66970.0,1,66700.0,66640.0,66640.0,66640.0,1.0,333200.0,371
2023-05-10 09:04:14,cu2404,cu2404,66640.0,0.0,0.0,0.0,3,66900.0,66970.0,1,66700.0,66640.0,66640.0,66640.0,1.0,333200.0,371
2023-05-10 09:04:20,cu2404,cu2404,66640.0,0.0,0.0,0.0,1,66910.0,66970.0,1,66700.0,66640.0,66640.0,66640.0,1.0,333200.0,371
2023-05-10 09:04:21,cu2404,cu2404,66640.0,0.0,0.0,0.0,1,66910.0,66970.0,1,66700.0,66640.0,66640.0,66640.0,1.0,333200.0,371
2023-05-10 09:04:22,cu2404,cu2404,66640.0,0.0,0.0,0.0,4,66910.0,66970.0,1,66700.0,66640.0,66640.0,66640.0,1.0,333200.0,371
2023-05-10 09:04:23,cu2404,cu2404,66640.0,0.0,0.0,0.0,4,66910.0,66970.0,1,66700.0,66640.0,66640.0,66640.0,1.0,333200.0,371
2023-05-10 09:04:26,cu2404,cu2404,66640.0,0.0,0.0,0.0,1,66920.0,66970.0,1,66700.0,66640.0,66640.0,66640.0,1.0,333200.0,371
2023-05-10 09:04:26,cu2404,cu2404,66640.0,0.0,0.0,0.0,1,66930.0,67000.0,1,66700.0,66640.0,66640.0,66640.0,1.0,333200.0,371
2023-05-10 09:04:27,cu2404,cu2404,66640.0,0.0,0.0,0.0,4,66930.0,67000.0,1,66700.0,66640.0,66640.0,66640.0,1.0,333200.0,371
2023-05-10 09:04:28,cu2404,cu2404,66640.0,0.0,0.0,0.0,3,66930.0,67000.0,1,66700.0,66640.0,66640.0,66640.0,1.0,333200.0,371
2023-05-10 09:04:28,cu2404,cu2404,66640.0,0.0,0.0,0.0,4,66930.0,67000.0,1,66700.0,66640.0,66640.0,66640.0,1.0,333200.0,371
2023-05-10 09:04:29,cu2404,cu2404,66640.0,0.0,0.0,0.0,3,66930.0,67000.0,1,66700.0,66640.0,66640.0,66640.0,1.0,333200.0,371
2023-05-10 09:04:29,cu2404,cu2404,66640.0,0.0,0.0,0.0,4,66930.0,67000.0,1,66700.0,66640.0,66640.0,66640.0,1.0,333200.0,371
2023-05-10 09:04:30,cu2404,cu2404,66640.0,0.0,0.0,0.0,3,66930.0,67000.0,1,66700.0,66640.0,66640.0,66640.0,1.0,333200.0,371
2023-05-10 09:04:30,cu2404,cu2404,66640.0,0.0,0.0,0.0,4,66930.0,67000.0,1,66700.0,66640.0,66640.0,66640.0,1.0,333200.0,371
2023-05-10 09:04:31,cu2404,cu2404,66640.0,0.0,0.0,0.0,4,66930.0,67000.0,1,66700.0,66640.0,66640.0,66640.0,1.0,333200.0,371
2023-05-10 09:04:31,cu2404,cu2404,66640.0,0.0,0.0,0.0,4,66930.0,67000.0,1,66700.0,66640.0,66640.0,66640.0,1.0,333200.0,371
2023-05-10 09:04:33,cu2404,cu2404,66640.0,0.0,0.0,0.0,4,66930.0,67000.0,1,66700.0,66640.0,66640.0,66640.0,1.0,333200.0,371
2023-05-10 09:04:33,cu2404,cu2404,66640.0,0.0,0.0,0.0,4,66930.0,67000.0,1,66700.0,66640.0,66640.0,66640.0,1.0,333200.0,371
2023-05-10 09:04:34,cu2404,cu2404,66640.0,0.0,0.0,0.0,4,66930.0,67000.0,1,66700.0,66640.0,66640.0,66640.0,1.0,333200.0,371
2023-05-10 09:04:34,cu2404,cu2404,66640.0,0.0,0.0,0.0,4,66930.0,67000.0,1,66700.0,66640.0,66640.0,66640.0,1.0,333200.0,371
2023-05-10 09:04:37,cu2404,cu2404,66640.0,0.0,0.0,0.0,4,66930.0,67000.0,1,66700.0,66640.0,66640.0,66640.0,1.0,333200.0,371
2023-05-10 09:04:37,cu2404,cu2404,66640.0,0.0,0.0,0.0,4,66930.0,67000.0,1,66700.0,66640.0,66640.0,66640.0,1.0,333200.0,371
2023-05-10 09:04:38,cu2404,cu2404,66640.0,0.0,0.0,0.0,4,66930.0,67000.0,1,66700.0,66640.0,66640.0,66640.0,1.0,333200.0,371
2023-05-10 09:04:39,cu2404,cu2404,66640.0,0.0,0.0,0.0,3,66930.0,67000.0,1,66700.0,66640.0,66640.0,66640.0,1.0,333200.0,371
2023-05-10 09:04:42,cu2404,cu2404,66640.0,0.0,0.0,0.0,3,66930.0,67000.0,1,66700.0,66640.0,66640.0,66640.0,1.0,333200.0,371
2023-05-10 09:04:42,cu2404,cu2404,66640.0,0.0,0.0,0.0,3,66930.0,67000.0,1,66700.0,66640.0,66640.0,66640.0,1.0,333200.0,371
2023-05-10 09:04:43,cu2404,cu2404,66640.0,0.0,0.0,0.0,3,66930.0,67000.0,1,66700.0,66640.0,66640.0,66640.0,1.0,333200.0,371
2023-05-10 09:04:44,cu2404,cu2404,66640.0,0.0,0.0,0.0,3,66930.0,67000.0,1,66700.0,66640.0,66640.0,66640.0,1.0,333200.0,371
2023-05-10 09:04:46,cu2404,cu2404,66640.0,0.0,0.0,0.0,1,66820.0,67000.0,1,66700.0,66640.0,66640.0,66640.0,1.0,333200.0,371
2023-05-10 09:04:46,cu2404,cu2404,66640.0,0.0,0.0,0.0,1,66900.0,67000.0,1,66700.0,66640.0,66640.0,66640.0,1.0,333200.0,371
2023-05-10 09:04:47,cu2404,cu2404,66640.0,0.0,0.0,0.0,4,66910.0,67000.0,1,66700.0,66640.0,66640.0,66640.0,1.0,333200.0,371
2023-05-10 09:04:47,cu2404,cu2404,66640.0,0.0,0.0,0.0,4,66910.0,67000.0,1,66700.0,66640.0,66640.0,66640.0,1.0,333200.0,371
2023-05-10 09:04:48,cu2404,cu2404,66640.0,0.0,0.0,0.0,4,66910.0,67000.0,1,66700.0,66640.0,66640.0,66640.0,1.0,333200.0,371
2023-05-10 09:04:48,cu2404,cu2404,66640.0,0.0,0.0,0.0,4,66910.0,67000.0,1,66700.0,66640.0,66640.0,66640.0,1.0,333200.0,371
2023-05-10 09:04:49,cu2404,cu2404,66640.0,0.0,0.0,0.0,5,66910.0,67000.0,1,66700.0,66640.0,66640.0,66640.0,1.0,333200.0,371
2023-05-10 09:04:49,cu2404,cu2404,66640.0,0.0,0.0,0.0,4,66910.0,67000.0,1,66700.0,66640.0,66640.0,66640.0,1.0,333200.0,371
2023-05-10 09:04:50,cu2404,cu2404,66640.0,0.0,0.0,0.0,4,66910.0,67000.0,1,66700.0,66640.0,66640.0,66640.0,1.0,333200.0,371
2023-05-10 09:04:51,cu2404,cu2404,66640.0,0.0,0.0,0.0,5,66910.0,67000.0,1,66700.0,66640.0,66640.0,66640.0,1.0,333200.0,371
2023-05-10 09:04:51,cu2404,cu2404,66640.0,0.0,0.0,0.0,4,66910.0,67000.0,1,66700.0,66640.0,66640.0,66640.0,1.0,333200.0,371
2023-05-10 09:04:53,cu2404,cu2404,66640.0,0.0,0.0,0.0,5,66910.0,67000.0,1,66700.0,66640.0,66640.0,66640.0,1.0,333200.0,371
2023-05-10 09:04:53,cu2404,cu2404,66640.0,0.0,0.0,0.0,4,66910.0,67000.0,1,66700.0,66640.0,66640.0,66640.0,1.0,333200.0,371
2023-05-10 09:04:54,cu2404,cu2404,66640.0,0.0,0.0,0.0,5,66910.0,67000.0,1,66700.0,66640.0,66640.0,66640.0,1.0,333200.0,371
2023-05-10 09:04:54,cu2404,cu2404,66640.0,0.0,0.0,0.0,4,66910.0,67000.0,1,66700.0,66640.0,66640.0,66640.0,1.0,333200.0,371
2023-05-10 09:04:55,cu2404,cu2404,66640.0,0.0,0.0,0.0,5,66910.0,67000.0,1,66700.0,66640.0,66640.0,66640.0,1.0,333200.0,371
2023-05-10 09:04:55,cu2404,cu2404,66640.0,0.0,0.0,0.0,4,66910.0,67000.0,1,66700.0,66640.0,66640.0,66640.0,1.0,333200.0,371
2023-05-10 09:04:56,cu2404,cu2404,66640.0,0.0,0.0,0.0,5,66910.0,67000.0,1,66700.0,66640.0,66640.0,66640.0,1.0,333200.0,371
2023-05-10 09:04:58,cu2404,cu2404,66640.0,0.0,0.0,0.0,5,66910.0,67000.0,1,66700.0,66640.0,66640.0,66640.0,1.0,333200.0,371
2023-05-10 09:04:58,cu2404,cu2404,66640.0,0.0,0.0,0.0,5,66910.0,67000.0,1,66700.0,66640.0,66640.0,66640.0,1.0,333200.0,371
2023-05-10 09:05:00,cu2404,cu2404,66640.0,0.0,0.0,0.0,5,66910.0,67000.0,1,66700.0,66640.0,66640.0,66640.0,1.0,333200.0,371
2023-05-10 09:05:00,cu2404,cu2404,66640.0,0.0,0.0,0.0,5,66910.0,67000.0,1,66700.0,66640.0,66640.0,66640.0,1.0,333200.0,371
2023-05-10 09:05:01,cu2404,cu2404,66640.0,0.0,0.0,0.0,4,66910.0,67000.0,1,66700.0,66640.0,66640.0,66640.0,1.0,333200.0,371
2023-05-10 09:05:01,cu2404,cu2404,66640.0,0.0,0.0,0.0,1,66920.0,67000.0,1,66700.0,66640.0,66640.0,66640.0,1.0,333200.0,371
2023-05-10 09:05:02,cu2404,cu2404,66640.0,0.0,0.0,0.0,1,66920.0,67000.0,1,66700.0,66640.0,66640.0,66640.0,1.0,333200.0,371
2023-05-10 09:05:02,cu2404,cu2404,66640.0,0.0,0.0,0.0,3,66930.0,67000.0,1,66700.0,66640.0,66640.0,66640.0,1.0,333200.0,371
2023-05-10 09:05:03,cu2404,cu2404,66640.0,0.0,0.0,0.0,4,66930.0,67000.0,1,66700.0,66640.0,66640.0,66640.0,1.0,333200.0,371
2023-05-10 09:05:03,cu2404,cu2404,66640.0,0.0,0.0,0.0,4,66930.0,67000.0,1,66700.0,66640.0,66640.0,66640.0,1.0,333200.0,371
2023-05-10 09:05:04,cu2404,cu2404,66640.0,0.0,0.0,0.0,4,66930.0,67000.0,1,66700.0,66640.0,66640.0,66640.0,1.0,333200.0,371
2023-05-10 09:05:04,cu2404,cu2404,66640.0,0.0,0.0,0.0,4,66930.0,67000.0,1,66700.0,66640.0,66640.0,66640.0,1.0,333200.0,371
2023-05-10 09:05:07,cu2404,cu2404,66640.0,0.0,0.0,0.0,4,66930.0,67000.0,1,66700.0,66640.0,66640.0,66640.0,1.0,333200.0,371
2023-05-10 09:05:08,cu2404,cu2404,66640.0,0.0,0.0,0.0,4,66930.0,67000.0,1,66700.0,66640.0,66640.0,66640.0,1.0,333200.0,371
2023-05-10 09:05:08,cu2404,cu2404,66640.0,0.0,0.0,0.0,4,66930.0,67000.0,1,66700.0,66640.0,66640.0,66640.0,1.0,333200.0,371
2023-05-10 09:05:09,cu2404,cu2404,66640.0,0.0,0.0,0.0,4,66930.0,67000.0,1,66700.0,66640.0,66640.0,66640.0,1.0,333200.0,371
2023-05-10 09:05:09,cu2404,cu2404,66640.0,0.0,0.0,0.0,4,66930.0,67000.0,1,66700.0,66640.0,66640.0,66640.0,1.0,333200.0,371
2023-05-10 09:05:10,cu2404,cu2404,66640.0,0.0,0.0,0.0,4,66930.0,67000.0,1,66700.0,66640.0,66640.0,66640.0,1.0,333200.0,371
2023-05-10 09:05:15,cu2404,cu2404,66640.0,0.0,0.0,0.0,3,66930.0,67000.0,1,66700.0,66640.0,66640.0,66640.0,1.0,333200.0,371
2023-05-10 09:05:16,cu2404,cu2404,66640.0,0.0,0.0,0.0,4,66930.0,67000.0,1,66700.0,66640.0,66640.0,66640.0,1.0,333200.0,371
2023-05-10 09:05:17,cu2404,cu2404,66640.0,0.0,0.0,0.0,4,66930.0,67000.0,1,66700.0,66640.0,66640.0,66640.0,1.0,333200.0,371
2023-05-10 09:05:18,cu2404,cu2404,66640.0,0.0,0.0,0.0,4,66930.0,67000.0,1,66700.0,66640.0,66640.0,66640.0,1.0,333200.0,371
2023-05-10 09:05:25,cu2404,cu2404,66640.0,0.0,0.0,0.0,4,66930.0,67000.0,1,66700.0,66640.0,66640.0,66640.0,1.0,333200.0,371
2023-05-10 09:05:25,cu2404,cu2404,66640.0,0.0,0.0,0.0,4,66930.0,67000.0,1,66700.0,66640.0,66640.0,66640.0,1.0,333200.0,371
2023-05-10 09:05:26,cu2404,cu2404,66640.0,0.0,0.0,0.0,4,66930.0,67000.0,1,66700.0,66640.0,66640.0,66640.0,1.0,333200.0,371
2023-05-10 09:05:27,cu2404,cu2404,66640.0,0.0,0.0,0.0,4,66930.0,67000.0,1,66700.0,66640.0,66640.0,66640.0,1.0,333200.0,371
2023-05-10 09:05:27,cu2404,cu2404,66640.0,0.0,0.0,0.0,3,66930.0,67000.0,2,66700.0,66640.0,66640.0,66640.0,1.0,333200.0,371
2023-05-10 09:05:31,cu2404,cu2404,66640.0,0.0,0.0,0.0,3,66930.0,67000.0,2,66700.0,66640.0,66640.0,66640.0,1.0,333200.0,371
2023-05-10 09:05:31,cu2404,cu2404,66640.0,0.0,0.0,0.0,3,66930.0,67000.0,2,66700.0,66640.0,66640.0,66640.0,1.0,333200.0,371
2023-05-10 09:05:32,cu2404,cu2404,66640.0,0.0,0.0,0.0,3,66930.0,67000.0,1,66700.0,66640.0,66640.0,66640.0,1.0,333200.0,371
2023-05-10 09:05:33,cu2404,cu2404,66640.0,0.0,0.0,0.0,4,66930.0,67000.0,1,66700.0,66640.0,66640.0,66640.0,1.0,333200.0,371
2023-05-10 09:05:34,cu2404,cu2404,66640.0,0.0,0.0,0.0,4,66930.0,67000.0,1,66700.0,66640.0,66640.0,66640.0,1.0,333200.0,371
2023-05-10 09:05:34,cu2404,cu2404,66640.0,0.0,0.0,0.0,4,66930.0,67000.0,1,66700.0,66640.0,66640.0,66640.0,1.0,333200.0,371
2023-05-10 09:05:35,cu2404,cu2404,66640.0,0.0,0.0,0.0,4,66930.0,67000.0,1,66700.0,66640.0,66640.0,66640.0,1.0,333200.0,371
2023-05-10 09:05:36,cu2404,cu2404,66640.0,0.0,0.0,0.0,4,66930.0,67000.0,1,66700.0,66640.0,66640.0,66640.0,1.0,333200.0,371
2023-05-10 09:05:36,cu2404,cu2404,66640.0,0.0,0.0,0.0,4,66930.0,67000.0,1,66700.0,66640.0,66640.0,66640.0,1.0,333200.0,371
2023-05-10 09:05:40,cu2404,cu2404,66640.0,0.0,0.0,0.0,4,66930.0,67000.0,1,66700.0,66640.0,66640.0,66640.0,1.0,333200.0,371
2023-05-10 09:05:40,cu2404,cu2404,66640.0,0.0,0.0,0.0,4,66930.0,67000.0,1,66700.0,66640.0,66640.0,66640.0,1.0,333200.0,371
2023-05-10 09:05:42,cu2404,cu2404,66640.0,0.0,0.0,0.0,4,66930.0,67000.0,1,66700.0,66640.0,66640.0,66640.0,1.0,333200.0,371
2023-05-10 09:05:43,cu2404,cu2404,66640.0,0.0,0.0,0.0,4,66930.0,67000.0,1,66700.0,66640.0,66640.0,66640.0,1.0,333200.0,371
2023-05-10 09:05:44,cu2404,cu2404,66640.0,0.0,0.0,0.0,4,66930.0,67000.0,1,66700.0,66640.0,66640.0,66640.0,1.0,333200.0,371
2023-05-10 09:05:44,cu2404,cu2404,66640.0,0.0,0.0,0.0,4,66930.0,67000.0,1,66700.0,66640.0,66640.0,66640.0,1.0,333200.0,371
2023-05-10 09:05:48,cu2404,cu2404,66640.0,0.0,0.0,0.0,4,66930.0,67000.0,1,66700.0,66640.0,66640.0,66640.0,1.0,333200.0,371
2023-05-10 09:05:48,cu2404,cu2404,66640.0,0.0,0.0,0.0,4,66930.0,67000.0,1,66700.0,66640.0,66640.0,66640.0,1.0,333200.0,371
2023-05-10 09:05:53,cu2404,cu2404,66640.0,0.0,0.0,0.0,4,66930.0,67000.0,1,66700.0,66640.0,66640.0,66640.0,1.0,333200.0,371
2023-05-10 09:05:54,cu2404,cu2404,66640.0,0.0,0.0,0.0,1,66940.0,67000.0,1,66700.0,66640.0,66640.0,66640.0,1.0,333200.0,371
2023-05-10 09:05:54,cu2404,cu2404,66640.0,0.0,0.0,0.0,1,66940.0,67000.0,1,66700.0,66640.0,66640.0,66640.0,1.0,333200.0,371
2023-05-10 09:05:55,cu2404,cu2404,66640.0,0.0,0.0,0.0,3,66950.0,67000.0,1,66700.0,66640.0,66640.0,66640.0,1.0,333200.0,371
2023-05-10 09:05:55,cu2404,cu2404,66640.0,0.0,0.0,0.0,4,66950.0,67000.0,1,66700.0,66640.0,66640.0,66640.0,1.0,333200.0,371
2023-05-10 09:05:58,cu2404,cu2404,66640.0,0.0,0.0,0.0,4,66950.0,67000.0,1,66700.0,66640.0,66640.0,66640.0,1.0,333200.0,371
2023-05-10 09:05:58,cu2404,cu2404,66640.0,0.0,0.0,0.0,4,66950.0,67000.0,1,66700.0,66640.0,66640.0,66640.0,1.0,333200.0,371
2023-05-10 09:05:59,cu2404,cu2404,66640.0,0.0,0.0,0.0,4,66950.0,67000.0,1,66700.0,66640.0,66640.0,66640.0,1.0,333200.0,371
2023-05-10 09:06:00,cu2404,cu2404,66640.0,0.0,0.0,0.0,4,66950.0,67000.0,1,66700.0,66640.0,66640.0,66640.0,1.0,333200.0,371
2023-05-10 09:06:00,cu2404,cu2404,66640.0,0.0,0.0,0.0,1,66960.0,67000.0,1,66700.0,66640.0,66640.0,66640.0,1.0,333200.0,371
2023-05-10 09:06:01,cu2404,cu2404,66640.0,0.0,0.0,0.0,1,66820.0,67000.0,1,66700.0,66640.0,66640.0,66640.0,1.0,333200.0,371
2023-05-10 09:06:01,cu2404,cu2404,66640.0,0.0,0.0,0.0,1,66940.0,67000.0,1,66700.0,66640.0,66640.0,66640.0,1.0,333200.0,371
2023-05-10 09:06:02,cu2404,cu2404,66640.0,0.0,0.0,0.0,1,66950.0,67000.0,1,66700.0,66640.0,66640.0,66640.0,1.0,333200.0,371
2023-05-10 09:06:02,cu2404,cu2404,66640.0,0.0,0.0,0.0,3,66960.0,67000.0,1,66700.0,66640.0,66640.0,66640.0,1.0,333200.0,371
2023-05-10 09:06:03,cu2404,cu2404,66640.0,0.0,0.0,0.0,3,66960.0,67000.0,1,66700.0,66640.0,66640.0,66640.0,1.0,333200.0,371
2023-05-10 09:06:04,cu2404,cu2404,66640.0,0.0,0.0,0.0,3,66960.0,67000.0,1,66700.0,66640.0,66640.0,66640.0,1.0,333200.0,371
2023-05-10 09:06:04,cu2404,cu2404,66640.0,0.0,0.0,0.0,4,66960.0,67000.0,1,66700.0,66640.0,66640.0,66640.0,1.0,333200.0,371
2023-05-10 09:06:05,cu2404,cu2404,66640.0,0.0,0.0,0.0,4,66960.0,67000.0,1,66700.0,66640.0,66640.0,66640.0,1.0,333200.0,371
2023-05-10 09:06:06,cu2404,cu2404,66640.0,0.0,0.0,0.0,4,66960.0,67000.0,1,66700.0,66640.0,66640.0,66640.0,1.0,333200.0,371
2023-05-10 09:06:07,cu2404,cu2404,66640.0,0.0,0.0,0.0,3,66960.0,67000.0,1,66700.0,66640.0,66640.0,66640.0,1.0,333200.0,371
2023-05-10 09:06:08,cu2404,cu2404,66640.0,0.0,0.0,0.0,3,66960.0,67000.0,1,66700.0,66640.0,66640.0,66640.0,1.0,333200.0,371
2023-05-10 09:06:09,cu2404,cu2404,66640.0,0.0,0.0,0.0,3,66960.0,67000.0,1,66700.0,66640.0,66640.0,66640.0,1.0,333200.0,371
2023-05-10 09:06:11,cu2404,cu2404,66640.0,0.0,0.0,0.0,3,66960.0,67000.0,1,66700.0,66640.0,66640.0,66640.0,1.0,333200.0,371
2023-05-10 09:06:12,cu2404,cu2404,66640.0,0.0,0.0,0.0,3,66960.0,67000.0,1,66700.0,66640.0,66640.0,66640.0,1.0,333200.0,371
2023-05-10 09:06:14,cu2404,cu2404,66640.0,0.0,0.0,0.0,3,66960.0,67000.0,1,66700.0,66640.0,66640.0,66640.0,1.0,333200.0,371
2023-05-10 09:06:15,cu2404,cu2404,66640.0,0.0,0.0,0.0,3,66960.0,67000.0,1,66700.0,66640.0,66640.0,66640.0,1.0,333200.0,371
2023-05-10 09:06:21,cu2404,cu2404,66640.0,0.0,0.0,0.0,3,66960.0,67000.0,1,66700.0,66640.0,66640.0,66640.0,1.0,333200.0,371
2023-05-10 09:06:21,cu2404,cu2404,66640.0,0.0,0.0,0.0,3,66960.0,67000.0,1,66700.0,66640.0,66640.0,66640.0,1.0,333200.0,371
2023-05-10 09:06:22,cu2404,cu2404,66640.0,0.0,0.0,0.0,4,66960.0,67000.0,1,66700.0,66640.0,66640.0,66640.0,1.0,333200.0,371
2023-05-10 09:06:23,cu2404,cu2404,66640.0,0.0,0.0,0.0,4,66960.0,67000.0,1,66700.0,66640.0,66640.0,66640.0,1.0,333200.0,371
2023-05-10 09:06:24,cu2404,cu2404,66640.0,0.0,0.0,0.0,4,66960.0,67000.0,1,66700.0,66640.0,66640.0,66640.0,1.0,333200.0,371
2023-05-10 09:06:24,cu2404,cu2404,66640.0,0.0,0.0,0.0,4,66960.0,67000.0,1,66700.0,66640.0,66640.0,66640.0,1.0,333200.0,371
2023-05-10 09:06:25,cu2404,cu2404,66640.0,0.0,0.0,0.0,4,66960.0,67000.0,1,66700.0,66640.0,66640.0,66640.0,1.0,333200.0,371
2023-05-10 09:06:25,cu2404,cu2404,66640.0,0.0,0.0,0.0,1,66970.0,67000.0,1,66700.0,66640.0,66640.0,66640.0,1.0,333200.0,371
2023-05-10 09:06:26,cu2404,cu2404,66640.0,0.0,0.0,0.0,1,66970.0,67000.0,1,66700.0,66640.0,66640.0,66640.0,1.0,333200.0,371
2023-05-10 09:06:26,cu2404,cu2404,66640.0,0.0,0.0,0.0,3,66980.0,67000.0,1,66700.0,66640.0,66640.0,66640.0,1.0,333200.0,371
2023-05-10 09:06:27,cu2404,cu2404,66640.0,0.0,0.0,0.0,3,66980.0,67000.0,1,66700.0,66640.0,66640.0,66640.0,1.0,333200.0,371
2023-05-10 09:06:28,cu2404,cu2404,66640.0,0.0,0.0,0.0,3,66980.0,67000.0,1,66700.0,66640.0,66640.0,66640.0,1.0,333200.0,371
2023-05-10 09:06:29,cu2404,cu2404,66640.0,0.0,0.0,0.0,3,66980.0,67000.0,1,66700.0,66640.0,66640.0,66640.0,1.0,333200.0,371
2023-05-10 09:06:30,cu2404,cu2404,66640.0,0.0,0.0,0.0,3,66980.0,67000.0,1,66700.0,66640.0,66640.0,66640.0,1.0,333200.0,371
2023-05-10 09:06:31,cu2404,cu2404,66640.0,0.0,0.0,0.0,3,66980.0,67000.0,1,66700.0,66640.0,66640.0,66640.0,1.0,333200.0,371
2023-05-10 09:06:31,cu2404,cu2404,66640.0,0.0,0.0,0.0,3,66980.0,67000.0,1,66700.0,66640.0,66640.0,66640.0,1.0,333200.0,371
2023-05-10 09:06:33,cu2404,cu2404,66640.0,0.0,0.0,0.0,3,66980.0,67000.0,1,66700.0,66640.0,66640.0,66640.0,1.0,333200.0,371
2023-05-10 09:06:33,cu2404,cu2404,66640.0,0.0,0.0,0.0,3,66980.0,67000.0,1,66700.0,66640.0,66640.0,66640.0,1.0,333200.0,371
2023-05-10 09:06:34,cu2404,cu2404,66640.0,0.0,0.0,0.0,3,66980.0,67000.0,1,66700.0,66640.0,66640.0,66640.0,1.0,333200.0,371
2023-05-10 09:06:35,cu2404,cu2404,66640.0,0.0,0.0,0.0,3,66980.0,67000.0,1,66700.0,66640.0,66640.0,66640.0,1.0,333200.0,371
2023-05-10 09:06:37,cu2404,cu2404,66640.0,0.0,0.0,0.0,3,66980.0,67000.0,3,66700.0,66640.0,66640.0,66640.0,1.0,333200.0,371
2023-05-10 09:06:38,cu2404,cu2404,66640.0,0.0,0.0,0.0,3,66980.0,67000.0,1,66700.0,66640.0,66640.0,66640.0,1.0,333200.0,371
2023-05-10 09:06:39,cu2404,cu2404,66640.0,0.0,0.0,0.0,1,66820.0,67000.0,1,66700.0,66640.0,66640.0,66640.0,1.0,333200.0,371
2023-05-10 09:06:39,cu2404,cu2404,66640.0,0.0,0.0,0.0,1,66930.0,67000.0,1,66700.0,66640.0,66640.0,66640.0,1.0,333200.0,371
2023-05-10 09:06:40,cu2404,cu2404,66640.0,0.0,0.0,0.0,4,66940.0,67000.0,1,66700.0,66640.0,66640.0,66640.0,1.0,333200.0,371
2023-05-10 09:06:40,cu2404,cu2404,66640.0,0.0,0.0,0.0,4,66940.0,67000.0,1,66700.0,66640.0,66640.0,66640.0,1.0,333200.0,371
2023-05-10 09:06:42,cu2404,cu2404,66640.0,0.0,0.0,0.0,4,66940.0,67000.0,1,66700.0,66640.0,66640.0,66640.0,1.0,333200.0,371
2023-05-10 09:06:43,cu2404,cu2404,66640.0,0.0,0.0,0.0,4,66940.0,67000.0,1,66700.0,66640.0,66640.0,66640.0,1.0,333200.0,371
2023-05-10 09:06:44,cu2404,cu2404,66640.0,0.0,0.0,0.0,3,66940.0,67000.0,1,66700.0,66640.0,66640.0,66640.0,1.0,333200.0,371
2023-05-10 09:06:47,cu2404,cu2404,66640.0,0.0,0.0,0.0,3,66940.0,67000.0,1,66700.0,66640.0,66640.0,66640.0,1.0,333200.0,371
2023-05-10 09:06:47,cu2404,cu2404,66640.0,0.0,0.0,0.0,3,66940.0,67000.0,1,66700.0,66640.0,66640.0,66640.0,1.0,333200.0,371
2023-05-10 09:06:48,cu2404,cu2404,66640.0,0.0,0.0,0.0,3,66940.0,67000.0,1,66700.0,66640.0,66640.0,66640.0,1.0,333200.0,371
2023-05-10 09:06:48,cu2404,cu2404,66640.0,0.0,0.0,0.0,3,66940.0,67000.0,1,66700.0,66640.0,66640.0,66640.0,1.0,333200.0,371
2023-05-10 09:06:49,cu2404,cu2404,66640.0,0.0,0.0,0.0,3,66940.0,67000.0,1,66700.0,66640.0,66640.0,66640.0,1.0,333200.0,371
2023-05-10 09:06:49,cu2404,cu2404,66640.0,0.0,0.0,0.0,3,66940.0,67000.0,1,66700.0,66640.0,66640.0,66640.0,1.0,333200.0,371
2023-05-10 09:06:54,cu2404,cu2404,66640.0,0.0,0.0,0.0,3,66940.0,67000.0,1,66700.0,66640.0,66640.0,66640.0,1.0,333200.0,371
2023-05-10 09:06:55,cu2404,cu2404,66640.0,0.0,0.0,0.0,3,66940.0,67000.0,1,66700.0,66640.0,66640.0,66640.0,1.0,333200.0,371
2023-05-10 09:06:57,cu2404,cu2404,66640.0,0.0,0.0,0.0,3,66940.0,67000.0,2,66700.0,66640.0,66640.0,66640.0,1.0,333200.0,371
2023-05-10 09:06:58,cu2404,cu2404,66640.0,0.0,0.0,0.0,3,66940.0,67000.0,1,66700.0,66640.0,66640.0,66640.0,1.0,333200.0,371
2023-05-10 09:06:59,cu2404,cu2404,66640.0,0.0,0.0,0.0,3,66940.0,67000.0,1,66700.0,66640.0,66640.0,66640.0,1.0,333200.0,371
2023-05-10 09:06:59,cu2404,cu2404,66640.0,0.0,0.0,0.0,3,66940.0,67000.0,1,66700.0,66640.0,66640.0,66640.0,1.0,333200.0,371
2023-05-10 09:07:04,cu2404,cu2404,66640.0,0.0,0.0,0.0,4,66940.0,67000.0,1,66700.0,66640.0,66640.0,66640.0,1.0,333200.0,371
2023-05-10 09:07:05,cu2404,cu2404,66640.0,0.0,0.0,0.0,3,66940.0,67000.0,1,66700.0,66640.0,66640.0,66640.0,1.0,333200.0,371
2023-05-10 09:07:10,cu2404,cu2404,66640.0,0.0,0.0,0.0,3,66940.0,67000.0,1,66700.0,66640.0,66640.0,66640.0,1.0,333200.0,371
2023-05-10 09:07:10,cu2404,cu2404,66640.0,0.0,0.0,0.0,3,66940.0,67000.0,1,66700.0,66640.0,66640.0,66640.0,1.0,333200.0,371
2023-05-10 09:07:14,cu2404,cu2404,66640.0,0.0,0.0,0.0,3,66940.0,67000.0,1,66700.0,66640.0,66640.0,66640.0,1.0,333200.0,371
2023-05-10 09:07:14,cu2404,cu2404,66640.0,0.0,0.0,0.0,3,66940.0,67000.0,1,66700.0,66640.0,66640.0,66640.0,1.0,333200.0,371
2023-05-10 09:07:16,cu2404,cu2404,66640.0,0.0,0.0,0.0,3,66940.0,67000.0,1,66700.0,66640.0,66640.0,66640.0,1.0,333200.0,371
2023-05-10 09:07:16,cu2404,cu2404,66640.0,0.0,0.0,0.0,3,66940.0,67000.0,1,66700.0,66640.0,66640.0,66640.0,1.0,333200.0,371
2023-05-10 09:07:24,cu2404,cu2404,66640.0,0.0,0.0,0.0,3,66940.0,67000.0,1,66700.0,66640.0,66640.0,66640.0,1.0,333200.0,371
2023-05-10 09:07:25,cu2404,cu2404,66640.0,0.0,0.0,0.0,3,66940.0,67000.0,1,66700.0,66640.0,66640.0,66640.0,1.0,333200.0,371
2023-05-10 09:07:27,cu2404,cu2404,66640.0,0.0,0.0,0.0,3,66940.0,67000.0,1,66700.0,66640.0,66640.0,66640.0,1.0,333200.0,371
2023-05-10 09:07:27,cu2404,cu2404,66640.0,0.0,0.0,0.0,3,66940.0,67000.0,1,66700.0,66640.0,66640.0,66640.0,1.0,333200.0,371
2023-05-10 09:07:30,cu2404,cu2404,66640.0,0.0,0.0,0.0,3,66940.0,67000.0,1,66700.0,66640.0,66640.0,66640.0,1.0,333200.0,371
2023-05-10 09:07:31,cu2404,cu2404,66640.0,0.0,0.0,0.0,3,66940.0,67000.0,1,66700.0,66640.0,66640.0,66640.0,1.0,333200.0,371
2023-05-10 09:07:32,cu2404,cu2404,66640.0,0.0,0.0,0.0,3,66940.0,67000.0,1,66700.0,66640.0,66640.0,66640.0,1.0,333200.0,371
2023-05-10 09:07:33,cu2404,cu2404,66640.0,0.0,0.0,0.0,3,66940.0,67000.0,1,66700.0,66640.0,66640.0,66640.0,1.0,333200.0,371
2023-05-10 09:07:36,cu2404,cu2404,66640.0,0.0,0.0,0.0,3,66940.0,67000.0,2,66700.0,66640.0,66640.0,66640.0,1.0,333200.0,371
2023-05-10 09:07:43,cu2404,cu2404,66640.0,0.0,0.0,0.0,3,66940.0,67000.0,2,66700.0,66640.0,66640.0,66640.0,1.0,333200.0,371
2023-05-10 09:07:44,cu2404,cu2404,66640.0,0.0,0.0,0.0,3,66940.0,67000.0,2,66700.0,66640.0,66640.0,66640.0,1.0,333200.0,371
2023-05-10 09:07:46,cu2404,cu2404,66640.0,0.0,0.0,0.0,3,66940.0,66990.0,1,66700.0,66640.0,66640.0,66640.0,1.0,333200.0,371
2023-05-10 09:07:47,cu2404,cu2404,66640.0,0.0,0.0,0.0,3,66940.0,66990.0,1,66700.0,66640.0,66640.0,66640.0,1.0,333200.0,371
2023-05-10 09:07:47,cu2404,cu2404,66640.0,0.0,0.0,0.0,1,66850.0,66990.0,1,66700.0,66640.0,66640.0,66640.0,1.0,333200.0,371
2023-05-10 09:07:48,cu2404,cu2404,66640.0,0.0,0.0,0.0,1,66890.0,66990.0,1,66700.0,66640.0,66640.0,66640.0,1.0,333200.0,371
2023-05-10 09:07:48,cu2404,cu2404,66640.0,0.0,0.0,0.0,1,66900.0,66990.0,2,66700.0,66640.0,66640.0,66640.0,1.0,333200.0,371
2023-05-10 09:07:49,cu2404,cu2404,66640.0,0.0,0.0,0.0,3,66910.0,66990.0,2,66700.0,66640.0,66640.0,66640.0,1.0,333200.0,371
2023-05-10 09:07:49,cu2404,cu2404,66640.0,0.0,0.0,0.0,4,66910.0,66990.0,2,66700.0,66640.0,66640.0,66640.0,1.0,333200.0,371
2023-05-10 09:07:50,cu2404,cu2404,66640.0,0.0,0.0,0.0,4,66910.0,66990.0,1,66700.0,66640.0,66640.0,66640.0,1.0,333200.0,371
2023-05-10 09:07:51,cu2404,cu2404,66640.0,0.0,0.0,0.0,4,66910.0,66990.0,1,66700.0,66640.0,66640.0,66640.0,1.0,333200.0,371
2023-05-10 09:07:51,cu2404,cu2404,66640.0,0.0,0.0,0.0,1,66920.0,67000.0,1,66700.0,66640.0,66640.0,66640.0,1.0,333200.0,371
2023-05-10 09:07:52,cu2404,cu2404,66640.0,0.0,0.0,0.0,1,66920.0,67000.0,2,66700.0,66640.0,66640.0,66640.0,1.0,333200.0,371
2023-05-10 09:07:52,cu2404,cu2404,66640.0,0.0,0.0,0.0,3,66930.0,67000.0,2,66700.0,66640.0,66640.0,66640.0,1.0,333200.0,371
2023-05-10 09:07:53,cu2404,cu2404,66640.0,0.0,0.0,0.0,3,66930.0,67000.0,2,66700.0,66640.0,66640.0,66640.0,1.0,333200.0,371
2023-05-10 09:07:53,cu2404,cu2404,66640.0,0.0,0.0,0.0,3,66930.0,67000.0,1,66700.0,66640.0,66640.0,66640.0,1.0,333200.0,371
2023-05-10 09:07:57,cu2404,cu2404,66640.0,0.0,0.0,0.0,3,66930.0,67000.0,1,66700.0,66640.0,66640.0,66640.0,1.0,333200.0,371
2023-05-10 09:07:58,cu2404,cu2404,66640.0,0.0,0.0,0.0,3,66930.0,66990.0,1,66700.0,66640.0,66640.0,66640.0,1.0,333200.0,371
2023-05-10 09:07:58,cu2404,cu2404,66640.0,0.0,0.0,0.0,3,66930.0,66990.0,1,66700.0,66640.0,66640.0,66640.0,1.0,333200.0,371
2023-05-10 09:07:59,cu2404,cu2404,66640.0,0.0,0.0,0.0,3,66930.0,67000.0,1,66700.0,66640.0,66640.0,66640.0,1.0,333200.0,371
2023-05-10 09:07:59,cu2404,cu2404,66640.0,0.0,0.0,0.0,3,66930.0,66990.0,1,66700.0,66640.0,66640.0,66640.0,1.0,333200.0,371
2023-05-10 09:08:00,cu2404,cu2404,66640.0,0.0,0.0,0.0,3,66930.0,67000.0,1,66700.0,66640.0,66640.0,66640.0,1.0,333200.0,371
2023-05-10 09:08:00,cu2404,cu2404,66640.0,0.0,0.0,0.0,3,66930.0,67000.0,2,66700.0,66640.0,66640.0,66640.0,1.0,333200.0,371
2023-05-10 09:08:01,cu2404,cu2404,66640.0,0.0,0.0,0.0,3,66930.0,66990.0,1,66700.0,66640.0,66640.0,66640.0,1.0,333200.0,371
2023-05-10 09:08:02,cu2404,cu2404,66640.0,0.0,0.0,0.0,3,66930.0,66990.0,2,66700.0,66640.0,66640.0,66640.0,1.0,333200.0,371
2023-05-10 09:08:02,cu2404,cu2404,66640.0,0.0,0.0,0.0,3,66930.0,66990.0,2,66700.0,66640.0,66640.0,66640.0,1.0,333200.0,371
2023-05-10 09:08:04,cu2404,cu2404,66640.0,0.0,0.0,0.0,3,66930.0,66990.0,1,66700.0,66640.0,66640.0,66640.0,1.0,333200.0,371
2023-05-10 09:08:05,cu2404,cu2404,66640.0,0.0,0.0,0.0,3,66930.0,66990.0,1,66700.0,66640.0,66640.0,66640.0,1.0,333200.0,371
2023-05-10 09:08:05,cu2404,cu2404,66640.0,0.0,0.0,0.0,3,66930.0,66990.0,1,66700.0,66640.0,66640.0,66640.0,1.0,333200.0,371
2023-05-10 09:08:06,cu2404,cu2404,66640.0,0.0,0.0,0.0,3,66930.0,66990.0,2,66700.0,66640.0,66640.0,66640.0,1.0,333200.0,371
2023-05-10 09:08:06,cu2404,cu2404,66640.0,0.0,0.0,0.0,3,66930.0,66990.0,1,66700.0,66640.0,66640.0,66640.0,1.0,333200.0,371
2023-05-10 09:08:07,cu2404,cu2404,66640.0,0.0,0.0,0.0,3,66930.0,66990.0,1,66700.0,66640.0,66640.0,66640.0,1.0,333200.0,371
2023-05-10 09:08:08,cu2404,cu2404,66640.0,0.0,0.0,0.0,3,66930.0,67000.0,1,66700.0,66640.0,66640.0,66640.0,1.0,333200.0,371
2023-05-10 09:08:08,cu2404,cu2404,66640.0,0.0,0.0,0.0,3,66930.0,67000.0,2,66700.0,66640.0,66640.0,66640.0,1.0,333200.0,371
2023-05-10 09:08:12,cu2404,cu2404,66640.0,0.0,0.0,0.0,3,66930.0,66990.0,1,66700.0,66640.0,66640.0,66640.0,1.0,333200.0,371
2023-05-10 09:08:12,cu2404,cu2404,66640.0,0.0,0.0,0.0,3,66930.0,66990.0,1,66700.0,66640.0,66640.0,66640.0,1.0,333200.0,371
2023-05-10 09:08:19,cu2404,cu2404,66640.0,0.0,0.0,0.0,3,66930.0,66990.0,2,66700.0,66640.0,66640.0,66640.0,1.0,333200.0,371
2023-05-10 09:08:20,cu2404,cu2404,66640.0,0.0,0.0,0.0,3,66930.0,66990.0,1,66700.0,66640.0,66640.0,66640.0,1.0,333200.0,371
2023-05-10 09:08:20,cu2404,cu2404,66640.0,0.0,0.0,0.0,3,66930.0,66990.0,1,66700.0,66640.0,66640.0,66640.0,1.0,333200.0,371
2023-05-10 09:08:21,cu2404,cu2404,66640.0,0.0,0.0,0.0,3,66930.0,66990.0,2,66700.0,66640.0,66640.0,66640.0,1.0,333200.0,371
2023-05-10 09:08:22,cu2404,cu2404,66640.0,0.0,0.0,0.0,3,66930.0,66990.0,2,66700.0,66640.0,66640.0,66640.0,1.0,333200.0,371
2023-05-10 09:08:22,cu2404,cu2404,66640.0,0.0,0.0,0.0,3,66930.0,66990.0,2,66700.0,66640.0,66640.0,66640.0,1.0,333200.0,371
2023-05-10 09:08:26,cu2404,cu2404,66640.0,0.0,0.0,0.0,3,66930.0,66980.0,1,66700.0,66640.0,66640.0,66640.0,1.0,333200.0,371
2023-05-10 09:08:27,cu2404,cu2404,66640.0,0.0,0.0,0.0,3,66930.0,66990.0,1,66700.0,66640.0,66640.0,66640.0,1.0,333200.0,371
2023-05-10 09:08:27,cu2404,cu2404,66640.0,0.0,0.0,0.0,3,66930.0,66990.0,2,66700.0,66640.0,66640.0,66640.0,1.0,333200.0,371
2023-05-10 09:08:28,cu2404,cu2404,66640.0,0.0,0.0,0.0,3,66930.0,66990.0,2,66700.0,66640.0,66640.0,66640.0,1.0,333200.0,371
2023-05-10 09:08:29,cu2404,cu2404,66640.0,0.0,0.0,0.0,3,66930.0,66990.0,2,66700.0,66640.0,66640.0,66640.0,1.0,333200.0,371
2023-05-10 09:08:31,cu2404,cu2404,66640.0,0.0,0.0,0.0,1,66850.0,66990.0,2,66700.0,66640.0,66640.0,66640.0,1.0,333200.0,371
2023-05-10 09:08:32,cu2404,cu2404,66640.0,0.0,0.0,0.0,1,66880.0,66990.0,2,66700.0,66640.0,66640.0,66640.0,1.0,333200.0,371
2023-05-10 09:08:32,cu2404,cu2404,66640.0,0.0,0.0,0.0,1,66890.0,66990.0,2,66700.0,66640.0,66640.0,66640.0,1.0,333200.0,371
2023-05-10 09:08:33,cu2404,cu2404,66640.0,0.0,0.0,0.0,4,66890.0,66990.0,2,66700.0,66640.0,66640.0,66640.0,1.0,333200.0,371
2023-05-10 09:08:33,cu2404,cu2404,66640.0,0.0,0.0,0.0,4,66890.0,66980.0,1,66700.0,66640.0,66640.0,66640.0,1.0,333200.0,371
2023-05-10 09:08:34,cu2404,cu2404,66640.0,0.0,0.0,0.0,4,66890.0,66970.0,1,66700.0,66640.0,66640.0,66640.0,1.0,333200.0,371
2023-05-10 09:08:34,cu2404,cu2404,66640.0,0.0,0.0,0.0,4,66890.0,67000.0,1,66700.0,66640.0,66640.0,66640.0,1.0,333200.0,371
2023-05-10 09:08:35,cu2404,cu2404,66640.0,0.0,0.0,0.0,4,66890.0,66980.0,1,66700.0,66640.0,66640.0,66640.0,1.0,333200.0,371
2023-05-10 09:08:35,cu2404,cu2404,66640.0,0.0,0.0,0.0,4,66890.0,66980.0,2,66700.0,66640.0,66640.0,66640.0,1.0,333200.0,371
2023-05-10 09:08:37,cu2404,cu2404,66640.0,0.0,0.0,0.0,4,66890.0,66980.0,2,66700.0,66640.0,66640.0,66640.0,1.0,333200.0,371
2023-05-10 09:08:37,cu2404,cu2404,66640.0,0.0,0.0,0.0,4,66890.0,66980.0,2,66700.0,66640.0,66640.0,66640.0,1.0,333200.0,371
2023-05-10 09:08:38,cu2404,cu2404,66640.0,0.0,0.0,0.0,4,66890.0,66980.0,2,66700.0,66640.0,66640.0,66640.0,1.0,333200.0,371
2023-05-10 09:08:44,cu2404,cu2404,66640.0,0.0,0.0,0.0,4,66890.0,66980.0,2,66700.0,66640.0,66640.0,66640.0,1.0,333200.0,371
2023-05-10 09:08:46,cu2404,cu2404,66640.0,0.0,0.0,0.0,4,66890.0,66980.0,2,66700.0,66640.0,66640.0,66640.0,1.0,333200.0,371
2023-05-10 09:08:50,cu2404,cu2404,66640.0,0.0,0.0,0.0,4,66890.0,66980.0,2,66700.0,66640.0,66640.0,66640.0,1.0,333200.0,371
2023-05-10 09:08:50,cu2404,cu2404,66640.0,0.0,0.0,0.0,4,66890.0,66980.0,2,66700.0,66640.0,66640.0,66640.0,1.0,333200.0,371
2023-05-10 09:08:52,cu2404,cu2404,66640.0,0.0,0.0,0.0,4,66890.0,66970.0,1,66700.0,66640.0,66640.0,66640.0,1.0,333200.0,371
2023-05-10 09:08:52,cu2404,cu2404,66640.0,0.0,0.0,0.0,4,66890.0,67000.0,2,66700.0,66640.0,66640.0,66640.0,1.0,333200.0,371
2023-05-10 09:08:53,cu2404,cu2404,66640.0,0.0,0.0,0.0,4,66890.0,66990.0,2,66700.0,66640.0,66640.0,66640.0,1.0,333200.0,371
2023-05-10 09:08:54,cu2404,cu2404,66640.0,0.0,0.0,0.0,4,66890.0,66990.0,2,66700.0,66640.0,66640.0,66640.0,1.0,333200.0,371
2023-05-10 09:08:54,cu2404,cu2404,66640.0,0.0,0.0,0.0,4,66890.0,66990.0,2,66700.0,66640.0,66640.0,66640.0,1.0,333200.0,371
2023-05-10 09:08:55,cu2404,cu2404,66640.0,0.0,0.0,0.0,5,66890.0,66990.0,2,66700.0,66640.0,66640.0,66640.0,1.0,333200.0,371
2023-05-10 09:08:56,cu2404,cu2404,66640.0,0.0,0.0,0.0,4,66890.0,66990.0,2,66700.0,66640.0,66640.0,66640.0,1.0,333200.0,371
2023-05-10 09:08:59,cu2404,cu2404,66640.0,0.0,0.0,0.0,5,66890.0,66990.0,2,66700.0,66640.0,66640.0,66640.0,1.0,333200.0,371
2023-05-10 09:09:00,cu2404,cu2404,66640.0,0.0,0.0,0.0,5,66890.0,66990.0,2,66700.0,66640.0,66640.0,66640.0,1.0,333200.0,371
2023-05-10 09:09:00,cu2404,cu2404,66640.0,0.0,0.0,0.0,5,66890.0,66990.0,2,66700.0,66640.0,66640.0,66640.0,1.0,333200.0,371
2023-05-10 09:09:01,cu2404,cu2404,66640.0,0.0,0.0,0.0,5,66890.0,66990.0,1,66700.0,66640.0,66640.0,66640.0,1.0,333200.0,371
2023-05-10 09:09:02,cu2404,cu2404,66640.0,0.0,0.0,0.0,7,66890.0,66990.0,1,66700.0,66640.0,66640.0,66640.0,1.0,333200.0,371
2023-05-10 09:09:03,cu2404,cu2404,66640.0,0.0,0.0,0.0,7,66890.0,66990.0,1,66700.0,66640.0,66640.0,66640.0,1.0,333200.0,371
2023-05-10 09:09:09,cu2404,cu2404,66640.0,0.0,0.0,0.0,7,66890.0,66990.0,2,66700.0,66640.0,66640.0,66640.0,1.0,333200.0,371
2023-05-10 09:09:14,cu2404,cu2404,66640.0,0.0,0.0,0.0,4,66890.0,66990.0,2,66700.0,66640.0,66640.0,66640.0,1.0,333200.0,371
2023-05-10 09:09:15,cu2404,cu2404,66640.0,0.0,0.0,0.0,5,66890.0,66990.0,1,66700.0,66640.0,66640.0,66640.0,1.0,333200.0,371
2023-05-10 09:09:15,cu2404,cu2404,66640.0,0.0,0.0,0.0,4,66890.0,66990.0,1,66700.0,66640.0,66640.0,66640.0,1.0,333200.0,371
2023-05-10 09:09:18,cu2404,cu2404,66640.0,0.0,0.0,0.0,6,66890.0,66990.0,1,66700.0,66640.0,66640.0,66640.0,1.0,333200.0,371
2023-05-10 09:09:19,cu2404,cu2404,66640.0,0.0,0.0,0.0,6,66890.0,66990.0,1,66700.0,66640.0,66640.0,66640.0,1.0,333200.0,371
2023-05-10 09:09:20,cu2404,cu2404,66640.0,0.0,0.0,0.0,6,66890.0,66990.0,1,66700.0,66640.0,66640.0,66640.0,1.0,333200.0,371
2023-05-10 09:09:20,cu2404,cu2404,66640.0,0.0,0.0,0.0,6,66890.0,66990.0,1,66700.0,66640.0,66640.0,66640.0,1.0,333200.0,371
2023-05-10 09:09:21,cu2404,cu2404,66640.0,0.0,0.0,0.0,4,66890.0,66990.0,1,66700.0,66640.0,66640.0,66640.0,1.0,333200.0,371
2023-05-10 09:09:24,cu2404,cu2404,66640.0,0.0,0.0,0.0,4,66890.0,66990.0,1,66700.0,66640.0,66640.0,66640.0,1.0,333200.0,371
2023-05-10 09:09:24,cu2404,cu2404,66640.0,0.0,0.0,0.0,4,66890.0,66990.0,1,66700.0,66640.0,66640.0,66640.0,1.0,333200.0,371
2023-05-10 09:09:30,cu2404,cu2404,66640.0,0.0,0.0,0.0,4,66890.0,66990.0,1,66700.0,66640.0,66640.0,66640.0,1.0,333200.0,371
2023-05-10 09:09:30,cu2404,cu2404,66640.0,0.0,0.0,0.0,4,66890.0,66990.0,1,66700.0,66640.0,66640.0,66640.0,1.0,333200.0,371
2023-05-10 09:09:31,cu2404,cu2404,66640.0,0.0,0.0,0.0,4,66890.0,66970.0,1,66700.0,66640.0,66640.0,66640.0,1.0,333200.0,371
2023-05-10 09:09:32,cu2404,cu2404,66640.0,0.0,0.0,0.0,4,66890.0,66970.0,1,66700.0,66640.0,66640.0,66640.0,1.0,333200.0,371
2023-05-10 09:09:33,cu2404,cu2404,66640.0,0.0,0.0,0.0,4,66890.0,66970.0,1,66700.0,66640.0,66640.0,66640.0,1.0,333200.0,371
2023-05-10 09:09:33,cu2404,cu2404,66640.0,0.0,0.0,0.0,4,66890.0,66970.0,1,66700.0,66640.0,66640.0,66640.0,1.0,333200.0,371
2023-05-10 09:09:38,cu2404,cu2404,66640.0,0.0,0.0,0.0,4,66890.0,66970.0,1,66700.0,66640.0,66640.0,66640.0,1.0,333200.0,371
2023-05-10 09:09:38,cu2404,cu2404,66640.0,0.0,0.0,0.0,4,66890.0,66970.0,1,66700.0,66640.0,66640.0,66640.0,1.0,333200.0,371
2023-05-10 09:09:39,cu2404,cu2404,66640.0,0.0,0.0,0.0,4,66890.0,66970.0,1,66700.0,66640.0,66640.0,66640.0,1.0,333200.0,371
2023-05-10 09:09:40,cu2404,cu2404,66640.0,0.0,0.0,0.0,4,66890.0,66970.0,1,66700.0,66640.0,66640.0,66640.0,1.0,333200.0,371
2023-05-10 09:09:42,cu2404,cu2404,66640.0,0.0,0.0,0.0,4,66890.0,66970.0,1,66700.0,66640.0,66640.0,66640.0,1.0,333200.0,371
2023-05-10 09:09:43,cu2404,cu2404,66640.0,0.0,0.0,0.0,4,66890.0,66970.0,1,66700.0,66640.0,66640.0,66640.0,1.0,333200.0,371
2023-05-10 09:09:43,cu2404,cu2404,66640.0,0.0,0.0,0.0,4,66890.0,66970.0,1,66700.0,66640.0,66640.0,66640.0,1.0,333200.0,371
2023-05-10 09:09:44,cu2404,cu2404,66640.0,0.0,0.0,0.0,4,66890.0,66970.0,1,66700.0,66640.0,66640.0,66640.0,1.0,333200.0,371
2023-05-10 09:09:47,cu2404,cu2404,66640.0,0.0,0.0,0.0,4,66890.0,66970.0,1,66700.0,66640.0,66640.0,66640.0,1.0,333200.0,371
2023-05-10 09:09:47,cu2404,cu2404,66640.0,0.0,0.0,0.0,4,66890.0,66970.0,1,66700.0,66640.0,66640.0,66640.0,1.0,333200.0,371
2023-05-10 09:10:00,cu2404,cu2404,66640.0,0.0,0.0,0.0,4,66890.0,66960.0,1,66700.0,66640.0,66640.0,66640.0,1.0,333200.0,371
2023-05-10 09:10:01,cu2404,cu2404,66640.0,0.0,0.0,0.0,4,66890.0,66970.0,1,66700.0,66640.0,66640.0,66640.0,1.0,333200.0,371
2023-05-10 09:10:02,cu2404,cu2404,66640.0,0.0,0.0,0.0,4,66890.0,66950.0,1,66700.0,66640.0,66640.0,66640.0,1.0,333200.0,371
2023-05-10 09:10:02,cu2404,cu2404,66640.0,0.0,0.0,0.0,4,66890.0,66960.0,1,66700.0,66640.0,66640.0,66640.0,1.0,333200.0,371
2023-05-10 09:10:03,cu2404,cu2404,66640.0,0.0,0.0,0.0,4,66890.0,66970.0,1,66700.0,66640.0,66640.0,66640.0,1.0,333200.0,371
2023-05-10 09:10:05,cu2404,cu2404,66640.0,0.0,0.0,0.0,4,66890.0,66960.0,1,66700.0,66640.0,66640.0,66640.0,1.0,333200.0,371
2023-05-10 09:10:07,cu2404,cu2404,66640.0,0.0,0.0,0.0,4,66890.0,66970.0,1,66700.0,66640.0,66640.0,66640.0,1.0,333200.0,371
2023-05-10 09:10:09,cu2404,cu2404,66640.0,0.0,0.0,0.0,3,66890.0,66960.0,1,66700.0,66640.0,66640.0,66640.0,1.0,333200.0,371
2023-05-10 09:10:10,cu2404,cu2404,66640.0,0.0,0.0,0.0,3,66890.0,66970.0,1,66700.0,66640.0,66640.0,66640.0,1.0,333200.0,371
2023-05-10 09:10:10,cu2404,cu2404,66640.0,0.0,0.0,0.0,3,66890.0,66960.0,1,66700.0,66640.0,66640.0,66640.0,1.0,333200.0,371
2023-05-10 09:10:14,cu2404,cu2404,66640.0,0.0,0.0,0.0,3,66890.0,66960.0,1,66700.0,66640.0,66640.0,66640.0,1.0,333200.0,371
2023-05-10 09:10:15,cu2404,cu2404,66640.0,0.0,0.0,0.0,3,66890.0,66960.0,1,66700.0,66640.0,66640.0,66640.0,1.0,333200.0,371
2023-05-10 09:10:16,cu2404,cu2404,66640.0,0.0,0.0,0.0,3,66890.0,66960.0,1,66700.0,66640.0,66640.0,66640.0,1.0,333200.0,371
2023-05-10 09:10:16,cu2404,cu2404,66640.0,0.0,0.0,0.0,3,66890.0,66960.0,1,66700.0,66640.0,66640.0,66640.0,1.0,333200.0,371
2023-05-10 09:10:18,cu2404,cu2404,66640.0,0.0,0.0,0.0,3,66890.0,66960.0,1,66700.0,66640.0,66640.0,66640.0,1.0,333200.0,371
2023-05-10 09:10:18,cu2404,cu2404,66640.0,0.0,0.0,0.0,3,66890.0,66960.0,1,66700.0,66640.0,66640.0,66640.0,1.0,333200.0,371
2023-05-10 09:10:20,cu2404,cu2404,66640.0,0.0,0.0,0.0,3,66890.0,66960.0,1,66700.0,66640.0,66640.0,66640.0,1.0,333200.0,371
2023-05-10 09:10:20,cu2404,cu2404,66640.0,0.0,0.0,0.0,3,66890.0,66960.0,1,66700.0,66640.0,66640.0,66640.0,1.0,333200.0,371
2023-05-10 09:10:23,cu2404,cu2404,66640.0,0.0,0.0,0.0,3,66890.0,66960.0,2,66700.0,66640.0,66640.0,66640.0,1.0,333200.0,371
2023-05-10 09:10:24,cu2404,cu2404,66640.0,0.0,0.0,0.0,3,66890.0,66960.0,1,66700.0,66640.0,66640.0,66640.0,1.0,333200.0,371
2023-05-10 09:10:24,cu2404,cu2404,66640.0,0.0,0.0,0.0,3,66890.0,66950.0,2,66700.0,66640.0,66640.0,66640.0,1.0,333200.0,371
2023-05-10 09:10:27,cu2404,cu2404,66640.0,0.0,0.0,0.0,3,66890.0,66960.0,1,66700.0,66640.0,66640.0,66640.0,1.0,333200.0,371
2023-05-10 09:10:28,cu2404,cu2404,66640.0,0.0,0.0,0.0,3,66890.0,66960.0,2,66700.0,66640.0,66640.0,66640.0,1.0,333200.0,371
2023-05-10 09:10:33,cu2404,cu2404,66640.0,0.0,0.0,0.0,3,66890.0,66960.0,2,66700.0,66640.0,66640.0,66640.0,1.0,333200.0,371
2023-05-10 09:10:33,cu2404,cu2404,66640.0,0.0,0.0,0.0,3,66890.0,66960.0,2,66700.0,66640.0,66640.0,66640.0,1.0,333200.0,371
2023-05-10 09:10:37,cu2404,cu2404,66640.0,0.0,0.0,0.0,1,66850.0,66960.0,2,66700.0,66640.0,66640.0,66640.0,1.0,333200.0,371
2023-05-10 09:10:37,cu2404,cu2404,66640.0,0.0,0.0,0.0,1,66860.0,66960.0,2,66700.0,66640.0,66640.0,66640.0,1.0,333200.0,371
2023-05-10 09:10:38,cu2404,cu2404,66640.0,0.0,0.0,0.0,3,66870.0,66960.0,2,66700.0,66640.0,66640.0,66640.0,1.0,333200.0,371
2023-05-10 09:10:38,cu2404,cu2404,66640.0,0.0,0.0,0.0,3,66870.0,66960.0,2,66700.0,66640.0,66640.0,66640.0,1.0,333200.0,371
2023-05-10 09:10:39,cu2404,cu2404,66640.0,0.0,0.0,0.0,3,66870.0,66960.0,2,66700.0,66640.0,66640.0,66640.0,1.0,333200.0,371
2023-05-10 09:10:39,cu2404,cu2404,66640.0,0.0,0.0,0.0,3,66870.0,66960.0,2,66700.0,66640.0,66640.0,66640.0,1.0,333200.0,371
2023-05-10 09:10:44,cu2404,cu2404,66640.0,0.0,0.0,0.0,3,66870.0,66960.0,2,66700.0,66640.0,66640.0,66640.0,1.0,333200.0,371
2023-05-10 09:10:45,cu2404,cu2404,66640.0,0.0,0.0,0.0,3,66870.0,66960.0,2,66700.0,66640.0,66640.0,66640.0,1.0,333200.0,371
2023-05-10 09:10:45,cu2404,cu2404,66640.0,0.0,0.0,0.0,3,66870.0,66950.0,1,66700.0,66640.0,66640.0,66640.0,1.0,333200.0,371
2023-05-10 09:10:46,cu2404,cu2404,66640.0,0.0,0.0,0.0,3,66870.0,66940.0,1,66700.0,66640.0,66640.0,66640.0,1.0,333200.0,371
2023-05-10 09:10:46,cu2404,cu2404,66640.0,0.0,0.0,0.0,3,66870.0,66940.0,1,66700.0,66640.0,66640.0,66640.0,1.0,333200.0,371
2023-05-10 09:10:48,cu2404,cu2404,66640.0,0.0,0.0,0.0,3,66870.0,66940.0,1,66700.0,66640.0,66640.0,66640.0,1.0,333200.0,371
2023-05-10 09:10:48,cu2404,cu2404,66640.0,0.0,0.0,0.0,3,66870.0,66960.0,1,66700.0,66640.0,66640.0,66640.0,1.0,333200.0,371
2023-05-10 09:10:49,cu2404,cu2404,66640.0,0.0,0.0,0.0,3,66870.0,66950.0,1,66700.0,66640.0,66640.0,66640.0,1.0,333200.0,371
2023-05-10 09:10:49,cu2404,cu2404,66640.0,0.0,0.0,0.0,3,66870.0,66940.0,1,66700.0,66640.0,66640.0,66640.0,1.0,333200.0,371
2023-05-10 09:10:50,cu2404,cu2404,66640.0,0.0,0.0,0.0,3,66870.0,66940.0,1,66700.0,66640.0,66640.0,66640.0,1.0,333200.0,371
2023-05-10 09:10:50,cu2404,cu2404,66640.0,0.0,0.0,0.0,3,66870.0,66930.0,2,66700.0,66640.0,66640.0,66640.0,1.0,333200.0,371
2023-05-10 09:10:51,cu2404,cu2404,66640.0,0.0,0.0,0.0,3,66870.0,66930.0,2,66700.0,66640.0,66640.0,66640.0,1.0,333200.0,371
2023-05-10 09:10:51,cu2404,cu2404,66640.0,0.0,0.0,0.0,3,66870.0,66940.0,1,66700.0,66640.0,66640.0,66640.0,1.0,333200.0,371
2023-05-10 09:10:52,cu2404,cu2404,66640.0,0.0,0.0,0.0,3,66870.0,66940.0,1,66700.0,66640.0,66640.0,66640.0,1.0,333200.0,371
2023-05-10 09:10:52,cu2404,cu2404,66640.0,0.0,0.0,0.0,3,66870.0,66960.0,1,66700.0,66640.0,66640.0,66640.0,1.0,333200.0,371
2023-05-10 09:10:53,cu2404,cu2404,66640.0,0.0,0.0,0.0,3,66870.0,66950.0,1,66700.0,66640.0,66640.0,66640.0,1.0,333200.0,371
2023-05-10 09:10:53,cu2404,cu2404,66640.0,0.0,0.0,0.0,3,66870.0,66940.0,1,66700.0,66640.0,66640.0,66640.0,1.0,333200.0,371
2023-05-10 09:10:54,cu2404,cu2404,66640.0,0.0,0.0,0.0,3,66870.0,66940.0,1,66700.0,66640.0,66640.0,66640.0,1.0,333200.0,371
2023-05-10 09:10:57,cu2404,cu2404,66640.0,0.0,0.0,0.0,3,66870.0,66940.0,2,66700.0,66640.0,66640.0,66640.0,1.0,333200.0,371
2023-05-10 09:11:01,cu2404,cu2404,66640.0,0.0,0.0,0.0,3,66870.0,66940.0,2,66700.0,66640.0,66640.0,66640.0,1.0,333200.0,371
2023-05-10 09:11:02,cu2404,cu2404,66640.0,0.0,0.0,0.0,3,66870.0,66940.0,2,66700.0,66640.0,66640.0,66640.0,1.0,333200.0,371
2023-05-10 09:11:04,cu2404,cu2404,66640.0,0.0,0.0,0.0,1,66810.0,66940.0,2,66700.0,66640.0,66640.0,66640.0,1.0,333200.0,371
2023-05-10 09:11:05,cu2404,cu2404,66640.0,0.0,0.0,0.0,1,66830.0,66940.0,2,66700.0,66640.0,66640.0,66640.0,1.0,333200.0,371
2023-05-10 09:11:05,cu2404,cu2404,66640.0,0.0,0.0,0.0,4,66840.0,66940.0,2,66700.0,66640.0,66640.0,66640.0,1.0,333200.0,371
2023-05-10 09:11:06,cu2404,cu2404,66640.0,0.0,0.0,0.0,4,66840.0,66940.0,2,66700.0,66640.0,66640.0,66640.0,1.0,333200.0,371
2023-05-10 09:11:07,cu2404,cu2404,66640.0,0.0,0.0,0.0,4,66840.0,66940.0,2,66700.0,66640.0,66640.0,66640.0,1.0,333200.0,371
2023-05-10 09:11:11,cu2404,cu2404,66640.0,0.0,0.0,0.0,4,66840.0,66940.0,2,66700.0,66640.0,66640.0,66640.0,1.0,333200.0,371
2023-05-10 09:11:11,cu2404,cu2404,66640.0,0.0,0.0,0.0,4,66840.0,66930.0,1,66700.0,66640.0,66640.0,66640.0,1.0,333200.0,371
2023-05-10 09:11:12,cu2404,cu2404,66640.0,0.0,0.0,0.0,4,66840.0,66920.0,1,66700.0,66640.0,66640.0,66640.0,1.0,333200.0,371
2023-05-10 09:11:12,cu2404,cu2404,66640.0,0.0,0.0,0.0,4,66840.0,66930.0,1,66700.0,66640.0,66640.0,66640.0,1.0,333200.0,371
2023-05-10 09:11:13,cu2404,cu2404,66640.0,0.0,0.0,0.0,3,66840.0,66930.0,1,66700.0,66640.0,66640.0,66640.0,1.0,333200.0,371
2023-05-10 09:11:13,cu2404,cu2404,66640.0,0.0,0.0,0.0,3,66840.0,66930.0,1,66700.0,66640.0,66640.0,66640.0,1.0,333200.0,371
2023-05-10 09:11:14,cu2404,cu2404,66640.0,0.0,0.0,0.0,3,66840.0,66920.0,2,66700.0,66640.0,66640.0,66640.0,1.0,333200.0,371
2023-05-10 09:11:14,cu2404,cu2404,66640.0,0.0,0.0,0.0,3,66840.0,66920.0,2,66700.0,66640.0,66640.0,66640.0,1.0,333200.0,371
2023-05-10 09:11:16,cu2404,cu2404,66640.0,0.0,0.0,0.0,3,66840.0,66940.0,1,66700.0,66640.0,66640.0,66640.0,1.0,333200.0,371
2023-05-10 09:11:17,cu2404,cu2404,66640.0,0.0,0.0,0.0,3,66840.0,66930.0,3,66700.0,66640.0,66640.0,66640.0,1.0,333200.0,371
2023-05-10 09:11:17,cu2404,cu2404,66640.0,0.0,0.0,0.0,3,66840.0,66920.0,1,66700.0,66640.0,66640.0,66640.0,1.0,333200.0,371
2023-05-10 09:11:18,cu2404,cu2404,66640.0,0.0,0.0,0.0,3,66840.0,66920.0,1,66700.0,66640.0,66640.0,66640.0,1.0,333200.0,371
2023-05-10 09:11:18,cu2404,cu2404,66640.0,0.0,0.0,0.0,3,66840.0,66930.0,2,66700.0,66640.0,66640.0,66640.0,1.0,333200.0,371
2023-05-10 09:11:19,cu2404,cu2404,66640.0,0.0,0.0,0.0,4,66840.0,66920.0,1,66700.0,66640.0,66640.0,66640.0,1.0,333200.0,371
2023-05-10 09:11:19,cu2404,cu2404,66640.0,0.0,0.0,0.0,4,66840.0,66920.0,1,66700.0,66640.0,66640.0,66640.0,1.0,333200.0,371
2023-05-10 09:11:20,cu2404,cu2404,66640.0,0.0,0.0,0.0,3,66840.0,66920.0,1,66700.0,66640.0,66640.0,66640.0,1.0,333200.0,371
2023-05-10 09:11:20,cu2404,cu2404,66640.0,0.0,0.0,0.0,3,66840.0,66970.0,1,66700.0,66640.0,66640.0,66640.0,1.0,333200.0,371
2023-05-10 09:11:21,cu2404,cu2404,66640.0,0.0,0.0,0.0,3,66840.0,66910.0,2,66700.0,66640.0,66640.0,66640.0,1.0,333200.0,371
2023-05-10 09:11:21,cu2404,cu2404,66640.0,0.0,0.0,0.0,3,66840.0,66910.0,2,66700.0,66640.0,66640.0,66640.0,1.0,333200.0,371
2023-05-10 09:11:22,cu2404,cu2404,66640.0,0.0,0.0,0.0,3,66840.0,66940.0,1,66700.0,66640.0,66640.0,66640.0,1.0,333200.0,371
2023-05-10 09:11:23,cu2404,cu2404,66640.0,0.0,0.0,0.0,3,66840.0,66930.0,1,66700.0,66640.0,66640.0,66640.0,1.0,333200.0,371
2023-05-10 09:11:23,cu2404,cu2404,66640.0,0.0,0.0,0.0,3,66840.0,66920.0,1,66700.0,66640.0,66640.0,66640.0,1.0,333200.0,371
2023-05-10 09:11:24,cu2404,cu2404,66640.0,0.0,0.0,0.0,3,66840.0,66920.0,1,66700.0,66640.0,66640.0,66640.0,1.0,333200.0,371
2023-05-10 09:11:25,cu2404,cu2404,66640.0,0.0,0.0,0.0,3,66840.0,66920.0,2,66700.0,66640.0,66640.0,66640.0,1.0,333200.0,371
2023-05-10 09:11:27,cu2404,cu2404,66640.0,0.0,0.0,0.0,4,66840.0,66920.0,1,66700.0,66640.0,66640.0,66640.0,1.0,333200.0,371
2023-05-10 09:11:27,cu2404,cu2404,66640.0,0.0,0.0,0.0,4,66840.0,66920.0,1,66700.0,66640.0,66640.0,66640.0,1.0,333200.0,371
2023-05-10 09:11:28,cu2404,cu2404,66640.0,0.0,0.0,0.0,4,66840.0,66920.0,1,66700.0,66640.0,66640.0,66640.0,1.0,333200.0,371
2023-05-10 09:11:29,cu2404,cu2404,66640.0,0.0,0.0,0.0,3,66840.0,66920.0,1,66700.0,66640.0,66640.0,66640.0,1.0,333200.0,371
2023-05-10 09:11:31,cu2404,cu2404,66640.0,0.0,0.0,0.0,3,66840.0,66960.0,1,66700.0,66640.0,66640.0,66640.0,1.0,333200.0,371
2023-05-10 09:11:31,cu2404,cu2404,66640.0,0.0,0.0,0.0,4,66840.0,66950.0,1,66700.0,66640.0,66640.0,66640.0,1.0,333200.0,371
2023-05-10 09:11:32,cu2404,cu2404,66640.0,0.0,0.0,0.0,4,66840.0,66930.0,1,66700.0,66640.0,66640.0,66640.0,1.0,333200.0,371
2023-05-10 09:11:32,cu2404,cu2404,66640.0,0.0,0.0,0.0,4,66840.0,66930.0,1,66700.0,66640.0,66640.0,66640.0,1.0,333200.0,371
2023-05-10 09:11:33,cu2404,cu2404,66640.0,0.0,0.0,0.0,4,66840.0,66920.0,1,66700.0,66640.0,66640.0,66640.0,1.0,333200.0,371
2023-05-10 09:11:33,cu2404,cu2404,66640.0,0.0,0.0,0.0,1,66850.0,66920.0,1,66700.0,66640.0,66640.0,66640.0,1.0,333200.0,371
2023-05-10 09:11:34,cu2404,cu2404,66640.0,0.0,0.0,0.0,1,66850.0,66940.0,1,66700.0,66640.0,66640.0,66640.0,1.0,333200.0,371
2023-05-10 09:11:34,cu2404,cu2404,66640.0,0.0,0.0,0.0,3,66860.0,66940.0,2,66700.0,66640.0,66640.0,66640.0,1.0,333200.0,371
2023-05-10 09:11:35,cu2404,cu2404,66640.0,0.0,0.0,0.0,3,66860.0,66940.0,2,66700.0,66640.0,66640.0,66640.0,1.0,333200.0,371
2023-05-10 09:11:38,cu2404,cu2404,66640.0,0.0,0.0,0.0,3,66860.0,66940.0,2,66700.0,66640.0,66640.0,66640.0,1.0,333200.0,371
2023-05-10 09:11:38,cu2404,cu2404,66640.0,0.0,0.0,0.0,3,66860.0,66940.0,2,66700.0,66640.0,66640.0,66640.0,1.0,333200.0,371
2023-05-10 09:11:39,cu2404,cu2404,66640.0,0.0,0.0,0.0,3,66860.0,66940.0,2,66700.0,66640.0,66640.0,66640.0,1.0,333200.0,371
2023-05-10 09:11:45,cu2404,cu2404,66640.0,0.0,0.0,0.0,3,66860.0,66940.0,2,66700.0,66640.0,66640.0,66640.0,1.0,333200.0,371
2023-05-10 09:11:45,cu2404,cu2404,66640.0,0.0,0.0,0.0,3,66860.0,66940.0,2,66700.0,66640.0,66640.0,66640.0,1.0,333200.0,371
2023-05-10 09:11:51,cu2404,cu2404,66640.0,0.0,0.0,0.0,3,66860.0,66940.0,2,66700.0,66640.0,66640.0,66640.0,1.0,333200.0,371
2023-05-10 09:11:51,cu2404,cu2404,66640.0,0.0,0.0,0.0,3,66860.0,66940.0,2,66700.0,66640.0,66640.0,66640.0,1.0,333200.0,371
2023-05-10 09:11:53,cu2404,cu2404,66640.0,0.0,0.0,0.0,3,66860.0,66940.0,1,66700.0,66640.0,66640.0,66640.0,1.0,333200.0,371
2023-05-10 09:11:54,cu2404,cu2404,66640.0,0.0,0.0,0.0,3,66860.0,66940.0,1,66700.0,66640.0,66640.0,66640.0,1.0,333200.0,371
2023-05-10 09:11:55,cu2404,cu2404,66640.0,0.0,0.0,0.0,3,66860.0,66940.0,1,66700.0,66640.0,66640.0,66640.0,1.0,333200.0,371
2023-05-10 09:11:58,cu2404,cu2404,66640.0,0.0,0.0,0.0,3,66860.0,66940.0,1,66700.0,66640.0,66640.0,66640.0,1.0,333200.0,371
2023-05-10 09:11:59,cu2404,cu2404,66640.0,0.0,0.0,0.0,3,66860.0,66940.0,1,66700.0,66640.0,66640.0,66640.0,1.0,333200.0,371
2023-05-10 09:12:02,cu2404,cu2404,66640.0,0.0,0.0,0.0,3,66860.0,66940.0,2,66700.0,66640.0,66640.0,66640.0,1.0,333200.0,371
2023-05-10 09:12:03,cu2404,cu2404,66640.0,0.0,0.0,0.0,3,66860.0,66940.0,2,66700.0,66640.0,66640.0,66640.0,1.0,333200.0,371
2023-05-10 09:12:04,cu2404,cu2404,66640.0,0.0,0.0,0.0,3,66860.0,66940.0,2,66700.0,66640.0,66640.0,66640.0,1.0,333200.0,371
2023-05-10 09:12:06,cu2404,cu2404,66640.0,0.0,0.0,0.0,3,66860.0,66940.0,2,66700.0,66640.0,66640.0,66640.0,1.0,333200.0,371
2023-05-10 09:12:06,cu2404,cu2404,66640.0,0.0,0.0,0.0,3,66860.0,66940.0,2,66700.0,66640.0,66640.0,66640.0,1.0,333200.0,371
2023-05-10 09:12:08,cu2404,cu2404,66640.0,0.0,0.0,0.0,3,66860.0,66940.0,1,66700.0,66640.0,66640.0,66640.0,1.0,333200.0,371
2023-05-10 09:12:10,cu2404,cu2404,66640.0,0.0,0.0,0.0,3,66860.0,66940.0,1,66700.0,66640.0,66640.0,66640.0,1.0,333200.0,371
2023-05-10 09:12:10,cu2404,cu2404,66640.0,0.0,0.0,0.0,3,66860.0,66940.0,1,66700.0,66640.0,66640.0,66640.0,1.0,333200.0,371
2023-05-10 09:12:12,cu2404,cu2404,66640.0,0.0,0.0,0.0,3,66860.0,66940.0,1,66700.0,66640.0,66640.0,66640.0,1.0,333200.0,371
2023-05-10 09:12:12,cu2404,cu2404,66640.0,0.0,0.0,0.0,3,66860.0,66940.0,1,66700.0,66640.0,66640.0,66640.0,1.0,333200.0,371
2023-05-10 09:12:14,cu2404,cu2404,66640.0,0.0,0.0,0.0,3,66860.0,66940.0,1,66700.0,66640.0,66640.0,66640.0,1.0,333200.0,371
2023-05-10 09:12:15,cu2404,cu2404,66640.0,0.0,0.0,0.0,3,66860.0,66940.0,1,66700.0,66640.0,66640.0,66640.0,1.0,333200.0,371
2023-05-10 09:12:16,cu2404,cu2404,66640.0,0.0,0.0,0.0,4,66860.0,66940.0,1,66700.0,66640.0,66640.0,66640.0,1.0,333200.0,371
2023-05-10 09:12:16,cu2404,cu2404,66640.0,0.0,0.0,0.0,3,66860.0,66940.0,1,66700.0,66640.0,66640.0,66640.0,1.0,333200.0,371
2023-05-10 09:12:17,cu2404,cu2404,66640.0,0.0,0.0,0.0,3,66860.0,66940.0,2,66700.0,66640.0,66640.0,66640.0,1.0,333200.0,371
2023-05-10 09:12:21,cu2404,cu2404,66640.0,0.0,0.0,0.0,3,66860.0,66940.0,2,66700.0,66640.0,66640.0,66640.0,1.0,333200.0,371
2023-05-10 09:12:21,cu2404,cu2404,66640.0,0.0,0.0,0.0,3,66860.0,66940.0,2,66700.0,66640.0,66640.0,66640.0,1.0,333200.0,371
2023-05-10 09:12:22,cu2404,cu2404,66640.0,0.0,0.0,0.0,3,66860.0,66940.0,2,66700.0,66640.0,66640.0,66640.0,1.0,333200.0,371
2023-05-10 09:12:22,cu2404,cu2404,66640.0,0.0,0.0,0.0,3,66860.0,66940.0,2,66700.0,66640.0,66640.0,66640.0,1.0,333200.0,371
2023-05-10 09:12:30,cu2404,cu2404,66640.0,0.0,0.0,0.0,3,66860.0,66940.0,2,66700.0,66640.0,66640.0,66640.0,1.0,333200.0,371
2023-05-10 09:12:30,cu2404,cu2404,66640.0,0.0,0.0,0.0,3,66860.0,66940.0,2,66700.0,66640.0,66640.0,66640.0,1.0,333200.0,371
2023-05-10 09:12:31,cu2404,cu2404,66640.0,0.0,0.0,0.0,3,66860.0,66930.0,1,66700.0,66640.0,66640.0,66640.0,1.0,333200.0,371
2023-05-10 09:12:32,cu2404,cu2404,66640.0,0.0,0.0,0.0,3,66860.0,66930.0,1,66700.0,66640.0,66640.0,66640.0,1.0,333200.0,371
2023-05-10 09:12:32,cu2404,cu2404,66640.0,0.0,0.0,0.0,3,66860.0,66930.0,1,66700.0,66640.0,66640.0,66640.0,1.0,333200.0,371
2023-05-10 09:12:33,cu2404,cu2404,66640.0,0.0,0.0,0.0,3,66860.0,66930.0,1,66700.0,66640.0,66640.0,66640.0,1.0,333200.0,371
2023-05-10 09:12:33,cu2404,cu2404,66640.0,0.0,0.0,0.0,3,66860.0,66930.0,1,66700.0,66640.0,66640.0,66640.0,1.0,333200.0,371
2023-05-10 09:12:35,cu2404,cu2404,66640.0,0.0,0.0,0.0,3,66860.0,66920.0,1,66700.0,66640.0,66640.0,66640.0,1.0,333200.0,371
2023-05-10 09:12:36,cu2404,cu2404,66640.0,0.0,0.0,0.0,3,66860.0,66950.0,2,66700.0,66640.0,66640.0,66640.0,1.0,333200.0,371
2023-05-10 09:12:36,cu2404,cu2404,66640.0,0.0,0.0,0.0,3,66860.0,66940.0,2,66700.0,66640.0,66640.0,66640.0,1.0,333200.0,371
2023-05-10 09:12:37,cu2404,cu2404,66640.0,0.0,0.0,0.0,3,66860.0,66940.0,2,66700.0,66640.0,66640.0,66640.0,1.0,333200.0,371
2023-05-10 09:12:38,cu2404,cu2404,66640.0,0.0,0.0,0.0,3,66860.0,66930.0,2,66700.0,66640.0,66640.0,66640.0,1.0,333200.0,371
2023-05-10 09:12:38,cu2404,cu2404,66640.0,0.0,0.0,0.0,3,66860.0,66930.0,3,66700.0,66640.0,66640.0,66640.0,1.0,333200.0,371
2023-05-10 09:12:39,cu2404,cu2404,66640.0,0.0,0.0,0.0,3,66860.0,66920.0,1,66700.0,66640.0,66640.0,66640.0,1.0,333200.0,371
2023-05-10 09:12:39,cu2404,cu2404,66640.0,0.0,0.0,0.0,3,66860.0,66920.0,1,66700.0,66640.0,66640.0,66640.0,1.0,333200.0,371
2023-05-10 09:12:41,cu2404,cu2404,66640.0,0.0,0.0,0.0,3,66860.0,66920.0,1,66700.0,66640.0,66640.0,66640.0,1.0,333200.0,371
2023-05-10 09:12:41,cu2404,cu2404,66640.0,0.0,0.0,0.0,3,66860.0,66920.0,2,66700.0,66640.0,66640.0,66640.0,1.0,333200.0,371
2023-05-10 09:12:42,cu2404,cu2404,66640.0,0.0,0.0,0.0,3,66860.0,66920.0,1,66700.0,66640.0,66640.0,66640.0,1.0,333200.0,371
2023-05-10 09:12:43,cu2404,cu2404,66640.0,0.0,0.0,0.0,3,66860.0,66920.0,1,66700.0,66640.0,66640.0,66640.0,1.0,333200.0,371
2023-05-10 09:12:44,cu2404,cu2404,66640.0,0.0,0.0,0.0,3,66860.0,66920.0,1,66700.0,66640.0,66640.0,66640.0,1.0,333200.0,371
2023-05-10 09:12:49,cu2404,cu2404,66640.0,0.0,0.0,0.0,3,66860.0,66920.0,1,66700.0,66640.0,66640.0,66640.0,1.0,333200.0,371
2023-05-10 09:12:50,cu2404,cu2404,66640.0,0.0,0.0,0.0,3,66860.0,66920.0,1,66700.0,66640.0,66640.0,66640.0,1.0,333200.0,371
2023-05-10 09:12:51,cu2404,cu2404,66860.0,1.0,334300.0,0.0,1,66810.0,66920.0,1,66700.0,66640.0,66860.0,66640.0,2.0,667500.0,371
2023-05-10 09:12:52,cu2404,cu2404,66860.0,0.0,0.0,0.0,6,66820.0,66920.0,1,66700.0,66640.0,66860.0,66640.0,2.0,667500.0,371
2023-05-10 09:12:52,cu2404,cu2404,66860.0,0.0,0.0,0.0,6,66820.0,66920.0,1,66700.0,66640.0,66860.0,66640.0,2.0,667500.0,371
2023-05-10 09:12:54,cu2404,cu2404,66860.0,0.0,0.0,0.0,6,66820.0,66920.0,1,66700.0,66640.0,66860.0,66640.0,2.0,667500.0,371
2023-05-10 09:12:54,cu2404,cu2404,66860.0,0.0,0.0,0.0,6,66820.0,66920.0,1,66700.0,66640.0,66860.0,66640.0,2.0,667500.0,371
2023-05-10 09:12:55,cu2404,cu2404,66860.0,0.0,0.0,0.0,6,66820.0,66920.0,1,66700.0,66640.0,66860.0,66640.0,2.0,667500.0,371
2023-05-10 09:12:56,cu2404,cu2404,66860.0,0.0,0.0,0.0,6,66820.0,66920.0,2,66700.0,66640.0,66860.0,66640.0,2.0,667500.0,371
2023-05-10 09:12:56,cu2404,cu2404,66860.0,0.0,0.0,0.0,7,66820.0,66920.0,1,66700.0,66640.0,66860.0,66640.0,2.0,667500.0,371
2023-05-10 09:12:57,cu2404,cu2404,66860.0,0.0,0.0,0.0,1,66860.0,66920.0,1,66700.0,66640.0,66860.0,66640.0,2.0,667500.0,371
2023-05-10 09:12:57,cu2404,cu2404,66860.0,0.0,0.0,0.0,1,66860.0,66920.0,1,66700.0,66640.0,66860.0,66640.0,2.0,667500.0,371
2023-05-10 09:13:03,cu2404,cu2404,66860.0,0.0,0.0,0.0,1,66860.0,66920.0,1,66700.0,66640.0,66860.0,66640.0,2.0,667500.0,371
2023-05-10 09:13:04,cu2404,cu2404,66860.0,0.0,0.0,0.0,1,66860.0,66920.0,1,66700.0,66640.0,66860.0,66640.0,2.0,667500.0,371
2023-05-10 09:13:13,cu2404,cu2404,66860.0,0.0,0.0,0.0,1,66810.0,66920.0,1,66700.0,66640.0,66860.0,66640.0,2.0,667500.0,371
2023-05-10 09:13:13,cu2404,cu2404,66860.0,0.0,0.0,0.0,2,66820.0,66920.0,1,66700.0,66640.0,66860.0,66640.0,2.0,667500.0,371
2023-05-10 09:13:14,cu2404,cu2404,66860.0,0.0,0.0,0.0,2,66820.0,66920.0,1,66700.0,66640.0,66860.0,66640.0,2.0,667500.0,371
2023-05-10 09:13:15,cu2404,cu2404,66860.0,0.0,0.0,0.0,2,66820.0,66920.0,1,66700.0,66640.0,66860.0,66640.0,2.0,667500.0,371
2023-05-10 09:13:17,cu2404,cu2404,66860.0,0.0,0.0,0.0,3,66830.0,66920.0,1,66700.0,66640.0,66860.0,66640.0,2.0,667500.0,371
2023-05-10 09:13:18,cu2404,cu2404,66860.0,0.0,0.0,0.0,4,66830.0,66920.0,1,66700.0,66640.0,66860.0,66640.0,2.0,667500.0,371
2023-05-10 09:13:19,cu2404,cu2404,66860.0,0.0,0.0,0.0,1,66840.0,66930.0,2,66700.0,66640.0,66860.0,66640.0,2.0,667500.0,371
2023-05-10 09:13:20,cu2404,cu2404,66860.0,0.0,0.0,0.0,1,66840.0,66930.0,2,66700.0,66640.0,66860.0,66640.0,2.0,667500.0,371
2023-05-10 09:13:20,cu2404,cu2404,66860.0,0.0,0.0,0.0,3,66850.0,66930.0,2,66700.0,66640.0,66860.0,66640.0,2.0,667500.0,371
2023-05-10 09:13:21,cu2404,cu2404,66860.0,0.0,0.0,0.0,3,66850.0,66930.0,2,66700.0,66640.0,66860.0,66640.0,2.0,667500.0,371
2023-05-10 09:13:26,cu2404,cu2404,66860.0,0.0,0.0,0.0,3,66850.0,66930.0,2,66700.0,66640.0,66860.0,66640.0,2.0,667500.0,371
2023-05-10 09:13:27,cu2404,cu2404,66860.0,0.0,0.0,0.0,1,66860.0,66930.0,2,66700.0,66640.0,66860.0,66640.0,2.0,667500.0,371
2023-05-10 09:13:28,cu2404,cu2404,66860.0,0.0,0.0,0.0,1,66860.0,66930.0,2,66700.0,66640.0,66860.0,66640.0,2.0,667500.0,371
2023-05-10 09:13:28,cu2404,cu2404,66860.0,0.0,0.0,0.0,3,66870.0,66930.0,2,66700.0,66640.0,66860.0,66640.0,2.0,667500.0,371
2023-05-10 09:13:29,cu2404,cu2404,66860.0,0.0,0.0,0.0,3,66870.0,67000.0,2,66700.0,66640.0,66860.0,66640.0,2.0,667500.0,371
2023-05-10 09:13:29,cu2404,cu2404,66860.0,0.0,0.0,0.0,3,66870.0,66940.0,1,66700.0,66640.0,66860.0,66640.0,2.0,667500.0,371
2023-05-10 09:13:30,cu2404,cu2404,66860.0,0.0,0.0,0.0,3,66870.0,66940.0,1,66700.0,66640.0,66860.0,66640.0,2.0,667500.0,371
2023-05-10 09:13:33,cu2404,cu2404,66860.0,0.0,0.0,0.0,3,66870.0,66940.0,1,66700.0,66640.0,66860.0,66640.0,2.0,667500.0,371
2023-05-10 09:13:33,cu2404,cu2404,66860.0,0.0,0.0,0.0,3,66870.0,66940.0,1,66700.0,66640.0,66860.0,66640.0,2.0,667500.0,371
2023-05-10 09:13:36,cu2404,cu2404,66860.0,0.0,0.0,0.0,3,66870.0,66940.0,1,66700.0,66640.0,66860.0,66640.0,2.0,667500.0,371
2023-05-10 09:13:37,cu2404,cu2404,66860.0,0.0,0.0,0.0,3,66870.0,66940.0,1,66700.0,66640.0,66860.0,66640.0,2.0,667500.0,371
2023-05-10 09:13:38,cu2404,cu2404,66860.0,0.0,0.0,0.0,3,66870.0,66940.0,2,66700.0,66640.0,66860.0,66640.0,2.0,667500.0,371
2023-05-10 09:13:39,cu2404,cu2404,66860.0,0.0,0.0,0.0,3,66870.0,66930.0,2,66700.0,66640.0,66860.0,66640.0,2.0,667500.0,371
2023-05-10 09:13:39,cu2404,cu2404,66860.0,0.0,0.0,0.0,3,66870.0,66930.0,2,66700.0,66640.0,66860.0,66640.0,2.0,667500.0,371
2023-05-10 09:13:40,cu2404,cu2404,66860.0,0.0,0.0,0.0,3,66870.0,66940.0,1,66700.0,66640.0,66860.0,66640.0,2.0,667500.0,371
2023-05-10 09:13:41,cu2404,cu2404,66860.0,0.0,0.0,0.0,3,66870.0,66940.0,2,66700.0,66640.0,66860.0,66640.0,2.0,667500.0,371
2023-05-10 09:13:41,cu2404,cu2404,66860.0,0.0,0.0,0.0,3,66870.0,66940.0,2,66700.0,66640.0,66860.0,66640.0,2.0,667500.0,371
2023-05-10 09:13:42,cu2404,cu2404,66860.0,0.0,0.0,0.0,3,66870.0,66940.0,2,66700.0,66640.0,66860.0,66640.0,2.0,667500.0,371
2023-05-10 09:13:43,cu2404,cu2404,66860.0,0.0,0.0,0.0,3,66870.0,66940.0,2,66700.0,66640.0,66860.0,66640.0,2.0,667500.0,371
2023-05-10 09:13:43,cu2404,cu2404,66860.0,0.0,0.0,0.0,3,66870.0,66930.0,2,66700.0,66640.0,66860.0,66640.0,2.0,667500.0,371
2023-05-10 09:13:44,cu2404,cu2404,66860.0,0.0,0.0,0.0,3,66870.0,66930.0,2,66700.0,66640.0,66860.0,66640.0,2.0,667500.0,371
2023-05-10 09:13:50,cu2404,cu2404,66860.0,0.0,0.0,0.0,3,66870.0,66930.0,2,66700.0,66640.0,66860.0,66640.0,2.0,667500.0,371
2023-05-10 09:13:51,cu2404,cu2404,66860.0,0.0,0.0,0.0,3,66870.0,66940.0,1,66700.0,66640.0,66860.0,66640.0,2.0,667500.0,371
2023-05-10 09:13:51,cu2404,cu2404,66860.0,0.0,0.0,0.0,3,66870.0,66940.0,2,66700.0,66640.0,66860.0,66640.0,2.0,667500.0,371
2023-05-10 09:13:52,cu2404,cu2404,66860.0,0.0,0.0,0.0,3,66870.0,66940.0,2,66700.0,66640.0,66860.0,66640.0,2.0,667500.0,371
2023-05-10 09:13:53,cu2404,cu2404,66860.0,0.0,0.0,0.0,3,66870.0,66940.0,2,66700.0,66640.0,66860.0,66640.0,2.0,667500.0,371
2023-05-10 09:13:59,cu2404,cu2404,66860.0,0.0,0.0,0.0,3,66870.0,66930.0,1,66700.0,66640.0,66860.0,66640.0,2.0,667500.0,371
2023-05-10 09:14:01,cu2404,cu2404,66860.0,0.0,0.0,0.0,3,66870.0,66920.0,2,66700.0,66640.0,66860.0,66640.0,2.0,667500.0,371
2023-05-10 09:14:01,cu2404,cu2404,66860.0,0.0,0.0,0.0,3,66870.0,66920.0,2,66700.0,66640.0,66860.0,66640.0,2.0,667500.0,371
2023-05-10 09:14:02,cu2404,cu2404,66860.0,0.0,0.0,0.0,1,66810.0,66920.0,2,66700.0,66640.0,66860.0,66640.0,2.0,667500.0,371
2023-05-10 09:14:02,cu2404,cu2404,66860.0,0.0,0.0,0.0,1,66830.0,66920.0,2,66700.0,66640.0,66860.0,66640.0,2.0,667500.0,371
2023-05-10 09:14:03,cu2404,cu2404,66860.0,0.0,0.0,0.0,1,66840.0,66920.0,2,66700.0,66640.0,66860.0,66640.0,2.0,667500.0,371
2023-05-10 09:14:03,cu2404,cu2404,66860.0,0.0,0.0,0.0,2,66840.0,66920.0,2,66700.0,66640.0,66860.0,66640.0,2.0,667500.0,371
2023-05-10 09:14:05,cu2404,cu2404,66860.0,0.0,0.0,0.0,2,66840.0,67000.0,2,66700.0,66640.0,66860.0,66640.0,2.0,667500.0,371
2023-05-10 09:14:06,cu2404,cu2404,66860.0,0.0,0.0,0.0,2,66840.0,66990.0,4,66700.0,66640.0,66860.0,66640.0,2.0,667500.0,371
2023-05-10 09:14:07,cu2404,cu2404,66860.0,0.0,0.0,0.0,2,66840.0,66980.0,1,66700.0,66640.0,66860.0,66640.0,2.0,667500.0,371
2023-05-10 09:14:08,cu2404,cu2404,66860.0,0.0,0.0,0.0,2,66840.0,66970.0,1,66700.0,66640.0,66860.0,66640.0,2.0,667500.0,371
2023-05-10 09:14:08,cu2404,cu2404,66860.0,0.0,0.0,0.0,2,66840.0,66940.0,1,66700.0,66640.0,66860.0,66640.0,2.0,667500.0,371
2023-05-10 09:14:09,cu2404,cu2404,66860.0,0.0,0.0,0.0,2,66840.0,66940.0,1,66700.0,66640.0,66860.0,66640.0,2.0,667500.0,371
2023-05-10 09:14:09,cu2404,cu2404,66860.0,0.0,0.0,0.0,1,66840.0,66940.0,1,66700.0,66640.0,66860.0,66640.0,2.0,667500.0,371
2023-05-10 09:14:10,cu2404,cu2404,66860.0,0.0,0.0,0.0,2,66840.0,66940.0,1,66700.0,66640.0,66860.0,66640.0,2.0,667500.0,371
2023-05-10 09:14:11,cu2404,cu2404,66860.0,0.0,0.0,0.0,3,66850.0,66940.0,1,66700.0,66640.0,66860.0,66640.0,2.0,667500.0,371
2023-05-10 09:14:12,cu2404,cu2404,66860.0,0.0,0.0,0.0,1,66860.0,66940.0,1,66700.0,66640.0,66860.0,66640.0,2.0,667500.0,371
2023-05-10 09:14:12,cu2404,cu2404,66860.0,0.0,0.0,0.0,1,66860.0,66940.0,1,66700.0,66640.0,66860.0,66640.0,2.0,667500.0,371
2023-05-10 09:14:13,cu2404,cu2404,66860.0,0.0,0.0,0.0,4,66860.0,66940.0,1,66700.0,66640.0,66860.0,66640.0,2.0,667500.0,371
2023-05-10 09:14:13,cu2404,cu2404,66860.0,0.0,0.0,0.0,4,66860.0,66940.0,1,66700.0,66640.0,66860.0,66640.0,2.0,667500.0,371
2023-05-10 09:14:14,cu2404,cu2404,66860.0,0.0,0.0,0.0,3,66860.0,66940.0,1,66700.0,66640.0,66860.0,66640.0,2.0,667500.0,371
2023-05-10 09:14:17,cu2404,cu2404,66860.0,0.0,0.0,0.0,3,66860.0,66940.0,1,66700.0,66640.0,66860.0,66640.0,2.0,667500.0,371
2023-05-10 09:14:17,cu2404,cu2404,66860.0,0.0,0.0,0.0,3,66860.0,66940.0,1,66700.0,66640.0,66860.0,66640.0,2.0,667500.0,371
2023-05-10 09:14:18,cu2404,cu2404,66860.0,0.0,0.0,0.0,3,66860.0,66940.0,1,66700.0,66640.0,66860.0,66640.0,2.0,667500.0,371
2023-05-10 09:14:19,cu2404,cu2404,66860.0,0.0,0.0,0.0,3,66860.0,66940.0,1,66700.0,66640.0,66860.0,66640.0,2.0,667500.0,371
2023-05-10 09:14:24,cu2404,cu2404,66860.0,0.0,0.0,0.0,3,66860.0,66940.0,1,66700.0,66640.0,66860.0,66640.0,2.0,667500.0,371
2023-05-10 09:14:24,cu2404,cu2404,66860.0,0.0,0.0,0.0,3,66860.0,66940.0,1,66700.0,66640.0,66860.0,66640.0,2.0,667500.0,371
2023-05-10 09:14:26,cu2404,cu2404,66860.0,0.0,0.0,0.0,3,66860.0,66940.0,1,66700.0,66640.0,66860.0,66640.0,2.0,667500.0,371
2023-05-10 09:14:27,cu2404,cu2404,66860.0,0.0,0.0,0.0,3,66860.0,66940.0,1,66700.0,66640.0,66860.0,66640.0,2.0,667500.0,371
2023-05-10 09:14:29,cu2404,cu2404,66860.0,0.0,0.0,0.0,3,66860.0,66940.0,1,66700.0,66640.0,66860.0,66640.0,2.0,667500.0,371
2023-05-10 09:14:30,cu2404,cu2404,66860.0,0.0,0.0,0.0,3,66860.0,66940.0,1,66700.0,66640.0,66860.0,66640.0,2.0,667500.0,371
2023-05-10 09:14:34,cu2404,cu2404,66860.0,0.0,0.0,0.0,3,66860.0,66940.0,1,66700.0,66640.0,66860.0,66640.0,2.0,667500.0,371
2023-05-10 09:14:35,cu2404,cu2404,66860.0,0.0,0.0,0.0,3,66860.0,66940.0,1,66700.0,66640.0,66860.0,66640.0,2.0,667500.0,371
2023-05-10 09:14:40,cu2404,cu2404,66860.0,0.0,0.0,0.0,3,66860.0,66940.0,1,66700.0,66640.0,66860.0,66640.0,2.0,667500.0,371
2023-05-10 09:14:40,cu2404,cu2404,66860.0,0.0,0.0,0.0,3,66860.0,66940.0,1,66700.0,66640.0,66860.0,66640.0,2.0,667500.0,371
2023-05-10 09:14:44,cu2404,cu2404,66860.0,0.0,0.0,0.0,3,66860.0,66940.0,1,66700.0,66640.0,66860.0,66640.0,2.0,667500.0,371
2023-05-10 09:14:44,cu2404,cu2404,66860.0,0.0,0.0,0.0,3,66860.0,66940.0,1,66700.0,66640.0,66860.0,66640.0,2.0,667500.0,371
2023-05-10 09:14:51,cu2404,cu2404,66860.0,0.0,0.0,0.0,3,66860.0,66940.0,1,66700.0,66640.0,66860.0,66640.0,2.0,667500.0,371
2023-05-10 09:14:51,cu2404,cu2404,66860.0,0.0,0.0,0.0,3,66860.0,66940.0,1,66700.0,66640.0,66860.0,66640.0,2.0,667500.0,371
2023-05-10 09:14:52,cu2404,cu2404,66860.0,0.0,0.0,0.0,4,66860.0,67000.0,2,66700.0,66640.0,66860.0,66640.0,2.0,667500.0,371
2023-05-10 09:14:53,cu2404,cu2404,66860.0,0.0,0.0,0.0,4,66860.0,66950.0,1,66700.0,66640.0,66860.0,66640.0,2.0,667500.0,371
2023-05-10 09:14:53,cu2404,cu2404,66860.0,0.0,0.0,0.0,4,66860.0,66950.0,2,66700.0,66640.0,66860.0,66640.0,2.0,667500.0,371
2023-05-10 09:14:57,cu2404,cu2404,66860.0,0.0,0.0,0.0,4,66860.0,66950.0,2,66700.0,66640.0,66860.0,66640.0,2.0,667500.0,371
2023-05-10 09:14:57,cu2404,cu2404,66860.0,0.0,0.0,0.0,3,66860.0,66940.0,1,66700.0,66640.0,66860.0,66640.0,2.0,667500.0,371
2023-05-10 09:14:58,cu2404,cu2404,66860.0,0.0,0.0,0.0,3,66860.0,66930.0,2,66700.0,66640.0,66860.0,66640.0,2.0,667500.0,371
2023-05-10 09:14:58,cu2404,cu2404,66860.0,0.0,0.0,0.0,3,66860.0,66930.0,2,66700.0,66640.0,66860.0,66640.0,2.0,667500.0,371
2023-05-10 09:15:00,cu2404,cu2404,66860.0,0.0,0.0,0.0,3,66860.0,66930.0,2,66700.0,66640.0,66860.0,66640.0,2.0,667500.0,371
2023-05-10 09:15:00,cu2404,cu2404,66860.0,0.0,0.0,0.0,3,66860.0,66930.0,1,66700.0,66640.0,66860.0,66640.0,2.0,667500.0,371
2023-05-10 09:15:01,cu2404,cu2404,66860.0,0.0,0.0,0.0,1,66810.0,66920.0,2,66700.0,66640.0,66860.0,66640.0,2.0,667500.0,371
2023-05-10 09:15:02,cu2404,cu2404,66860.0,0.0,0.0,0.0,4,66820.0,66920.0,2,66700.0,66640.0,66860.0,66640.0,2.0,667500.0,371
2023-05-10 09:15:02,cu2404,cu2404,66860.0,0.0,0.0,0.0,7,66820.0,66910.0,2,66700.0,66640.0,66860.0,66640.0,2.0,667500.0,371
2023-05-10 09:15:03,cu2404,cu2404,66860.0,0.0,0.0,0.0,7,66820.0,66910.0,1,66700.0,66640.0,66860.0,66640.0,2.0,667500.0,371
2023-05-10 09:15:05,cu2404,cu2404,66860.0,0.0,0.0,0.0,7,66820.0,67000.0,2,66700.0,66640.0,66860.0,66640.0,2.0,667500.0,371
2023-05-10 09:15:05,cu2404,cu2404,66860.0,0.0,0.0,0.0,7,66820.0,66990.0,3,66700.0,66640.0,66860.0,66640.0,2.0,667500.0,371
2023-05-10 09:15:06,cu2404,cu2404,66860.0,0.0,0.0,0.0,7,66820.0,66920.0,1,66700.0,66640.0,66860.0,66640.0,2.0,667500.0,371
2023-05-10 09:15:06,cu2404,cu2404,66860.0,0.0,0.0,0.0,7,66820.0,66920.0,1,66700.0,66640.0,66860.0,66640.0,2.0,667500.0,371
2023-05-10 09:15:10,cu2404,cu2404,66860.0,0.0,0.0,0.0,6,66820.0,66920.0,1,66700.0,66640.0,66860.0,66640.0,2.0,667500.0,371
2023-05-10 09:15:10,cu2404,cu2404,66860.0,0.0,0.0,0.0,6,66820.0,66920.0,2,66700.0,66640.0,66860.0,66640.0,2.0,667500.0,371
2023-05-10 09:15:11,cu2404,cu2404,66860.0,0.0,0.0,0.0,7,66820.0,66920.0,1,66700.0,66640.0,66860.0,66640.0,2.0,667500.0,371
2023-05-10 09:15:12,cu2404,cu2404,66860.0,0.0,0.0,0.0,6,66820.0,66920.0,1,66700.0,66640.0,66860.0,66640.0,2.0,667500.0,371
2023-05-10 09:15:12,cu2404,cu2404,66860.0,0.0,0.0,0.0,6,66820.0,66920.0,2,66700.0,66640.0,66860.0,66640.0,2.0,667500.0,371
2023-05-10 09:15:18,cu2404,cu2404,66860.0,0.0,0.0,0.0,7,66820.0,66920.0,2,66700.0,66640.0,66860.0,66640.0,2.0,667500.0,371
2023-05-10 09:15:19,cu2404,cu2404,66860.0,0.0,0.0,0.0,6,66820.0,66920.0,2,66700.0,66640.0,66860.0,66640.0,2.0,667500.0,371
2023-05-10 09:15:38,cu2404,cu2404,66860.0,0.0,0.0,0.0,6,66820.0,66920.0,2,66700.0,66640.0,66860.0,66640.0,2.0,667500.0,371
2023-05-10 09:15:39,cu2404,cu2404,66860.0,0.0,0.0,0.0,4,66820.0,66920.0,2,66700.0,66640.0,66860.0,66640.0,2.0,667500.0,371
2023-05-10 09:15:42,cu2404,cu2404,66860.0,0.0,0.0,0.0,4,66820.0,66910.0,3,66700.0,66640.0,66860.0,66640.0,2.0,667500.0,371
2023-05-10 09:15:43,cu2404,cu2404,66860.0,0.0,0.0,0.0,4,66820.0,66900.0,1,66700.0,66640.0,66860.0,66640.0,2.0,667500.0,371
2023-05-10 09:15:43,cu2404,cu2404,66860.0,0.0,0.0,0.0,4,66820.0,66910.0,1,66700.0,66640.0,66860.0,66640.0,2.0,667500.0,371
2023-05-10 09:15:44,cu2404,cu2404,66860.0,0.0,0.0,0.0,4,66820.0,66910.0,1,66700.0,66640.0,66860.0,66640.0,2.0,667500.0,371
2023-05-10 09:15:44,cu2404,cu2404,66860.0,0.0,0.0,0.0,4,66820.0,66900.0,1,66700.0,66640.0,66860.0,66640.0,2.0,667500.0,371
2023-05-10 09:15:46,cu2404,cu2404,66860.0,0.0,0.0,0.0,4,66820.0,66920.0,1,66700.0,66640.0,66860.0,66640.0,2.0,667500.0,371
2023-05-10 09:15:46,cu2404,cu2404,66860.0,0.0,0.0,0.0,4,66820.0,66910.0,1,66700.0,66640.0,66860.0,66640.0,2.0,667500.0,371
2023-05-10 09:15:47,cu2404,cu2404,66860.0,0.0,0.0,0.0,4,66820.0,66900.0,1,66700.0,66640.0,66860.0,66640.0,2.0,667500.0,371
2023-05-10 09:15:47,cu2404,cu2404,66860.0,0.0,0.0,0.0,4,66820.0,66900.0,1,66700.0,66640.0,66860.0,66640.0,2.0,667500.0,371
2023-05-10 09:15:48,cu2404,cu2404,66860.0,0.0,0.0,0.0,4,66820.0,66900.0,1,66700.0,66640.0,66860.0,66640.0,2.0,667500.0,371
2023-05-10 09:15:49,cu2404,cu2404,66860.0,0.0,0.0,0.0,4,66820.0,66920.0,1,66700.0,66640.0,66860.0,66640.0,2.0,667500.0,371
2023-05-10 09:15:49,cu2404,cu2404,66860.0,0.0,0.0,0.0,4,66820.0,66910.0,1,66700.0,66640.0,66860.0,66640.0,2.0,667500.0,371
2023-05-10 09:15:50,cu2404,cu2404,66860.0,0.0,0.0,0.0,4,66820.0,66900.0,1,66700.0,66640.0,66860.0,66640.0,2.0,667500.0,371
2023-05-10 09:15:50,cu2404,cu2404,66860.0,0.0,0.0,0.0,3,66820.0,66900.0,1,66700.0,66640.0,66860.0,66640.0,2.0,667500.0,371
2023-05-10 09:15:51,cu2404,cu2404,66860.0,0.0,0.0,0.0,3,66820.0,66900.0,1,66700.0,66640.0,66860.0,66640.0,2.0,667500.0,371
2023-05-10 09:15:52,cu2404,cu2404,66860.0,0.0,0.0,0.0,3,66820.0,66920.0,1,66700.0,66640.0,66860.0,66640.0,2.0,667500.0,371
2023-05-10 09:15:52,cu2404,cu2404,66860.0,0.0,0.0,0.0,3,66820.0,66910.0,2,66700.0,66640.0,66860.0,66640.0,2.0,667500.0,371
2023-05-10 09:15:53,cu2404,cu2404,66860.0,0.0,0.0,0.0,3,66820.0,66900.0,1,66700.0,66640.0,66860.0,66640.0,2.0,667500.0,371
2023-05-10 09:15:53,cu2404,cu2404,66860.0,0.0,0.0,0.0,3,66820.0,66900.0,1,66700.0,66640.0,66860.0,66640.0,2.0,667500.0,371
2023-05-10 09:15:55,cu2404,cu2404,66860.0,0.0,0.0,0.0,4,66820.0,66900.0,1,66700.0,66640.0,66860.0,66640.0,2.0,667500.0,371
2023-05-10 09:16:02,cu2404,cu2404,66860.0,0.0,0.0,0.0,4,66820.0,66910.0,1,66700.0,66640.0,66860.0,66640.0,2.0,667500.0,371
2023-05-10 09:16:03,cu2404,cu2404,66860.0,0.0,0.0,0.0,4,66820.0,66910.0,2,66700.0,66640.0,66860.0,66640.0,2.0,667500.0,371
2023-05-10 09:16:03,cu2404,cu2404,66860.0,0.0,0.0,0.0,1,66830.0,66910.0,1,66700.0,66640.0,66860.0,66640.0,2.0,667500.0,371
2023-05-10 09:16:04,cu2404,cu2404,66860.0,0.0,0.0,0.0,1,66830.0,66910.0,1,66700.0,66640.0,66860.0,66640.0,2.0,667500.0,371
2023-05-10 09:16:04,cu2404,cu2404,66860.0,0.0,0.0,0.0,4,66830.0,66910.0,2,66700.0,66640.0,66860.0,66640.0,2.0,667500.0,371
2023-05-10 09:16:06,cu2404,cu2404,66860.0,0.0,0.0,0.0,4,66830.0,67000.0,2,66700.0,66640.0,66860.0,66640.0,2.0,667500.0,371
2023-05-10 09:16:06,cu2404,cu2404,66860.0,0.0,0.0,0.0,4,66830.0,66990.0,4,66700.0,66640.0,66860.0,66640.0,2.0,667500.0,371
2023-05-10 09:16:07,cu2404,cu2404,66860.0,0.0,0.0,0.0,4,66830.0,66920.0,1,66700.0,66640.0,66860.0,66640.0,2.0,667500.0,371
2023-05-10 09:16:07,cu2404,cu2404,66860.0,0.0,0.0,0.0,4,66830.0,66920.0,2,66700.0,66640.0,66860.0,66640.0,2.0,667500.0,371
2023-05-10 09:16:08,cu2404,cu2404,66860.0,0.0,0.0,0.0,3,66830.0,66910.0,1,66700.0,66640.0,66860.0,66640.0,2.0,667500.0,371
2023-05-10 09:16:09,cu2404,cu2404,66860.0,0.0,0.0,0.0,3,66830.0,66910.0,1,66700.0,66640.0,66860.0,66640.0,2.0,667500.0,371
2023-05-10 09:16:10,cu2404,cu2404,66860.0,0.0,0.0,0.0,3,66830.0,66900.0,1,66700.0,66640.0,66860.0,66640.0,2.0,667500.0,371
2023-05-10 09:16:10,cu2404,cu2404,66860.0,0.0,0.0,0.0,3,66830.0,66900.0,1,66700.0,66640.0,66860.0,66640.0,2.0,667500.0,371
2023-05-10 09:16:12,cu2404,cu2404,66860.0,0.0,0.0,0.0,3,66830.0,66920.0,1,66700.0,66640.0,66860.0,66640.0,2.0,667500.0,371
2023-05-10 09:16:13,cu2404,cu2404,66860.0,0.0,0.0,0.0,3,66830.0,66910.0,1,66700.0,66640.0,66860.0,66640.0,2.0,667500.0,371
2023-05-10 09:16:13,cu2404,cu2404,66860.0,0.0,0.0,0.0,3,66830.0,66900.0,1,66700.0,66640.0,66860.0,66640.0,2.0,667500.0,371
2023-05-10 09:16:14,cu2404,cu2404,66860.0,0.0,0.0,0.0,3,66830.0,66900.0,1,66700.0,66640.0,66860.0,66640.0,2.0,667500.0,371
2023-05-10 09:16:22,cu2404,cu2404,66860.0,0.0,0.0,0.0,3,66830.0,66900.0,1,66700.0,66640.0,66860.0,66640.0,2.0,667500.0,371
2023-05-10 09:16:23,cu2404,cu2404,66860.0,0.0,0.0,0.0,3,66830.0,66920.0,1,66700.0,66640.0,66860.0,66640.0,2.0,667500.0,371
2023-05-10 09:16:23,cu2404,cu2404,66860.0,0.0,0.0,0.0,3,66830.0,66910.0,2,66700.0,66640.0,66860.0,66640.0,2.0,667500.0,371
2023-05-10 09:16:24,cu2404,cu2404,66860.0,0.0,0.0,0.0,3,66830.0,66900.0,1,66700.0,66640.0,66860.0,66640.0,2.0,667500.0,371
2023-05-10 09:16:24,cu2404,cu2404,66860.0,0.0,0.0,0.0,3,66830.0,66900.0,1,66700.0,66640.0,66860.0,66640.0,2.0,667500.0,371
2023-05-10 09:16:32,cu2404,cu2404,66860.0,0.0,0.0,0.0,3,66830.0,66900.0,1,66700.0,66640.0,66860.0,66640.0,2.0,667500.0,371
2023-05-10 09:16:33,cu2404,cu2404,66860.0,0.0,0.0,0.0,3,66830.0,66900.0,1,66700.0,66640.0,66860.0,66640.0,2.0,667500.0,371
2023-05-10 09:16:33,cu2404,cu2404,66860.0,0.0,0.0,0.0,3,66830.0,66900.0,2,66700.0,66640.0,66860.0,66640.0,2.0,667500.0,371
2023-05-10 09:16:34,cu2404,cu2404,66860.0,0.0,0.0,0.0,3,66830.0,66900.0,1,66700.0,66640.0,66860.0,66640.0,2.0,667500.0,371
2023-05-10 09:16:34,cu2404,cu2404,66860.0,0.0,0.0,0.0,3,66830.0,66900.0,2,66700.0,66640.0,66860.0,66640.0,2.0,667500.0,371
2023-05-10 09:16:40,cu2404,cu2404,66860.0,0.0,0.0,0.0,3,66830.0,66900.0,1,66700.0,66640.0,66860.0,66640.0,2.0,667500.0,371
2023-05-10 09:16:42,cu2404,cu2404,66860.0,0.0,0.0,0.0,3,66830.0,66900.0,2,66700.0,66640.0,66860.0,66640.0,2.0,667500.0,371
2023-05-10 09:16:52,cu2404,cu2404,66860.0,0.0,0.0,0.0,3,66830.0,66900.0,2,66700.0,66640.0,66860.0,66640.0,2.0,667500.0,371
2023-05-10 09:16:53,cu2404,cu2404,66860.0,0.0,0.0,0.0,3,66830.0,66900.0,1,66700.0,66640.0,66860.0,66640.0,2.0,667500.0,371
2023-05-10 09:16:53,cu2404,cu2404,66860.0,0.0,0.0,0.0,3,66830.0,66900.0,2,66700.0,66640.0,66860.0,66640.0,2.0,667500.0,371
2023-05-10 09:16:54,cu2404,cu2404,66860.0,0.0,0.0,0.0,3,66830.0,66900.0,1,66700.0,66640.0,66860.0,66640.0,2.0,667500.0,371
2023-05-10 09:17:01,cu2404,cu2404,66860.0,0.0,0.0,0.0,3,66830.0,67000.0,2,66700.0,66640.0,66860.0,66640.0,2.0,667500.0,371
2023-05-10 09:17:01,cu2404,cu2404,66860.0,0.0,0.0,0.0,4,66830.0,66910.0,1,66700.0,66640.0,66860.0,66640.0,2.0,667500.0,371
2023-05-10 09:17:02,cu2404,cu2404,66860.0,0.0,0.0,0.0,4,66830.0,66980.0,1,66700.0,66640.0,66860.0,66640.0,2.0,667500.0,371
2023-05-10 09:17:02,cu2404,cu2404,66860.0,0.0,0.0,0.0,4,66830.0,66970.0,2,66700.0,66640.0,66860.0,66640.0,2.0,667500.0,371
2023-05-10 09:17:03,cu2404,cu2404,66860.0,0.0,0.0,0.0,4,66830.0,66970.0,2,66700.0,66640.0,66860.0,66640.0,2.0,667500.0,371
2023-05-10 09:17:03,cu2404,cu2404,66860.0,0.0,0.0,0.0,4,66830.0,66960.0,2,66700.0,66640.0,66860.0,66640.0,2.0,667500.0,371
2023-05-10 09:17:04,cu2404,cu2404,66860.0,0.0,0.0,0.0,4,66830.0,66950.0,1,66700.0,66640.0,66860.0,66640.0,2.0,667500.0,371
2023-05-10 09:17:04,cu2404,cu2404,66860.0,0.0,0.0,0.0,4,66830.0,66950.0,1,66700.0,66640.0,66860.0,66640.0,2.0,667500.0,371
2023-05-10 09:17:05,cu2404,cu2404,66860.0,0.0,0.0,0.0,4,66830.0,66920.0,1,66700.0,66640.0,66860.0,66640.0,2.0,667500.0,371
2023-05-10 09:17:05,cu2404,cu2404,66860.0,0.0,0.0,0.0,4,66830.0,66910.0,1,66700.0,66640.0,66860.0,66640.0,2.0,667500.0,371
2023-05-10 09:17:06,cu2404,cu2404,66860.0,0.0,0.0,0.0,4,66830.0,66910.0,1,66700.0,66640.0,66860.0,66640.0,2.0,667500.0,371
2023-05-10 09:17:12,cu2404,cu2404,66860.0,0.0,0.0,0.0,4,66830.0,66910.0,1,66700.0,66640.0,66860.0,66640.0,2.0,667500.0,371
2023-05-10 09:17:12,cu2404,cu2404,66860.0,0.0,0.0,0.0,3,66830.0,66910.0,1,66700.0,66640.0,66860.0,66640.0,2.0,667500.0,371
2023-05-10 09:17:13,cu2404,cu2404,66860.0,0.0,0.0,0.0,3,66830.0,66920.0,1,66700.0,66640.0,66860.0,66640.0,2.0,667500.0,371
2023-05-10 09:17:13,cu2404,cu2404,66860.0,0.0,0.0,0.0,4,66830.0,66920.0,2,66700.0,66640.0,66860.0,66640.0,2.0,667500.0,371
2023-05-10 09:17:14,cu2404,cu2404,66860.0,0.0,0.0,0.0,3,66830.0,66910.0,1,66700.0,66640.0,66860.0,66640.0,2.0,667500.0,371
2023-05-10 09:17:15,cu2404,cu2404,66860.0,0.0,0.0,0.0,3,66830.0,67000.0,2,66700.0,66640.0,66860.0,66640.0,2.0,667500.0,371
2023-05-10 09:17:15,cu2404,cu2404,66860.0,0.0,0.0,0.0,3,66830.0,66920.0,1,66700.0,66640.0,66860.0,66640.0,2.0,667500.0,371
2023-05-10 09:17:16,cu2404,cu2404,66860.0,0.0,0.0,0.0,4,66830.0,66920.0,2,66700.0,66640.0,66860.0,66640.0,2.0,667500.0,371
2023-05-10 09:17:18,cu2404,cu2404,66860.0,0.0,0.0,0.0,4,66830.0,66920.0,2,66700.0,66640.0,66860.0,66640.0,2.0,667500.0,371
2023-05-10 09:17:21,cu2404,cu2404,66860.0,0.0,0.0,0.0,1,66840.0,66990.0,2,66700.0,66640.0,66860.0,66640.0,2.0,667500.0,371
2023-05-10 09:17:22,cu2404,cu2404,66860.0,0.0,0.0,0.0,1,66840.0,66980.0,4,66700.0,66640.0,66860.0,66640.0,2.0,667500.0,371
2023-05-10 09:17:22,cu2404,cu2404,66860.0,0.0,0.0,0.0,3,66850.0,66980.0,4,66700.0,66640.0,66860.0,66640.0,2.0,667500.0,371
2023-05-10 09:17:23,cu2404,cu2404,66860.0,0.0,0.0,0.0,3,66850.0,66980.0,4,66700.0,66640.0,66860.0,66640.0,2.0,667500.0,371
2023-05-10 09:17:23,cu2404,cu2404,66860.0,0.0,0.0,0.0,3,66850.0,66940.0,2,66700.0,66640.0,66860.0,66640.0,2.0,667500.0,371
2023-05-10 09:17:24,cu2404,cu2404,66860.0,0.0,0.0,0.0,3,66850.0,66930.0,2,66700.0,66640.0,66860.0,66640.0,2.0,667500.0,371
2023-05-10 09:17:24,cu2404,cu2404,66860.0,0.0,0.0,0.0,3,66850.0,66930.0,2,66700.0,66640.0,66860.0,66640.0,2.0,667500.0,371
2023-05-10 09:17:25,cu2404,cu2404,66860.0,0.0,0.0,0.0,3,66850.0,66930.0,2,66700.0,66640.0,66860.0,66640.0,2.0,667500.0,371
2023-05-10 09:18:30,cu2404,cu2404,66860.0,0.0,0.0,0.0,26,66850.0,66930.0,2,66700.0,66640.0,66860.0,66640.0,2.0,667500.0,371
2023-05-10 09:18:33,cu2404,cu2404,66860.0,0.0,0.0,0.0,26,66850.0,66930.0,1,66700.0,66640.0,66860.0,66640.0,2.0,667500.0,371
2023-05-10 09:18:33,cu2404,cu2404,66860.0,0.0,0.0,0.0,27,66850.0,67000.0,2,66700.0,66640.0,66860.0,66640.0,2.0,667500.0,371
2023-05-10 09:18:34,cu2404,cu2404,66860.0,0.0,0.0,0.0,27,66850.0,66990.0,4,66700.0,66640.0,66860.0,66640.0,2.0,667500.0,371
2023-05-10 09:18:34,cu2404,cu2404,66860.0,0.0,0.0,0.0,27,66850.0,66990.0,6,66700.0,66640.0,66860.0,66640.0,2.0,667500.0,371
2023-05-10 09:18:35,cu2404,cu2404,66860.0,0.0,0.0,0.0,26,66850.0,66990.0,6,66700.0,66640.0,66860.0,66640.0,2.0,667500.0,371
2023-05-10 09:18:36,cu2404,cu2404,66860.0,0.0,0.0,0.0,27,66850.0,66990.0,6,66700.0,66640.0,66860.0,66640.0,2.0,667500.0,371
2023-05-10 09:18:58,cu2404,cu2404,66860.0,0.0,0.0,0.0,27,66850.0,66980.0,2,66700.0,66640.0,66860.0,66640.0,2.0,667500.0,371
2023-05-10 09:18:58,cu2404,cu2404,66860.0,0.0,0.0,0.0,27,66850.0,66970.0,1,66700.0,66640.0,66860.0,66640.0,2.0,667500.0,371
2023-05-10 09:18:59,cu2404,cu2404,66860.0,0.0,0.0,0.0,27,66850.0,66960.0,2,66700.0,66640.0,66860.0,66640.0,2.0,667500.0,371
2023-05-10 09:18:59,cu2404,cu2404,66860.0,0.0,0.0,0.0,27,66850.0,66950.0,1,66700.0,66640.0,66860.0,66640.0,2.0,667500.0,371
2023-05-10 09:19:00,cu2404,cu2404,66860.0,0.0,0.0,0.0,27,66850.0,66950.0,1,66700.0,66640.0,66860.0,66640.0,2.0,667500.0,371
2023-05-10 09:19:00,cu2404,cu2404,66860.0,0.0,0.0,0.0,27,66850.0,66940.0,2,66700.0,66640.0,66860.0,66640.0,2.0,667500.0,371
2023-05-10 09:19:01,cu2404,cu2404,66860.0,0.0,0.0,0.0,27,66850.0,66940.0,3,66700.0,66640.0,66860.0,66640.0,2.0,667500.0,371
2023-05-10 09:19:02,cu2404,cu2404,66860.0,0.0,0.0,0.0,27,66850.0,66940.0,3,66700.0,66640.0,66860.0,66640.0,2.0,667500.0,371
2023-05-10 09:19:04,cu2404,cu2404,66860.0,0.0,0.0,0.0,1,66860.0,66940.0,1,66700.0,66640.0,66860.0,66640.0,2.0,667500.0,371
2023-05-10 09:19:04,cu2404,cu2404,66860.0,0.0,0.0,0.0,1,66860.0,66940.0,1,66700.0,66640.0,66860.0,66640.0,2.0,667500.0,371
2023-05-10 09:19:05,cu2404,cu2404,66860.0,0.0,0.0,0.0,3,66870.0,66940.0,1,66700.0,66640.0,66860.0,66640.0,2.0,667500.0,371
2023-05-10 09:19:05,cu2404,cu2404,66860.0,0.0,0.0,0.0,3,66870.0,66940.0,1,66700.0,66640.0,66860.0,66640.0,2.0,667500.0,371
2023-05-10 09:19:06,cu2404,cu2404,66860.0,0.0,0.0,0.0,3,66870.0,67000.0,2,66700.0,66640.0,66860.0,66640.0,2.0,667500.0,371
2023-05-10 09:19:06,cu2404,cu2404,66860.0,0.0,0.0,0.0,4,66870.0,66990.0,3,66700.0,66640.0,66860.0,66640.0,2.0,667500.0,371
2023-05-10 09:19:07,cu2404,cu2404,66860.0,0.0,0.0,0.0,4,66870.0,66990.0,5,66700.0,66640.0,66860.0,66640.0,2.0,667500.0,371
2023-05-10 09:19:09,cu2404,cu2404,66860.0,0.0,0.0,0.0,4,66870.0,66990.0,6,66700.0,66640.0,66860.0,66640.0,2.0,667500.0,371
2023-05-10 09:19:11,cu2404,cu2404,66860.0,0.0,0.0,0.0,4,66870.0,66990.0,5,66700.0,66640.0,66860.0,66640.0,2.0,667500.0,371
2023-05-10 09:19:14,cu2404,cu2404,66860.0,0.0,0.0,0.0,3,66870.0,66990.0,5,66700.0,66640.0,66860.0,66640.0,2.0,667500.0,371
2023-05-10 09:19:34,cu2404,cu2404,66860.0,0.0,0.0,0.0,4,66870.0,66990.0,5,66700.0,66640.0,66860.0,66640.0,2.0,667500.0,371
2023-05-10 09:19:34,cu2404,cu2404,66860.0,0.0,0.0,0.0,3,66870.0,66990.0,5,66700.0,66640.0,66860.0,66640.0,2.0,667500.0,371
2023-05-10 09:19:41,cu2404,cu2404,66860.0,0.0,0.0,0.0,3,66870.0,66990.0,6,66700.0,66640.0,66860.0,66640.0,2.0,667500.0,371
2023-05-10 09:19:47,cu2404,cu2404,66860.0,0.0,0.0,0.0,4,66870.0,66990.0,5,66700.0,66640.0,66860.0,66640.0,2.0,667500.0,371
2023-05-10 09:19:51,cu2404,cu2404,66860.0,0.0,0.0,0.0,3,66870.0,66990.0,5,66700.0,66640.0,66860.0,66640.0,2.0,667500.0,371
2023-05-10 09:19:54,cu2404,cu2404,66860.0,0.0,0.0,0.0,4,66870.0,66990.0,5,66700.0,66640.0,66860.0,66640.0,2.0,667500.0,371
2023-05-10 09:19:55,cu2404,cu2404,66860.0,0.0,0.0,0.0,4,66870.0,66990.0,5,66700.0,66640.0,66860.0,66640.0,2.0,667500.0,371
2023-05-10 09:19:55,cu2404,cu2404,66860.0,0.0,0.0,0.0,4,66870.0,66990.0,5,66700.0,66640.0,66860.0,66640.0,2.0,667500.0,371
2023-05-10 09:19:58,cu2404,cu2404,66860.0,0.0,0.0,0.0,3,66870.0,66990.0,5,66700.0,66640.0,66860.0,66640.0,2.0,667500.0,371
2023-05-10 09:19:59,cu2404,cu2404,66860.0,0.0,0.0,0.0,4,66870.0,66990.0,5,66700.0,66640.0,66860.0,66640.0,2.0,667500.0,371
2023-05-10 09:19:59,cu2404,cu2404,66860.0,0.0,0.0,0.0,3,66870.0,66990.0,5,66700.0,66640.0,66860.0,66640.0,2.0,667500.0,371
2023-05-10 09:20:00,cu2404,cu2404,66860.0,0.0,0.0,0.0,4,66870.0,66990.0,5,66700.0,66640.0,66860.0,66640.0,2.0,667500.0,371
2023-05-10 09:20:02,cu2404,cu2404,66860.0,0.0,0.0,0.0,3,66870.0,66990.0,5,66700.0,66640.0,66860.0,66640.0,2.0,667500.0,371
2023-05-10 09:20:04,cu2404,cu2404,66860.0,0.0,0.0,0.0,4,66870.0,66990.0,5,66700.0,66640.0,66860.0,66640.0,2.0,667500.0,371
2023-05-10 09:20:04,cu2404,cu2404,66860.0,0.0,0.0,0.0,3,66870.0,66990.0,5,66700.0,66640.0,66860.0,66640.0,2.0,667500.0,371
2023-05-10 09:20:08,cu2404,cu2404,66860.0,0.0,0.0,0.0,4,66870.0,66990.0,5,66700.0,66640.0,66860.0,66640.0,2.0,667500.0,371
2023-05-10 09:20:11,cu2404,cu2404,66860.0,0.0,0.0,0.0,1,66880.0,66990.0,5,66700.0,66640.0,66860.0,66640.0,2.0,667500.0,371
2023-05-10 09:20:11,cu2404,cu2404,66860.0,0.0,0.0,0.0,1,66880.0,66970.0,1,66700.0,66640.0,66860.0,66640.0,2.0,667500.0,371
2023-05-10 09:20:12,cu2404,cu2404,66860.0,0.0,0.0,0.0,3,66890.0,66970.0,2,66700.0,66640.0,66860.0,66640.0,2.0,667500.0,371
2023-05-10 09:20:12,cu2404,cu2404,66860.0,0.0,0.0,0.0,3,66890.0,66960.0,1,66700.0,66640.0,66860.0,66640.0,2.0,667500.0,371
2023-05-10 09:20:13,cu2404,cu2404,66860.0,0.0,0.0,0.0,3,66890.0,66960.0,1,66700.0,66640.0,66860.0,66640.0,2.0,667500.0,371
2023-05-10 09:20:24,cu2404,cu2404,66860.0,0.0,0.0,0.0,3,66890.0,66960.0,1,66700.0,66640.0,66860.0,66640.0,2.0,667500.0,371
2023-05-10 09:20:24,cu2404,cu2404,66860.0,0.0,0.0,0.0,3,66890.0,66980.0,1,66700.0,66640.0,66860.0,66640.0,2.0,667500.0,371
2023-05-10 09:20:25,cu2404,cu2404,66860.0,0.0,0.0,0.0,3,66890.0,66970.0,1,66700.0,66640.0,66860.0,66640.0,2.0,667500.0,371
2023-05-10 09:20:26,cu2404,cu2404,66860.0,0.0,0.0,0.0,3,66890.0,66960.0,1,66700.0,66640.0,66860.0,66640.0,2.0,667500.0,371
2023-05-10 09:20:27,cu2404,cu2404,66860.0,0.0,0.0,0.0,3,66890.0,66960.0,1,66700.0,66640.0,66860.0,66640.0,2.0,667500.0,371
2023-05-10 09:20:29,cu2404,cu2404,66860.0,0.0,0.0,0.0,3,66890.0,66980.0,1,66700.0,66640.0,66860.0,66640.0,2.0,667500.0,371
2023-05-10 09:20:29,cu2404,cu2404,66860.0,0.0,0.0,0.0,3,66890.0,66970.0,1,66700.0,66640.0,66860.0,66640.0,2.0,667500.0,371
2023-05-10 09:20:30,cu2404,cu2404,66860.0,0.0,0.0,0.0,3,66890.0,66960.0,1,66700.0,66640.0,66860.0,66640.0,2.0,667500.0,371
2023-05-10 09:20:30,cu2404,cu2404,66860.0,0.0,0.0,0.0,3,66890.0,66960.0,1,66700.0,66640.0,66860.0,66640.0,2.0,667500.0,371
2023-05-10 09:20:32,cu2404,cu2404,66860.0,0.0,0.0,0.0,3,66890.0,66960.0,2,66700.0,66640.0,66860.0,66640.0,2.0,667500.0,371
2023-05-10 09:21:00,cu2404,cu2404,66860.0,0.0,0.0,0.0,3,66890.0,66960.0,1,66700.0,66640.0,66860.0,66640.0,2.0,667500.0,371
2023-05-10 09:21:21,cu2404,cu2404,66860.0,0.0,0.0,0.0,3,66890.0,66960.0,2,66700.0,66640.0,66860.0,66640.0,2.0,667500.0,371
2023-05-10 09:21:21,cu2404,cu2404,66860.0,0.0,0.0,0.0,3,66890.0,66960.0,1,66700.0,66640.0,66860.0,66640.0,2.0,667500.0,371
2023-05-10 09:21:34,cu2404,cu2404,66860.0,0.0,0.0,0.0,3,66890.0,66960.0,2,66700.0,66640.0,66860.0,66640.0,2.0,667500.0,371
2023-05-10 09:21:39,cu2404,cu2404,66860.0,0.0,0.0,0.0,3,66890.0,66960.0,2,66700.0,66640.0,66860.0,66640.0,2.0,667500.0,371
2023-05-10 09:21:39,cu2404,cu2404,66860.0,0.0,0.0,0.0,3,66890.0,66960.0,2,66700.0,66640.0,66860.0,66640.0,2.0,667500.0,371
2023-05-10 09:21:46,cu2404,cu2404,66860.0,0.0,0.0,0.0,3,66890.0,66950.0,1,66700.0,66640.0,66860.0,66640.0,2.0,667500.0,371
2023-05-10 09:21:46,cu2404,cu2404,66860.0,0.0,0.0,0.0,23,66850.0,66940.0,1,66700.0,66640.0,66860.0,66640.0,2.0,667500.0,371
2023-05-10 09:21:47,cu2404,cu2404,66860.0,0.0,0.0,0.0,24,66850.0,66940.0,2,66700.0,66640.0,66860.0,66640.0,2.0,667500.0,371
2023-05-10 09:21:47,cu2404,cu2404,66860.0,0.0,0.0,0.0,3,66860.0,66940.0,2,66700.0,66640.0,66860.0,66640.0,2.0,667500.0,371
2023-05-10 09:21:48,cu2404,cu2404,66860.0,0.0,0.0,0.0,3,66860.0,66940.0,2,66700.0,66640.0,66860.0,66640.0,2.0,667500.0,371
2023-05-10 09:21:48,cu2404,cu2404,66860.0,0.0,0.0,0.0,3,66860.0,66940.0,1,66700.0,66640.0,66860.0,66640.0,2.0,667500.0,371
2023-05-10 09:21:49,cu2404,cu2404,66860.0,0.0,0.0,0.0,3,66860.0,66930.0,1,66700.0,66640.0,66860.0,66640.0,2.0,667500.0,371
2023-05-10 09:21:49,cu2404,cu2404,66860.0,0.0,0.0,0.0,3,66860.0,66980.0,1,66700.0,66640.0,66860.0,66640.0,2.0,667500.0,371
2023-05-10 09:21:50,cu2404,cu2404,66860.0,0.0,0.0,0.0,3,66860.0,66970.0,3,66700.0,66640.0,66860.0,66640.0,2.0,667500.0,371
2023-05-10 09:21:50,cu2404,cu2404,66860.0,0.0,0.0,0.0,3,66860.0,66970.0,4,66700.0,66640.0,66860.0,66640.0,2.0,667500.0,371
2023-05-10 09:21:52,cu2404,cu2404,66860.0,0.0,0.0,0.0,3,66860.0,66960.0,1,66700.0,66640.0,66860.0,66640.0,2.0,667500.0,371
2023-05-10 09:21:52,cu2404,cu2404,66860.0,0.0,0.0,0.0,3,66860.0,66950.0,1,66700.0,66640.0,66860.0,66640.0,2.0,667500.0,371
2023-05-10 09:21:53,cu2404,cu2404,66860.0,0.0,0.0,0.0,3,66860.0,66940.0,1,66700.0,66640.0,66860.0,66640.0,2.0,667500.0,371
2023-05-10 09:21:53,cu2404,cu2404,66860.0,0.0,0.0,0.0,3,66860.0,66940.0,3,66700.0,66640.0,66860.0,66640.0,2.0,667500.0,371
2023-05-10 09:22:17,cu2404,cu2404,66860.0,0.0,0.0,0.0,3,66860.0,66940.0,2,66700.0,66640.0,66860.0,66640.0,2.0,667500.0,371
2023-05-10 09:22:18,cu2404,cu2404,66860.0,0.0,0.0,0.0,3,66860.0,66940.0,1,66700.0,66640.0,66860.0,66640.0,2.0,667500.0,371
2023-05-10 09:22:20,cu2404,cu2404,66860.0,0.0,0.0,0.0,3,66860.0,66950.0,1,66700.0,66640.0,66860.0,66640.0,2.0,667500.0,371
2023-05-10 09:22:20,cu2404,cu2404,66860.0,0.0,0.0,0.0,3,66860.0,66950.0,2,66700.0,66640.0,66860.0,66640.0,2.0,667500.0,371
2023-05-10 09:22:27,cu2404,cu2404,66860.0,0.0,0.0,0.0,4,66860.0,66950.0,2,66700.0,66640.0,66860.0,66640.0,2.0,667500.0,371
2023-05-10 09:22:31,cu2404,cu2404,66860.0,0.0,0.0,0.0,3,66860.0,66950.0,2,66700.0,66640.0,66860.0,66640.0,2.0,667500.0,371
2023-05-10 09:22:32,cu2404,cu2404,66860.0,0.0,0.0,0.0,3,66860.0,66940.0,1,66700.0,66640.0,66860.0,66640.0,2.0,667500.0,371
2023-05-10 09:22:33,cu2404,cu2404,66860.0,0.0,0.0,0.0,3,66860.0,66940.0,1,66700.0,66640.0,66860.0,66640.0,2.0,667500.0,371
2023-05-10 09:22:37,cu2404,cu2404,66860.0,0.0,0.0,0.0,4,66860.0,67000.0,2,66700.0,66640.0,66860.0,66640.0,2.0,667500.0,371
2023-05-10 09:22:38,cu2404,cu2404,66860.0,0.0,0.0,0.0,4,66860.0,66950.0,1,66700.0,66640.0,66860.0,66640.0,2.0,667500.0,371
2023-05-10 09:22:38,cu2404,cu2404,66860.0,0.0,0.0,0.0,4,66860.0,66950.0,1,66700.0,66640.0,66860.0,66640.0,2.0,667500.0,371
2023-05-10 09:22:39,cu2404,cu2404,66860.0,0.0,0.0,0.0,1,66870.0,66990.0,2,66700.0,66640.0,66860.0,66640.0,2.0,667500.0,371
2023-05-10 09:22:39,cu2404,cu2404,66860.0,0.0,0.0,0.0,1,66870.0,66980.0,3,66700.0,66640.0,66860.0,66640.0,2.0,667500.0,371
2023-05-10 09:22:40,cu2404,cu2404,66860.0,0.0,0.0,0.0,4,66870.0,66980.0,3,66700.0,66640.0,66860.0,66640.0,2.0,667500.0,371
2023-05-10 09:22:40,cu2404,cu2404,66860.0,0.0,0.0,0.0,3,66870.0,66980.0,3,66700.0,66640.0,66860.0,66640.0,2.0,667500.0,371
2023-05-10 09:22:41,cu2404,cu2404,66860.0,0.0,0.0,0.0,3,66870.0,66960.0,1,66700.0,66640.0,66860.0,66640.0,2.0,667500.0,371
2023-05-10 09:22:41,cu2404,cu2404,66860.0,0.0,0.0,0.0,3,66870.0,66950.0,2,66700.0,66640.0,66860.0,66640.0,2.0,667500.0,371
2023-05-10 09:22:44,cu2404,cu2404,66860.0,0.0,0.0,0.0,3,66870.0,66950.0,2,66700.0,66640.0,66860.0,66640.0,2.0,667500.0,371
2023-05-10 09:22:47,cu2404,cu2404,66860.0,0.0,0.0,0.0,3,66870.0,66950.0,2,66700.0,66640.0,66860.0,66640.0,2.0,667500.0,371
2023-05-10 09:22:48,cu2404,cu2404,66860.0,0.0,0.0,0.0,3,66870.0,66940.0,1,66700.0,66640.0,66860.0,66640.0,2.0,667500.0,371
2023-05-10 09:22:48,cu2404,cu2404,66860.0,0.0,0.0,0.0,3,66870.0,66940.0,2,66700.0,66640.0,66860.0,66640.0,2.0,667500.0,371
2023-05-10 09:22:51,cu2404,cu2404,66860.0,0.0,0.0,0.0,3,66870.0,66930.0,1,66700.0,66640.0,66860.0,66640.0,2.0,667500.0,371
2023-05-10 09:22:52,cu2404,cu2404,66860.0,0.0,0.0,0.0,3,66870.0,66930.0,1,66700.0,66640.0,66860.0,66640.0,2.0,667500.0,371
2023-05-10 09:22:52,cu2404,cu2404,66860.0,0.0,0.0,0.0,3,66870.0,66930.0,1,66700.0,66640.0,66860.0,66640.0,2.0,667500.0,371
2023-05-10 09:22:53,cu2404,cu2404,66860.0,0.0,0.0,0.0,3,66870.0,66930.0,1,66700.0,66640.0,66860.0,66640.0,2.0,667500.0,371
2023-05-10 09:22:54,cu2404,cu2404,66860.0,0.0,0.0,0.0,3,66870.0,66930.0,1,66700.0,66640.0,66860.0,66640.0,2.0,667500.0,371
2023-05-10 09:22:55,cu2404,cu2404,66860.0,0.0,0.0,0.0,3,66870.0,66960.0,1,66700.0,66640.0,66860.0,66640.0,2.0,667500.0,371
2023-05-10 09:22:55,cu2404,cu2404,66860.0,0.0,0.0,0.0,3,66870.0,66950.0,2,66700.0,66640.0,66860.0,66640.0,2.0,667500.0,371
2023-05-10 09:22:57,cu2404,cu2404,66860.0,0.0,0.0,0.0,3,66870.0,66940.0,1,66700.0,66640.0,66860.0,66640.0,2.0,667500.0,371
2023-05-10 09:22:58,cu2404,cu2404,66860.0,0.0,0.0,0.0,3,66870.0,66940.0,2,66700.0,66640.0,66860.0,66640.0,2.0,667500.0,371
2023-05-10 09:23:02,cu2404,cu2404,66860.0,0.0,0.0,0.0,3,66870.0,66940.0,1,66700.0,66640.0,66860.0,66640.0,2.0,667500.0,371
2023-05-10 09:23:03,cu2404,cu2404,66860.0,0.0,0.0,0.0,4,66870.0,66950.0,1,66700.0,66640.0,66860.0,66640.0,2.0,667500.0,371
2023-05-10 09:23:06,cu2404,cu2404,66860.0,0.0,0.0,0.0,4,66870.0,66950.0,1,66700.0,66640.0,66860.0,66640.0,2.0,667500.0,371
2023-05-10 09:23:12,cu2404,cu2404,66860.0,0.0,0.0,0.0,4,66870.0,66940.0,1,66700.0,66640.0,66860.0,66640.0,2.0,667500.0,371
2023-05-10 09:23:12,cu2404,cu2404,66860.0,0.0,0.0,0.0,4,66870.0,66940.0,1,66700.0,66640.0,66860.0,66640.0,2.0,667500.0,371
2023-05-10 09:23:13,cu2404,cu2404,66860.0,0.0,0.0,0.0,4,66870.0,66950.0,1,66700.0,66640.0,66860.0,66640.0,2.0,667500.0,371
2023-05-10 09:23:14,cu2404,cu2404,66860.0,0.0,0.0,0.0,4,66870.0,66950.0,2,66700.0,66640.0,66860.0,66640.0,2.0,667500.0,371
2023-05-10 09:23:18,cu2404,cu2404,66860.0,0.0,0.0,0.0,3,66870.0,66940.0,1,66700.0,66640.0,66860.0,66640.0,2.0,667500.0,371
2023-05-10 09:23:32,cu2404,cu2404,66860.0,0.0,0.0,0.0,4,66870.0,66950.0,1,66700.0,66640.0,66860.0,66640.0,2.0,667500.0,371
2023-05-10 09:23:32,cu2404,cu2404,66860.0,0.0,0.0,0.0,3,66870.0,66950.0,2,66700.0,66640.0,66860.0,66640.0,2.0,667500.0,371
2023-05-10 09:23:33,cu2404,cu2404,66860.0,0.0,0.0,0.0,4,66870.0,66950.0,2,66700.0,66640.0,66860.0,66640.0,2.0,667500.0,371
2023-05-10 09:23:34,cu2404,cu2404,66860.0,0.0,0.0,0.0,3,66870.0,66950.0,2,66700.0,66640.0,66860.0,66640.0,2.0,667500.0,371
2023-05-10 09:23:47,cu2404,cu2404,66860.0,0.0,0.0,0.0,4,66870.0,66950.0,2,66700.0,66640.0,66860.0,66640.0,2.0,667500.0,371
2023-05-10 09:24:16,cu2404,cu2404,66860.0,0.0,0.0,0.0,3,66870.0,66940.0,1,66700.0,66640.0,66860.0,66640.0,2.0,667500.0,371
2023-05-10 09:24:24,cu2404,cu2404,66860.0,0.0,0.0,0.0,3,66870.0,66950.0,1,66700.0,66640.0,66860.0,66640.0,2.0,667500.0,371
2023-05-10 09:24:25,cu2404,cu2404,66860.0,0.0,0.0,0.0,3,66870.0,66950.0,2,66700.0,66640.0,66860.0,66640.0,2.0,667500.0,371
2023-05-10 09:24:26,cu2404,cu2404,66860.0,0.0,0.0,0.0,3,66870.0,66940.0,1,66700.0,66640.0,66860.0,66640.0,2.0,667500.0,371
2023-05-10 09:24:28,cu2404,cu2404,66860.0,0.0,0.0,0.0,3,66870.0,66930.0,1,66700.0,66640.0,66860.0,66640.0,2.0,667500.0,371
2023-05-10 09:24:28,cu2404,cu2404,66860.0,0.0,0.0,0.0,3,66870.0,66930.0,1,66700.0,66640.0,66860.0,66640.0,2.0,667500.0,371
2023-05-10 09:24:29,cu2404,cu2404,66860.0,0.0,0.0,0.0,3,66870.0,66950.0,1,66700.0,66640.0,66860.0,66640.0,2.0,667500.0,371
2023-05-10 09:24:30,cu2404,cu2404,66860.0,0.0,0.0,0.0,3,66870.0,66940.0,1,66700.0,66640.0,66860.0,66640.0,2.0,667500.0,371
2023-05-10 09:24:31,cu2404,cu2404,66860.0,0.0,0.0,0.0,3,66870.0,66930.0,1,66700.0,66640.0,66860.0,66640.0,2.0,667500.0,371
2023-05-10 09:24:31,cu2404,cu2404,66860.0,0.0,0.0,0.0,3,66870.0,66930.0,1,66700.0,66640.0,66860.0,66640.0,2.0,667500.0,371
2023-05-10 09:24:34,cu2404,cu2404,66860.0,0.0,0.0,0.0,3,66870.0,66950.0,1,66700.0,66640.0,66860.0,66640.0,2.0,667500.0,371
2023-05-10 09:24:34,cu2404,cu2404,66860.0,0.0,0.0,0.0,3,66870.0,66940.0,1,66700.0,66640.0,66860.0,66640.0,2.0,667500.0,371
2023-05-10 09:24:35,cu2404,cu2404,66860.0,0.0,0.0,0.0,23,66850.0,66940.0,1,66700.0,66640.0,66860.0,66640.0,2.0,667500.0,371
2023-05-10 09:24:35,cu2404,cu2404,66860.0,0.0,0.0,0.0,1,66860.0,66930.0,1,66700.0,66640.0,66860.0,66640.0,2.0,667500.0,371
2023-05-10 09:24:36,cu2404,cu2404,66860.0,0.0,0.0,0.0,1,66860.0,66930.0,1,66700.0,66640.0,66860.0,66640.0,2.0,667500.0,371
2023-05-10 09:24:36,cu2404,cu2404,66860.0,0.0,0.0,0.0,23,66850.0,66930.0,1,66700.0,66640.0,66860.0,66640.0,2.0,667500.0,371
2023-05-10 09:24:37,cu2404,cu2404,66860.0,0.0,0.0,0.0,24,66850.0,66930.0,1,66700.0,66640.0,66860.0,66640.0,2.0,667500.0,371
2023-05-10 09:24:37,cu2404,cu2404,66860.0,0.0,0.0,0.0,27,66850.0,66930.0,1,66700.0,66640.0,66860.0,66640.0,2.0,667500.0,371
2023-05-10 09:24:39,cu2404,cu2404,66860.0,0.0,0.0,0.0,27,66850.0,66950.0,1,66700.0,66640.0,66860.0,66640.0,2.0,667500.0,371
2023-05-10 09:24:39,cu2404,cu2404,66860.0,0.0,0.0,0.0,27,66850.0,66940.0,1,66700.0,66640.0,66860.0,66640.0,2.0,667500.0,371
2023-05-10 09:24:40,cu2404,cu2404,66860.0,0.0,0.0,0.0,27,66850.0,66930.0,1,66700.0,66640.0,66860.0,66640.0,2.0,667500.0,371
2023-05-10 09:24:40,cu2404,cu2404,66860.0,0.0,0.0,0.0,27,66850.0,66930.0,1,66700.0,66640.0,66860.0,66640.0,2.0,667500.0,371
2023-05-10 09:24:41,cu2404,cu2404,66860.0,0.0,0.0,0.0,27,66850.0,66950.0,1,66700.0,66640.0,66860.0,66640.0,2.0,667500.0,371
2023-05-10 09:24:41,cu2404,cu2404,66860.0,0.0,0.0,0.0,27,66850.0,66940.0,1,66700.0,66640.0,66860.0,66640.0,2.0,667500.0,371
2023-05-10 09:24:42,cu2404,cu2404,66860.0,0.0,0.0,0.0,27,66850.0,66930.0,1,66700.0,66640.0,66860.0,66640.0,2.0,667500.0,371
2023-05-10 09:24:42,cu2404,cu2404,66860.0,0.0,0.0,0.0,27,66850.0,66930.0,1,66700.0,66640.0,66860.0,66640.0,2.0,667500.0,371
2023-05-10 09:24:47,cu2404,cu2404,66860.0,0.0,0.0,0.0,27,66850.0,66930.0,1,66700.0,66640.0,66860.0,66640.0,2.0,667500.0,371
2023-05-10 09:24:47,cu2404,cu2404,66860.0,0.0,0.0,0.0,27,66850.0,66930.0,1,66700.0,66640.0,66860.0,66640.0,2.0,667500.0,371
2023-05-10 09:24:48,cu2404,cu2404,66860.0,0.0,0.0,0.0,27,66850.0,66950.0,1,66700.0,66640.0,66860.0,66640.0,2.0,667500.0,371
2023-05-10 09:24:49,cu2404,cu2404,66860.0,0.0,0.0,0.0,27,66850.0,66940.0,1,66700.0,66640.0,66860.0,66640.0,2.0,667500.0,371
2023-05-10 09:24:51,cu2404,cu2404,66860.0,0.0,0.0,0.0,27,66850.0,66930.0,1,66700.0,66640.0,66860.0,66640.0,2.0,667500.0,371
2023-05-10 09:24:51,cu2404,cu2404,66860.0,0.0,0.0,0.0,27,66850.0,66930.0,1,66700.0,66640.0,66860.0,66640.0,2.0,667500.0,371
2023-05-10 09:24:52,cu2404,cu2404,66860.0,0.0,0.0,0.0,27,66850.0,66950.0,1,66700.0,66640.0,66860.0,66640.0,2.0,667500.0,371
2023-05-10 09:24:53,cu2404,cu2404,66860.0,0.0,0.0,0.0,27,66850.0,66940.0,1,66700.0,66640.0,66860.0,66640.0,2.0,667500.0,371
2023-05-10 09:24:54,cu2404,cu2404,66860.0,0.0,0.0,0.0,27,66850.0,66930.0,1,66700.0,66640.0,66860.0,66640.0,2.0,667500.0,371
2023-05-10 09:24:55,cu2404,cu2404,66860.0,0.0,0.0,0.0,27,66850.0,66930.0,1,66700.0,66640.0,66860.0,66640.0,2.0,667500.0,371
2023-05-10 09:24:59,cu2404,cu2404,66860.0,0.0,0.0,0.0,27,66850.0,66950.0,1,66700.0,66640.0,66860.0,66640.0,2.0,667500.0,371
2023-05-10 09:24:59,cu2404,cu2404,66860.0,0.0,0.0,0.0,27,66850.0,66940.0,1,66700.0,66640.0,66860.0,66640.0,2.0,667500.0,371
2023-05-10 09:25:00,cu2404,cu2404,66860.0,0.0,0.0,0.0,27,66850.0,66930.0,1,66700.0,66640.0,66860.0,66640.0,2.0,667500.0,371
2023-05-10 09:25:00,cu2404,cu2404,66860.0,0.0,0.0,0.0,27,66850.0,66930.0,1,66700.0,66640.0,66860.0,66640.0,2.0,667500.0,371
2023-05-10 09:25:01,cu2404,cu2404,66860.0,0.0,0.0,0.0,27,66850.0,66950.0,1,66700.0,66640.0,66860.0,66640.0,2.0,667500.0,371
2023-05-10 09:25:02,cu2404,cu2404,66860.0,0.0,0.0,0.0,27,66850.0,66940.0,2,66700.0,66640.0,66860.0,66640.0,2.0,667500.0,371
2023-05-10 09:25:03,cu2404,cu2404,66860.0,0.0,0.0,0.0,27,66850.0,66930.0,1,66700.0,66640.0,66860.0,66640.0,2.0,667500.0,371
2023-05-10 09:25:03,cu2404,cu2404,66860.0,0.0,0.0,0.0,27,66850.0,66930.0,2,66700.0,66640.0,66860.0,66640.0,2.0,667500.0,371
2023-05-10 09:25:13,cu2404,cu2404,66860.0,0.0,0.0,0.0,26,66850.0,66920.0,1,66700.0,66640.0,66860.0,66640.0,2.0,667500.0,371
2023-05-10 09:25:23,cu2404,cu2404,66860.0,0.0,0.0,0.0,26,66850.0,66930.0,1,66700.0,66640.0,66860.0,66640.0,2.0,667500.0,371
2023-05-10 09:25:24,cu2404,cu2404,66860.0,0.0,0.0,0.0,27,66850.0,66930.0,2,66700.0,66640.0,66860.0,66640.0,2.0,667500.0,371
2023-05-10 09:26:06,cu2404,cu2404,66860.0,0.0,0.0,0.0,26,66850.0,66920.0,1,66700.0,66640.0,66860.0,66640.0,2.0,667500.0,371
2023-05-10 09:26:10,cu2404,cu2404,66860.0,0.0,0.0,0.0,26,66850.0,66920.0,1,66700.0,66640.0,66860.0,66640.0,2.0,667500.0,371
2023-05-10 09:26:11,cu2404,cu2404,66860.0,0.0,0.0,0.0,27,66850.0,66940.0,1,66700.0,66640.0,66860.0,66640.0,2.0,667500.0,371
2023-05-10 09:26:11,cu2404,cu2404,66860.0,0.0,0.0,0.0,27,66850.0,66930.0,2,66700.0,66640.0,66860.0,66640.0,2.0,667500.0,371
2023-05-10 09:26:22,cu2404,cu2404,66860.0,0.0,0.0,0.0,27,66850.0,66930.0,1,66700.0,66640.0,66860.0,66640.0,2.0,667500.0,371
2023-05-10 09:26:23,cu2404,cu2404,66860.0,0.0,0.0,0.0,1,66860.0,66930.0,1,66700.0,66640.0,66860.0,66640.0,2.0,667500.0,371
2023-05-10 09:26:23,cu2404,cu2404,66860.0,0.0,0.0,0.0,23,66850.0,66940.0,1,66700.0,66640.0,66860.0,66640.0,2.0,667500.0,371
2023-05-10 09:26:24,cu2404,cu2404,66860.0,0.0,0.0,0.0,24,66850.0,66940.0,2,66700.0,66640.0,66860.0,66640.0,2.0,667500.0,371
2023-05-10 09:26:25,cu2404,cu2404,66860.0,0.0,0.0,0.0,27,66850.0,66930.0,1,66700.0,66640.0,66860.0,66640.0,2.0,667500.0,371
2023-05-10 09:26:25,cu2404,cu2404,66860.0,0.0,0.0,0.0,27,66850.0,67000.0,2,66700.0,66640.0,66860.0,66640.0,2.0,667500.0,371
2023-05-10 09:26:26,cu2404,cu2404,66860.0,0.0,0.0,0.0,27,66850.0,66960.0,1,66700.0,66640.0,66860.0,66640.0,2.0,667500.0,371
2023-05-10 09:26:26,cu2404,cu2404,66860.0,0.0,0.0,0.0,27,66850.0,66950.0,2,66700.0,66640.0,66860.0,66640.0,2.0,667500.0,371
2023-05-10 09:26:27,cu2404,cu2404,66860.0,0.0,0.0,0.0,27,66850.0,66950.0,2,66700.0,66640.0,66860.0,66640.0,2.0,667500.0,371
2023-05-10 09:26:28,cu2404,cu2404,66860.0,0.0,0.0,0.0,27,66850.0,66940.0,1,66700.0,66640.0,66860.0,66640.0,2.0,667500.0,371
2023-05-10 09:26:28,cu2404,cu2404,66860.0,0.0,0.0,0.0,27,66850.0,66940.0,2,66700.0,66640.0,66860.0,66640.0,2.0,667500.0,371
2023-05-10 09:26:29,cu2404,cu2404,66860.0,0.0,0.0,0.0,27,66850.0,66930.0,1,66700.0,66640.0,66860.0,66640.0,2.0,667500.0,371
2023-05-10 09:26:29,cu2404,cu2404,66860.0,0.0,0.0,0.0,27,66850.0,66930.0,1,66700.0,66640.0,66860.0,66640.0,2.0,667500.0,371
2023-05-10 09:26:40,cu2404,cu2404,66860.0,0.0,0.0,0.0,27,66850.0,66930.0,2,66700.0,66640.0,66860.0,66640.0,2.0,667500.0,371
2023-05-10 09:26:47,cu2404,cu2404,66860.0,0.0,0.0,0.0,27,66850.0,66930.0,1,66700.0,66640.0,66860.0,66640.0,2.0,667500.0,371
2023-05-10 09:26:48,cu2404,cu2404,66860.0,0.0,0.0,0.0,27,66850.0,66930.0,1,66700.0,66640.0,66860.0,66640.0,2.0,667500.0,371
2023-05-10 09:26:48,cu2404,cu2404,66860.0,0.0,0.0,0.0,1,66860.0,66950.0,1,66700.0,66640.0,66860.0,66640.0,2.0,667500.0,371
2023-05-10 09:26:49,cu2404,cu2404,66860.0,0.0,0.0,0.0,1,66860.0,66940.0,1,66700.0,66640.0,66860.0,66640.0,2.0,667500.0,371
2023-05-10 09:26:51,cu2404,cu2404,66860.0,0.0,0.0,0.0,1,66860.0,66930.0,1,66700.0,66640.0,66860.0,66640.0,2.0,667500.0,371
2023-05-10 09:26:51,cu2404,cu2404,66860.0,0.0,0.0,0.0,1,66860.0,66930.0,1,66700.0,66640.0,66860.0,66640.0,2.0,667500.0,371
2023-05-10 09:26:52,cu2404,cu2404,66860.0,0.0,0.0,0.0,23,66850.0,66950.0,1,66700.0,66640.0,66860.0,66640.0,2.0,667500.0,371
2023-05-10 09:26:52,cu2404,cu2404,66860.0,0.0,0.0,0.0,24,66850.0,66940.0,1,66700.0,66640.0,66860.0,66640.0,2.0,667500.0,371
2023-05-10 09:26:53,cu2404,cu2404,66860.0,0.0,0.0,0.0,24,66850.0,66930.0,1,66700.0,66640.0,66860.0,66640.0,2.0,667500.0,371
2023-05-10 09:26:53,cu2404,cu2404,66860.0,0.0,0.0,0.0,24,66850.0,66930.0,2,66700.0,66640.0,66860.0,66640.0,2.0,667500.0,371
2023-05-10 09:27:05,cu2404,cu2404,66860.0,0.0,0.0,0.0,23,66850.0,66920.0,1,66700.0,66640.0,66860.0,66640.0,2.0,667500.0,371
2023-05-10 09:27:09,cu2404,cu2404,66860.0,0.0,0.0,0.0,23,66850.0,66910.0,1,66700.0,66640.0,66860.0,66640.0,2.0,667500.0,371
2023-05-10 09:27:09,cu2404,cu2404,66860.0,0.0,0.0,0.0,23,66850.0,66900.0,1,66700.0,66640.0,66860.0,66640.0,2.0,667500.0,371
2023-05-10 09:27:10,cu2404,cu2404,66860.0,0.0,0.0,0.0,23,66850.0,66890.0,1,66700.0,66640.0,66860.0,66640.0,2.0,667500.0,371
2023-05-10 09:27:11,cu2404,cu2404,66860.0,0.0,0.0,0.0,23,66850.0,66890.0,2,66700.0,66640.0,66860.0,66640.0,2.0,667500.0,371
2023-05-10 09:27:12,cu2404,cu2404,66860.0,0.0,0.0,0.0,23,66850.0,66890.0,1,66700.0,66640.0,66860.0,66640.0,2.0,667500.0,371
2023-05-10 09:27:13,cu2404,cu2404,66860.0,0.0,0.0,0.0,23,66850.0,66900.0,1,66700.0,66640.0,66860.0,66640.0,2.0,667500.0,371
2023-05-10 09:27:14,cu2404,cu2404,66860.0,0.0,0.0,0.0,23,66850.0,66890.0,1,66700.0,66640.0,66860.0,66640.0,2.0,667500.0,371
2023-05-10 09:27:20,cu2404,cu2404,66860.0,0.0,0.0,0.0,23,66850.0,66880.0,1,66700.0,66640.0,66860.0,66640.0,2.0,667500.0,371
2023-05-10 09:27:20,cu2404,cu2404,66860.0,0.0,0.0,0.0,23,66850.0,66880.0,2,66700.0,66640.0,66860.0,66640.0,2.0,667500.0,371
2023-05-10 09:27:21,cu2404,cu2404,66860.0,0.0,0.0,0.0,23,66850.0,66880.0,2,66700.0,66640.0,66860.0,66640.0,2.0,667500.0,371
2023-05-10 09:27:22,cu2404,cu2404,66860.0,0.0,0.0,0.0,23,66850.0,66880.0,2,66700.0,66640.0,66860.0,66640.0,2.0,667500.0,371
2023-05-10 09:27:22,cu2404,cu2404,66860.0,0.0,0.0,0.0,23,66850.0,66880.0,2,66700.0,66640.0,66860.0,66640.0,2.0,667500.0,371
2023-05-10 09:27:23,cu2404,cu2404,66860.0,0.0,0.0,0.0,23,66850.0,66880.0,2,66700.0,66640.0,66860.0,66640.0,2.0,667500.0,371
2023-05-10 09:27:23,cu2404,cu2404,66860.0,0.0,0.0,0.0,23,66850.0,66880.0,2,66700.0,66640.0,66860.0,66640.0,2.0,667500.0,371
2023-05-10 09:27:30,cu2404,cu2404,66860.0,0.0,0.0,0.0,23,66850.0,66880.0,2,66700.0,66640.0,66860.0,66640.0,2.0,667500.0,371
2023-05-10 09:27:30,cu2404,cu2404,66860.0,0.0,0.0,0.0,23,66850.0,66880.0,2,66700.0,66640.0,66860.0,66640.0,2.0,667500.0,371
2023-05-10 09:27:33,cu2404,cu2404,66860.0,0.0,0.0,0.0,23,66850.0,66880.0,1,66700.0,66640.0,66860.0,66640.0,2.0,667500.0,371
2023-05-10 09:27:41,cu2404,cu2404,66860.0,0.0,0.0,0.0,23,66850.0,66880.0,2,66700.0,66640.0,66860.0,66640.0,2.0,667500.0,371
2023-05-10 09:27:47,cu2404,cu2404,66860.0,0.0,0.0,0.0,23,66850.0,66870.0,1,66700.0,66640.0,66860.0,66640.0,2.0,667500.0,371
2023-05-10 09:27:56,cu2404,cu2404,66860.0,0.0,0.0,0.0,23,66850.0,66860.0,1,66700.0,66640.0,66860.0,66640.0,2.0,667500.0,371
2023-05-10 09:27:56,cu2404,cu2404,66860.0,0.0,0.0,0.0,23,66850.0,66860.0,1,66700.0,66640.0,66860.0,66640.0,2.0,667500.0,371
2023-05-10 09:27:57,cu2404,cu2404,66860.0,0.0,0.0,0.0,23,66850.0,66880.0,1,66700.0,66640.0,66860.0,66640.0,2.0,667500.0,371
2023-05-10 09:27:57,cu2404,cu2404,66860.0,0.0,0.0,0.0,23,66850.0,66870.0,1,66700.0,66640.0,66860.0,66640.0,2.0,667500.0,371
2023-05-10 09:27:58,cu2404,cu2404,66860.0,0.0,0.0,0.0,23,66850.0,66870.0,1,66700.0,66640.0,66860.0,66640.0,2.0,667500.0,371
2023-05-10 09:27:58,cu2404,cu2404,66860.0,0.0,0.0,0.0,23,66850.0,66870.0,1,66700.0,66640.0,66860.0,66640.0,2.0,667500.0,371
2023-05-10 09:27:59,cu2404,cu2404,66860.0,0.0,0.0,0.0,23,66850.0,66860.0,1,66700.0,66640.0,66860.0,66640.0,2.0,667500.0,371
2023-05-10 09:28:00,cu2404,cu2404,66860.0,0.0,0.0,0.0,23,66850.0,67000.0,3,66700.0,66640.0,66860.0,66640.0,2.0,667500.0,371
2023-05-10 09:28:00,cu2404,cu2404,66860.0,0.0,0.0,0.0,23,66850.0,66870.0,1,66700.0,66640.0,66860.0,66640.0,2.0,667500.0,371
2023-05-10 09:28:01,cu2404,cu2404,66860.0,0.0,0.0,0.0,23,66850.0,66870.0,2,66700.0,66640.0,66860.0,66640.0,2.0,667500.0,371
2023-05-10 09:28:02,cu2404,cu2404,66860.0,0.0,0.0,0.0,23,66850.0,66860.0,1,66700.0,66640.0,66860.0,66640.0,2.0,667500.0,371
2023-05-10 09:28:04,cu2404,cu2404,66860.0,0.0,0.0,0.0,23,66850.0,66860.0,1,66700.0,66640.0,66860.0,66640.0,2.0,667500.0,371
2023-05-10 09:28:04,cu2404,cu2404,66860.0,0.0,0.0,0.0,23,66850.0,66860.0,1,66700.0,66640.0,66860.0,66640.0,2.0,667500.0,371
2023-05-10 09:28:16,cu2404,cu2404,66860.0,0.0,0.0,0.0,23,66850.0,66860.0,1,66700.0,66640.0,66860.0,66640.0,2.0,667500.0,371
2023-05-10 09:28:16,cu2404,cu2404,66860.0,0.0,0.0,0.0,23,66850.0,66860.0,1,66700.0,66640.0,66860.0,66640.0,2.0,667500.0,371
2023-05-10 09:28:18,cu2404,cu2404,66860.0,0.0,0.0,0.0,43,66850.0,66860.0,1,66700.0,66640.0,66860.0,66640.0,2.0,667500.0,371
2023-05-10 09:28:21,cu2404,cu2404,66850.0,1.0,334250.0,0.0,42,66850.0,66860.0,1,66700.0,66640.0,66860.0,66640.0,3.0,1001750.0,371
2023-05-10 09:28:22,cu2404,cu2404,66850.0,0.0,0.0,0.0,42,66850.0,66860.0,2,66700.0,66640.0,66860.0,66640.0,3.0,1001750.0,371
2023-05-10 09:28:22,cu2404,cu2404,66850.0,0.0,0.0,0.0,42,66850.0,66860.0,1,66700.0,66640.0,66860.0,66640.0,3.0,1001750.0,371
2023-05-10 09:28:23,cu2404,cu2404,66850.0,0.0,0.0,0.0,42,66850.0,66860.0,2,66700.0,66640.0,66860.0,66640.0,3.0,1001750.0,371
2023-05-10 09:28:24,cu2404,cu2404,66850.0,0.0,0.0,0.0,42,66850.0,66860.0,1,66700.0,66640.0,66860.0,66640.0,3.0,1001750.0,371
2023-05-10 09:28:26,cu2404,cu2404,66850.0,0.0,0.0,0.0,42,66850.0,66860.0,2,66700.0,66640.0,66860.0,66640.0,3.0,1001750.0,371
2023-05-10 09:28:26,cu2404,cu2404,66850.0,0.0,0.0,0.0,42,66850.0,66860.0,1,66700.0,66640.0,66860.0,66640.0,3.0,1001750.0,371
2023-05-10 09:28:28,cu2404,cu2404,66850.0,0.0,0.0,0.0,42,66850.0,66990.0,1,66700.0,66640.0,66860.0,66640.0,3.0,1001750.0,371
2023-05-10 09:28:29,cu2404,cu2404,66850.0,0.0,0.0,0.0,42,66850.0,66980.0,2,66700.0,66640.0,66860.0,66640.0,3.0,1001750.0,371
2023-05-10 09:28:29,cu2404,cu2404,66850.0,0.0,0.0,0.0,42,66850.0,66870.0,1,66700.0,66640.0,66860.0,66640.0,3.0,1001750.0,371
2023-05-10 09:28:30,cu2404,cu2404,66850.0,0.0,0.0,0.0,42,66850.0,66870.0,1,66700.0,66640.0,66860.0,66640.0,3.0,1001750.0,371
2023-05-10 09:29:01,cu2404,cu2404,66850.0,0.0,0.0,0.0,42,66850.0,66870.0,1,66700.0,66640.0,66860.0,66640.0,3.0,1001750.0,371
2023-05-10 09:29:01,cu2404,cu2404,66850.0,0.0,0.0,0.0,42,66850.0,66870.0,1,66700.0,66640.0,66860.0,66640.0,3.0,1001750.0,371
2023-05-10 09:29:14,cu2404,cu2404,66850.0,0.0,0.0,0.0,42,66850.0,66980.0,1,66700.0,66640.0,66860.0,66640.0,3.0,1001750.0,371
2023-05-10 09:29:14,cu2404,cu2404,66850.0,0.0,0.0,0.0,42,66850.0,66970.0,6,66700.0,66640.0,66860.0,66640.0,3.0,1001750.0,371
2023-05-10 09:29:15,cu2404,cu2404,66850.0,0.0,0.0,0.0,42,66850.0,66960.0,1,66700.0,66640.0,66860.0,66640.0,3.0,1001750.0,371
2023-05-10 09:29:15,cu2404,cu2404,66850.0,0.0,0.0,0.0,42,66850.0,66950.0,1,66700.0,66640.0,66860.0,66640.0,3.0,1001750.0,371
2023-05-10 09:29:16,cu2404,cu2404,66850.0,0.0,0.0,0.0,42,66850.0,66950.0,1,66700.0,66640.0,66860.0,66640.0,3.0,1001750.0,371
2023-05-10 09:29:16,cu2404,cu2404,66850.0,0.0,0.0,0.0,42,66850.0,66930.0,1,66700.0,66640.0,66860.0,66640.0,3.0,1001750.0,371
2023-05-10 09:29:17,cu2404,cu2404,66850.0,0.0,0.0,0.0,42,66850.0,66920.0,1,66700.0,66640.0,66860.0,66640.0,3.0,1001750.0,371
2023-05-10 09:29:17,cu2404,cu2404,66850.0,0.0,0.0,0.0,42,66850.0,66910.0,1,66700.0,66640.0,66860.0,66640.0,3.0,1001750.0,371
2023-05-10 09:29:18,cu2404,cu2404,66850.0,0.0,0.0,0.0,42,66850.0,66900.0,2,66700.0,66640.0,66860.0,66640.0,3.0,1001750.0,371
2023-05-10 09:29:21,cu2404,cu2404,66850.0,0.0,0.0,0.0,42,66850.0,66900.0,1,66700.0,66640.0,66860.0,66640.0,3.0,1001750.0,371
2023-05-10 09:29:22,cu2404,cu2404,66850.0,0.0,0.0,0.0,42,66850.0,66900.0,1,66700.0,66640.0,66860.0,66640.0,3.0,1001750.0,371
2023-05-10 09:29:23,cu2404,cu2404,66850.0,0.0,0.0,0.0,42,66850.0,66900.0,1,66700.0,66640.0,66860.0,66640.0,3.0,1001750.0,371
2023-05-10 09:30:00,cu2404,cu2404,66850.0,0.0,0.0,0.0,42,66850.0,66900.0,2,66700.0,66640.0,66860.0,66640.0,3.0,1001750.0,371
2023-05-10 09:30:04,cu2404,cu2404,66850.0,0.0,0.0,0.0,42,66850.0,66900.0,1,66700.0,66640.0,66860.0,66640.0,3.0,1001750.0,371
2023-05-10 09:30:18,cu2404,cu2404,66850.0,0.0,0.0,0.0,42,66850.0,66900.0,1,66700.0,66640.0,66860.0,66640.0,3.0,1001750.0,371
2023-05-10 09:30:19,cu2404,cu2404,66850.0,0.0,0.0,0.0,42,66850.0,66910.0,1,66700.0,66640.0,66860.0,66640.0,3.0,1001750.0,371
2023-05-10 09:30:19,cu2404,cu2404,66850.0,0.0,0.0,0.0,42,66850.0,66900.0,1,66700.0,66640.0,66860.0,66640.0,3.0,1001750.0,371
2023-05-10 09:30:20,cu2404,cu2404,66850.0,0.0,0.0,0.0,42,66850.0,66890.0,1,66700.0,66640.0,66860.0,66640.0,3.0,1001750.0,371
2023-05-10 09:30:21,cu2404,cu2404,66850.0,0.0,0.0,0.0,42,66850.0,66890.0,1,66700.0,66640.0,66860.0,66640.0,3.0,1001750.0,371
2023-05-10 09:30:21,cu2404,cu2404,66850.0,0.0,0.0,0.0,42,66850.0,66900.0,1,66700.0,66640.0,66860.0,66640.0,3.0,1001750.0,371
2023-05-10 09:30:25,cu2404,cu2404,66850.0,0.0,0.0,0.0,42,66850.0,66910.0,1,66700.0,66640.0,66860.0,66640.0,3.0,1001750.0,371
2023-05-10 09:30:29,cu2404,cu2404,66850.0,0.0,0.0,0.0,42,66850.0,66910.0,2,66700.0,66640.0,66860.0,66640.0,3.0,1001750.0,371
2023-05-10 09:30:31,cu2404,cu2404,66850.0,0.0,0.0,0.0,42,66850.0,66910.0,1,66700.0,66640.0,66860.0,66640.0,3.0,1001750.0,371
2023-05-10 09:30:33,cu2404,cu2404,66850.0,0.0,0.0,0.0,42,66850.0,66920.0,1,66700.0,66640.0,66860.0,66640.0,3.0,1001750.0,371
2023-05-10 09:30:34,cu2404,cu2404,66850.0,0.0,0.0,0.0,42,66850.0,66920.0,2,66700.0,66640.0,66860.0,66640.0,3.0,1001750.0,371
2023-05-10 09:30:36,cu2404,cu2404,66850.0,0.0,0.0,0.0,42,66850.0,66910.0,1,66700.0,66640.0,66860.0,66640.0,3.0,1001750.0,371
2023-05-10 09:30:36,cu2404,cu2404,66850.0,0.0,0.0,0.0,42,66850.0,66900.0,1,66700.0,66640.0,66860.0,66640.0,3.0,1001750.0,371
2023-05-10 09:30:37,cu2404,cu2404,66850.0,0.0,0.0,0.0,42,66850.0,66910.0,3,66700.0,66640.0,66860.0,66640.0,3.0,1001750.0,371
2023-05-10 09:30:39,cu2404,cu2404,66850.0,0.0,0.0,0.0,42,66850.0,66910.0,2,66700.0,66640.0,66860.0,66640.0,3.0,1001750.0,371
2023-05-10 09:30:54,cu2404,cu2404,66850.0,0.0,0.0,0.0,42,66850.0,66910.0,3,66700.0,66640.0,66860.0,66640.0,3.0,1001750.0,371
2023-05-10 09:30:57,cu2404,cu2404,66850.0,0.0,0.0,0.0,42,66850.0,66910.0,2,66700.0,66640.0,66860.0,66640.0,3.0,1001750.0,371
2023-05-10 09:30:57,cu2404,cu2404,66850.0,0.0,0.0,0.0,42,66850.0,66900.0,1,66700.0,66640.0,66860.0,66640.0,3.0,1001750.0,371
2023-05-10 09:30:58,cu2404,cu2404,66850.0,0.0,0.0,0.0,42,66850.0,66890.0,1,66700.0,66640.0,66860.0,66640.0,3.0,1001750.0,371
2023-05-10 09:31:00,cu2404,cu2404,66850.0,0.0,0.0,0.0,42,66850.0,66890.0,1,66700.0,66640.0,66860.0,66640.0,3.0,1001750.0,371
2023-05-10 09:31:01,cu2404,cu2404,66850.0,0.0,0.0,0.0,42,66850.0,67000.0,3,66700.0,66640.0,66860.0,66640.0,3.0,1001750.0,371
2023-05-10 09:31:02,cu2404,cu2404,66850.0,0.0,0.0,0.0,42,66850.0,66990.0,9,66700.0,66640.0,66860.0,66640.0,3.0,1001750.0,371
2023-05-10 09:31:02,cu2404,cu2404,66850.0,0.0,0.0,0.0,42,66850.0,66920.0,1,66700.0,66640.0,66860.0,66640.0,3.0,1001750.0,371
2023-05-10 09:31:03,cu2404,cu2404,66850.0,0.0,0.0,0.0,42,66850.0,66920.0,1,66700.0,66640.0,66860.0,66640.0,3.0,1001750.0,371
2023-05-10 09:31:03,cu2404,cu2404,66850.0,0.0,0.0,0.0,42,66850.0,66910.0,1,66700.0,66640.0,66860.0,66640.0,3.0,1001750.0,371
2023-05-10 09:31:04,cu2404,cu2404,66850.0,0.0,0.0,0.0,42,66850.0,66900.0,1,66700.0,66640.0,66860.0,66640.0,3.0,1001750.0,371
2023-05-10 09:31:04,cu2404,cu2404,66850.0,0.0,0.0,0.0,42,66850.0,66900.0,1,66700.0,66640.0,66860.0,66640.0,3.0,1001750.0,371
2023-05-10 09:31:05,cu2404,cu2404,66850.0,0.0,0.0,0.0,42,66850.0,66900.0,1,66700.0,66640.0,66860.0,66640.0,3.0,1001750.0,371
2023-05-10 09:31:06,cu2404,cu2404,66850.0,0.0,0.0,0.0,42,66850.0,66900.0,2,66700.0,66640.0,66860.0,66640.0,3.0,1001750.0,371
2023-05-10 09:31:06,cu2404,cu2404,66850.0,0.0,0.0,0.0,42,66850.0,66900.0,2,66700.0,66640.0,66860.0,66640.0,3.0,1001750.0,371
2023-05-10 09:31:08,cu2404,cu2404,66850.0,0.0,0.0,0.0,42,66850.0,66900.0,1,66700.0,66640.0,66860.0,66640.0,3.0,1001750.0,371
2023-05-10 09:31:09,cu2404,cu2404,66850.0,0.0,0.0,0.0,42,66850.0,66890.0,1,66700.0,66640.0,66860.0,66640.0,3.0,1001750.0,371
2023-05-10 09:31:11,cu2404,cu2404,66850.0,0.0,0.0,0.0,42,66850.0,66880.0,1,66700.0,66640.0,66860.0,66640.0,3.0,1001750.0,371
2023-05-10 09:31:12,cu2404,cu2404,66850.0,0.0,0.0,0.0,42,66850.0,66880.0,1,66700.0,66640.0,66860.0,66640.0,3.0,1001750.0,371
2023-05-10 09:31:12,cu2404,cu2404,66850.0,0.0,0.0,0.0,42,66850.0,66900.0,1,66700.0,66640.0,66860.0,66640.0,3.0,1001750.0,371
2023-05-10 09:31:13,cu2404,cu2404,66850.0,0.0,0.0,0.0,42,66850.0,66890.0,1,66700.0,66640.0,66860.0,66640.0,3.0,1001750.0,371
2023-05-10 09:31:13,cu2404,cu2404,66850.0,0.0,0.0,0.0,42,66850.0,66880.0,1,66700.0,66640.0,66860.0,66640.0,3.0,1001750.0,371
2023-05-10 09:31:15,cu2404,cu2404,66850.0,0.0,0.0,0.0,42,66850.0,66880.0,1,66700.0,66640.0,66860.0,66640.0,3.0,1001750.0,371
2023-05-10 09:31:16,cu2404,cu2404,66850.0,0.0,0.0,0.0,42,66850.0,66900.0,1,66700.0,66640.0,66860.0,66640.0,3.0,1001750.0,371
2023-05-10 09:31:17,cu2404,cu2404,66850.0,0.0,0.0,0.0,42,66850.0,66900.0,2,66700.0,66640.0,66860.0,66640.0,3.0,1001750.0,371
2023-05-10 09:31:17,cu2404,cu2404,66850.0,0.0,0.0,0.0,42,66850.0,66890.0,6,66700.0,66640.0,66860.0,66640.0,3.0,1001750.0,371
2023-05-10 09:31:18,cu2404,cu2404,66850.0,0.0,0.0,0.0,42,66850.0,66880.0,1,66700.0,66640.0,66860.0,66640.0,3.0,1001750.0,371
2023-05-10 09:31:18,cu2404,cu2404,66850.0,0.0,0.0,0.0,42,66850.0,66880.0,1,66700.0,66640.0,66860.0,66640.0,3.0,1001750.0,371
2023-05-10 09:31:19,cu2404,cu2404,66850.0,1.0,334250.0,1.0,41,66850.0,66880.0,1,66700.0,66640.0,66860.0,66640.0,4.0,1336000.0,372
2023-05-10 09:31:20,cu2404,cu2404,66850.0,0.0,0.0,0.0,41,66850.0,66880.0,1,66700.0,66640.0,66860.0,66640.0,4.0,1336000.0,372
2023-05-10 09:31:20,cu2404,cu2404,66850.0,0.0,0.0,0.0,41,66850.0,66870.0,1,66700.0,66640.0,66860.0,66640.0,4.0,1336000.0,372
2023-05-10 09:31:21,cu2404,cu2404,66850.0,0.0,0.0,0.0,41,66850.0,66860.0,1,66700.0,66640.0,66860.0,66640.0,4.0,1336000.0,372
2023-05-10 09:31:21,cu2404,cu2404,66850.0,0.0,0.0,0.0,41,66850.0,66860.0,1,66700.0,66640.0,66860.0,66640.0,4.0,1336000.0,372
2023-05-10 09:31:22,cu2404,cu2404,66850.0,1.0,334250.0,1.0,40,66850.0,66860.0,1,66700.0,66640.0,66860.0,66640.0,5.0,1670250.0,373
2023-05-10 09:31:23,cu2404,cu2404,66850.0,0.0,0.0,0.0,40,66850.0,66860.0,1,66700.0,66640.0,66860.0,66640.0,5.0,1670250.0,373
2023-05-10 09:31:23,cu2404,cu2404,66850.0,0.0,0.0,0.0,40,66850.0,66880.0,1,66700.0,66640.0,66860.0,66640.0,5.0,1670250.0,373
2023-05-10 09:31:24,cu2404,cu2404,66850.0,0.0,0.0,0.0,40,66850.0,66870.0,2,66700.0,66640.0,66860.0,66640.0,5.0,1670250.0,373
2023-05-10 09:31:24,cu2404,cu2404,66850.0,0.0,0.0,0.0,40,66850.0,66860.0,1,66700.0,66640.0,66860.0,66640.0,5.0,1670250.0,373
2023-05-10 09:31:25,cu2404,cu2404,66850.0,0.0,0.0,0.0,40,66850.0,66860.0,1,66700.0,66640.0,66860.0,66640.0,5.0,1670250.0,373
2023-05-10 09:31:25,cu2404,cu2404,66850.0,0.0,0.0,0.0,40,66850.0,66860.0,1,66700.0,66640.0,66860.0,66640.0,5.0,1670250.0,373
2023-05-10 09:31:26,cu2404,cu2404,66850.0,1.0,334250.0,0.0,39,66850.0,66860.0,1,66700.0,66640.0,66860.0,66640.0,6.0,2004500.0,373
2023-05-10 09:31:26,cu2404,cu2404,66850.0,0.0,0.0,0.0,39,66850.0,66860.0,1,66700.0,66640.0,66860.0,66640.0,6.0,2004500.0,373
2023-05-10 09:31:27,cu2404,cu2404,66850.0,0.0,0.0,0.0,39,66850.0,66870.0,1,66700.0,66640.0,66860.0,66640.0,6.0,2004500.0,373
2023-05-10 09:31:27,cu2404,cu2404,66850.0,0.0,0.0,0.0,39,66850.0,66870.0,2,66700.0,66640.0,66860.0,66640.0,6.0,2004500.0,373
2023-05-10 09:31:29,cu2404,cu2404,66850.0,0.0,0.0,0.0,39,66850.0,66860.0,1,66700.0,66640.0,66860.0,66640.0,6.0,2004500.0,373
2023-05-10 09:31:30,cu2404,cu2404,66850.0,1.0,334250.0,1.0,38,66850.0,66860.0,1,66700.0,66640.0,66860.0,66640.0,7.0,2338750.0,374
2023-05-10 09:31:32,cu2404,cu2404,66850.0,0.0,0.0,0.0,38,66850.0,66870.0,1,66700.0,66640.0,66860.0,66640.0,7.0,2338750.0,374
2023-05-10 09:32:00,cu2404,cu2404,66850.0,0.0,0.0,0.0,38,66850.0,67000.0,3,66700.0,66640.0,66860.0,66640.0,7.0,2338750.0,374
2023-05-10 09:32:00,cu2404,cu2404,66850.0,0.0,0.0,0.0,38,66850.0,66990.0,12,66700.0,66640.0,66860.0,66640.0,7.0,2338750.0,374
2023-05-10 09:32:01,cu2404,cu2404,66850.0,0.0,0.0,0.0,38,66850.0,66990.0,13,66700.0,66640.0,66860.0,66640.0,7.0,2338750.0,374
2023-05-10 09:32:01,cu2404,cu2404,66850.0,0.0,0.0,0.0,38,66850.0,66990.0,15,66700.0,66640.0,66860.0,66640.0,7.0,2338750.0,374
2023-05-10 09:32:03,cu2404,cu2404,66850.0,0.0,0.0,0.0,38,66850.0,66990.0,14,66700.0,66640.0,66860.0,66640.0,7.0,2338750.0,374
2023-05-10 09:32:05,cu2404,cu2404,66850.0,0.0,0.0,0.0,38,66850.0,66980.0,1,66700.0,66640.0,66860.0,66640.0,7.0,2338750.0,374
2023-05-10 09:32:06,cu2404,cu2404,66850.0,0.0,0.0,0.0,38,66850.0,66970.0,1,66700.0,66640.0,66860.0,66640.0,7.0,2338750.0,374
2023-05-10 09:32:06,cu2404,cu2404,66850.0,0.0,0.0,0.0,38,66850.0,66960.0,7,66700.0,66640.0,66860.0,66640.0,7.0,2338750.0,374
2023-05-10 09:32:07,cu2404,cu2404,66850.0,0.0,0.0,0.0,38,66850.0,66950.0,2,66700.0,66640.0,66860.0,66640.0,7.0,2338750.0,374
2023-05-10 09:32:07,cu2404,cu2404,66850.0,0.0,0.0,0.0,38,66850.0,66940.0,1,66700.0,66640.0,66860.0,66640.0,7.0,2338750.0,374
2023-05-10 09:32:08,cu2404,cu2404,66850.0,0.0,0.0,0.0,38,66850.0,66930.0,2,66700.0,66640.0,66860.0,66640.0,7.0,2338750.0,374
2023-05-10 09:32:08,cu2404,cu2404,66850.0,0.0,0.0,0.0,38,66850.0,66920.0,1,66700.0,66640.0,66860.0,66640.0,7.0,2338750.0,374
2023-05-10 09:32:09,cu2404,cu2404,66850.0,0.0,0.0,0.0,38,66850.0,66910.0,2,66700.0,66640.0,66860.0,66640.0,7.0,2338750.0,374
2023-05-10 09:32:09,cu2404,cu2404,66850.0,0.0,0.0,0.0,38,66850.0,66900.0,1,66700.0,66640.0,66860.0,66640.0,7.0,2338750.0,374
2023-05-10 09:32:10,cu2404,cu2404,66850.0,0.0,0.0,0.0,38,66850.0,66900.0,1,66700.0,66640.0,66860.0,66640.0,7.0,2338750.0,374
2023-05-10 09:32:10,cu2404,cu2404,66850.0,0.0,0.0,0.0,38,66850.0,66900.0,1,66700.0,66640.0,66860.0,66640.0,7.0,2338750.0,374
2023-05-10 09:32:11,cu2404,cu2404,66850.0,0.0,0.0,0.0,38,66850.0,66890.0,1,66700.0,66640.0,66860.0,66640.0,7.0,2338750.0,374
2023-05-10 09:32:11,cu2404,cu2404,66850.0,0.0,0.0,0.0,38,66850.0,66890.0,2,66700.0,66640.0,66860.0,66640.0,7.0,2338750.0,374
2023-05-10 09:32:16,cu2404,cu2404,66850.0,0.0,0.0,0.0,38,66850.0,66880.0,1,66700.0,66640.0,66860.0,66640.0,7.0,2338750.0,374
2023-05-10 09:32:17,cu2404,cu2404,66850.0,0.0,0.0,0.0,38,66850.0,66890.0,1,66700.0,66640.0,66860.0,66640.0,7.0,2338750.0,374
2023-05-10 09:32:18,cu2404,cu2404,66850.0,0.0,0.0,0.0,38,66850.0,66890.0,2,66700.0,66640.0,66860.0,66640.0,7.0,2338750.0,374
2023-05-10 09:32:26,cu2404,cu2404,66850.0,0.0,0.0,0.0,38,66850.0,66880.0,1,66700.0,66640.0,66860.0,66640.0,7.0,2338750.0,374
2023-05-10 09:32:34,cu2404,cu2404,66850.0,0.0,0.0,0.0,38,66850.0,66890.0,1,66700.0,66640.0,66860.0,66640.0,7.0,2338750.0,374
2023-05-10 09:32:35,cu2404,cu2404,66850.0,0.0,0.0,0.0,38,66850.0,66890.0,2,66700.0,66640.0,66860.0,66640.0,7.0,2338750.0,374
2023-05-10 09:32:41,cu2404,cu2404,66850.0,0.0,0.0,0.0,38,66850.0,66890.0,1,66700.0,66640.0,66860.0,66640.0,7.0,2338750.0,374
2023-05-10 09:32:42,cu2404,cu2404,66850.0,0.0,0.0,0.0,38,66850.0,66880.0,1,66700.0,66640.0,66860.0,66640.0,7.0,2338750.0,374
2023-05-10 09:32:44,cu2404,cu2404,66850.0,0.0,0.0,0.0,38,66850.0,66890.0,1,66700.0,66640.0,66860.0,66640.0,7.0,2338750.0,374
2023-05-10 09:32:45,cu2404,cu2404,66850.0,0.0,0.0,0.0,38,66850.0,66890.0,2,66700.0,66640.0,66860.0,66640.0,7.0,2338750.0,374
2023-05-10 09:32:54,cu2404,cu2404,66850.0,0.0,0.0,0.0,38,66850.0,66890.0,1,66700.0,66640.0,66860.0,66640.0,7.0,2338750.0,374
2023-05-10 09:33:16,cu2404,cu2404,66850.0,0.0,0.0,0.0,38,66850.0,67000.0,3,66700.0,66640.0,66860.0,66640.0,7.0,2338750.0,374
2023-05-10 09:33:17,cu2404,cu2404,66850.0,0.0,0.0,0.0,38,66850.0,66990.0,2,66700.0,66640.0,66860.0,66640.0,7.0,2338750.0,374
2023-05-10 09:33:17,cu2404,cu2404,66850.0,0.0,0.0,0.0,38,66850.0,66980.0,1,66700.0,66640.0,66860.0,66640.0,7.0,2338750.0,374
2023-05-10 09:33:18,cu2404,cu2404,66850.0,0.0,0.0,0.0,38,66850.0,66970.0,2,66700.0,66640.0,66860.0,66640.0,7.0,2338750.0,374
2023-05-10 09:33:18,cu2404,cu2404,66850.0,0.0,0.0,0.0,38,66850.0,66970.0,4,66700.0,66640.0,66860.0,66640.0,7.0,2338750.0,374
2023-05-10 09:33:19,cu2404,cu2404,66850.0,0.0,0.0,0.0,38,66850.0,66960.0,2,66700.0,66640.0,66860.0,66640.0,7.0,2338750.0,374
2023-05-10 09:33:19,cu2404,cu2404,66850.0,0.0,0.0,0.0,38,66850.0,66950.0,2,66700.0,66640.0,66860.0,66640.0,7.0,2338750.0,374
2023-05-10 09:33:20,cu2404,cu2404,66850.0,0.0,0.0,0.0,38,66850.0,66950.0,3,66700.0,66640.0,66860.0,66640.0,7.0,2338750.0,374
2023-05-10 09:33:20,cu2404,cu2404,66850.0,0.0,0.0,0.0,38,66850.0,66940.0,1,66700.0,66640.0,66860.0,66640.0,7.0,2338750.0,374
2023-05-10 09:33:21,cu2404,cu2404,66850.0,0.0,0.0,0.0,38,66850.0,66930.0,2,66700.0,66640.0,66860.0,66640.0,7.0,2338750.0,374
2023-05-10 09:33:21,cu2404,cu2404,66850.0,0.0,0.0,0.0,38,66850.0,66930.0,2,66700.0,66640.0,66860.0,66640.0,7.0,2338750.0,374
2023-05-10 09:33:23,cu2404,cu2404,66850.0,0.0,0.0,0.0,38,66850.0,66930.0,3,66700.0,66640.0,66860.0,66640.0,7.0,2338750.0,374
2023-05-10 09:33:23,cu2404,cu2404,66850.0,0.0,0.0,0.0,38,66850.0,66930.0,4,66700.0,66640.0,66860.0,66640.0,7.0,2338750.0,374
2023-05-10 09:33:24,cu2404,cu2404,66850.0,0.0,0.0,0.0,38,66850.0,66930.0,8,66700.0,66640.0,66860.0,66640.0,7.0,2338750.0,374
2023-05-10 09:33:26,cu2404,cu2404,66850.0,0.0,0.0,0.0,38,66850.0,66930.0,3,66700.0,66640.0,66860.0,66640.0,7.0,2338750.0,374
2023-05-10 09:33:27,cu2404,cu2404,66850.0,0.0,0.0,0.0,38,66850.0,66930.0,2,66700.0,66640.0,66860.0,66640.0,7.0,2338750.0,374
2023-05-10 09:33:28,cu2404,cu2404,66850.0,0.0,0.0,0.0,38,66850.0,66930.0,1,66700.0,66640.0,66860.0,66640.0,7.0,2338750.0,374
2023-05-10 09:33:30,cu2404,cu2404,66850.0,0.0,0.0,0.0,38,66850.0,66920.0,1,66700.0,66640.0,66860.0,66640.0,7.0,2338750.0,374
2023-05-10 09:33:31,cu2404,cu2404,66850.0,0.0,0.0,0.0,38,66850.0,66920.0,1,66700.0,66640.0,66860.0,66640.0,7.0,2338750.0,374
2023-05-10 09:33:33,cu2404,cu2404,66850.0,0.0,0.0,0.0,38,66850.0,66920.0,2,66700.0,66640.0,66860.0,66640.0,7.0,2338750.0,374
2023-05-10 09:34:00,cu2404,cu2404,66850.0,0.0,0.0,0.0,38,66850.0,66920.0,3,66700.0,66640.0,66860.0,66640.0,7.0,2338750.0,374
2023-05-10 09:34:01,cu2404,cu2404,66850.0,0.0,0.0,0.0,38,66850.0,66920.0,2,66700.0,66640.0,66860.0,66640.0,7.0,2338750.0,374
2023-05-10 09:34:02,cu2404,cu2404,66850.0,0.0,0.0,0.0,38,66850.0,66910.0,1,66700.0,66640.0,66860.0,66640.0,7.0,2338750.0,374
2023-05-10 09:34:02,cu2404,cu2404,66850.0,0.0,0.0,0.0,38,66850.0,66910.0,1,66700.0,66640.0,66860.0,66640.0,7.0,2338750.0,374
2023-05-10 09:34:03,cu2404,cu2404,66850.0,0.0,0.0,0.0,38,66850.0,66910.0,1,66700.0,66640.0,66860.0,66640.0,7.0,2338750.0,374
2023-05-10 09:34:03,cu2404,cu2404,66850.0,0.0,0.0,0.0,38,66850.0,66900.0,1,66700.0,66640.0,66860.0,66640.0,7.0,2338750.0,374
2023-05-10 09:34:10,cu2404,cu2404,66850.0,0.0,0.0,0.0,38,66850.0,66900.0,1,66700.0,66640.0,66860.0,66640.0,7.0,2338750.0,374
2023-05-10 09:34:14,cu2404,cu2404,66850.0,0.0,0.0,0.0,38,66850.0,66900.0,2,66700.0,66640.0,66860.0,66640.0,7.0,2338750.0,374
2023-05-10 09:34:34,cu2404,cu2404,66850.0,0.0,0.0,0.0,38,66850.0,66900.0,2,66700.0,66640.0,66860.0,66640.0,7.0,2338750.0,374
2023-05-10 09:34:35,cu2404,cu2404,66850.0,0.0,0.0,0.0,38,66850.0,66900.0,1,66700.0,66640.0,66860.0,66640.0,7.0,2338750.0,374
2023-05-10 09:34:35,cu2404,cu2404,66850.0,0.0,0.0,0.0,38,66850.0,66890.0,1,66700.0,66640.0,66860.0,66640.0,7.0,2338750.0,374
2023-05-10 09:34:42,cu2404,cu2404,66850.0,0.0,0.0,0.0,38,66850.0,66900.0,1,66700.0,66640.0,66860.0,66640.0,7.0,2338750.0,374
2023-05-10 09:34:42,cu2404,cu2404,66850.0,0.0,0.0,0.0,38,66850.0,66900.0,2,66700.0,66640.0,66860.0,66640.0,7.0,2338750.0,374
2023-05-10 09:34:45,cu2404,cu2404,66850.0,0.0,0.0,0.0,38,66850.0,66900.0,1,66700.0,66640.0,66860.0,66640.0,7.0,2338750.0,374
2023-05-10 09:34:45,cu2404,cu2404,66850.0,0.0,0.0,0.0,38,66850.0,66890.0,1,66700.0,66640.0,66860.0,66640.0,7.0,2338750.0,374
2023-05-10 09:34:47,cu2404,cu2404,66850.0,0.0,0.0,0.0,38,66850.0,66890.0,1,66700.0,66640.0,66860.0,66640.0,7.0,2338750.0,374
2023-05-10 09:34:48,cu2404,cu2404,66850.0,0.0,0.0,0.0,38,66850.0,66890.0,1,66700.0,66640.0,66860.0,66640.0,7.0,2338750.0,374
2023-05-10 09:34:49,cu2404,cu2404,66850.0,0.0,0.0,0.0,38,66850.0,66900.0,1,66700.0,66640.0,66860.0,66640.0,7.0,2338750.0,374
2023-05-10 09:34:49,cu2404,cu2404,66850.0,0.0,0.0,0.0,38,66850.0,66900.0,2,66700.0,66640.0,66860.0,66640.0,7.0,2338750.0,374
2023-05-10 09:34:50,cu2404,cu2404,66850.0,0.0,0.0,0.0,38,66850.0,66900.0,2,66700.0,66640.0,66860.0,66640.0,7.0,2338750.0,374
2023-05-10 09:34:53,cu2404,cu2404,66850.0,0.0,0.0,0.0,39,66850.0,66900.0,1,66700.0,66640.0,66860.0,66640.0,7.0,2338750.0,374
2023-05-10 09:35:01,cu2404,cu2404,66850.0,0.0,0.0,0.0,38,66850.0,66900.0,1,66700.0,66640.0,66860.0,66640.0,7.0,2338750.0,374
2023-05-10 09:35:02,cu2404,cu2404,66850.0,0.0,0.0,0.0,38,66850.0,67000.0,2,66700.0,66640.0,66860.0,66640.0,7.0,2338750.0,374
2023-05-10 09:35:03,cu2404,cu2404,66850.0,0.0,0.0,0.0,38,66850.0,66890.0,1,66700.0,66640.0,66860.0,66640.0,7.0,2338750.0,374
2023-05-10 09:35:03,cu2404,cu2404,66850.0,0.0,0.0,0.0,38,66850.0,66890.0,1,66700.0,66640.0,66860.0,66640.0,7.0,2338750.0,374
2023-05-10 09:35:05,cu2404,cu2404,66850.0,0.0,0.0,0.0,38,66850.0,66890.0,1,66700.0,66640.0,66860.0,66640.0,7.0,2338750.0,374
2023-05-10 09:35:06,cu2404,cu2404,66850.0,0.0,0.0,0.0,38,66850.0,66890.0,1,66700.0,66640.0,66860.0,66640.0,7.0,2338750.0,374
2023-05-10 09:35:40,cu2404,cu2404,66850.0,0.0,0.0,0.0,38,66850.0,66890.0,1,66700.0,66640.0,66860.0,66640.0,7.0,2338750.0,374
2023-05-10 09:35:40,cu2404,cu2404,66850.0,0.0,0.0,0.0,38,66850.0,66890.0,1,66700.0,66640.0,66860.0,66640.0,7.0,2338750.0,374
2023-05-10 09:36:04,cu2404,cu2404,66850.0,0.0,0.0,0.0,38,66850.0,66890.0,1,66700.0,66640.0,66860.0,66640.0,7.0,2338750.0,374
2023-05-10 09:36:05,cu2404,cu2404,66850.0,0.0,0.0,0.0,38,66850.0,66890.0,1,66700.0,66640.0,66860.0,66640.0,7.0,2338750.0,374
2023-05-10 09:36:14,cu2404,cu2404,66850.0,0.0,0.0,0.0,39,66850.0,66890.0,1,66700.0,66640.0,66860.0,66640.0,7.0,2338750.0,374
2023-05-10 09:36:16,cu2404,cu2404,66850.0,0.0,0.0,0.0,39,66850.0,66990.0,1,66700.0,66640.0,66860.0,66640.0,7.0,2338750.0,374
2023-05-10 09:36:17,cu2404,cu2404,66850.0,0.0,0.0,0.0,39,66850.0,66980.0,8,66700.0,66640.0,66860.0,66640.0,7.0,2338750.0,374
2023-05-10 09:36:17,cu2404,cu2404,66850.0,0.0,0.0,0.0,39,66850.0,66980.0,9,66700.0,66640.0,66860.0,66640.0,7.0,2338750.0,374
2023-05-10 09:36:18,cu2404,cu2404,66850.0,0.0,0.0,0.0,39,66850.0,66980.0,10,66700.0,66640.0,66860.0,66640.0,7.0,2338750.0,374
2023-05-10 09:36:18,cu2404,cu2404,66850.0,0.0,0.0,0.0,39,66850.0,66970.0,2,66700.0,66640.0,66860.0,66640.0,7.0,2338750.0,374
2023-05-10 09:36:19,cu2404,cu2404,66850.0,0.0,0.0,0.0,39,66850.0,66970.0,2,66700.0,66640.0,66860.0,66640.0,7.0,2338750.0,374
2023-05-10 09:36:19,cu2404,cu2404,66850.0,0.0,0.0,0.0,39,66850.0,66960.0,1,66700.0,66640.0,66860.0,66640.0,7.0,2338750.0,374
2023-05-10 09:36:20,cu2404,cu2404,66850.0,0.0,0.0,0.0,39,66850.0,66950.0,3,66700.0,66640.0,66860.0,66640.0,7.0,2338750.0,374
2023-05-10 09:36:20,cu2404,cu2404,66850.0,0.0,0.0,0.0,39,66850.0,66940.0,1,66700.0,66640.0,66860.0,66640.0,7.0,2338750.0,374
2023-05-10 09:36:21,cu2404,cu2404,66850.0,0.0,0.0,0.0,39,66850.0,66930.0,2,66700.0,66640.0,66860.0,66640.0,7.0,2338750.0,374
2023-05-10 09:36:21,cu2404,cu2404,66850.0,0.0,0.0,0.0,39,66850.0,66930.0,2,66700.0,66640.0,66860.0,66640.0,7.0,2338750.0,374
2023-05-10 09:36:22,cu2404,cu2404,66850.0,0.0,0.0,0.0,39,66850.0,66920.0,1,66700.0,66640.0,66860.0,66640.0,7.0,2338750.0,374
2023-05-10 09:36:22,cu2404,cu2404,66850.0,0.0,0.0,0.0,39,66850.0,66920.0,1,66700.0,66640.0,66860.0,66640.0,7.0,2338750.0,374
2023-05-10 09:36:23,cu2404,cu2404,66850.0,0.0,0.0,0.0,39,66850.0,66920.0,2,66700.0,66640.0,66860.0,66640.0,7.0,2338750.0,374
2023-05-10 09:36:23,cu2404,cu2404,66850.0,0.0,0.0,0.0,39,66850.0,66910.0,1,66700.0,66640.0,66860.0,66640.0,7.0,2338750.0,374
2023-05-10 09:36:24,cu2404,cu2404,66850.0,0.0,0.0,0.0,39,66850.0,66910.0,1,66700.0,66640.0,66860.0,66640.0,7.0,2338750.0,374
2023-05-10 09:36:26,cu2404,cu2404,66850.0,0.0,0.0,0.0,38,66850.0,66910.0,1,66700.0,66640.0,66860.0,66640.0,7.0,2338750.0,374
2023-05-10 09:36:27,cu2404,cu2404,66850.0,0.0,0.0,0.0,38,66850.0,66910.0,2,66700.0,66640.0,66860.0,66640.0,7.0,2338750.0,374
2023-05-10 09:36:27,cu2404,cu2404,66850.0,0.0,0.0,0.0,38,66850.0,66910.0,6,66700.0,66640.0,66860.0,66640.0,7.0,2338750.0,374
2023-05-10 09:36:37,cu2404,cu2404,66850.0,0.0,0.0,0.0,39,66850.0,66910.0,6,66700.0,66640.0,66860.0,66640.0,7.0,2338750.0,374
2023-05-10 09:36:38,cu2404,cu2404,66850.0,0.0,0.0,0.0,39,66850.0,66910.0,1,66700.0,66640.0,66860.0,66640.0,7.0,2338750.0,374
2023-05-10 09:36:42,cu2404,cu2404,66850.0,0.0,0.0,0.0,38,66850.0,66910.0,1,66700.0,66640.0,66860.0,66640.0,7.0,2338750.0,374
2023-05-10 09:36:43,cu2404,cu2404,66850.0,0.0,0.0,0.0,39,66850.0,66910.0,1,66700.0,66640.0,66860.0,66640.0,7.0,2338750.0,374
2023-05-10 09:36:46,cu2404,cu2404,66850.0,0.0,0.0,0.0,38,66850.0,66910.0,1,66700.0,66640.0,66860.0,66640.0,7.0,2338750.0,374
2023-05-10 09:36:47,cu2404,cu2404,66850.0,0.0,0.0,0.0,39,66850.0,66910.0,1,66700.0,66640.0,66860.0,66640.0,7.0,2338750.0,374
2023-05-10 09:36:47,cu2404,cu2404,66850.0,0.0,0.0,0.0,38,66850.0,66910.0,1,66700.0,66640.0,66860.0,66640.0,7.0,2338750.0,374
2023-05-10 09:36:53,cu2404,cu2404,66850.0,0.0,0.0,0.0,38,66850.0,66910.0,6,66700.0,66640.0,66860.0,66640.0,7.0,2338750.0,374
2023-05-10 09:36:56,cu2404,cu2404,66850.0,0.0,0.0,0.0,38,66850.0,66910.0,2,66700.0,66640.0,66860.0,66640.0,7.0,2338750.0,374
2023-05-10 09:36:57,cu2404,cu2404,66850.0,0.0,0.0,0.0,38,66850.0,66900.0,4,66700.0,66640.0,66860.0,66640.0,7.0,2338750.0,374
2023-05-10 09:36:57,cu2404,cu2404,66850.0,0.0,0.0,0.0,38,66850.0,66900.0,4,66700.0,66640.0,66860.0,66640.0,7.0,2338750.0,374
2023-05-10 09:36:58,cu2404,cu2404,66850.0,0.0,0.0,0.0,38,66850.0,66900.0,5,66700.0,66640.0,66860.0,66640.0,7.0,2338750.0,374
2023-05-10 09:36:58,cu2404,cu2404,66850.0,0.0,0.0,0.0,38,66850.0,66890.0,1,66700.0,66640.0,66860.0,66640.0,7.0,2338750.0,374
2023-05-10 09:36:59,cu2404,cu2404,66850.0,0.0,0.0,0.0,38,66850.0,66890.0,1,66700.0,66640.0,66860.0,66640.0,7.0,2338750.0,374
2023-05-10 09:36:59,cu2404,cu2404,66850.0,0.0,0.0,0.0,38,66850.0,66890.0,2,66700.0,66640.0,66860.0,66640.0,7.0,2338750.0,374
2023-05-10 09:37:00,cu2404,cu2404,66850.0,0.0,0.0,0.0,38,66850.0,66890.0,6,66700.0,66640.0,66860.0,66640.0,7.0,2338750.0,374
2023-05-10 09:37:05,cu2404,cu2404,66850.0,0.0,0.0,0.0,38,66850.0,66890.0,2,66700.0,66640.0,66860.0,66640.0,7.0,2338750.0,374
2023-05-10 09:37:06,cu2404,cu2404,66850.0,0.0,0.0,0.0,38,66850.0,66880.0,4,66700.0,66640.0,66860.0,66640.0,7.0,2338750.0,374
2023-05-10 09:37:06,cu2404,cu2404,66850.0,0.0,0.0,0.0,38,66850.0,66880.0,4,66700.0,66640.0,66860.0,66640.0,7.0,2338750.0,374
2023-05-10 09:37:08,cu2404,cu2404,66850.0,0.0,0.0,0.0,38,66850.0,66880.0,4,66700.0,66640.0,66860.0,66640.0,7.0,2338750.0,374
2023-05-10 09:37:08,cu2404,cu2404,66850.0,0.0,0.0,0.0,38,66850.0,66870.0,1,66700.0,66640.0,66860.0,66640.0,7.0,2338750.0,374
2023-05-10 09:37:40,cu2404,cu2404,66850.0,0.0,0.0,0.0,38,66850.0,66870.0,2,66700.0,66640.0,66860.0,66640.0,7.0,2338750.0,374
2023-05-10 09:37:40,cu2404,cu2404,66850.0,0.0,0.0,0.0,38,66850.0,66870.0,6,66700.0,66640.0,66860.0,66640.0,7.0,2338750.0,374
2023-05-10 09:37:41,cu2404,cu2404,66850.0,0.0,0.0,0.0,38,66850.0,66870.0,5,66700.0,66640.0,66860.0,66640.0,7.0,2338750.0,374
2023-05-10 09:37:44,cu2404,cu2404,66850.0,0.0,0.0,0.0,38,66850.0,66870.0,1,66700.0,66640.0,66860.0,66640.0,7.0,2338750.0,374
2023-05-10 09:38:11,cu2404,cu2404,66850.0,0.0,0.0,0.0,38,66850.0,66870.0,1,66700.0,66640.0,66860.0,66640.0,7.0,2338750.0,374
2023-05-10 09:38:11,cu2404,cu2404,66850.0,0.0,0.0,0.0,38,66850.0,67000.0,2,66700.0,66640.0,66860.0,66640.0,7.0,2338750.0,374
2023-05-10 09:38:12,cu2404,cu2404,66850.0,0.0,0.0,0.0,38,66850.0,66990.0,12,66700.0,66640.0,66860.0,66640.0,7.0,2338750.0,374
2023-05-10 09:38:12,cu2404,cu2404,66850.0,0.0,0.0,0.0,38,66850.0,66980.0,1,66700.0,66640.0,66860.0,66640.0,7.0,2338750.0,374
2023-05-10 09:38:13,cu2404,cu2404,66850.0,0.0,0.0,0.0,38,66850.0,66970.0,2,66700.0,66640.0,66860.0,66640.0,7.0,2338750.0,374
2023-05-10 09:38:13,cu2404,cu2404,66850.0,0.0,0.0,0.0,38,66850.0,66960.0,1,66700.0,66640.0,66860.0,66640.0,7.0,2338750.0,374
2023-05-10 09:38:14,cu2404,cu2404,66850.0,0.0,0.0,0.0,38,66850.0,66960.0,2,66700.0,66640.0,66860.0,66640.0,7.0,2338750.0,374
2023-05-10 09:38:14,cu2404,cu2404,66850.0,0.0,0.0,0.0,39,66850.0,66950.0,2,66700.0,66640.0,66860.0,66640.0,7.0,2338750.0,374
2023-05-10 09:38:15,cu2404,cu2404,66850.0,0.0,0.0,0.0,39,66850.0,66940.0,5,66700.0,66640.0,66860.0,66640.0,7.0,2338750.0,374
2023-05-10 09:38:15,cu2404,cu2404,66850.0,0.0,0.0,0.0,39,66850.0,66930.0,1,66700.0,66640.0,66860.0,66640.0,7.0,2338750.0,374
2023-05-10 09:38:16,cu2404,cu2404,66850.0,0.0,0.0,0.0,39,66850.0,66930.0,1,66700.0,66640.0,66860.0,66640.0,7.0,2338750.0,374
2023-05-10 09:38:16,cu2404,cu2404,66850.0,0.0,0.0,0.0,39,66850.0,66920.0,1,66700.0,66640.0,66860.0,66640.0,7.0,2338750.0,374
2023-05-10 09:38:17,cu2404,cu2404,66850.0,0.0,0.0,0.0,39,66850.0,66920.0,1,66700.0,66640.0,66860.0,66640.0,7.0,2338750.0,374
2023-05-10 09:38:17,cu2404,cu2404,66850.0,0.0,0.0,0.0,39,66850.0,66910.0,1,66700.0,66640.0,66860.0,66640.0,7.0,2338750.0,374
2023-05-10 09:38:18,cu2404,cu2404,66850.0,0.0,0.0,0.0,38,66850.0,66900.0,3,66700.0,66640.0,66860.0,66640.0,7.0,2338750.0,374
2023-05-10 09:38:18,cu2404,cu2404,66850.0,0.0,0.0,0.0,38,66850.0,66900.0,3,66700.0,66640.0,66860.0,66640.0,7.0,2338750.0,374
2023-05-10 09:38:19,cu2404,cu2404,66850.0,0.0,0.0,0.0,38,66850.0,66900.0,4,66700.0,66640.0,66860.0,66640.0,7.0,2338750.0,374
2023-05-10 09:38:20,cu2404,cu2404,66850.0,0.0,0.0,0.0,38,66850.0,66900.0,4,66700.0,66640.0,66860.0,66640.0,7.0,2338750.0,374
2023-05-10 09:38:21,cu2404,cu2404,66850.0,0.0,0.0,0.0,38,66850.0,66900.0,6,66700.0,66640.0,66860.0,66640.0,7.0,2338750.0,374
2023-05-10 09:38:22,cu2404,cu2404,66850.0,0.0,0.0,0.0,38,66850.0,66900.0,6,66700.0,66640.0,66860.0,66640.0,7.0,2338750.0,374
2023-05-10 09:38:23,cu2404,cu2404,66850.0,0.0,0.0,0.0,38,66850.0,66900.0,6,66700.0,66640.0,66860.0,66640.0,7.0,2338750.0,374
2023-05-10 09:38:23,cu2404,cu2404,66850.0,0.0,0.0,0.0,38,66850.0,66900.0,4,66700.0,66640.0,66860.0,66640.0,7.0,2338750.0,374
2023-05-10 09:38:24,cu2404,cu2404,66850.0,0.0,0.0,0.0,38,66850.0,66890.0,2,66700.0,66640.0,66860.0,66640.0,7.0,2338750.0,374
2023-05-10 09:38:24,cu2404,cu2404,66850.0,0.0,0.0,0.0,38,66850.0,66890.0,2,66700.0,66640.0,66860.0,66640.0,7.0,2338750.0,374
2023-05-10 09:38:25,cu2404,cu2404,66850.0,0.0,0.0,0.0,38,66850.0,66880.0,1,66700.0,66640.0,66860.0,66640.0,7.0,2338750.0,374
2023-05-10 09:38:25,cu2404,cu2404,66850.0,0.0,0.0,0.0,38,66850.0,66880.0,1,66700.0,66640.0,66860.0,66640.0,7.0,2338750.0,374
2023-05-10 09:38:26,cu2404,cu2404,66850.0,0.0,0.0,0.0,38,66850.0,66880.0,1,66700.0,66640.0,66860.0,66640.0,7.0,2338750.0,374
2023-05-10 09:38:30,cu2404,cu2404,66850.0,0.0,0.0,0.0,38,66850.0,66880.0,1,66700.0,66640.0,66860.0,66640.0,7.0,2338750.0,374
2023-05-10 09:38:30,cu2404,cu2404,66850.0,0.0,0.0,0.0,38,66850.0,66880.0,2,66700.0,66640.0,66860.0,66640.0,7.0,2338750.0,374
2023-05-10 09:38:34,cu2404,cu2404,66850.0,0.0,0.0,0.0,38,66850.0,66880.0,2,66700.0,66640.0,66860.0,66640.0,7.0,2338750.0,374
2023-05-10 09:38:35,cu2404,cu2404,66850.0,0.0,0.0,0.0,38,66850.0,66880.0,1,66700.0,66640.0,66860.0,66640.0,7.0,2338750.0,374
2023-05-10 09:38:37,cu2404,cu2404,66850.0,0.0,0.0,0.0,39,66850.0,66880.0,1,66700.0,66640.0,66860.0,66640.0,7.0,2338750.0,374
2023-05-10 09:38:37,cu2404,cu2404,66850.0,0.0,0.0,0.0,39,66850.0,67000.0,2,66700.0,66640.0,66860.0,66640.0,7.0,2338750.0,374
2023-05-10 09:38:38,cu2404,cu2404,66850.0,0.0,0.0,0.0,39,66850.0,66990.0,8,66700.0,66640.0,66860.0,66640.0,7.0,2338750.0,374
2023-05-10 09:38:38,cu2404,cu2404,66850.0,0.0,0.0,0.0,39,66850.0,66980.0,2,66700.0,66640.0,66860.0,66640.0,7.0,2338750.0,374
2023-05-10 09:38:39,cu2404,cu2404,66850.0,0.0,0.0,0.0,38,66850.0,66970.0,1,66700.0,66640.0,66860.0,66640.0,7.0,2338750.0,374
2023-05-10 09:38:39,cu2404,cu2404,66850.0,0.0,0.0,0.0,38,66850.0,66960.0,1,66700.0,66640.0,66860.0,66640.0,7.0,2338750.0,374
2023-05-10 09:38:40,cu2404,cu2404,66850.0,0.0,0.0,0.0,38,66850.0,66950.0,2,66700.0,66640.0,66860.0,66640.0,7.0,2338750.0,374
2023-05-10 09:38:40,cu2404,cu2404,66850.0,0.0,0.0,0.0,38,66850.0,66950.0,1,66700.0,66640.0,66860.0,66640.0,7.0,2338750.0,374
2023-05-10 09:38:41,cu2404,cu2404,66850.0,0.0,0.0,0.0,38,66850.0,66940.0,4,66700.0,66640.0,66860.0,66640.0,7.0,2338750.0,374
2023-05-10 09:38:41,cu2404,cu2404,66850.0,0.0,0.0,0.0,38,66850.0,66930.0,3,66700.0,66640.0,66860.0,66640.0,7.0,2338750.0,374
2023-05-10 09:38:42,cu2404,cu2404,66850.0,0.0,0.0,0.0,38,66850.0,66930.0,4,66700.0,66640.0,66860.0,66640.0,7.0,2338750.0,374
2023-05-10 09:38:42,cu2404,cu2404,66850.0,0.0,0.0,0.0,38,66850.0,66920.0,2,66700.0,66640.0,66860.0,66640.0,7.0,2338750.0,374
2023-05-10 09:38:43,cu2404,cu2404,66850.0,0.0,0.0,0.0,38,66850.0,66920.0,3,66700.0,66640.0,66860.0,66640.0,7.0,2338750.0,374
2023-05-10 09:38:43,cu2404,cu2404,66850.0,0.0,0.0,0.0,38,66850.0,66920.0,3,66700.0,66640.0,66860.0,66640.0,7.0,2338750.0,374
2023-05-10 09:38:44,cu2404,cu2404,66850.0,0.0,0.0,0.0,38,66850.0,66910.0,2,66700.0,66640.0,66860.0,66640.0,7.0,2338750.0,374
2023-05-10 09:38:44,cu2404,cu2404,66850.0,0.0,0.0,0.0,38,66850.0,66910.0,5,66700.0,66640.0,66860.0,66640.0,7.0,2338750.0,374
2023-05-10 09:38:45,cu2404,cu2404,66850.0,0.0,0.0,0.0,38,66850.0,66900.0,1,66700.0,66640.0,66860.0,66640.0,7.0,2338750.0,374
2023-05-10 09:38:46,cu2404,cu2404,66850.0,0.0,0.0,0.0,39,66850.0,66900.0,1,66700.0,66640.0,66860.0,66640.0,7.0,2338750.0,374
2023-05-10 09:38:47,cu2404,cu2404,66850.0,0.0,0.0,0.0,39,66850.0,66890.0,2,66700.0,66640.0,66860.0,66640.0,7.0,2338750.0,374
2023-05-10 09:38:47,cu2404,cu2404,66850.0,0.0,0.0,0.0,39,66850.0,66890.0,5,66700.0,66640.0,66860.0,66640.0,7.0,2338750.0,374
2023-05-10 09:38:48,cu2404,cu2404,66850.0,0.0,0.0,0.0,39,66850.0,66890.0,6,66700.0,66640.0,66860.0,66640.0,7.0,2338750.0,374
2023-05-10 09:38:50,cu2404,cu2404,66850.0,0.0,0.0,0.0,1,66860.0,66890.0,6,66700.0,66640.0,66860.0,66640.0,7.0,2338750.0,374
2023-05-10 09:38:51,cu2404,cu2404,66850.0,0.0,0.0,0.0,1,66860.0,66890.0,1,66700.0,66640.0,66860.0,66640.0,7.0,2338750.0,374
2023-05-10 09:38:52,cu2404,cu2404,66850.0,0.0,0.0,0.0,1,66860.0,66890.0,2,66700.0,66640.0,66860.0,66640.0,7.0,2338750.0,374
2023-05-10 09:38:55,cu2404,cu2404,66850.0,0.0,0.0,0.0,1,66860.0,66890.0,1,66700.0,66640.0,66860.0,66640.0,7.0,2338750.0,374
2023-05-10 09:39:42,cu2404,cu2404,66850.0,0.0,0.0,0.0,1,66860.0,66890.0,1,66700.0,66640.0,66860.0,66640.0,7.0,2338750.0,374
2023-05-10 09:40:22,cu2404,cu2404,66850.0,0.0,0.0,0.0,38,66850.0,66890.0,4,66700.0,66640.0,66860.0,66640.0,7.0,2338750.0,374
2023-05-10 09:40:22,cu2404,cu2404,66850.0,0.0,0.0,0.0,39,66850.0,66890.0,6,66700.0,66640.0,66860.0,66640.0,7.0,2338750.0,374
2023-05-10 09:40:27,cu2404,cu2404,66850.0,0.0,0.0,0.0,38,66850.0,66890.0,6,66700.0,66640.0,66860.0,66640.0,7.0,2338750.0,374
2023-05-10 09:40:27,cu2404,cu2404,66850.0,0.0,0.0,0.0,38,66850.0,66890.0,2,66700.0,66640.0,66860.0,66640.0,7.0,2338750.0,374
2023-05-10 09:40:28,cu2404,cu2404,66850.0,0.0,0.0,0.0,38,66850.0,66880.0,4,66700.0,66640.0,66860.0,66640.0,7.0,2338750.0,374
2023-05-10 09:40:28,cu2404,cu2404,66850.0,0.0,0.0,0.0,38,66850.0,66880.0,4,66700.0,66640.0,66860.0,66640.0,7.0,2338750.0,374
2023-05-10 09:40:29,cu2404,cu2404,66850.0,0.0,0.0,0.0,38,66850.0,66870.0,1,66700.0,66640.0,66860.0,66640.0,7.0,2338750.0,374
2023-05-10 09:40:29,cu2404,cu2404,66850.0,0.0,0.0,0.0,38,66850.0,66870.0,1,66700.0,66640.0,66860.0,66640.0,7.0,2338750.0,374
2023-05-10 09:40:30,cu2404,cu2404,66850.0,0.0,0.0,0.0,39,66850.0,66870.0,1,66700.0,66640.0,66860.0,66640.0,7.0,2338750.0,374
2023-05-10 09:40:30,cu2404,cu2404,66850.0,0.0,0.0,0.0,39,66850.0,66870.0,1,66700.0,66640.0,66860.0,66640.0,7.0,2338750.0,374
2023-05-10 09:40:40,cu2404,cu2404,66850.0,0.0,0.0,0.0,1,66860.0,66870.0,1,66700.0,66640.0,66860.0,66640.0,7.0,2338750.0,374
2023-05-10 09:40:41,cu2404,cu2404,66850.0,0.0,0.0,0.0,1,66860.0,66940.0,1,66700.0,66640.0,66860.0,66640.0,7.0,2338750.0,374
2023-05-10 09:40:41,cu2404,cu2404,66850.0,0.0,0.0,0.0,1,66860.0,66930.0,7,66700.0,66640.0,66860.0,66640.0,7.0,2338750.0,374
2023-05-10 09:40:42,cu2404,cu2404,66850.0,0.0,0.0,0.0,1,66860.0,66930.0,7,66700.0,66640.0,66860.0,66640.0,7.0,2338750.0,374
2023-05-10 09:40:42,cu2404,cu2404,66850.0,0.0,0.0,0.0,1,66860.0,66930.0,8,66700.0,66640.0,66860.0,66640.0,7.0,2338750.0,374
2023-05-10 09:41:55,cu2404,cu2404,66850.0,0.0,0.0,0.0,38,66850.0,66930.0,8,66700.0,66640.0,66860.0,66640.0,7.0,2338750.0,374
2023-05-10 09:41:55,cu2404,cu2404,66850.0,0.0,0.0,0.0,39,66850.0,66930.0,8,66700.0,66640.0,66860.0,66640.0,7.0,2338750.0,374
2023-05-10 09:42:03,cu2404,cu2404,66850.0,0.0,0.0,0.0,38,66850.0,66930.0,8,66700.0,66640.0,66860.0,66640.0,7.0,2338750.0,374
2023-05-10 09:42:03,cu2404,cu2404,66850.0,0.0,0.0,0.0,38,66850.0,66930.0,10,66700.0,66640.0,66860.0,66640.0,7.0,2338750.0,374
2023-05-10 09:42:09,cu2404,cu2404,66850.0,0.0,0.0,0.0,38,66850.0,66930.0,8,66700.0,66640.0,66860.0,66640.0,7.0,2338750.0,374
2023-05-10 09:42:10,cu2404,cu2404,66850.0,0.0,0.0,0.0,38,66850.0,66930.0,10,66700.0,66640.0,66860.0,66640.0,7.0,2338750.0,374
2023-05-10 09:42:12,cu2404,cu2404,66850.0,0.0,0.0,0.0,38,66850.0,66930.0,10,66700.0,66640.0,66860.0,66640.0,7.0,2338750.0,374
2023-05-10 09:42:12,cu2404,cu2404,66850.0,0.0,0.0,0.0,38,66850.0,66930.0,10,66700.0,66640.0,66860.0,66640.0,7.0,2338750.0,374
2023-05-10 09:42:23,cu2404,cu2404,66850.0,0.0,0.0,0.0,38,66850.0,66930.0,8,66700.0,66640.0,66860.0,66640.0,7.0,2338750.0,374
2023-05-10 09:42:24,cu2404,cu2404,66850.0,0.0,0.0,0.0,38,66850.0,66930.0,10,66700.0,66640.0,66860.0,66640.0,7.0,2338750.0,374
2023-05-10 09:42:25,cu2404,cu2404,66850.0,0.0,0.0,0.0,39,66850.0,66930.0,10,66700.0,66640.0,66860.0,66640.0,7.0,2338750.0,374
2023-05-10 09:42:26,cu2404,cu2404,66850.0,0.0,0.0,0.0,39,66850.0,66920.0,1,66700.0,66640.0,66860.0,66640.0,7.0,2338750.0,374
2023-05-10 09:42:26,cu2404,cu2404,66850.0,0.0,0.0,0.0,38,66850.0,66920.0,1,66700.0,66640.0,66860.0,66640.0,7.0,2338750.0,374
2023-05-10 09:42:27,cu2404,cu2404,66850.0,0.0,0.0,0.0,38,66850.0,66910.0,5,66700.0,66640.0,66860.0,66640.0,7.0,2338750.0,374
2023-05-10 09:42:27,cu2404,cu2404,66850.0,0.0,0.0,0.0,38,66850.0,66900.0,1,66700.0,66640.0,66860.0,66640.0,7.0,2338750.0,374
2023-05-10 09:42:28,cu2404,cu2404,66850.0,0.0,0.0,0.0,38,66850.0,66900.0,1,66700.0,66640.0,66860.0,66640.0,7.0,2338750.0,374
2023-05-10 09:42:28,cu2404,cu2404,66850.0,0.0,0.0,0.0,38,66850.0,66890.0,1,66700.0,66640.0,66860.0,66640.0,7.0,2338750.0,374
2023-05-10 09:42:29,cu2404,cu2404,66850.0,0.0,0.0,0.0,38,66850.0,66890.0,1,66700.0,66640.0,66860.0,66640.0,7.0,2338750.0,374
2023-05-10 09:42:30,cu2404,cu2404,66850.0,0.0,0.0,0.0,38,66850.0,66880.0,1,66700.0,66640.0,66860.0,66640.0,7.0,2338750.0,374
2023-05-10 09:42:30,cu2404,cu2404,66850.0,0.0,0.0,0.0,38,66850.0,66870.0,1,66700.0,66640.0,66860.0,66640.0,7.0,2338750.0,374
2023-05-10 09:42:31,cu2404,cu2404,66850.0,0.0,0.0,0.0,38,66850.0,66870.0,1,66700.0,66640.0,66860.0,66640.0,7.0,2338750.0,374
2023-05-10 09:42:33,cu2404,cu2404,66870.0,1.0,334350.0,0.0,38,66850.0,66880.0,2,66700.0,66640.0,66870.0,66640.0,8.0,2673100.0,374
2023-05-10 09:42:33,cu2404,cu2404,66870.0,0.0,0.0,0.0,39,66850.0,66890.0,1,66700.0,66640.0,66870.0,66640.0,8.0,2673100.0,374
2023-05-10 09:42:34,cu2404,cu2404,66870.0,0.0,0.0,0.0,39,66850.0,66890.0,6,66700.0,66640.0,66870.0,66640.0,8.0,2673100.0,374
2023-05-10 09:42:38,cu2404,cu2404,66870.0,0.0,0.0,0.0,39,66850.0,66890.0,1,66700.0,66640.0,66870.0,66640.0,8.0,2673100.0,374
2023-05-10 09:42:39,cu2404,cu2404,66870.0,0.0,0.0,0.0,39,66850.0,66940.0,1,66700.0,66640.0,66870.0,66640.0,8.0,2673100.0,374
2023-05-10 09:42:40,cu2404,cu2404,66870.0,0.0,0.0,0.0,39,66850.0,66930.0,1,66700.0,66640.0,66870.0,66640.0,8.0,2673100.0,374
2023-05-10 09:42:40,cu2404,cu2404,66870.0,0.0,0.0,0.0,39,66850.0,66930.0,1,66700.0,66640.0,66870.0,66640.0,8.0,2673100.0,374
2023-05-10 09:42:41,cu2404,cu2404,66870.0,0.0,0.0,0.0,39,66850.0,66930.0,2,66700.0,66640.0,66870.0,66640.0,8.0,2673100.0,374
2023-05-10 09:42:42,cu2404,cu2404,66870.0,0.0,0.0,0.0,39,66850.0,66930.0,2,66700.0,66640.0,66870.0,66640.0,8.0,2673100.0,374
2023-05-10 09:42:42,cu2404,cu2404,66870.0,0.0,0.0,0.0,39,66850.0,66930.0,2,66700.0,66640.0,66870.0,66640.0,8.0,2673100.0,374
2023-05-10 09:42:45,cu2404,cu2404,66870.0,0.0,0.0,0.0,39,66850.0,66920.0,5,66700.0,66640.0,66870.0,66640.0,8.0,2673100.0,374
2023-05-10 09:42:45,cu2404,cu2404,66870.0,0.0,0.0,0.0,39,66850.0,66920.0,5,66700.0,66640.0,66870.0,66640.0,8.0,2673100.0,374
2023-05-10 09:42:46,cu2404,cu2404,66870.0,0.0,0.0,0.0,38,66850.0,66920.0,6,66700.0,66640.0,66870.0,66640.0,8.0,2673100.0,374
2023-05-10 09:42:47,cu2404,cu2404,66870.0,0.0,0.0,0.0,38,66850.0,66920.0,6,66700.0,66640.0,66870.0,66640.0,8.0,2673100.0,374
2023-05-10 09:42:47,cu2404,cu2404,66870.0,0.0,0.0,0.0,38,66850.0,66910.0,1,66700.0,66640.0,66870.0,66640.0,8.0,2673100.0,374
2023-05-10 09:42:48,cu2404,cu2404,66870.0,0.0,0.0,0.0,38,66850.0,66910.0,1,66700.0,66640.0,66870.0,66640.0,8.0,2673100.0,374
2023-05-10 09:42:48,cu2404,cu2404,66870.0,0.0,0.0,0.0,38,66850.0,66900.0,5,66700.0,66640.0,66870.0,66640.0,8.0,2673100.0,374
2023-05-10 09:42:49,cu2404,cu2404,66870.0,0.0,0.0,0.0,38,66850.0,66900.0,5,66700.0,66640.0,66870.0,66640.0,8.0,2673100.0,374
2023-05-10 09:42:49,cu2404,cu2404,66870.0,0.0,0.0,0.0,38,66850.0,66890.0,1,66700.0,66640.0,66870.0,66640.0,8.0,2673100.0,374
2023-05-10 09:42:50,cu2404,cu2404,66870.0,0.0,0.0,0.0,38,66850.0,66890.0,1,66700.0,66640.0,66870.0,66640.0,8.0,2673100.0,374
2023-05-10 09:42:52,cu2404,cu2404,66870.0,0.0,0.0,0.0,38,66850.0,66880.0,1,66700.0,66640.0,66870.0,66640.0,8.0,2673100.0,374
2023-05-10 09:42:52,cu2404,cu2404,66870.0,0.0,0.0,0.0,38,66850.0,66880.0,5,66700.0,66640.0,66870.0,66640.0,8.0,2673100.0,374
2023-05-10 09:42:53,cu2404,cu2404,66870.0,0.0,0.0,0.0,38,66850.0,66880.0,5,66700.0,66640.0,66870.0,66640.0,8.0,2673100.0,374
2023-05-10 09:42:53,cu2404,cu2404,66870.0,0.0,0.0,0.0,38,66850.0,66880.0,6,66700.0,66640.0,66870.0,66640.0,8.0,2673100.0,374
2023-05-10 09:43:02,cu2404,cu2404,66870.0,0.0,0.0,0.0,38,66850.0,66880.0,2,66700.0,66640.0,66870.0,66640.0,8.0,2673100.0,374
2023-05-10 09:43:02,cu2404,cu2404,66870.0,0.0,0.0,0.0,38,66850.0,66870.0,4,66700.0,66640.0,66870.0,66640.0,8.0,2673100.0,374
2023-05-10 09:43:03,cu2404,cu2404,66870.0,0.0,0.0,0.0,38,66850.0,66870.0,4,66700.0,66640.0,66870.0,66640.0,8.0,2673100.0,374
2023-05-10 09:43:05,cu2404,cu2404,66870.0,0.0,0.0,0.0,38,66850.0,66880.0,1,66700.0,66640.0,66870.0,66640.0,8.0,2673100.0,374
2023-05-10 09:43:05,cu2404,cu2404,66870.0,0.0,0.0,0.0,38,66850.0,66880.0,6,66700.0,66640.0,66870.0,66640.0,8.0,2673100.0,374
2023-05-10 09:43:06,cu2404,cu2404,66870.0,0.0,0.0,0.0,38,66850.0,66880.0,6,66700.0,66640.0,66870.0,66640.0,8.0,2673100.0,374
2023-05-10 09:43:12,cu2404,cu2404,66870.0,0.0,0.0,0.0,39,66850.0,66880.0,6,66700.0,66640.0,66870.0,66640.0,8.0,2673100.0,374
2023-05-10 09:43:12,cu2404,cu2404,66870.0,0.0,0.0,0.0,39,66850.0,66880.0,2,66700.0,66640.0,66870.0,66640.0,8.0,2673100.0,374
2023-05-10 09:43:13,cu2404,cu2404,66870.0,0.0,0.0,0.0,39,66850.0,66880.0,1,66700.0,66640.0,66870.0,66640.0,8.0,2673100.0,374
2023-05-10 09:43:13,cu2404,cu2404,66870.0,0.0,0.0,0.0,39,66850.0,66940.0,1,66700.0,66640.0,66870.0,66640.0,8.0,2673100.0,374
2023-05-10 09:43:14,cu2404,cu2404,66870.0,0.0,0.0,0.0,39,66850.0,66880.0,4,66700.0,66640.0,66870.0,66640.0,8.0,2673100.0,374
2023-05-10 09:43:14,cu2404,cu2404,66870.0,0.0,0.0,0.0,39,66850.0,66880.0,4,66700.0,66640.0,66870.0,66640.0,8.0,2673100.0,374
2023-05-10 09:43:16,cu2404,cu2404,66870.0,0.0,0.0,0.0,39,66850.0,66880.0,5,66700.0,66640.0,66870.0,66640.0,8.0,2673100.0,374
2023-05-10 09:43:17,cu2404,cu2404,66870.0,0.0,0.0,0.0,38,66850.0,66880.0,5,66700.0,66640.0,66870.0,66640.0,8.0,2673100.0,374
2023-05-10 09:43:18,cu2404,cu2404,66870.0,0.0,0.0,0.0,38,66850.0,66880.0,1,66700.0,66640.0,66870.0,66640.0,8.0,2673100.0,374
2023-05-10 09:43:19,cu2404,cu2404,66870.0,0.0,0.0,0.0,38,66850.0,66870.0,4,66700.0,66640.0,66870.0,66640.0,8.0,2673100.0,374
2023-05-10 09:43:19,cu2404,cu2404,66870.0,0.0,0.0,0.0,38,66850.0,66870.0,4,66700.0,66640.0,66870.0,66640.0,8.0,2673100.0,374
2023-05-10 09:43:22,cu2404,cu2404,66870.0,0.0,0.0,0.0,38,66850.0,66870.0,5,66700.0,66640.0,66870.0,66640.0,8.0,2673100.0,374
2023-05-10 09:43:23,cu2404,cu2404,66870.0,0.0,0.0,0.0,38,66850.0,66940.0,1,66700.0,66640.0,66870.0,66640.0,8.0,2673100.0,374
2023-05-10 09:43:23,cu2404,cu2404,66870.0,0.0,0.0,0.0,38,66850.0,66930.0,8,66700.0,66640.0,66870.0,66640.0,8.0,2673100.0,374
2023-05-10 09:43:24,cu2404,cu2404,66870.0,0.0,0.0,0.0,38,66850.0,66930.0,8,66700.0,66640.0,66870.0,66640.0,8.0,2673100.0,374
2023-05-10 09:43:24,cu2404,cu2404,66870.0,0.0,0.0,0.0,38,66850.0,66930.0,9,66700.0,66640.0,66870.0,66640.0,8.0,2673100.0,374
2023-05-10 09:43:55,cu2404,cu2404,66870.0,0.0,0.0,0.0,38,66850.0,66930.0,9,66700.0,66640.0,66870.0,66640.0,8.0,2673100.0,374
2023-05-10 09:43:55,cu2404,cu2404,66870.0,0.0,0.0,0.0,38,66850.0,66930.0,9,66700.0,66640.0,66870.0,66640.0,8.0,2673100.0,374
2023-05-10 09:43:59,cu2404,cu2404,66870.0,0.0,0.0,0.0,39,66850.0,66930.0,7,66700.0,66640.0,66870.0,66640.0,8.0,2673100.0,374
2023-05-10 09:44:00,cu2404,cu2404,66870.0,0.0,0.0,0.0,1,66860.0,66930.0,7,66700.0,66640.0,66870.0,66640.0,8.0,2673100.0,374
2023-05-10 09:44:02,cu2404,cu2404,66870.0,0.0,0.0,0.0,38,66850.0,66930.0,7,66700.0,66640.0,66870.0,66640.0,8.0,2673100.0,374
2023-05-10 09:44:02,cu2404,cu2404,66870.0,0.0,0.0,0.0,39,66850.0,66930.0,7,66700.0,66640.0,66870.0,66640.0,8.0,2673100.0,374
2023-05-10 09:44:03,cu2404,cu2404,66870.0,0.0,0.0,0.0,38,66850.0,66930.0,7,66700.0,66640.0,66870.0,66640.0,8.0,2673100.0,374
2023-05-10 09:44:04,cu2404,cu2404,66870.0,0.0,0.0,0.0,38,66850.0,66930.0,9,66700.0,66640.0,66870.0,66640.0,8.0,2673100.0,374
2023-05-10 09:44:07,cu2404,cu2404,66870.0,0.0,0.0,0.0,39,66850.0,66930.0,7,66700.0,66640.0,66870.0,66640.0,8.0,2673100.0,374
2023-05-10 09:44:12,cu2404,cu2404,66870.0,0.0,0.0,0.0,38,66850.0,66930.0,7,66700.0,66640.0,66870.0,66640.0,8.0,2673100.0,374
2023-05-10 09:44:13,cu2404,cu2404,66870.0,0.0,0.0,0.0,39,66850.0,66930.0,7,66700.0,66640.0,66870.0,66640.0,8.0,2673100.0,374
2023-05-10 09:44:14,cu2404,cu2404,66870.0,0.0,0.0,0.0,38,66850.0,66930.0,9,66700.0,66640.0,66870.0,66640.0,8.0,2673100.0,374
2023-05-10 09:44:19,cu2404,cu2404,66870.0,0.0,0.0,0.0,38,66850.0,66930.0,7,66700.0,66640.0,66870.0,66640.0,8.0,2673100.0,374
2023-05-10 09:44:20,cu2404,cu2404,66870.0,0.0,0.0,0.0,39,66850.0,66930.0,7,66700.0,66640.0,66870.0,66640.0,8.0,2673100.0,374
2023-05-10 09:44:21,cu2404,cu2404,66870.0,0.0,0.0,0.0,39,66850.0,66930.0,7,66700.0,66640.0,66870.0,66640.0,8.0,2673100.0,374
2023-05-10 09:44:21,cu2404,cu2404,66870.0,0.0,0.0,0.0,39,66850.0,66930.0,7,66700.0,66640.0,66870.0,66640.0,8.0,2673100.0,374
2023-05-10 09:44:34,cu2404,cu2404,66870.0,0.0,0.0,0.0,38,66850.0,66930.0,7,66700.0,66640.0,66870.0,66640.0,8.0,2673100.0,374
2023-05-10 09:44:36,cu2404,cu2404,66870.0,0.0,0.0,0.0,38,66850.0,66930.0,9,66700.0,66640.0,66870.0,66640.0,8.0,2673100.0,374
2023-05-10 09:44:44,cu2404,cu2404,66870.0,0.0,0.0,0.0,38,66850.0,66930.0,7,66700.0,66640.0,66870.0,66640.0,8.0,2673100.0,374
2023-05-10 09:44:45,cu2404,cu2404,66870.0,0.0,0.0,0.0,38,66850.0,66930.0,9,66700.0,66640.0,66870.0,66640.0,8.0,2673100.0,374
2023-05-10 09:45:13,cu2404,cu2404,66870.0,0.0,0.0,0.0,38,66850.0,66920.0,4,66700.0,66640.0,66870.0,66640.0,8.0,2673100.0,374
2023-05-10 09:45:14,cu2404,cu2404,66870.0,0.0,0.0,0.0,38,66850.0,66920.0,6,66700.0,66640.0,66870.0,66640.0,8.0,2673100.0,374
2023-05-10 09:45:14,cu2404,cu2404,66870.0,0.0,0.0,0.0,38,66850.0,66910.0,5,66700.0,66640.0,66870.0,66640.0,8.0,2673100.0,374
2023-05-10 09:45:15,cu2404,cu2404,66870.0,0.0,0.0,0.0,38,66850.0,66910.0,6,66700.0,66640.0,66870.0,66640.0,8.0,2673100.0,374
2023-05-10 09:45:15,cu2404,cu2404,66870.0,0.0,0.0,0.0,38,66850.0,66900.0,4,66700.0,66640.0,66870.0,66640.0,8.0,2673100.0,374
2023-05-10 09:45:16,cu2404,cu2404,66870.0,0.0,0.0,0.0,38,66850.0,66900.0,4,66700.0,66640.0,66870.0,66640.0,8.0,2673100.0,374
2023-05-10 09:45:16,cu2404,cu2404,66870.0,0.0,0.0,0.0,38,66850.0,66880.0,1,66700.0,66640.0,66870.0,66640.0,8.0,2673100.0,374
2023-05-10 09:45:17,cu2404,cu2404,66870.0,0.0,0.0,0.0,38,66850.0,66880.0,1,66700.0,66640.0,66870.0,66640.0,8.0,2673100.0,374
2023-05-10 09:45:18,cu2404,cu2404,66870.0,0.0,0.0,0.0,38,66850.0,66880.0,2,66700.0,66640.0,66870.0,66640.0,8.0,2673100.0,374
2023-05-10 09:45:18,cu2404,cu2404,66870.0,0.0,0.0,0.0,38,66850.0,66880.0,6,66700.0,66640.0,66870.0,66640.0,8.0,2673100.0,374
2023-05-10 09:45:20,cu2404,cu2404,66870.0,0.0,0.0,0.0,38,66850.0,66880.0,5,66700.0,66640.0,66870.0,66640.0,8.0,2673100.0,374
2023-05-10 09:45:20,cu2404,cu2404,66870.0,0.0,0.0,0.0,39,66850.0,66880.0,5,66700.0,66640.0,66870.0,66640.0,8.0,2673100.0,374
2023-05-10 09:45:21,cu2404,cu2404,66870.0,0.0,0.0,0.0,39,66850.0,66880.0,1,66700.0,66640.0,66870.0,66640.0,8.0,2673100.0,374
2023-05-10 09:45:23,cu2404,cu2404,66870.0,0.0,0.0,0.0,39,66850.0,66940.0,1,66700.0,66640.0,66870.0,66640.0,8.0,2673100.0,374
2023-05-10 09:45:23,cu2404,cu2404,66870.0,0.0,0.0,0.0,39,66850.0,66930.0,9,66700.0,66640.0,66870.0,66640.0,8.0,2673100.0,374
2023-05-10 09:45:24,cu2404,cu2404,66870.0,0.0,0.0,0.0,39,66850.0,66930.0,10,66700.0,66640.0,66870.0,66640.0,8.0,2673100.0,374
2023-05-10 09:45:24,cu2404,cu2404,66870.0,0.0,0.0,0.0,38,66850.0,66930.0,11,66700.0,66640.0,66870.0,66640.0,8.0,2673100.0,374
2023-05-10 09:45:25,cu2404,cu2404,66870.0,0.0,0.0,0.0,38,66850.0,66930.0,11,66700.0,66640.0,66870.0,66640.0,8.0,2673100.0,374
2023-05-10 09:45:26,cu2404,cu2404,66870.0,0.0,0.0,0.0,38,66850.0,66930.0,11,66700.0,66640.0,66870.0,66640.0,8.0,2673100.0,374
2023-05-10 09:45:26,cu2404,cu2404,66870.0,0.0,0.0,0.0,39,66850.0,66930.0,13,66700.0,66640.0,66870.0,66640.0,8.0,2673100.0,374
2023-05-10 09:45:28,cu2404,cu2404,66870.0,0.0,0.0,0.0,39,66850.0,66930.0,13,66700.0,66640.0,66870.0,66640.0,8.0,2673100.0,374
2023-05-10 09:45:28,cu2404,cu2404,66870.0,0.0,0.0,0.0,39,66850.0,66930.0,13,66700.0,66640.0,66870.0,66640.0,8.0,2673100.0,374
2023-05-10 09:45:29,cu2404,cu2404,66870.0,0.0,0.0,0.0,39,66850.0,66930.0,11,66700.0,66640.0,66870.0,66640.0,8.0,2673100.0,374
2023-05-10 09:45:29,cu2404,cu2404,66870.0,0.0,0.0,0.0,38,66850.0,66930.0,11,66700.0,66640.0,66870.0,66640.0,8.0,2673100.0,374
2023-05-10 09:45:30,cu2404,cu2404,66870.0,0.0,0.0,0.0,39,66850.0,66930.0,11,66700.0,66640.0,66870.0,66640.0,8.0,2673100.0,374
2023-05-10 09:45:33,cu2404,cu2404,66870.0,0.0,0.0,0.0,1,66860.0,66930.0,11,66700.0,66640.0,66870.0,66640.0,8.0,2673100.0,374
2023-05-10 09:45:42,cu2404,cu2404,66870.0,0.0,0.0,0.0,38,66850.0,66930.0,11,66700.0,66640.0,66870.0,66640.0,8.0,2673100.0,374
2023-05-10 09:45:43,cu2404,cu2404,66870.0,0.0,0.0,0.0,39,66850.0,66930.0,11,66700.0,66640.0,66870.0,66640.0,8.0,2673100.0,374
2023-05-10 09:45:50,cu2404,cu2404,66870.0,0.0,0.0,0.0,38,66850.0,66930.0,13,66700.0,66640.0,66870.0,66640.0,8.0,2673100.0,374
2023-05-10 09:45:56,cu2404,cu2404,66870.0,0.0,0.0,0.0,39,66850.0,66930.0,11,66700.0,66640.0,66870.0,66640.0,8.0,2673100.0,374
2023-05-10 09:45:58,cu2404,cu2404,66870.0,0.0,0.0,0.0,39,66850.0,66920.0,1,66700.0,66640.0,66870.0,66640.0,8.0,2673100.0,374
2023-05-10 09:45:58,cu2404,cu2404,66870.0,0.0,0.0,0.0,39,66850.0,66920.0,1,66700.0,66640.0,66870.0,66640.0,8.0,2673100.0,374
2023-05-10 09:45:59,cu2404,cu2404,66870.0,0.0,0.0,0.0,39,66850.0,66910.0,1,66700.0,66640.0,66870.0,66640.0,8.0,2673100.0,374
2023-05-10 09:45:59,cu2404,cu2404,66870.0,0.0,0.0,0.0,39,66850.0,66910.0,5,66700.0,66640.0,66870.0,66640.0,8.0,2673100.0,374
2023-05-10 09:46:00,cu2404,cu2404,66870.0,0.0,0.0,0.0,39,66850.0,66900.0,1,66700.0,66640.0,66870.0,66640.0,8.0,2673100.0,374
2023-05-10 09:46:00,cu2404,cu2404,66870.0,0.0,0.0,0.0,39,66850.0,66890.0,4,66700.0,66640.0,66870.0,66640.0,8.0,2673100.0,374
2023-05-10 09:46:01,cu2404,cu2404,66870.0,0.0,0.0,0.0,39,66850.0,66890.0,4,66700.0,66640.0,66870.0,66640.0,8.0,2673100.0,374
2023-05-10 09:46:01,cu2404,cu2404,66870.0,0.0,0.0,0.0,39,66850.0,66880.0,1,66700.0,66640.0,66870.0,66640.0,8.0,2673100.0,374
2023-05-10 09:46:02,cu2404,cu2404,66870.0,0.0,0.0,0.0,39,66850.0,66880.0,1,66700.0,66640.0,66870.0,66640.0,8.0,2673100.0,374
2023-05-10 09:46:04,cu2404,cu2404,66870.0,0.0,0.0,0.0,39,66850.0,66880.0,1,66700.0,66640.0,66870.0,66640.0,8.0,2673100.0,374
2023-05-10 09:46:06,cu2404,cu2404,66870.0,0.0,0.0,0.0,38,66850.0,66880.0,1,66700.0,66640.0,66870.0,66640.0,8.0,2673100.0,374
2023-05-10 09:46:08,cu2404,cu2404,66870.0,0.0,0.0,0.0,38,66850.0,66880.0,6,66700.0,66640.0,66870.0,66640.0,8.0,2673100.0,374
2023-05-10 09:46:08,cu2404,cu2404,66870.0,0.0,0.0,0.0,38,66850.0,66880.0,5,66700.0,66640.0,66870.0,66640.0,8.0,2673100.0,374
2023-05-10 09:46:10,cu2404,cu2404,66870.0,0.0,0.0,0.0,38,66850.0,66880.0,6,66700.0,66640.0,66870.0,66640.0,8.0,2673100.0,374
2023-05-10 09:46:11,cu2404,cu2404,66870.0,0.0,0.0,0.0,38,66850.0,66880.0,1,66700.0,66640.0,66870.0,66640.0,8.0,2673100.0,374
2023-05-10 09:46:13,cu2404,cu2404,66870.0,0.0,0.0,0.0,38,66850.0,66880.0,6,66700.0,66640.0,66870.0,66640.0,8.0,2673100.0,374
2023-05-10 09:46:16,cu2404,cu2404,66850.0,2.0,668500.0,2.0,36,66850.0,66880.0,6,66700.0,66640.0,66870.0,66640.0,10.0,3341600.0,376
2023-05-10 09:46:21,cu2404,cu2404,66850.0,0.0,0.0,0.0,36,66850.0,66880.0,1,66700.0,66640.0,66870.0,66640.0,10.0,3341600.0,376
2023-05-10 09:46:26,cu2404,cu2404,66850.0,0.0,0.0,0.0,37,66850.0,66880.0,1,66700.0,66640.0,66870.0,66640.0,10.0,3341600.0,376
2023-05-10 09:46:43,cu2404,cu2404,66850.0,0.0,0.0,0.0,1,66860.0,66880.0,1,66700.0,66640.0,66870.0,66640.0,10.0,3341600.0,376
2023-05-10 09:46:55,cu2404,cu2404,66850.0,0.0,0.0,0.0,36,66850.0,66880.0,1,66700.0,66640.0,66870.0,66640.0,10.0,3341600.0,376
2023-05-10 09:46:55,cu2404,cu2404,66850.0,0.0,0.0,0.0,37,66850.0,66860.0,1,66700.0,66640.0,66870.0,66640.0,10.0,3341600.0,376
2023-05-10 09:46:56,cu2404,cu2404,66850.0,0.0,0.0,0.0,37,66850.0,66860.0,2,66700.0,66640.0,66870.0,66640.0,10.0,3341600.0,376
2023-05-10 09:47:00,cu2404,cu2404,66850.0,0.0,0.0,0.0,37,66850.0,66860.0,1,66700.0,66640.0,66870.0,66640.0,10.0,3341600.0,376
2023-05-10 09:47:12,cu2404,cu2404,66860.0,1.0,334300.0,0.0,1,66860.0,66880.0,1,66700.0,66640.0,66870.0,66640.0,11.0,3675900.0,376
2023-05-10 09:47:13,cu2404,cu2404,66880.0,1.0,334400.0,1.0,36,66850.0,66940.0,1,66700.0,66640.0,66880.0,66640.0,12.0,4010300.0,377
2023-05-10 09:47:14,cu2404,cu2404,66880.0,0.0,0.0,0.0,36,66850.0,66930.0,2,66700.0,66640.0,66880.0,66640.0,12.0,4010300.0,377
2023-05-10 09:47:14,cu2404,cu2404,66880.0,0.0,0.0,0.0,36,66850.0,66930.0,4,66700.0,66640.0,66880.0,66640.0,12.0,4010300.0,377
2023-05-10 09:47:15,cu2404,cu2404,66880.0,0.0,0.0,0.0,3,66860.0,66930.0,4,66700.0,66640.0,66880.0,66640.0,12.0,4010300.0,377
2023-05-10 09:47:16,cu2404,cu2404,66880.0,0.0,0.0,0.0,3,66860.0,66930.0,8,66700.0,66640.0,66880.0,66640.0,12.0,4010300.0,377
2023-05-10 09:47:17,cu2404,cu2404,66880.0,0.0,0.0,0.0,3,66860.0,66930.0,4,66700.0,66640.0,66880.0,66640.0,12.0,4010300.0,377
2023-05-10 09:47:21,cu2404,cu2404,66880.0,0.0,0.0,0.0,3,66860.0,66930.0,8,66700.0,66640.0,66880.0,66640.0,12.0,4010300.0,377
2023-05-10 09:47:21,cu2404,cu2404,66880.0,0.0,0.0,0.0,3,66860.0,66930.0,8,66700.0,66640.0,66880.0,66640.0,12.0,4010300.0,377
2023-05-10 09:47:22,cu2404,cu2404,66880.0,0.0,0.0,0.0,3,66860.0,66930.0,8,66700.0,66640.0,66880.0,66640.0,12.0,4010300.0,377
2023-05-10 09:47:27,cu2404,cu2404,66880.0,0.0,0.0,0.0,3,66860.0,66930.0,4,66700.0,66640.0,66880.0,66640.0,12.0,4010300.0,377
2023-05-10 09:47:41,cu2404,cu2404,66880.0,0.0,0.0,0.0,3,66860.0,66930.0,4,66700.0,66640.0,66880.0,66640.0,12.0,4010300.0,377
2023-05-10 09:47:41,cu2404,cu2404,66880.0,0.0,0.0,0.0,3,66860.0,66930.0,4,66700.0,66640.0,66880.0,66640.0,12.0,4010300.0,377
2023-05-10 09:48:03,cu2404,cu2404,66880.0,0.0,0.0,0.0,3,66860.0,66930.0,4,66700.0,66640.0,66880.0,66640.0,12.0,4010300.0,377
2023-05-10 09:48:04,cu2404,cu2404,66880.0,0.0,0.0,0.0,3,66860.0,66930.0,4,66700.0,66640.0,66880.0,66640.0,12.0,4010300.0,377
2023-05-10 09:48:10,cu2404,cu2404,66880.0,0.0,0.0,0.0,3,66860.0,66940.0,1,66700.0,66640.0,66880.0,66640.0,12.0,4010300.0,377
2023-05-10 09:48:12,cu2404,cu2404,66880.0,0.0,0.0,0.0,1,66870.0,66940.0,1,66700.0,66640.0,66880.0,66640.0,12.0,4010300.0,377
2023-05-10 09:48:12,cu2404,cu2404,66880.0,0.0,0.0,0.0,3,66860.0,66940.0,1,66700.0,66640.0,66880.0,66640.0,12.0,4010300.0,377
2023-05-10 09:48:14,cu2404,cu2404,66880.0,0.0,0.0,0.0,1,66870.0,66940.0,1,66700.0,66640.0,66880.0,66640.0,12.0,4010300.0,377
2023-05-10 09:48:15,cu2404,cu2404,66880.0,0.0,0.0,0.0,3,66860.0,66940.0,1,66700.0,66640.0,66880.0,66640.0,12.0,4010300.0,377
2023-05-10 09:48:17,cu2404,cu2404,66880.0,0.0,0.0,0.0,3,66860.0,66940.0,5,66700.0,66640.0,66880.0,66640.0,12.0,4010300.0,377
2023-05-10 09:48:18,cu2404,cu2404,66880.0,0.0,0.0,0.0,3,66860.0,66940.0,5,66700.0,66640.0,66880.0,66640.0,12.0,4010300.0,377
2023-05-10 09:48:18,cu2404,cu2404,66880.0,0.0,0.0,0.0,3,66860.0,66940.0,5,66700.0,66640.0,66880.0,66640.0,12.0,4010300.0,377
2023-05-10 09:48:19,cu2404,cu2404,66880.0,0.0,0.0,0.0,3,66860.0,66940.0,1,66700.0,66640.0,66880.0,66640.0,12.0,4010300.0,377
2023-05-10 09:48:20,cu2404,cu2404,66880.0,0.0,0.0,0.0,3,66860.0,66930.0,4,66700.0,66640.0,66880.0,66640.0,12.0,4010300.0,377
2023-05-10 09:48:20,cu2404,cu2404,66880.0,0.0,0.0,0.0,1,66870.0,66930.0,4,66700.0,66640.0,66880.0,66640.0,12.0,4010300.0,377
2023-05-10 09:48:21,cu2404,cu2404,66880.0,0.0,0.0,0.0,3,66860.0,66930.0,4,66700.0,66640.0,66880.0,66640.0,12.0,4010300.0,377
2023-05-10 09:48:22,cu2404,cu2404,66880.0,0.0,0.0,0.0,1,66870.0,66930.0,4,66700.0,66640.0,66880.0,66640.0,12.0,4010300.0,377
2023-05-10 09:48:22,cu2404,cu2404,66880.0,0.0,0.0,0.0,3,66860.0,66940.0,1,66700.0,66640.0,66880.0,66640.0,12.0,4010300.0,377
2023-05-10 09:48:23,cu2404,cu2404,66880.0,0.0,0.0,0.0,3,66860.0,66940.0,5,66700.0,66640.0,66880.0,66640.0,12.0,4010300.0,377
2023-05-10 09:48:32,cu2404,cu2404,66880.0,0.0,0.0,0.0,3,66860.0,66940.0,1,66700.0,66640.0,66880.0,66640.0,12.0,4010300.0,377
2023-05-10 09:48:32,cu2404,cu2404,66880.0,0.0,0.0,0.0,3,66860.0,66930.0,4,66700.0,66640.0,66880.0,66640.0,12.0,4010300.0,377
2023-05-10 09:48:37,cu2404,cu2404,66880.0,0.0,0.0,0.0,3,66860.0,66920.0,1,66700.0,66640.0,66880.0,66640.0,12.0,4010300.0,377
2023-05-10 09:48:37,cu2404,cu2404,66880.0,0.0,0.0,0.0,3,66860.0,66920.0,1,66700.0,66640.0,66880.0,66640.0,12.0,4010300.0,377
2023-05-10 09:48:38,cu2404,cu2404,66880.0,0.0,0.0,0.0,3,66860.0,66920.0,5,66700.0,66640.0,66880.0,66640.0,12.0,4010300.0,377
2023-05-10 09:49:18,cu2404,cu2404,66880.0,0.0,0.0,0.0,3,66860.0,66920.0,1,66700.0,66640.0,66880.0,66640.0,12.0,4010300.0,377
2023-05-10 09:49:34,cu2404,cu2404,66880.0,0.0,0.0,0.0,3,66860.0,66920.0,1,66700.0,66640.0,66880.0,66640.0,12.0,4010300.0,377
2023-05-10 09:49:34,cu2404,cu2404,66880.0,0.0,0.0,0.0,3,66860.0,66920.0,1,66700.0,66640.0,66880.0,66640.0,12.0,4010300.0,377
2023-05-10 09:49:49,cu2404,cu2404,66880.0,0.0,0.0,0.0,3,66860.0,66920.0,1,66700.0,66640.0,66880.0,66640.0,12.0,4010300.0,377
2023-05-10 09:49:49,cu2404,cu2404,66880.0,0.0,0.0,0.0,3,66860.0,66920.0,1,66700.0,66640.0,66880.0,66640.0,12.0,4010300.0,377
2023-05-10 09:49:54,cu2404,cu2404,66880.0,0.0,0.0,0.0,3,66860.0,66920.0,1,66700.0,66640.0,66880.0,66640.0,12.0,4010300.0,377
2023-05-10 09:49:54,cu2404,cu2404,66880.0,0.0,0.0,0.0,3,66860.0,66920.0,1,66700.0,66640.0,66880.0,66640.0,12.0,4010300.0,377
2023-05-10 09:50:01,cu2404,cu2404,66880.0,0.0,0.0,0.0,3,66860.0,66920.0,5,66700.0,66640.0,66880.0,66640.0,12.0,4010300.0,377
2023-05-10 09:50:03,cu2404,cu2404,66880.0,0.0,0.0,0.0,3,66860.0,66920.0,1,66700.0,66640.0,66880.0,66640.0,12.0,4010300.0,377
2023-05-10 09:50:14,cu2404,cu2404,66880.0,0.0,0.0,0.0,3,66860.0,66940.0,1,66700.0,66640.0,66880.0,66640.0,12.0,4010300.0,377
2023-05-10 09:50:14,cu2404,cu2404,66880.0,0.0,0.0,0.0,3,66860.0,66930.0,1,66700.0,66640.0,66880.0,66640.0,12.0,4010300.0,377
2023-05-10 09:50:20,cu2404,cu2404,66880.0,0.0,0.0,0.0,3,66860.0,66940.0,5,66700.0,66640.0,66880.0,66640.0,12.0,4010300.0,377
2023-05-10 09:50:20,cu2404,cu2404,66880.0,0.0,0.0,0.0,3,66860.0,66940.0,6,66700.0,66640.0,66880.0,66640.0,12.0,4010300.0,377
2023-05-10 09:50:26,cu2404,cu2404,66880.0,0.0,0.0,0.0,1,66870.0,66940.0,6,66700.0,66640.0,66880.0,66640.0,12.0,4010300.0,377
2023-05-10 09:50:26,cu2404,cu2404,66880.0,0.0,0.0,0.0,3,66860.0,66940.0,6,66700.0,66640.0,66880.0,66640.0,12.0,4010300.0,377
2023-05-10 09:50:32,cu2404,cu2404,66880.0,0.0,0.0,0.0,3,66860.0,66940.0,2,66700.0,66640.0,66880.0,66640.0,12.0,4010300.0,377
2023-05-10 09:50:34,cu2404,cu2404,66880.0,0.0,0.0,0.0,1,66870.0,66940.0,2,66700.0,66640.0,66880.0,66640.0,12.0,4010300.0,377
2023-05-10 09:50:44,cu2404,cu2404,66880.0,0.0,0.0,0.0,3,66860.0,66930.0,1,66700.0,66640.0,66880.0,66640.0,12.0,4010300.0,377
2023-05-10 09:50:48,cu2404,cu2404,66880.0,0.0,0.0,0.0,3,66860.0,66930.0,5,66700.0,66640.0,66880.0,66640.0,12.0,4010300.0,377
2023-05-10 09:50:55,cu2404,cu2404,66880.0,0.0,0.0,0.0,3,66860.0,66930.0,1,66700.0,66640.0,66880.0,66640.0,12.0,4010300.0,377
2023-05-10 09:50:56,cu2404,cu2404,66880.0,0.0,0.0,0.0,3,66860.0,66930.0,1,66700.0,66640.0,66880.0,66640.0,12.0,4010300.0,377
2023-05-10 09:50:57,cu2404,cu2404,66880.0,0.0,0.0,0.0,3,66860.0,66930.0,1,66700.0,66640.0,66880.0,66640.0,12.0,4010300.0,377
2023-05-10 09:51:00,cu2404,cu2404,66880.0,0.0,0.0,0.0,3,66860.0,66940.0,1,66700.0,66640.0,66880.0,66640.0,12.0,4010300.0,377
2023-05-10 09:51:00,cu2404,cu2404,66880.0,0.0,0.0,0.0,3,66860.0,66940.0,2,66700.0,66640.0,66880.0,66640.0,12.0,4010300.0,377
2023-05-10 09:51:03,cu2404,cu2404,66880.0,0.0,0.0,0.0,3,66860.0,66930.0,1,66700.0,66640.0,66880.0,66640.0,12.0,4010300.0,377
2023-05-10 09:51:03,cu2404,cu2404,66880.0,0.0,0.0,0.0,3,66860.0,66930.0,1,66700.0,66640.0,66880.0,66640.0,12.0,4010300.0,377
2023-05-10 09:51:10,cu2404,cu2404,66880.0,0.0,0.0,0.0,3,66860.0,66940.0,1,66700.0,66640.0,66880.0,66640.0,12.0,4010300.0,377
2023-05-10 09:51:10,cu2404,cu2404,66880.0,0.0,0.0,0.0,3,66860.0,66930.0,4,66700.0,66640.0,66880.0,66640.0,12.0,4010300.0,377
2023-05-10 09:51:11,cu2404,cu2404,66880.0,0.0,0.0,0.0,3,66860.0,66930.0,4,66700.0,66640.0,66880.0,66640.0,12.0,4010300.0,377
2023-05-10 09:51:14,cu2404,cu2404,66880.0,0.0,0.0,0.0,3,66860.0,66930.0,1,66700.0,66640.0,66880.0,66640.0,12.0,4010300.0,377
2023-05-10 09:51:16,cu2404,cu2404,66880.0,0.0,0.0,0.0,3,66860.0,66940.0,1,66700.0,66640.0,66880.0,66640.0,12.0,4010300.0,377
2023-05-10 09:51:16,cu2404,cu2404,66880.0,0.0,0.0,0.0,3,66860.0,66940.0,6,66700.0,66640.0,66880.0,66640.0,12.0,4010300.0,377
2023-05-10 09:51:19,cu2404,cu2404,66880.0,0.0,0.0,0.0,3,66860.0,66940.0,2,66700.0,66640.0,66880.0,66640.0,12.0,4010300.0,377
2023-05-10 09:51:19,cu2404,cu2404,66880.0,0.0,0.0,0.0,3,66860.0,66940.0,6,66700.0,66640.0,66880.0,66640.0,12.0,4010300.0,377
2023-05-10 09:51:22,cu2404,cu2404,66880.0,0.0,0.0,0.0,3,66860.0,66940.0,2,66700.0,66640.0,66880.0,66640.0,12.0,4010300.0,377
2023-05-10 09:51:26,cu2404,cu2404,66880.0,0.0,0.0,0.0,3,66860.0,66930.0,1,66700.0,66640.0,66880.0,66640.0,12.0,4010300.0,377
2023-05-10 09:52:06,cu2404,cu2404,66880.0,0.0,0.0,0.0,3,66860.0,66930.0,1,66700.0,66640.0,66880.0,66640.0,12.0,4010300.0,377
2023-05-10 09:52:07,cu2404,cu2404,66880.0,0.0,0.0,0.0,3,66860.0,66930.0,5,66700.0,66640.0,66880.0,66640.0,12.0,4010300.0,377
2023-05-10 09:52:10,cu2404,cu2404,66880.0,0.0,0.0,0.0,3,66860.0,66930.0,3,66700.0,66640.0,66880.0,66640.0,12.0,4010300.0,377
2023-05-10 09:52:10,cu2404,cu2404,66880.0,0.0,0.0,0.0,3,66860.0,66920.0,2,66700.0,66640.0,66880.0,66640.0,12.0,4010300.0,377
2023-05-10 09:52:11,cu2404,cu2404,66880.0,0.0,0.0,0.0,3,66860.0,66910.0,1,66700.0,66640.0,66880.0,66640.0,12.0,4010300.0,377
2023-05-10 09:52:11,cu2404,cu2404,66880.0,0.0,0.0,0.0,3,66860.0,66920.0,2,66700.0,66640.0,66880.0,66640.0,12.0,4010300.0,377
2023-05-10 09:52:12,cu2404,cu2404,66880.0,0.0,0.0,0.0,3,66860.0,66920.0,3,66700.0,66640.0,66880.0,66640.0,12.0,4010300.0,377
2023-05-10 09:52:13,cu2404,cu2404,66880.0,0.0,0.0,0.0,3,66860.0,66920.0,1,66700.0,66640.0,66880.0,66640.0,12.0,4010300.0,377
2023-05-10 09:52:20,cu2404,cu2404,66880.0,0.0,0.0,0.0,3,66860.0,66910.0,1,66700.0,66640.0,66880.0,66640.0,12.0,4010300.0,377
2023-05-10 09:52:23,cu2404,cu2404,66880.0,0.0,0.0,0.0,3,66860.0,66930.0,2,66700.0,66640.0,66880.0,66640.0,12.0,4010300.0,377
2023-05-10 09:52:23,cu2404,cu2404,66880.0,0.0,0.0,0.0,3,66860.0,66920.0,1,66700.0,66640.0,66880.0,66640.0,12.0,4010300.0,377
2023-05-10 09:52:25,cu2404,cu2404,66880.0,0.0,0.0,0.0,3,66860.0,66920.0,1,66700.0,66640.0,66880.0,66640.0,12.0,4010300.0,377
2023-05-10 09:52:47,cu2404,cu2404,66880.0,0.0,0.0,0.0,3,66860.0,66920.0,3,66700.0,66640.0,66880.0,66640.0,12.0,4010300.0,377
2023-05-10 09:52:48,cu2404,cu2404,66880.0,0.0,0.0,0.0,3,66860.0,66920.0,5,66700.0,66640.0,66880.0,66640.0,12.0,4010300.0,377
2023-05-10 09:53:09,cu2404,cu2404,66880.0,0.0,0.0,0.0,3,66860.0,66920.0,3,66700.0,66640.0,66880.0,66640.0,12.0,4010300.0,377
2023-05-10 09:53:10,cu2404,cu2404,66880.0,0.0,0.0,0.0,36,66850.0,66920.0,3,66700.0,66640.0,66880.0,66640.0,12.0,4010300.0,377
2023-05-10 09:53:10,cu2404,cu2404,66880.0,0.0,0.0,0.0,36,66850.0,66910.0,2,66700.0,66640.0,66880.0,66640.0,12.0,4010300.0,377
2023-05-10 09:53:11,cu2404,cu2404,66880.0,0.0,0.0,0.0,36,66850.0,66900.0,1,66700.0,66640.0,66880.0,66640.0,12.0,4010300.0,377
2023-05-10 09:53:13,cu2404,cu2404,66880.0,0.0,0.0,0.0,36,66850.0,66900.0,1,66700.0,66640.0,66880.0,66640.0,12.0,4010300.0,377
2023-05-10 09:53:15,cu2404,cu2404,66880.0,0.0,0.0,0.0,36,66850.0,66900.0,1,66700.0,66640.0,66880.0,66640.0,12.0,4010300.0,377
2023-05-10 09:53:15,cu2404,cu2404,66880.0,0.0,0.0,0.0,36,66850.0,66940.0,1,66700.0,66640.0,66880.0,66640.0,12.0,4010300.0,377
2023-05-10 09:53:16,cu2404,cu2404,66880.0,0.0,0.0,0.0,36,66850.0,66930.0,5,66700.0,66640.0,66880.0,66640.0,12.0,4010300.0,377
2023-05-10 09:53:23,cu2404,cu2404,66880.0,0.0,0.0,0.0,3,66860.0,66930.0,5,66700.0,66640.0,66880.0,66640.0,12.0,4010300.0,377
2023-05-10 09:54:02,cu2404,cu2404,66880.0,0.0,0.0,0.0,36,66850.0,66930.0,5,66700.0,66640.0,66880.0,66640.0,12.0,4010300.0,377
2023-05-10 09:54:18,cu2404,cu2404,66880.0,0.0,0.0,0.0,36,66850.0,66930.0,1,66700.0,66640.0,66880.0,66640.0,12.0,4010300.0,377
2023-05-10 09:54:26,cu2404,cu2404,66880.0,0.0,0.0,0.0,36,66850.0,66930.0,1,66700.0,66640.0,66880.0,66640.0,12.0,4010300.0,377
2023-05-10 09:54:26,cu2404,cu2404,66880.0,0.0,0.0,0.0,36,66850.0,66930.0,1,66700.0,66640.0,66880.0,66640.0,12.0,4010300.0,377
2023-05-10 09:54:27,cu2404,cu2404,66880.0,0.0,0.0,0.0,36,66850.0,66930.0,5,66700.0,66640.0,66880.0,66640.0,12.0,4010300.0,377
2023-05-10 09:54:35,cu2404,cu2404,66880.0,0.0,0.0,0.0,3,66860.0,66930.0,5,66700.0,66640.0,66880.0,66640.0,12.0,4010300.0,377
2023-05-10 09:54:37,cu2404,cu2404,66880.0,0.0,0.0,0.0,3,66860.0,66930.0,1,66700.0,66640.0,66880.0,66640.0,12.0,4010300.0,377
2023-05-10 09:54:38,cu2404,cu2404,66880.0,0.0,0.0,0.0,3,66860.0,66920.0,4,66700.0,66640.0,66880.0,66640.0,12.0,4010300.0,377
2023-05-10 09:54:38,cu2404,cu2404,66880.0,0.0,0.0,0.0,3,66860.0,66910.0,1,66700.0,66640.0,66880.0,66640.0,12.0,4010300.0,377
2023-05-10 09:54:40,cu2404,cu2404,66880.0,0.0,0.0,0.0,3,66860.0,66910.0,1,66700.0,66640.0,66880.0,66640.0,12.0,4010300.0,377
2023-05-10 09:54:45,cu2404,cu2404,66880.0,0.0,0.0,0.0,36,66850.0,66910.0,1,66700.0,66640.0,66880.0,66640.0,12.0,4010300.0,377
2023-05-10 09:54:55,cu2404,cu2404,66880.0,0.0,0.0,0.0,36,66850.0,66910.0,5,66700.0,66640.0,66880.0,66640.0,12.0,4010300.0,377
2023-05-10 09:54:58,cu2404,cu2404,66880.0,0.0,0.0,0.0,36,66850.0,66910.0,1,66700.0,66640.0,66880.0,66640.0,12.0,4010300.0,377
2023-05-10 09:55:03,cu2404,cu2404,66880.0,0.0,0.0,0.0,36,66850.0,66910.0,5,66700.0,66640.0,66880.0,66640.0,12.0,4010300.0,377
2023-05-10 09:55:06,cu2404,cu2404,66880.0,0.0,0.0,0.0,36,66850.0,66910.0,3,66700.0,66640.0,66880.0,66640.0,12.0,4010300.0,377
2023-05-10 09:55:06,cu2404,cu2404,66880.0,0.0,0.0,0.0,36,66850.0,66900.0,2,66700.0,66640.0,66880.0,66640.0,12.0,4010300.0,377
2023-05-10 09:55:07,cu2404,cu2404,66880.0,0.0,0.0,0.0,36,66850.0,66890.0,1,66700.0,66640.0,66880.0,66640.0,12.0,4010300.0,377
2023-05-10 09:55:10,cu2404,cu2404,66880.0,0.0,0.0,0.0,36,66850.0,66890.0,1,66700.0,66640.0,66880.0,66640.0,12.0,4010300.0,377
2023-05-10 09:55:15,cu2404,cu2404,66880.0,0.0,0.0,0.0,36,66850.0,66890.0,1,66700.0,66640.0,66880.0,66640.0,12.0,4010300.0,377
2023-05-10 09:55:16,cu2404,cu2404,66880.0,0.0,0.0,0.0,36,66850.0,66890.0,1,66700.0,66640.0,66880.0,66640.0,12.0,4010300.0,377
2023-05-10 09:55:17,cu2404,cu2404,66880.0,0.0,0.0,0.0,36,66850.0,66890.0,1,66700.0,66640.0,66880.0,66640.0,12.0,4010300.0,377
2023-05-10 09:55:42,cu2404,cu2404,66880.0,0.0,0.0,0.0,36,66850.0,66940.0,1,66700.0,66640.0,66880.0,66640.0,12.0,4010300.0,377
2023-05-10 09:55:42,cu2404,cu2404,66880.0,0.0,0.0,0.0,36,66850.0,66930.0,6,66700.0,66640.0,66880.0,66640.0,12.0,4010300.0,377
2023-05-10 09:55:43,cu2404,cu2404,66880.0,0.0,0.0,0.0,36,66850.0,66930.0,6,66700.0,66640.0,66880.0,66640.0,12.0,4010300.0,377
2023-05-10 09:55:43,cu2404,cu2404,66880.0,0.0,0.0,0.0,36,66850.0,66930.0,7,66700.0,66640.0,66880.0,66640.0,12.0,4010300.0,377
2023-05-10 09:57:44,cu2404,cu2404,66880.0,0.0,0.0,0.0,36,66850.0,66930.0,6,66700.0,66640.0,66880.0,66640.0,12.0,4010300.0,377
2023-05-10 09:57:44,cu2404,cu2404,66880.0,0.0,0.0,0.0,36,66850.0,66920.0,1,66700.0,66640.0,66880.0,66640.0,12.0,4010300.0,377
2023-05-10 09:57:45,cu2404,cu2404,66880.0,0.0,0.0,0.0,36,66850.0,66910.0,1,66700.0,66640.0,66880.0,66640.0,12.0,4010300.0,377
2023-05-10 09:57:45,cu2404,cu2404,66880.0,0.0,0.0,0.0,36,66850.0,66900.0,2,66700.0,66640.0,66880.0,66640.0,12.0,4010300.0,377
2023-05-10 09:57:46,cu2404,cu2404,66880.0,0.0,0.0,0.0,36,66850.0,66890.0,1,66700.0,66640.0,66880.0,66640.0,12.0,4010300.0,377
2023-05-10 09:57:46,cu2404,cu2404,66880.0,0.0,0.0,0.0,36,66850.0,66890.0,1,66700.0,66640.0,66880.0,66640.0,12.0,4010300.0,377
2023-05-10 09:57:48,cu2404,cu2404,66880.0,0.0,0.0,0.0,36,66850.0,66890.0,1,66700.0,66640.0,66880.0,66640.0,12.0,4010300.0,377
2023-05-10 09:57:48,cu2404,cu2404,66880.0,0.0,0.0,0.0,36,66850.0,66890.0,5,66700.0,66640.0,66880.0,66640.0,12.0,4010300.0,377
2023-05-10 09:57:49,cu2404,cu2404,66880.0,0.0,0.0,0.0,36,66850.0,66890.0,5,66700.0,66640.0,66880.0,66640.0,12.0,4010300.0,377
2023-05-10 09:57:49,cu2404,cu2404,66880.0,0.0,0.0,0.0,36,66850.0,66890.0,5,66700.0,66640.0,66880.0,66640.0,12.0,4010300.0,377
2023-05-10 09:57:52,cu2404,cu2404,66880.0,0.0,0.0,0.0,36,66850.0,66890.0,5,66700.0,66640.0,66880.0,66640.0,12.0,4010300.0,377
2023-05-10 09:57:52,cu2404,cu2404,66880.0,0.0,0.0,0.0,36,66850.0,66890.0,5,66700.0,66640.0,66880.0,66640.0,12.0,4010300.0,377
2023-05-10 09:58:08,cu2404,cu2404,66880.0,0.0,0.0,0.0,36,66850.0,66890.0,1,66700.0,66640.0,66880.0,66640.0,12.0,4010300.0,377
2023-05-10 09:58:08,cu2404,cu2404,66880.0,0.0,0.0,0.0,36,66850.0,66880.0,4,66700.0,66640.0,66880.0,66640.0,12.0,4010300.0,377
2023-05-10 09:58:09,cu2404,cu2404,66880.0,0.0,0.0,0.0,36,66850.0,66870.0,1,66700.0,66640.0,66880.0,66640.0,12.0,4010300.0,377
2023-05-10 09:58:11,cu2404,cu2404,66880.0,0.0,0.0,0.0,36,66850.0,66870.0,1,66700.0,66640.0,66880.0,66640.0,12.0,4010300.0,377
2023-05-10 09:58:11,cu2404,cu2404,66880.0,0.0,0.0,0.0,36,66850.0,66870.0,5,66700.0,66640.0,66880.0,66640.0,12.0,4010300.0,377
2023-05-10 09:58:14,cu2404,cu2404,66880.0,0.0,0.0,0.0,36,66850.0,66870.0,1,66700.0,66640.0,66880.0,66640.0,12.0,4010300.0,377
2023-05-10 09:58:18,cu2404,cu2404,66850.0,2.0,668500.0,2.0,34,66850.0,66870.0,1,66700.0,66640.0,66880.0,66640.0,14.0,4678800.0,379
2023-05-10 09:58:25,cu2404,cu2404,66850.0,0.0,0.0,0.0,34,66850.0,66870.0,5,66700.0,66640.0,66880.0,66640.0,14.0,4678800.0,379
2023-05-10 09:58:28,cu2404,cu2404,66850.0,0.0,0.0,0.0,34,66850.0,66870.0,1,66700.0,66640.0,66880.0,66640.0,14.0,4678800.0,379
2023-05-10 09:58:29,cu2404,cu2404,66850.0,1.0,334250.0,0.0,33,66850.0,66870.0,4,66700.0,66640.0,66880.0,66640.0,15.0,5013050.0,379
2023-05-10 09:58:32,cu2404,cu2404,66850.0,0.0,0.0,0.0,33,66850.0,66940.0,1,66700.0,66640.0,66880.0,66640.0,15.0,5013050.0,379
2023-05-10 09:58:33,cu2404,cu2404,66850.0,0.0,0.0,0.0,33,66850.0,66930.0,8,66700.0,66640.0,66880.0,66640.0,15.0,5013050.0,379
2023-05-10 09:58:33,cu2404,cu2404,66850.0,0.0,0.0,0.0,33,66850.0,66930.0,8,66700.0,66640.0,66880.0,66640.0,15.0,5013050.0,379
2023-05-10 09:58:34,cu2404,cu2404,66850.0,0.0,0.0,0.0,33,66850.0,66930.0,9,66700.0,66640.0,66880.0,66640.0,15.0,5013050.0,379
2023-05-10 09:58:38,cu2404,cu2404,66850.0,0.0,0.0,0.0,33,66850.0,66930.0,9,66700.0,66640.0,66880.0,66640.0,15.0,5013050.0,379
2023-05-10 09:58:39,cu2404,cu2404,66850.0,0.0,0.0,0.0,33,66850.0,66930.0,9,66700.0,66640.0,66880.0,66640.0,15.0,5013050.0,379
2023-05-10 09:58:42,cu2404,cu2404,66850.0,0.0,0.0,0.0,33,66850.0,66930.0,9,66700.0,66640.0,66880.0,66640.0,15.0,5013050.0,379
2023-05-10 09:58:43,cu2404,cu2404,66850.0,0.0,0.0,0.0,33,66850.0,66930.0,9,66700.0,66640.0,66880.0,66640.0,15.0,5013050.0,379
2023-05-10 09:58:48,cu2404,cu2404,66850.0,0.0,0.0,0.0,33,66850.0,66930.0,7,66700.0,66640.0,66880.0,66640.0,15.0,5013050.0,379
2023-05-10 09:58:49,cu2404,cu2404,66850.0,0.0,0.0,0.0,33,66850.0,66930.0,7,66700.0,66640.0,66880.0,66640.0,15.0,5013050.0,379
2023-05-10 09:58:50,cu2404,cu2404,66850.0,0.0,0.0,0.0,33,66850.0,66930.0,7,66700.0,66640.0,66880.0,66640.0,15.0,5013050.0,379
2023-05-10 09:58:55,cu2404,cu2404,66850.0,0.0,0.0,0.0,34,66850.0,66930.0,7,66700.0,66640.0,66880.0,66640.0,15.0,5013050.0,379
2023-05-10 09:58:56,cu2404,cu2404,66850.0,0.0,0.0,0.0,34,66850.0,66920.0,2,66700.0,66640.0,66880.0,66640.0,15.0,5013050.0,379
2023-05-10 09:58:56,cu2404,cu2404,66850.0,0.0,0.0,0.0,34,66850.0,66920.0,2,66700.0,66640.0,66880.0,66640.0,15.0,5013050.0,379
2023-05-10 09:58:57,cu2404,cu2404,66850.0,0.0,0.0,0.0,34,66850.0,66910.0,2,66700.0,66640.0,66880.0,66640.0,15.0,5013050.0,379
2023-05-10 09:58:57,cu2404,cu2404,66850.0,0.0,0.0,0.0,34,66850.0,66910.0,2,66700.0,66640.0,66880.0,66640.0,15.0,5013050.0,379
2023-05-10 09:58:58,cu2404,cu2404,66850.0,0.0,0.0,0.0,34,66850.0,66900.0,1,66700.0,66640.0,66880.0,66640.0,15.0,5013050.0,379
2023-05-10 09:58:58,cu2404,cu2404,66850.0,0.0,0.0,0.0,34,66850.0,66900.0,3,66700.0,66640.0,66880.0,66640.0,15.0,5013050.0,379
2023-05-10 09:58:59,cu2404,cu2404,66850.0,0.0,0.0,0.0,34,66850.0,66900.0,4,66700.0,66640.0,66880.0,66640.0,15.0,5013050.0,379
2023-05-10 09:58:59,cu2404,cu2404,66850.0,0.0,0.0,0.0,33,66850.0,66900.0,4,66700.0,66640.0,66880.0,66640.0,15.0,5013050.0,379
2023-05-10 09:59:00,cu2404,cu2404,66850.0,0.0,0.0,0.0,33,66850.0,66890.0,2,66700.0,66640.0,66880.0,66640.0,15.0,5013050.0,379
2023-05-10 09:59:00,cu2404,cu2404,66850.0,0.0,0.0,0.0,33,66850.0,66890.0,2,66700.0,66640.0,66880.0,66640.0,15.0,5013050.0,379
2023-05-10 09:59:06,cu2404,cu2404,66850.0,0.0,0.0,0.0,33,66850.0,66890.0,2,66700.0,66640.0,66880.0,66640.0,15.0,5013050.0,379
2023-05-10 09:59:07,cu2404,cu2404,66850.0,0.0,0.0,0.0,34,66850.0,66880.0,2,66700.0,66640.0,66880.0,66640.0,15.0,5013050.0,379
2023-05-10 09:59:07,cu2404,cu2404,66850.0,0.0,0.0,0.0,34,66850.0,66880.0,2,66700.0,66640.0,66880.0,66640.0,15.0,5013050.0,379
2023-05-10 09:59:08,cu2404,cu2404,66850.0,0.0,0.0,0.0,34,66850.0,66870.0,2,66700.0,66640.0,66880.0,66640.0,15.0,5013050.0,379
2023-05-10 09:59:08,cu2404,cu2404,66850.0,0.0,0.0,0.0,34,66850.0,66870.0,2,66700.0,66640.0,66880.0,66640.0,15.0,5013050.0,379
2023-05-10 09:59:09,cu2404,cu2404,66850.0,0.0,0.0,0.0,34,66850.0,66870.0,2,66700.0,66640.0,66880.0,66640.0,15.0,5013050.0,379
2023-05-10 09:59:10,cu2404,cu2404,66850.0,0.0,0.0,0.0,33,66850.0,66870.0,4,66700.0,66640.0,66880.0,66640.0,15.0,5013050.0,379
2023-05-10 09:59:15,cu2404,cu2404,66850.0,0.0,0.0,0.0,34,66850.0,66870.0,4,66700.0,66640.0,66880.0,66640.0,15.0,5013050.0,379
2023-05-10 09:59:16,cu2404,cu2404,66850.0,0.0,0.0,0.0,33,66850.0,66870.0,4,66700.0,66640.0,66880.0,66640.0,15.0,5013050.0,379
2023-05-10 09:59:19,cu2404,cu2404,66850.0,0.0,0.0,0.0,33,66850.0,66870.0,4,66700.0,66640.0,66880.0,66640.0,15.0,5013050.0,379
2023-05-10 09:59:20,cu2404,cu2404,66850.0,0.0,0.0,0.0,34,66850.0,66870.0,4,66700.0,66640.0,66880.0,66640.0,15.0,5013050.0,379
2023-05-10 09:59:23,cu2404,cu2404,66850.0,0.0,0.0,0.0,33,66850.0,66870.0,4,66700.0,66640.0,66880.0,66640.0,15.0,5013050.0,379
2023-05-10 09:59:26,cu2404,cu2404,66850.0,0.0,0.0,0.0,34,66850.0,66870.0,4,66700.0,66640.0,66880.0,66640.0,15.0,5013050.0,379
2023-05-10 09:59:27,cu2404,cu2404,66850.0,1.0,334250.0,1.0,32,66850.0,66870.0,4,66700.0,66640.0,66880.0,66640.0,16.0,5347300.0,380
2023-05-10 09:59:31,cu2404,cu2404,66850.0,0.0,0.0,0.0,33,66850.0,66870.0,4,66700.0,66640.0,66880.0,66640.0,16.0,5347300.0,380
2023-05-10 09:59:37,cu2404,cu2404,66850.0,0.0,0.0,0.0,32,66850.0,66870.0,4,66700.0,66640.0,66880.0,66640.0,16.0,5347300.0,380
2023-05-10 09:59:41,cu2404,cu2404,66850.0,0.0,0.0,0.0,33,66850.0,66870.0,4,66700.0,66640.0,66880.0,66640.0,16.0,5347300.0,380
2023-05-10 09:59:44,cu2404,cu2404,66850.0,1.0,334250.0,1.0,32,66850.0,66870.0,4,66700.0,66640.0,66880.0,66640.0,17.0,5681550.0,381
2023-05-10 09:59:58,cu2404,cu2404,66850.0,0.0,0.0,0.0,31,66850.0,66870.0,4,66700.0,66640.0,66880.0,66640.0,17.0,5681550.0,381
2023-05-10 09:59:59,cu2404,cu2404,66850.0,0.0,0.0,0.0,32,66850.0,66870.0,4,66700.0,66640.0,66880.0,66640.0,17.0,5681550.0,381
2023-05-10 10:00:03,cu2404,cu2404,66850.0,0.0,0.0,0.0,1,66860.0,66870.0,4,66700.0,66640.0,66880.0,66640.0,17.0,5681550.0,381
2023-05-10 10:00:04,cu2404,cu2404,66850.0,0.0,0.0,0.0,1,66870.0,66940.0,1,66700.0,66640.0,66880.0,66640.0,17.0,5681550.0,381
2023-05-10 10:00:04,cu2404,cu2404,66850.0,0.0,0.0,0.0,1,66870.0,66930.0,4,66700.0,66640.0,66880.0,66640.0,17.0,5681550.0,381
2023-05-10 10:00:05,cu2404,cu2404,66850.0,0.0,0.0,0.0,1,66870.0,66930.0,5,66700.0,66640.0,66880.0,66640.0,17.0,5681550.0,381
2023-05-10 10:00:05,cu2404,cu2404,66850.0,0.0,0.0,0.0,1,66870.0,66930.0,6,66700.0,66640.0,66880.0,66640.0,17.0,5681550.0,381
2023-05-10 10:00:06,cu2404,cu2404,66850.0,0.0,0.0,0.0,1,66870.0,66930.0,5,66700.0,66640.0,66880.0,66640.0,17.0,5681550.0,381
2023-05-10 10:00:06,cu2404,cu2404,66850.0,0.0,0.0,0.0,1,66870.0,66930.0,6,66700.0,66640.0,66880.0,66640.0,17.0,5681550.0,381
2023-05-10 10:00:07,cu2404,cu2404,66850.0,0.0,0.0,0.0,1,66870.0,66930.0,6,66700.0,66640.0,66880.0,66640.0,17.0,5681550.0,381
2023-05-10 10:00:11,cu2404,cu2404,66850.0,0.0,0.0,0.0,1,66870.0,66930.0,5,66700.0,66640.0,66880.0,66640.0,17.0,5681550.0,381
2023-05-10 10:00:12,cu2404,cu2404,66850.0,0.0,0.0,0.0,1,66870.0,66930.0,4,66700.0,66640.0,66880.0,66640.0,17.0,5681550.0,381
2023-05-10 10:00:12,cu2404,cu2404,66850.0,0.0,0.0,0.0,1,66870.0,66930.0,4,66700.0,66640.0,66880.0,66640.0,17.0,5681550.0,381
2023-05-10 10:00:13,cu2404,cu2404,66870.0,1.0,334350.0,1.0,31,66850.0,66930.0,4,66700.0,66640.0,66880.0,66640.0,18.0,6015900.0,382
2023-05-10 10:00:13,cu2404,cu2404,66870.0,0.0,0.0,0.0,31,66850.0,66930.0,4,66700.0,66640.0,66880.0,66640.0,18.0,6015900.0,382
2023-05-10 10:00:23,cu2404,cu2404,66870.0,0.0,0.0,0.0,31,66850.0,66920.0,1,66700.0,66640.0,66880.0,66640.0,18.0,6015900.0,382
2023-05-10 10:00:23,cu2404,cu2404,66870.0,0.0,0.0,0.0,31,66850.0,66920.0,1,66700.0,66640.0,66880.0,66640.0,18.0,6015900.0,382
2023-05-10 10:00:24,cu2404,cu2404,66870.0,0.0,0.0,0.0,31,66850.0,66910.0,4,66700.0,66640.0,66880.0,66640.0,18.0,6015900.0,382
2023-05-10 10:01:10,cu2404,cu2404,66870.0,0.0,0.0,0.0,31,66850.0,66910.0,4,66700.0,66640.0,66880.0,66640.0,18.0,6015900.0,382
2023-05-10 10:01:11,cu2404,cu2404,66870.0,0.0,0.0,0.0,31,66850.0,66900.0,1,66700.0,66640.0,66880.0,66640.0,18.0,6015900.0,382
2023-05-10 10:01:11,cu2404,cu2404,66870.0,0.0,0.0,0.0,31,66850.0,66900.0,1,66700.0,66640.0,66880.0,66640.0,18.0,6015900.0,382
2023-05-10 10:01:12,cu2404,cu2404,66870.0,0.0,0.0,0.0,31,66850.0,66890.0,2,66700.0,66640.0,66880.0,66640.0,18.0,6015900.0,382
2023-05-10 10:01:14,cu2404,cu2404,66870.0,0.0,0.0,0.0,31,66850.0,66900.0,3,66700.0,66640.0,66880.0,66640.0,18.0,6015900.0,382
2023-05-10 10:01:15,cu2404,cu2404,66870.0,0.0,0.0,0.0,31,66850.0,66900.0,5,66700.0,66640.0,66880.0,66640.0,18.0,6015900.0,382
2023-05-10 10:01:17,cu2404,cu2404,66870.0,0.0,0.0,0.0,31,66850.0,66900.0,3,66700.0,66640.0,66880.0,66640.0,18.0,6015900.0,382
2023-05-10 10:01:17,cu2404,cu2404,66870.0,0.0,0.0,0.0,31,66850.0,66900.0,1,66700.0,66640.0,66880.0,66640.0,18.0,6015900.0,382
2023-05-10 10:01:20,cu2404,cu2404,66870.0,0.0,0.0,0.0,31,66850.0,66890.0,4,66700.0,66640.0,66880.0,66640.0,18.0,6015900.0,382
2023-05-10 10:01:28,cu2404,cu2404,66870.0,0.0,0.0,0.0,31,66850.0,66890.0,4,66700.0,66640.0,66880.0,66640.0,18.0,6015900.0,382
2023-05-10 10:01:39,cu2404,cu2404,66870.0,0.0,0.0,0.0,31,66850.0,66890.0,4,66700.0,66640.0,66880.0,66640.0,18.0,6015900.0,382
2023-05-10 10:01:40,cu2404,cu2404,66870.0,0.0,0.0,0.0,31,66850.0,66890.0,4,66700.0,66640.0,66880.0,66640.0,18.0,6015900.0,382
2023-05-10 10:02:23,cu2404,cu2404,66870.0,0.0,0.0,0.0,31,66850.0,66890.0,4,66700.0,66640.0,66880.0,66640.0,18.0,6015900.0,382
2023-05-10 10:02:23,cu2404,cu2404,66870.0,0.0,0.0,0.0,31,66850.0,66890.0,4,66700.0,66640.0,66880.0,66640.0,18.0,6015900.0,382
2023-05-10 10:02:26,cu2404,cu2404,66870.0,0.0,0.0,0.0,31,66850.0,66940.0,1,66700.0,66640.0,66880.0,66640.0,18.0,6015900.0,382
2023-05-10 10:02:27,cu2404,cu2404,66870.0,0.0,0.0,0.0,31,66850.0,66930.0,5,66700.0,66640.0,66880.0,66640.0,18.0,6015900.0,382
2023-05-10 10:02:27,cu2404,cu2404,66870.0,0.0,0.0,0.0,31,66850.0,66930.0,5,66700.0,66640.0,66880.0,66640.0,18.0,6015900.0,382
2023-05-10 10:02:28,cu2404,cu2404,66870.0,0.0,0.0,0.0,31,66850.0,66930.0,6,66700.0,66640.0,66880.0,66640.0,18.0,6015900.0,382
2023-05-10 10:02:50,cu2404,cu2404,66870.0,0.0,0.0,0.0,31,66850.0,66930.0,5,66700.0,66640.0,66880.0,66640.0,18.0,6015900.0,382
2023-05-10 10:02:50,cu2404,cu2404,66870.0,0.0,0.0,0.0,31,66850.0,66930.0,4,66700.0,66640.0,66880.0,66640.0,18.0,6015900.0,382
2023-05-10 10:02:51,cu2404,cu2404,66870.0,0.0,0.0,0.0,3,66860.0,66930.0,4,66700.0,66640.0,66880.0,66640.0,18.0,6015900.0,382
2023-05-10 10:03:41,cu2404,cu2404,66870.0,0.0,0.0,0.0,31,66850.0,66930.0,4,66700.0,66640.0,66880.0,66640.0,18.0,6015900.0,382
2023-05-10 10:03:41,cu2404,cu2404,66870.0,0.0,0.0,0.0,31,66850.0,66930.0,5,66700.0,66640.0,66880.0,66640.0,18.0,6015900.0,382
2023-05-10 10:03:53,cu2404,cu2404,66870.0,0.0,0.0,0.0,31,66850.0,66920.0,1,66700.0,66640.0,66880.0,66640.0,18.0,6015900.0,382
2023-05-10 10:03:53,cu2404,cu2404,66870.0,0.0,0.0,0.0,31,66850.0,66920.0,1,66700.0,66640.0,66880.0,66640.0,18.0,6015900.0,382
2023-05-10 10:03:54,cu2404,cu2404,66870.0,0.0,0.0,0.0,31,66850.0,66910.0,4,66700.0,66640.0,66880.0,66640.0,18.0,6015900.0,382
2023-05-10 10:03:58,cu2404,cu2404,66870.0,0.0,0.0,0.0,31,66850.0,66920.0,1,66700.0,66640.0,66880.0,66640.0,18.0,6015900.0,382
2023-05-10 10:03:59,cu2404,cu2404,66870.0,0.0,0.0,0.0,31,66850.0,66910.0,4,66700.0,66640.0,66880.0,66640.0,18.0,6015900.0,382
2023-05-10 10:04:06,cu2404,cu2404,66870.0,0.0,0.0,0.0,31,66850.0,66910.0,2,66700.0,66640.0,66880.0,66640.0,18.0,6015900.0,382
2023-05-10 10:04:06,cu2404,cu2404,66870.0,0.0,0.0,0.0,31,66850.0,66900.0,2,66700.0,66640.0,66880.0,66640.0,18.0,6015900.0,382
2023-05-10 10:04:07,cu2404,cu2404,66870.0,0.0,0.0,0.0,31,66850.0,66900.0,2,66700.0,66640.0,66880.0,66640.0,18.0,6015900.0,382
2023-05-10 10:04:07,cu2404,cu2404,66870.0,0.0,0.0,0.0,31,66850.0,66900.0,4,66700.0,66640.0,66880.0,66640.0,18.0,6015900.0,382
2023-05-10 10:04:09,cu2404,cu2404,66870.0,0.0,0.0,0.0,31,66850.0,66900.0,4,66700.0,66640.0,66880.0,66640.0,18.0,6015900.0,382
2023-05-10 10:04:09,cu2404,cu2404,66870.0,0.0,0.0,0.0,31,66850.0,66900.0,2,66700.0,66640.0,66880.0,66640.0,18.0,6015900.0,382
2023-05-10 10:04:10,cu2404,cu2404,66870.0,0.0,0.0,0.0,31,66850.0,66940.0,1,66700.0,66640.0,66880.0,66640.0,18.0,6015900.0,382
2023-05-10 10:04:10,cu2404,cu2404,66870.0,0.0,0.0,0.0,31,66850.0,66930.0,3,66700.0,66640.0,66880.0,66640.0,18.0,6015900.0,382
2023-05-10 10:04:11,cu2404,cu2404,66870.0,0.0,0.0,0.0,31,66850.0,66930.0,5,66700.0,66640.0,66880.0,66640.0,18.0,6015900.0,382
2023-05-10 10:05:03,cu2404,cu2404,66870.0,0.0,0.0,0.0,1,66860.0,66930.0,4,66700.0,66640.0,66880.0,66640.0,18.0,6015900.0,382
2023-05-10 10:05:04,cu2404,cu2404,66870.0,0.0,0.0,0.0,31,66850.0,66930.0,4,66700.0,66640.0,66880.0,66640.0,18.0,6015900.0,382
2023-05-10 10:05:04,cu2404,cu2404,66870.0,0.0,0.0,0.0,1,66870.0,66930.0,4,66700.0,66640.0,66880.0,66640.0,18.0,6015900.0,382
2023-05-10 10:05:29,cu2404,cu2404,66870.0,0.0,0.0,0.0,1,66870.0,66920.0,1,66700.0,66640.0,66880.0,66640.0,18.0,6015900.0,382
2023-05-10 10:05:29,cu2404,cu2404,66870.0,0.0,0.0,0.0,1,66870.0,66920.0,1,66700.0,66640.0,66880.0,66640.0,18.0,6015900.0,382
2023-05-10 10:05:30,cu2404,cu2404,66870.0,0.0,0.0,0.0,1,66870.0,66910.0,2,66700.0,66640.0,66880.0,66640.0,18.0,6015900.0,382
2023-05-10 10:05:30,cu2404,cu2404,66870.0,0.0,0.0,0.0,1,66870.0,66910.0,4,66700.0,66640.0,66880.0,66640.0,18.0,6015900.0,382
2023-05-10 10:05:33,cu2404,cu2404,66870.0,0.0,0.0,0.0,1,66870.0,66920.0,1,66700.0,66640.0,66880.0,66640.0,18.0,6015900.0,382
2023-05-10 10:05:34,cu2404,cu2404,66870.0,0.0,0.0,0.0,1,66870.0,66920.0,5,66700.0,66640.0,66880.0,66640.0,18.0,6015900.0,382
2023-05-10 10:05:37,cu2404,cu2404,66870.0,0.0,0.0,0.0,1,66870.0,66920.0,1,66700.0,66640.0,66880.0,66640.0,18.0,6015900.0,382
2023-05-10 10:05:38,cu2404,cu2404,66870.0,0.0,0.0,0.0,1,66870.0,66910.0,4,66700.0,66640.0,66880.0,66640.0,18.0,6015900.0,382
2023-05-10 10:05:45,cu2404,cu2404,66870.0,0.0,0.0,0.0,1,66870.0,66940.0,1,66700.0,66640.0,66880.0,66640.0,18.0,6015900.0,382
2023-05-10 10:05:45,cu2404,cu2404,66870.0,0.0,0.0,0.0,1,66870.0,66930.0,2,66700.0,66640.0,66880.0,66640.0,18.0,6015900.0,382
2023-05-10 10:05:46,cu2404,cu2404,66870.0,0.0,0.0,0.0,1,66870.0,66930.0,4,66700.0,66640.0,66880.0,66640.0,18.0,6015900.0,382
2023-05-10 10:05:47,cu2404,cu2404,66870.0,0.0,0.0,0.0,1,66870.0,66930.0,4,66700.0,66640.0,66880.0,66640.0,18.0,6015900.0,382
2023-05-10 10:05:48,cu2404,cu2404,66870.0,0.0,0.0,0.0,3,66870.0,66930.0,2,66700.0,66640.0,66880.0,66640.0,18.0,6015900.0,382
2023-05-10 10:05:48,cu2404,cu2404,66870.0,0.0,0.0,0.0,3,66870.0,66940.0,1,66700.0,66640.0,66880.0,66640.0,18.0,6015900.0,382
2023-05-10 10:05:49,cu2404,cu2404,66870.0,0.0,0.0,0.0,3,66870.0,66940.0,3,66700.0,66640.0,66880.0,66640.0,18.0,6015900.0,382
2023-05-10 10:05:50,cu2404,cu2404,66870.0,0.0,0.0,0.0,3,66870.0,66930.0,2,66700.0,66640.0,66880.0,66640.0,18.0,6015900.0,382
2023-05-10 10:05:51,cu2404,cu2404,66870.0,0.0,0.0,0.0,3,66870.0,66930.0,2,66700.0,66640.0,66880.0,66640.0,18.0,6015900.0,382
2023-05-10 10:05:52,cu2404,cu2404,66870.0,0.0,0.0,0.0,3,66870.0,66930.0,4,66700.0,66640.0,66880.0,66640.0,18.0,6015900.0,382
2023-05-10 10:05:57,cu2404,cu2404,66870.0,0.0,0.0,0.0,3,66870.0,66930.0,2,66700.0,66640.0,66880.0,66640.0,18.0,6015900.0,382
2023-05-10 10:05:58,cu2404,cu2404,66870.0,0.0,0.0,0.0,3,66870.0,66920.0,2,66700.0,66640.0,66880.0,66640.0,18.0,6015900.0,382
2023-05-10 10:05:58,cu2404,cu2404,66870.0,0.0,0.0,0.0,3,66870.0,66920.0,2,66700.0,66640.0,66880.0,66640.0,18.0,6015900.0,382
2023-05-10 10:05:59,cu2404,cu2404,66870.0,0.0,0.0,0.0,3,66870.0,66920.0,4,66700.0,66640.0,66880.0,66640.0,18.0,6015900.0,382
2023-05-10 10:06:03,cu2404,cu2404,66870.0,0.0,0.0,0.0,3,66870.0,66920.0,4,66700.0,66640.0,66880.0,66640.0,18.0,6015900.0,382
2023-05-10 10:06:04,cu2404,cu2404,66870.0,0.0,0.0,0.0,3,66870.0,66920.0,4,66700.0,66640.0,66880.0,66640.0,18.0,6015900.0,382
2023-05-10 10:06:07,cu2404,cu2404,66870.0,0.0,0.0,0.0,1,66880.0,66940.0,1,66700.0,66640.0,66880.0,66640.0,18.0,6015900.0,382
2023-05-10 10:06:07,cu2404,cu2404,66870.0,0.0,0.0,0.0,3,66870.0,66940.0,3,66700.0,66640.0,66880.0,66640.0,18.0,6015900.0,382
2023-05-10 10:06:08,cu2404,cu2404,66870.0,0.0,0.0,0.0,3,66870.0,66930.0,2,66700.0,66640.0,66880.0,66640.0,18.0,6015900.0,382
2023-05-10 10:06:12,cu2404,cu2404,66870.0,0.0,0.0,0.0,3,66870.0,66930.0,2,66700.0,66640.0,66880.0,66640.0,18.0,6015900.0,382
2023-05-10 10:06:13,cu2404,cu2404,66870.0,0.0,0.0,0.0,3,66870.0,66930.0,4,66700.0,66640.0,66880.0,66640.0,18.0,6015900.0,382
2023-05-10 10:06:17,cu2404,cu2404,66870.0,0.0,0.0,0.0,3,66870.0,66930.0,2,66700.0,66640.0,66880.0,66640.0,18.0,6015900.0,382
2023-05-10 10:06:18,cu2404,cu2404,66870.0,0.0,0.0,0.0,3,66870.0,66920.0,2,66700.0,66640.0,66880.0,66640.0,18.0,6015900.0,382
2023-05-10 10:06:18,cu2404,cu2404,66870.0,0.0,0.0,0.0,3,66870.0,66920.0,2,66700.0,66640.0,66880.0,66640.0,18.0,6015900.0,382
2023-05-10 10:06:19,cu2404,cu2404,66870.0,0.0,0.0,0.0,3,66870.0,66910.0,2,66700.0,66640.0,66880.0,66640.0,18.0,6015900.0,382
2023-05-10 10:06:23,cu2404,cu2404,66870.0,0.0,0.0,0.0,3,66870.0,66940.0,1,66700.0,66640.0,66880.0,66640.0,18.0,6015900.0,382
2023-05-10 10:06:23,cu2404,cu2404,66870.0,0.0,0.0,0.0,3,66870.0,66930.0,4,66700.0,66640.0,66880.0,66640.0,18.0,6015900.0,382
2023-05-10 10:06:24,cu2404,cu2404,66870.0,0.0,0.0,0.0,3,66870.0,66930.0,4,66700.0,66640.0,66880.0,66640.0,18.0,6015900.0,382
2023-05-10 10:06:25,cu2404,cu2404,66870.0,0.0,0.0,0.0,3,66870.0,66920.0,1,66700.0,66640.0,66880.0,66640.0,18.0,6015900.0,382
2023-05-10 10:06:26,cu2404,cu2404,66870.0,0.0,0.0,0.0,3,66870.0,66920.0,1,66700.0,66640.0,66880.0,66640.0,18.0,6015900.0,382
2023-05-10 10:06:26,cu2404,cu2404,66870.0,0.0,0.0,0.0,31,66850.0,66910.0,2,66700.0,66640.0,66880.0,66640.0,18.0,6015900.0,382
2023-05-10 10:06:27,cu2404,cu2404,66870.0,0.0,0.0,0.0,31,66850.0,66900.0,2,66700.0,66640.0,66880.0,66640.0,18.0,6015900.0,382
2023-05-10 10:06:27,cu2404,cu2404,66870.0,0.0,0.0,0.0,31,66850.0,66900.0,2,66700.0,66640.0,66880.0,66640.0,18.0,6015900.0,382
2023-05-10 10:06:29,cu2404,cu2404,66870.0,0.0,0.0,0.0,31,66850.0,66900.0,2,66700.0,66640.0,66880.0,66640.0,18.0,6015900.0,382
2023-05-10 10:06:29,cu2404,cu2404,66870.0,0.0,0.0,0.0,31,66850.0,66940.0,1,66700.0,66640.0,66880.0,66640.0,18.0,6015900.0,382
2023-05-10 10:06:30,cu2404,cu2404,66870.0,0.0,0.0,0.0,3,66860.0,66940.0,2,66700.0,66640.0,66880.0,66640.0,18.0,6015900.0,382
2023-05-10 10:06:30,cu2404,cu2404,66870.0,0.0,0.0,0.0,3,66860.0,66930.0,4,66700.0,66640.0,66880.0,66640.0,18.0,6015900.0,382
2023-05-10 10:06:31,cu2404,cu2404,66870.0,0.0,0.0,0.0,3,66860.0,66930.0,4,66700.0,66640.0,66880.0,66640.0,18.0,6015900.0,382
2023-05-10 10:06:42,cu2404,cu2404,66870.0,0.0,0.0,0.0,31,66850.0,66930.0,4,66700.0,66640.0,66880.0,66640.0,18.0,6015900.0,382
2023-05-10 10:06:43,cu2404,cu2404,66870.0,0.0,0.0,0.0,1,66860.0,66930.0,4,66700.0,66640.0,66880.0,66640.0,18.0,6015900.0,382
2023-05-10 10:06:44,cu2404,cu2404,66870.0,0.0,0.0,0.0,31,66850.0,66930.0,4,66700.0,66640.0,66880.0,66640.0,18.0,6015900.0,382
2023-05-10 10:06:50,cu2404,cu2404,66870.0,0.0,0.0,0.0,3,66860.0,66930.0,4,66700.0,66640.0,66880.0,66640.0,18.0,6015900.0,382
2023-05-10 10:06:55,cu2404,cu2404,66870.0,0.0,0.0,0.0,3,66860.0,66940.0,1,66700.0,66640.0,66880.0,66640.0,18.0,6015900.0,382
2023-05-10 10:06:56,cu2404,cu2404,66870.0,0.0,0.0,0.0,3,66860.0,66940.0,5,66700.0,66640.0,66880.0,66640.0,18.0,6015900.0,382
2023-05-10 10:07:21,cu2404,cu2404,66870.0,0.0,0.0,0.0,3,66860.0,66940.0,1,66700.0,66640.0,66880.0,66640.0,18.0,6015900.0,382
2023-05-10 10:07:22,cu2404,cu2404,66870.0,0.0,0.0,0.0,3,66860.0,66930.0,4,66700.0,66640.0,66880.0,66640.0,18.0,6015900.0,382
2023-05-10 10:07:40,cu2404,cu2404,66870.0,0.0,0.0,0.0,3,66860.0,66930.0,4,66700.0,66640.0,66880.0,66640.0,18.0,6015900.0,382
2023-05-10 10:07:40,cu2404,cu2404,66870.0,0.0,0.0,0.0,3,66860.0,66930.0,4,66700.0,66640.0,66880.0,66640.0,18.0,6015900.0,382
2023-05-10 10:09:25,cu2404,cu2404,66870.0,0.0,0.0,0.0,1,66870.0,66930.0,4,66700.0,66640.0,66880.0,66640.0,18.0,6015900.0,382
2023-05-10 10:09:25,cu2404,cu2404,66870.0,0.0,0.0,0.0,3,66860.0,66930.0,4,66700.0,66640.0,66880.0,66640.0,18.0,6015900.0,382
2023-05-10 10:09:27,cu2404,cu2404,66870.0,0.0,0.0,0.0,1,66870.0,66930.0,4,66700.0,66640.0,66880.0,66640.0,18.0,6015900.0,382
2023-05-10 10:09:28,cu2404,cu2404,66870.0,0.0,0.0,0.0,1,66870.0,66940.0,1,66700.0,66640.0,66880.0,66640.0,18.0,6015900.0,382
2023-05-10 10:09:29,cu2404,cu2404,66870.0,0.0,0.0,0.0,1,66870.0,66940.0,1,66700.0,66640.0,66880.0,66640.0,18.0,6015900.0,382
2023-05-10 10:09:30,cu2404,cu2404,66870.0,0.0,0.0,0.0,3,66880.0,66940.0,1,66700.0,66640.0,66880.0,66640.0,18.0,6015900.0,382
2023-05-10 10:09:31,cu2404,cu2404,66870.0,0.0,0.0,0.0,3,66880.0,66940.0,1,66700.0,66640.0,66880.0,66640.0,18.0,6015900.0,382
2023-05-10 10:09:32,cu2404,cu2404,66870.0,0.0,0.0,0.0,31,66850.0,66940.0,1,66700.0,66640.0,66880.0,66640.0,18.0,6015900.0,382
2023-05-10 10:09:32,cu2404,cu2404,66870.0,0.0,0.0,0.0,3,66860.0,66940.0,1,66700.0,66640.0,66880.0,66640.0,18.0,6015900.0,382
2023-05-10 10:09:35,cu2404,cu2404,66870.0,0.0,0.0,0.0,3,66860.0,66940.0,1,66700.0,66640.0,66880.0,66640.0,18.0,6015900.0,382
2023-05-10 10:09:36,cu2404,cu2404,66870.0,0.0,0.0,0.0,1,66870.0,66940.0,5,66700.0,66640.0,66880.0,66640.0,18.0,6015900.0,382
2023-05-10 10:09:42,cu2404,cu2404,66870.0,0.0,0.0,0.0,1,66870.0,66940.0,1,66700.0,66640.0,66880.0,66640.0,18.0,6015900.0,382
2023-05-10 10:09:43,cu2404,cu2404,66870.0,0.0,0.0,0.0,1,66870.0,66940.0,5,66700.0,66640.0,66880.0,66640.0,18.0,6015900.0,382
2023-05-10 10:09:43,cu2404,cu2404,66870.0,0.0,0.0,0.0,3,66860.0,66940.0,5,66700.0,66640.0,66880.0,66640.0,18.0,6015900.0,382
2023-05-10 10:09:47,cu2404,cu2404,66870.0,0.0,0.0,0.0,1,66870.0,66940.0,5,66700.0,66640.0,66880.0,66640.0,18.0,6015900.0,382
2023-05-10 10:09:48,cu2404,cu2404,66870.0,0.0,0.0,0.0,3,66860.0,66940.0,5,66700.0,66640.0,66880.0,66640.0,18.0,6015900.0,382
2023-05-10 10:09:51,cu2404,cu2404,66870.0,0.0,0.0,0.0,3,66860.0,66940.0,1,66700.0,66640.0,66880.0,66640.0,18.0,6015900.0,382
2023-05-10 10:09:51,cu2404,cu2404,66870.0,0.0,0.0,0.0,3,66860.0,66930.0,4,66700.0,66640.0,66880.0,66640.0,18.0,6015900.0,382
2023-05-10 10:10:13,cu2404,cu2404,66870.0,0.0,0.0,0.0,3,66860.0,66930.0,2,66700.0,66640.0,66880.0,66640.0,18.0,6015900.0,382
2023-05-10 10:10:14,cu2404,cu2404,66870.0,0.0,0.0,0.0,3,66860.0,66940.0,1,66700.0,66640.0,66880.0,66640.0,18.0,6015900.0,382
2023-05-10 10:10:14,cu2404,cu2404,66870.0,0.0,0.0,0.0,3,66860.0,66940.0,5,66700.0,66640.0,66880.0,66640.0,18.0,6015900.0,382
2023-05-10 10:10:16,cu2404,cu2404,66870.0,0.0,0.0,0.0,1,66870.0,66940.0,5,66700.0,66640.0,66880.0,66640.0,18.0,6015900.0,382
2023-05-10 10:10:17,cu2404,cu2404,66870.0,0.0,0.0,0.0,3,66860.0,66940.0,5,66700.0,66640.0,66880.0,66640.0,18.0,6015900.0,382
2023-05-10 10:10:17,cu2404,cu2404,66870.0,0.0,0.0,0.0,1,66870.0,66940.0,5,66700.0,66640.0,66880.0,66640.0,18.0,6015900.0,382
2023-05-10 10:10:18,cu2404,cu2404,66870.0,0.0,0.0,0.0,3,66860.0,66940.0,5,66700.0,66640.0,66880.0,66640.0,18.0,6015900.0,382
2023-05-10 10:10:18,cu2404,cu2404,66870.0,0.0,0.0,0.0,1,66870.0,66940.0,5,66700.0,66640.0,66880.0,66640.0,18.0,6015900.0,382
2023-05-10 10:10:19,cu2404,cu2404,66870.0,0.0,0.0,0.0,3,66860.0,66940.0,5,66700.0,66640.0,66880.0,66640.0,18.0,6015900.0,382
2023-05-10 10:10:21,cu2404,cu2404,66870.0,0.0,0.0,0.0,1,66870.0,66940.0,5,66700.0,66640.0,66880.0,66640.0,18.0,6015900.0,382
2023-05-10 10:10:26,cu2404,cu2404,66870.0,0.0,0.0,0.0,3,66860.0,66940.0,5,66700.0,66640.0,66880.0,66640.0,18.0,6015900.0,382
2023-05-10 10:10:27,cu2404,cu2404,66870.0,0.0,0.0,0.0,3,66860.0,66940.0,5,66700.0,66640.0,66880.0,66640.0,18.0,6015900.0,382
2023-05-10 10:10:28,cu2404,cu2404,66870.0,0.0,0.0,0.0,3,66860.0,66940.0,5,66700.0,66640.0,66880.0,66640.0,18.0,6015900.0,382
2023-05-10 10:10:35,cu2404,cu2404,66870.0,0.0,0.0,0.0,1,66870.0,66940.0,5,66700.0,66640.0,66880.0,66640.0,18.0,6015900.0,382
2023-05-10 10:10:40,cu2404,cu2404,66870.0,0.0,0.0,0.0,1,66870.0,66940.0,1,66700.0,66640.0,66880.0,66640.0,18.0,6015900.0,382
2023-05-10 10:10:41,cu2404,cu2404,66870.0,0.0,0.0,0.0,1,66870.0,66940.0,5,66700.0,66640.0,66880.0,66640.0,18.0,6015900.0,382
2023-05-10 10:10:45,cu2404,cu2404,66870.0,0.0,0.0,0.0,1,66870.0,66940.0,1,66700.0,66640.0,66880.0,66640.0,18.0,6015900.0,382
2023-05-10 10:11:14,cu2404,cu2404,66870.0,0.0,0.0,0.0,3,66860.0,66940.0,1,66700.0,66640.0,66880.0,66640.0,18.0,6015900.0,382
2023-05-10 10:11:15,cu2404,cu2404,66870.0,0.0,0.0,0.0,3,66860.0,66940.0,5,66700.0,66640.0,66880.0,66640.0,18.0,6015900.0,382
2023-05-10 10:11:24,cu2404,cu2404,66870.0,0.0,0.0,0.0,3,66860.0,66940.0,1,66700.0,66640.0,66880.0,66640.0,18.0,6015900.0,382
2023-05-10 10:11:24,cu2404,cu2404,66870.0,0.0,0.0,0.0,3,66860.0,66930.0,4,66700.0,66640.0,66880.0,66640.0,18.0,6015900.0,382
2023-05-10 10:11:35,cu2404,cu2404,66870.0,0.0,0.0,0.0,1,66870.0,66930.0,4,66700.0,66640.0,66880.0,66640.0,18.0,6015900.0,382
2023-05-10 10:11:36,cu2404,cu2404,66870.0,0.0,0.0,0.0,3,66860.0,66940.0,1,66700.0,66640.0,66880.0,66640.0,18.0,6015900.0,382
2023-05-10 10:11:36,cu2404,cu2404,66870.0,0.0,0.0,0.0,3,66860.0,66940.0,5,66700.0,66640.0,66880.0,66640.0,18.0,6015900.0,382
2023-05-10 10:11:39,cu2404,cu2404,66870.0,0.0,0.0,0.0,1,66870.0,66940.0,5,66700.0,66640.0,66880.0,66640.0,18.0,6015900.0,382
2023-05-10 10:11:40,cu2404,cu2404,66870.0,0.0,0.0,0.0,3,66860.0,66940.0,5,66700.0,66640.0,66880.0,66640.0,18.0,6015900.0,382
2023-05-10 10:11:43,cu2404,cu2404,66870.0,0.0,0.0,0.0,1,66870.0,66940.0,5,66700.0,66640.0,66880.0,66640.0,18.0,6015900.0,382
2023-05-10 10:11:43,cu2404,cu2404,66870.0,0.0,0.0,0.0,3,66860.0,66940.0,1,66700.0,66640.0,66880.0,66640.0,18.0,6015900.0,382
2023-05-10 10:11:44,cu2404,cu2404,66870.0,0.0,0.0,0.0,3,66860.0,66940.0,5,66700.0,66640.0,66880.0,66640.0,18.0,6015900.0,382
2023-05-10 10:11:49,cu2404,cu2404,66870.0,0.0,0.0,0.0,3,66860.0,66940.0,1,66700.0,66640.0,66880.0,66640.0,18.0,6015900.0,382
2023-05-10 10:11:49,cu2404,cu2404,66870.0,0.0,0.0,0.0,3,66860.0,66930.0,4,66700.0,66640.0,66880.0,66640.0,18.0,6015900.0,382
2023-05-10 10:11:55,cu2404,cu2404,66870.0,0.0,0.0,0.0,3,66860.0,66940.0,1,66700.0,66640.0,66880.0,66640.0,18.0,6015900.0,382
2023-05-10 10:11:56,cu2404,cu2404,66870.0,0.0,0.0,0.0,3,66860.0,66940.0,5,66700.0,66640.0,66880.0,66640.0,18.0,6015900.0,382
2023-05-10 10:12:20,cu2404,cu2404,66870.0,0.0,0.0,0.0,1,66870.0,66940.0,5,66700.0,66640.0,66880.0,66640.0,18.0,6015900.0,382
2023-05-10 10:12:20,cu2404,cu2404,66870.0,0.0,0.0,0.0,3,66860.0,66940.0,5,66700.0,66640.0,66880.0,66640.0,18.0,6015900.0,382
2023-05-10 10:12:25,cu2404,cu2404,66870.0,0.0,0.0,0.0,31,66850.0,66940.0,5,66700.0,66640.0,66880.0,66640.0,18.0,6015900.0,382
2023-05-10 10:12:25,cu2404,cu2404,66870.0,0.0,0.0,0.0,1,66860.0,66940.0,5,66700.0,66640.0,66880.0,66640.0,18.0,6015900.0,382
2023-05-10 10:12:26,cu2404,cu2404,66870.0,0.0,0.0,0.0,3,66870.0,66940.0,5,66700.0,66640.0,66880.0,66640.0,18.0,6015900.0,382
2023-05-10 10:12:31,cu2404,cu2404,66870.0,0.0,0.0,0.0,3,66870.0,66940.0,5,66700.0,66640.0,66880.0,66640.0,18.0,6015900.0,382
2023-05-10 10:13:06,cu2404,cu2404,66870.0,0.0,0.0,0.0,3,66870.0,66940.0,1,66700.0,66640.0,66880.0,66640.0,18.0,6015900.0,382
2023-05-10 10:13:07,cu2404,cu2404,66870.0,0.0,0.0,0.0,3,66870.0,66930.0,4,66700.0,66640.0,66880.0,66640.0,18.0,6015900.0,382
2023-05-10 10:13:07,cu2404,cu2404,66870.0,0.0,0.0,0.0,3,66870.0,66930.0,4,66700.0,66640.0,66880.0,66640.0,18.0,6015900.0,382
2023-05-10 10:13:10,cu2404,cu2404,66870.0,0.0,0.0,0.0,31,66850.0,66930.0,4,66700.0,66640.0,66880.0,66640.0,18.0,6015900.0,382
2023-05-10 10:13:25,cu2404,cu2404,66870.0,0.0,0.0,0.0,1,66860.0,66930.0,4,66700.0,66640.0,66880.0,66640.0,18.0,6015900.0,382
2023-05-10 10:13:25,cu2404,cu2404,66870.0,0.0,0.0,0.0,1,66860.0,66930.0,5,66700.0,66640.0,66880.0,66640.0,18.0,6015900.0,382
2023-05-10 10:13:26,cu2404,cu2404,66870.0,0.0,0.0,0.0,31,66850.0,66930.0,5,66700.0,66640.0,66880.0,66640.0,18.0,6015900.0,382
2023-05-10 10:13:28,cu2404,cu2404,66870.0,0.0,0.0,0.0,1,66860.0,66930.0,5,66700.0,66640.0,66880.0,66640.0,18.0,6015900.0,382
2023-05-10 10:13:29,cu2404,cu2404,66870.0,0.0,0.0,0.0,31,66850.0,66930.0,5,66700.0,66640.0,66880.0,66640.0,18.0,6015900.0,382
2023-05-10 10:13:29,cu2404,cu2404,66870.0,0.0,0.0,0.0,31,66850.0,66930.0,5,66700.0,66640.0,66880.0,66640.0,18.0,6015900.0,382
2023-05-10 10:14:00,cu2404,cu2404,66870.0,0.0,0.0,0.0,31,66850.0,66930.0,5,66700.0,66640.0,66880.0,66640.0,18.0,6015900.0,382
2023-05-10 10:14:01,cu2404,cu2404,66870.0,0.0,0.0,0.0,31,66850.0,66930.0,4,66700.0,66640.0,66880.0,66640.0,18.0,6015900.0,382
2023-05-10 10:14:03,cu2404,cu2404,66870.0,0.0,0.0,0.0,3,66860.0,66930.0,4,66700.0,66640.0,66880.0,66640.0,18.0,6015900.0,382
2023-05-10 10:14:03,cu2404,cu2404,66870.0,0.0,0.0,0.0,31,66850.0,66930.0,4,66700.0,66640.0,66880.0,66640.0,18.0,6015900.0,382
2023-05-10 10:14:05,cu2404,cu2404,66870.0,0.0,0.0,0.0,31,66850.0,66930.0,4,66700.0,66640.0,66880.0,66640.0,18.0,6015900.0,382
2023-05-10 10:14:05,cu2404,cu2404,66870.0,0.0,0.0,0.0,31,66850.0,66930.0,4,66700.0,66640.0,66880.0,66640.0,18.0,6015900.0,382
2023-05-10 10:14:11,cu2404,cu2404,66870.0,0.0,0.0,0.0,3,66860.0,66930.0,4,66700.0,66640.0,66880.0,66640.0,18.0,6015900.0,382
2023-05-10 10:14:30,cu2404,cu2404,66870.0,0.0,0.0,0.0,3,66860.0,66930.0,4,66700.0,66640.0,66880.0,66640.0,18.0,6015900.0,382
2023-05-10 10:14:30,cu2404,cu2404,66870.0,0.0,0.0,0.0,3,66860.0,66930.0,4,66700.0,66640.0,66880.0,66640.0,18.0,6015900.0,382
2023-05-10 10:14:31,cu2404,cu2404,66870.0,0.0,0.0,0.0,3,66860.0,66940.0,1,66700.0,66640.0,66880.0,66640.0,18.0,6015900.0,382
2023-05-10 10:14:31,cu2404,cu2404,66870.0,0.0,0.0,0.0,3,66860.0,66930.0,4,66700.0,66640.0,66880.0,66640.0,18.0,6015900.0,382
2023-05-10 10:14:42,cu2404,cu2404,66870.0,0.0,0.0,0.0,3,66860.0,66930.0,2,66700.0,66640.0,66880.0,66640.0,18.0,6015900.0,382
2023-05-10 10:14:42,cu2404,cu2404,66870.0,0.0,0.0,0.0,3,66860.0,66920.0,2,66700.0,66640.0,66880.0,66640.0,18.0,6015900.0,382
2023-05-10 10:14:44,cu2404,cu2404,66870.0,0.0,0.0,0.0,3,66860.0,66920.0,2,66700.0,66640.0,66880.0,66640.0,18.0,6015900.0,382
2023-05-10 10:14:44,cu2404,cu2404,66870.0,0.0,0.0,0.0,3,66860.0,66920.0,4,66700.0,66640.0,66880.0,66640.0,18.0,6015900.0,382
2023-05-10 10:14:47,cu2404,cu2404,66870.0,0.0,0.0,0.0,31,66850.0,66920.0,4,66700.0,66640.0,66880.0,66640.0,18.0,6015900.0,382
2023-05-10 10:14:47,cu2404,cu2404,66870.0,0.0,0.0,0.0,31,66850.0,66920.0,2,66700.0,66640.0,66880.0,66640.0,18.0,6015900.0,382
2023-05-10 10:14:48,cu2404,cu2404,66870.0,0.0,0.0,0.0,31,66850.0,66910.0,2,66700.0,66640.0,66880.0,66640.0,18.0,6015900.0,382
2023-05-10 10:14:49,cu2404,cu2404,66870.0,0.0,0.0,0.0,31,66850.0,66910.0,2,66700.0,66640.0,66880.0,66640.0,18.0,6015900.0,382
2023-05-10 10:14:50,cu2404,cu2404,66870.0,0.0,0.0,0.0,31,66850.0,66910.0,2,66700.0,66640.0,66880.0,66640.0,18.0,6015900.0,382
2023-05-10 10:14:51,cu2404,cu2404,66870.0,0.0,0.0,0.0,31,66850.0,66940.0,1,66700.0,66640.0,66880.0,66640.0,18.0,6015900.0,382
2023-05-10 10:14:52,cu2404,cu2404,66870.0,0.0,0.0,0.0,3,66860.0,66940.0,1,66700.0,66640.0,66880.0,66640.0,18.0,6015900.0,382
2023-05-10 10:14:55,cu2404,cu2404,66870.0,0.0,0.0,0.0,3,66860.0,66940.0,1,66700.0,66640.0,66880.0,66640.0,18.0,6015900.0,382
2023-05-10 10:14:55,cu2404,cu2404,66870.0,0.0,0.0,0.0,3,66860.0,66940.0,1,66700.0,66640.0,66880.0,66640.0,18.0,6015900.0,382
2023-05-10 10:14:58,cu2404,cu2404,66870.0,0.0,0.0,0.0,3,66860.0,66930.0,1,66700.0,66640.0,66880.0,66640.0,18.0,6015900.0,382
2023-05-10 10:14:59,cu2404,cu2404,66870.0,0.0,0.0,0.0,3,66860.0,66940.0,1,66700.0,66640.0,66880.0,66640.0,18.0,6015900.0,382
2023-05-10 10:30:01,cu2404,cu2404,66870.0,0.0,0.0,0.0,3,66860.0,66940.0,1,66700.0,66640.0,66880.0,66640.0,18.0,6015900.0,382
2023-05-10 10:30:01,cu2404,cu2404,66870.0,0.0,0.0,0.0,3,66860.0,66930.0,2,66700.0,66640.0,66880.0,66640.0,18.0,6015900.0,382
2023-05-10 10:30:03,cu2404,cu2404,66870.0,0.0,0.0,0.0,3,66860.0,66930.0,2,66700.0,66640.0,66880.0,66640.0,18.0,6015900.0,382
2023-05-10 10:30:03,cu2404,cu2404,66870.0,0.0,0.0,0.0,3,66860.0,66930.0,4,66700.0,66640.0,66880.0,66640.0,18.0,6015900.0,382
2023-05-10 10:30:08,cu2404,cu2404,66870.0,0.0,0.0,0.0,3,66860.0,66930.0,2,66700.0,66640.0,66880.0,66640.0,18.0,6015900.0,382
2023-05-10 10:30:08,cu2404,cu2404,66870.0,0.0,0.0,0.0,3,66860.0,66930.0,4,66700.0,66640.0,66880.0,66640.0,18.0,6015900.0,382
2023-05-10 10:30:10,cu2404,cu2404,66870.0,0.0,0.0,0.0,3,66860.0,66930.0,2,66700.0,66640.0,66880.0,66640.0,18.0,6015900.0,382
2023-05-10 10:30:11,cu2404,cu2404,66870.0,0.0,0.0,0.0,3,66860.0,66940.0,1,66700.0,66640.0,66880.0,66640.0,18.0,6015900.0,382
2023-05-10 10:30:11,cu2404,cu2404,66870.0,0.0,0.0,0.0,3,66860.0,66940.0,5,66700.0,66640.0,66880.0,66640.0,18.0,6015900.0,382
2023-05-10 10:30:12,cu2404,cu2404,66870.0,0.0,0.0,0.0,3,66860.0,66940.0,6,66700.0,66640.0,66880.0,66640.0,18.0,6015900.0,382
2023-05-10 10:30:18,cu2404,cu2404,66870.0,0.0,0.0,0.0,3,66860.0,66940.0,6,66700.0,66640.0,66880.0,66640.0,18.0,6015900.0,382
2023-05-10 10:30:18,cu2404,cu2404,66870.0,0.0,0.0,0.0,3,66860.0,66940.0,6,66700.0,66640.0,66880.0,66640.0,18.0,6015900.0,382
2023-05-10 10:30:19,cu2404,cu2404,66870.0,0.0,0.0,0.0,1,66860.0,66940.0,5,66700.0,66640.0,66880.0,66640.0,18.0,6015900.0,382
2023-05-10 10:30:19,cu2404,cu2404,66870.0,0.0,0.0,0.0,1,66860.0,66940.0,5,66700.0,66640.0,66880.0,66640.0,18.0,6015900.0,382
2023-05-10 10:30:20,cu2404,cu2404,66870.0,0.0,0.0,0.0,31,66850.0,66940.0,5,66700.0,66640.0,66880.0,66640.0,18.0,6015900.0,382
2023-05-10 10:30:23,cu2404,cu2404,66870.0,0.0,0.0,0.0,1,66860.0,66940.0,5,66700.0,66640.0,66880.0,66640.0,18.0,6015900.0,382
2023-05-10 10:30:24,cu2404,cu2404,66870.0,0.0,0.0,0.0,31,66850.0,66940.0,5,66700.0,66640.0,66880.0,66640.0,18.0,6015900.0,382
2023-05-10 10:30:37,cu2404,cu2404,66870.0,0.0,0.0,0.0,31,66850.0,66940.0,6,66700.0,66640.0,66880.0,66640.0,18.0,6015900.0,382
2023-05-10 10:30:42,cu2404,cu2404,66870.0,0.0,0.0,0.0,31,66850.0,66940.0,5,66700.0,66640.0,66880.0,66640.0,18.0,6015900.0,382
2023-05-10 10:30:44,cu2404,cu2404,66870.0,0.0,0.0,0.0,1,66860.0,66940.0,5,66700.0,66640.0,66880.0,66640.0,18.0,6015900.0,382
2023-05-10 10:30:48,cu2404,cu2404,66870.0,0.0,0.0,0.0,1,66860.0,66940.0,5,66700.0,66640.0,66880.0,66640.0,18.0,6015900.0,382
2023-05-10 10:30:49,cu2404,cu2404,66870.0,0.0,0.0,0.0,1,66860.0,66940.0,5,66700.0,66640.0,66880.0,66640.0,18.0,6015900.0,382
2023-05-10 10:30:49,cu2404,cu2404,66870.0,0.0,0.0,0.0,1,66860.0,66940.0,6,66700.0,66640.0,66880.0,66640.0,18.0,6015900.0,382
2023-05-10 10:31:00,cu2404,cu2404,66870.0,0.0,0.0,0.0,1,66870.0,66940.0,6,66700.0,66640.0,66880.0,66640.0,18.0,6015900.0,382
2023-05-10 10:31:04,cu2404,cu2404,66870.0,0.0,0.0,0.0,1,66860.0,66940.0,6,66700.0,66640.0,66880.0,66640.0,18.0,6015900.0,382
2023-05-10 10:31:05,cu2404,cu2404,66870.0,0.0,0.0,0.0,1,66860.0,66930.0,1,66700.0,66640.0,66880.0,66640.0,18.0,6015900.0,382
2023-05-10 10:31:07,cu2404,cu2404,66870.0,0.0,0.0,0.0,31,66850.0,66930.0,1,66700.0,66640.0,66880.0,66640.0,18.0,6015900.0,382
2023-05-10 10:31:08,cu2404,cu2404,66870.0,0.0,0.0,0.0,31,66850.0,66930.0,1,66700.0,66640.0,66880.0,66640.0,18.0,6015900.0,382
2023-05-10 10:31:09,cu2404,cu2404,66870.0,0.0,0.0,0.0,1,66860.0,66930.0,1,66700.0,66640.0,66880.0,66640.0,18.0,6015900.0,382
2023-05-10 10:31:13,cu2404,cu2404,66870.0,0.0,0.0,0.0,1,66860.0,66930.0,1,66700.0,66640.0,66880.0,66640.0,18.0,6015900.0,382
2023-05-10 10:31:14,cu2404,cu2404,66870.0,0.0,0.0,0.0,1,66870.0,66930.0,3,66700.0,66640.0,66880.0,66640.0,18.0,6015900.0,382
2023-05-10 10:31:19,cu2404,cu2404,66870.0,0.0,0.0,0.0,1,66870.0,66930.0,1,66700.0,66640.0,66880.0,66640.0,18.0,6015900.0,382
2023-05-10 10:31:20,cu2404,cu2404,66870.0,0.0,0.0,0.0,1,66870.0,66930.0,5,66700.0,66640.0,66880.0,66640.0,18.0,6015900.0,382
2023-05-10 10:31:23,cu2404,cu2404,66870.0,0.0,0.0,0.0,1,66870.0,66930.0,1,66700.0,66640.0,66880.0,66640.0,18.0,6015900.0,382
2023-05-10 10:31:25,cu2404,cu2404,66870.0,0.0,0.0,0.0,1,66870.0,66930.0,5,66700.0,66640.0,66880.0,66640.0,18.0,6015900.0,382
2023-05-10 10:31:27,cu2404,cu2404,66870.0,0.0,0.0,0.0,1,66870.0,66930.0,1,66700.0,66640.0,66880.0,66640.0,18.0,6015900.0,382
2023-05-10 10:31:28,cu2404,cu2404,66870.0,0.0,0.0,0.0,1,66870.0,66930.0,5,66700.0,66640.0,66880.0,66640.0,18.0,6015900.0,382
2023-05-10 10:31:34,cu2404,cu2404,66870.0,0.0,0.0,0.0,1,66870.0,66930.0,1,66700.0,66640.0,66880.0,66640.0,18.0,6015900.0,382
2023-05-10 10:31:34,cu2404,cu2404,66870.0,0.0,0.0,0.0,1,66870.0,66920.0,4,66700.0,66640.0,66880.0,66640.0,18.0,6015900.0,382
2023-05-10 10:31:35,cu2404,cu2404,66870.0,0.0,0.0,0.0,1,66870.0,66910.0,1,66700.0,66640.0,66880.0,66640.0,18.0,6015900.0,382
2023-05-10 10:31:35,cu2404,cu2404,66870.0,0.0,0.0,0.0,31,66850.0,66910.0,1,66700.0,66640.0,66880.0,66640.0,18.0,6015900.0,382
2023-05-10 10:31:37,cu2404,cu2404,66870.0,0.0,0.0,0.0,31,66850.0,66910.0,1,66700.0,66640.0,66880.0,66640.0,18.0,6015900.0,382
2023-05-10 10:31:42,cu2404,cu2404,66870.0,0.0,0.0,0.0,31,66850.0,66910.0,1,66700.0,66640.0,66880.0,66640.0,18.0,6015900.0,382
2023-05-10 10:31:42,cu2404,cu2404,66870.0,0.0,0.0,0.0,31,66850.0,66910.0,1,66700.0,66640.0,66880.0,66640.0,18.0,6015900.0,382
2023-05-10 10:31:47,cu2404,cu2404,66870.0,0.0,0.0,0.0,31,66850.0,66940.0,1,66700.0,66640.0,66880.0,66640.0,18.0,6015900.0,382
2023-05-10 10:31:48,cu2404,cu2404,66870.0,0.0,0.0,0.0,1,66860.0,66930.0,3,66700.0,66640.0,66880.0,66640.0,18.0,6015900.0,382
2023-05-10 10:31:48,cu2404,cu2404,66870.0,0.0,0.0,0.0,1,66860.0,66930.0,5,66700.0,66640.0,66880.0,66640.0,18.0,6015900.0,382
2023-05-10 10:31:49,cu2404,cu2404,66870.0,0.0,0.0,0.0,3,66870.0,66930.0,6,66700.0,66640.0,66880.0,66640.0,18.0,6015900.0,382
2023-05-10 10:31:49,cu2404,cu2404,66870.0,0.0,0.0,0.0,3,66870.0,66930.0,5,66700.0,66640.0,66880.0,66640.0,18.0,6015900.0,382
2023-05-10 10:31:50,cu2404,cu2404,66870.0,0.0,0.0,0.0,3,66870.0,66930.0,3,66700.0,66640.0,66880.0,66640.0,18.0,6015900.0,382
2023-05-10 10:31:51,cu2404,cu2404,66870.0,0.0,0.0,0.0,3,66870.0,66930.0,3,66700.0,66640.0,66880.0,66640.0,18.0,6015900.0,382
2023-05-10 10:31:53,cu2404,cu2404,66870.0,0.0,0.0,0.0,3,66870.0,66930.0,1,66700.0,66640.0,66880.0,66640.0,18.0,6015900.0,382
2023-05-10 10:32:03,cu2404,cu2404,66870.0,0.0,0.0,0.0,3,66870.0,66940.0,1,66700.0,66640.0,66880.0,66640.0,18.0,6015900.0,382
2023-05-10 10:32:04,cu2404,cu2404,66870.0,0.0,0.0,0.0,3,66870.0,66940.0,3,66700.0,66640.0,66880.0,66640.0,18.0,6015900.0,382
2023-05-10 10:32:07,cu2404,cu2404,66870.0,0.0,0.0,0.0,3,66870.0,66940.0,5,66700.0,66640.0,66880.0,66640.0,18.0,6015900.0,382
2023-05-10 10:32:10,cu2404,cu2404,66870.0,0.0,0.0,0.0,3,66870.0,66940.0,3,66700.0,66640.0,66880.0,66640.0,18.0,6015900.0,382
2023-05-10 10:32:10,cu2404,cu2404,66870.0,0.0,0.0,0.0,3,66870.0,66940.0,2,66700.0,66640.0,66880.0,66640.0,18.0,6015900.0,382
2023-05-10 10:32:14,cu2404,cu2404,66870.0,0.0,0.0,0.0,3,66870.0,66940.0,2,66700.0,66640.0,66880.0,66640.0,18.0,6015900.0,382
2023-05-10 10:32:14,cu2404,cu2404,66870.0,0.0,0.0,0.0,3,66870.0,66940.0,2,66700.0,66640.0,66880.0,66640.0,18.0,6015900.0,382
2023-05-10 10:32:34,cu2404,cu2404,66870.0,0.0,0.0,0.0,1,66870.0,66940.0,2,66700.0,66640.0,66880.0,66640.0,18.0,6015900.0,382
2023-05-10 10:32:34,cu2404,cu2404,66870.0,0.0,0.0,0.0,1,66870.0,66940.0,4,66700.0,66640.0,66880.0,66640.0,18.0,6015900.0,382
2023-05-10 10:32:36,cu2404,cu2404,66870.0,0.0,0.0,0.0,1,66870.0,66940.0,6,66700.0,66640.0,66880.0,66640.0,18.0,6015900.0,382
2023-05-10 10:32:37,cu2404,cu2404,66870.0,0.0,0.0,0.0,1,66870.0,66930.0,1,66700.0,66640.0,66880.0,66640.0,18.0,6015900.0,382
2023-05-10 10:32:58,cu2404,cu2404,66870.0,0.0,0.0,0.0,1,66870.0,66930.0,1,66700.0,66640.0,66880.0,66640.0,18.0,6015900.0,382
2023-05-10 10:33:07,cu2404,cu2404,66870.0,0.0,0.0,0.0,1,66870.0,66930.0,3,66700.0,66640.0,66880.0,66640.0,18.0,6015900.0,382
2023-05-10 10:33:08,cu2404,cu2404,66870.0,0.0,0.0,0.0,1,66870.0,66930.0,5,66700.0,66640.0,66880.0,66640.0,18.0,6015900.0,382
2023-05-10 10:33:09,cu2404,cu2404,66870.0,0.0,0.0,0.0,1,66870.0,66930.0,3,66700.0,66640.0,66880.0,66640.0,18.0,6015900.0,382
2023-05-10 10:33:15,cu2404,cu2404,66870.0,0.0,0.0,0.0,1,66870.0,66930.0,1,66700.0,66640.0,66880.0,66640.0,18.0,6015900.0,382
2023-05-10 10:33:18,cu2404,cu2404,66870.0,0.0,0.0,0.0,1,66870.0,66930.0,5,66700.0,66640.0,66880.0,66640.0,18.0,6015900.0,382
2023-05-10 10:33:27,cu2404,cu2404,66870.0,0.0,0.0,0.0,1,66870.0,66930.0,1,66700.0,66640.0,66880.0,66640.0,18.0,6015900.0,382
2023-05-10 10:33:49,cu2404,cu2404,66870.0,0.0,0.0,0.0,31,66850.0,66930.0,1,66700.0,66640.0,66880.0,66640.0,18.0,6015900.0,382
2023-05-10 10:33:49,cu2404,cu2404,66870.0,0.0,0.0,0.0,1,66860.0,66930.0,1,66700.0,66640.0,66880.0,66640.0,18.0,6015900.0,382
2023-05-10 10:33:50,cu2404,cu2404,66870.0,0.0,0.0,0.0,1,66860.0,66930.0,5,66700.0,66640.0,66880.0,66640.0,18.0,6015900.0,382
2023-05-10 10:33:52,cu2404,cu2404,66870.0,0.0,0.0,0.0,1,66870.0,66930.0,5,66700.0,66640.0,66880.0,66640.0,18.0,6015900.0,382
2023-05-10 10:33:52,cu2404,cu2404,66870.0,0.0,0.0,0.0,1,66860.0,66930.0,5,66700.0,66640.0,66880.0,66640.0,18.0,6015900.0,382
2023-05-10 10:33:53,cu2404,cu2404,66870.0,0.0,0.0,0.0,31,66850.0,66930.0,5,66700.0,66640.0,66880.0,66640.0,18.0,6015900.0,382
2023-05-10 10:33:54,cu2404,cu2404,66870.0,0.0,0.0,0.0,1,66860.0,66930.0,1,66700.0,66640.0,66880.0,66640.0,18.0,6015900.0,382
2023-05-10 10:33:55,cu2404,cu2404,66870.0,0.0,0.0,0.0,1,66860.0,66930.0,5,66700.0,66640.0,66880.0,66640.0,18.0,6015900.0,382
2023-05-10 10:34:01,cu2404,cu2404,66870.0,0.0,0.0,0.0,1,66860.0,66930.0,1,66700.0,66640.0,66880.0,66640.0,18.0,6015900.0,382
2023-05-10 10:34:17,cu2404,cu2404,66870.0,0.0,0.0,0.0,1,66860.0,66930.0,5,66700.0,66640.0,66880.0,66640.0,18.0,6015900.0,382
2023-05-10 10:34:50,cu2404,cu2404,66870.0,0.0,0.0,0.0,1,66870.0,66930.0,5,66700.0,66640.0,66880.0,66640.0,18.0,6015900.0,382
2023-05-10 10:34:51,cu2404,cu2404,66870.0,0.0,0.0,0.0,1,66870.0,66940.0,1,66700.0,66640.0,66880.0,66640.0,18.0,6015900.0,382
2023-05-10 10:34:51,cu2404,cu2404,66870.0,0.0,0.0,0.0,1,66870.0,66940.0,2,66700.0,66640.0,66880.0,66640.0,18.0,6015900.0,382
2023-05-10 10:34:54,cu2404,cu2404,66870.0,0.0,0.0,0.0,1,66870.0,66930.0,1,66700.0,66640.0,66880.0,66640.0,18.0,6015900.0,382
2023-05-10 10:34:57,cu2404,cu2404,66870.0,0.0,0.0,0.0,1,66870.0,66930.0,1,66700.0,66640.0,66880.0,66640.0,18.0,6015900.0,382
2023-05-10 10:34:58,cu2404,cu2404,66870.0,0.0,0.0,0.0,1,66870.0,66930.0,1,66700.0,66640.0,66880.0,66640.0,18.0,6015900.0,382
2023-05-10 10:35:00,cu2404,cu2404,66870.0,0.0,0.0,0.0,1,66860.0,66930.0,1,66700.0,66640.0,66880.0,66640.0,18.0,6015900.0,382
2023-05-10 10:35:00,cu2404,cu2404,66870.0,0.0,0.0,0.0,1,66870.0,66930.0,1,66700.0,66640.0,66880.0,66640.0,18.0,6015900.0,382
2023-05-10 10:35:01,cu2404,cu2404,66870.0,0.0,0.0,0.0,1,66870.0,66940.0,1,66700.0,66640.0,66880.0,66640.0,18.0,6015900.0,382
2023-05-10 10:35:01,cu2404,cu2404,66870.0,0.0,0.0,0.0,1,66870.0,66940.0,2,66700.0,66640.0,66880.0,66640.0,18.0,6015900.0,382
2023-05-10 10:35:03,cu2404,cu2404,66870.0,0.0,0.0,0.0,1,66870.0,66930.0,1,66700.0,66640.0,66880.0,66640.0,18.0,6015900.0,382
2023-05-10 10:35:03,cu2404,cu2404,66870.0,0.0,0.0,0.0,1,66870.0,66930.0,1,66700.0,66640.0,66880.0,66640.0,18.0,6015900.0,382
2023-05-10 10:35:05,cu2404,cu2404,66870.0,0.0,0.0,0.0,1,66860.0,66930.0,1,66700.0,66640.0,66880.0,66640.0,18.0,6015900.0,382
2023-05-10 10:35:10,cu2404,cu2404,66870.0,0.0,0.0,0.0,1,66870.0,66930.0,1,66700.0,66640.0,66880.0,66640.0,18.0,6015900.0,382
2023-05-10 10:35:16,cu2404,cu2404,66870.0,0.0,0.0,0.0,1,66870.0,66930.0,1,66700.0,66640.0,66880.0,66640.0,18.0,6015900.0,382
2023-05-10 10:35:16,cu2404,cu2404,66870.0,0.0,0.0,0.0,1,66870.0,66930.0,1,66700.0,66640.0,66880.0,66640.0,18.0,6015900.0,382
2023-05-10 10:35:18,cu2404,cu2404,66870.0,0.0,0.0,0.0,1,66860.0,66930.0,1,66700.0,66640.0,66880.0,66640.0,18.0,6015900.0,382
2023-05-10 10:35:18,cu2404,cu2404,66870.0,0.0,0.0,0.0,1,66860.0,66930.0,1,66700.0,66640.0,66880.0,66640.0,18.0,6015900.0,382
2023-05-10 10:35:19,cu2404,cu2404,66870.0,0.0,0.0,0.0,1,66860.0,66930.0,5,66700.0,66640.0,66880.0,66640.0,18.0,6015900.0,382
2023-05-10 10:35:36,cu2404,cu2404,66870.0,0.0,0.0,0.0,31,66850.0,66930.0,5,66700.0,66640.0,66880.0,66640.0,18.0,6015900.0,382
2023-05-10 10:35:37,cu2404,cu2404,66870.0,0.0,0.0,0.0,1,66860.0,66930.0,5,66700.0,66640.0,66880.0,66640.0,18.0,6015900.0,382
2023-05-10 10:35:41,cu2404,cu2404,66870.0,0.0,0.0,0.0,31,66850.0,66930.0,5,66700.0,66640.0,66880.0,66640.0,18.0,6015900.0,382
2023-05-10 10:36:09,cu2404,cu2404,66870.0,0.0,0.0,0.0,31,66850.0,66930.0,1,66700.0,66640.0,66880.0,66640.0,18.0,6015900.0,382
2023-05-10 10:36:09,cu2404,cu2404,66870.0,0.0,0.0,0.0,31,66850.0,66930.0,5,66700.0,66640.0,66880.0,66640.0,18.0,6015900.0,382
2023-05-10 10:36:30,cu2404,cu2404,66870.0,0.0,0.0,0.0,1,66860.0,66930.0,5,66700.0,66640.0,66880.0,66640.0,18.0,6015900.0,382
2023-05-10 10:36:31,cu2404,cu2404,66870.0,0.0,0.0,0.0,1,66860.0,66930.0,1,66700.0,66640.0,66880.0,66640.0,18.0,6015900.0,382
2023-05-10 10:36:51,cu2404,cu2404,66870.0,0.0,0.0,0.0,31,66850.0,66930.0,1,66700.0,66640.0,66880.0,66640.0,18.0,6015900.0,382
2023-05-10 10:36:52,cu2404,cu2404,66870.0,0.0,0.0,0.0,31,66850.0,66930.0,5,66700.0,66640.0,66880.0,66640.0,18.0,6015900.0,382
2023-05-10 10:37:14,cu2404,cu2404,66870.0,0.0,0.0,0.0,1,66860.0,66930.0,5,66700.0,66640.0,66880.0,66640.0,18.0,6015900.0,382
2023-05-10 10:37:15,cu2404,cu2404,66870.0,0.0,0.0,0.0,1,66860.0,66930.0,1,66700.0,66640.0,66880.0,66640.0,18.0,6015900.0,382
2023-05-10 10:37:16,cu2404,cu2404,66870.0,0.0,0.0,0.0,31,66850.0,66930.0,1,66700.0,66640.0,66880.0,66640.0,18.0,6015900.0,382
2023-05-10 10:37:16,cu2404,cu2404,66870.0,0.0,0.0,0.0,3,66860.0,66930.0,1,66700.0,66640.0,66880.0,66640.0,18.0,6015900.0,382
2023-05-10 10:37:19,cu2404,cu2404,66870.0,0.0,0.0,0.0,1,66870.0,66930.0,1,66700.0,66640.0,66880.0,66640.0,18.0,6015900.0,382
2023-05-10 10:37:20,cu2404,cu2404,66870.0,0.0,0.0,0.0,31,66850.0,66930.0,1,66700.0,66640.0,66880.0,66640.0,18.0,6015900.0,382
2023-05-10 10:37:20,cu2404,cu2404,66870.0,0.0,0.0,0.0,3,66910.0,66930.0,1,66700.0,66640.0,66880.0,66640.0,18.0,6015900.0,382
2023-05-10 10:37:21,cu2404,cu2404,66910.0,1.0,334550.0,-1.0,2,66910.0,66930.0,5,66700.0,66640.0,66910.0,66640.0,19.0,6350450.0,381
2023-05-10 10:37:21,cu2404,cu2404,66910.0,1.0,334550.0,0.0,1,66910.0,66930.0,4,66700.0,66640.0,66910.0,66640.0,20.0,6685000.0,381
2023-05-10 10:37:23,cu2404,cu2404,66910.0,0.0,0.0,0.0,31,66850.0,66930.0,4,66700.0,66640.0,66910.0,66640.0,20.0,6685000.0,381
2023-05-10 10:37:24,cu2404,cu2404,66910.0,0.0,0.0,0.0,1,66860.0,66930.0,4,66700.0,66640.0,66910.0,66640.0,20.0,6685000.0,381
2023-05-10 10:37:24,cu2404,cu2404,66910.0,0.0,0.0,0.0,1,66870.0,66930.0,4,66700.0,66640.0,66910.0,66640.0,20.0,6685000.0,381
2023-05-10 10:37:25,cu2404,cu2404,66910.0,0.0,0.0,0.0,1,66870.0,66930.0,4,66700.0,66640.0,66910.0,66640.0,20.0,6685000.0,381
2023-05-10 10:37:26,cu2404,cu2404,66910.0,0.0,0.0,0.0,1,66870.0,66940.0,1,66700.0,66640.0,66910.0,66640.0,20.0,6685000.0,381
2023-05-10 10:37:27,cu2404,cu2404,66910.0,0.0,0.0,0.0,31,66850.0,66940.0,5,66700.0,66640.0,66910.0,66640.0,20.0,6685000.0,381
2023-05-10 10:37:27,cu2404,cu2404,66910.0,0.0,0.0,0.0,1,66860.0,66930.0,1,66700.0,66640.0,66910.0,66640.0,20.0,6685000.0,381
2023-05-10 10:37:32,cu2404,cu2404,66910.0,0.0,0.0,0.0,1,66860.0,66930.0,1,66700.0,66640.0,66910.0,66640.0,20.0,6685000.0,381
2023-05-10 10:37:32,cu2404,cu2404,66910.0,0.0,0.0,0.0,1,66860.0,66930.0,1,66700.0,66640.0,66910.0,66640.0,20.0,6685000.0,381
2023-05-10 10:37:34,cu2404,cu2404,66910.0,0.0,0.0,0.0,1,66860.0,66930.0,1,66700.0,66640.0,66910.0,66640.0,20.0,6685000.0,381
2023-05-10 10:37:35,cu2404,cu2404,66910.0,0.0,0.0,0.0,1,66860.0,66930.0,1,66700.0,66640.0,66910.0,66640.0,20.0,6685000.0,381
2023-05-10 10:37:40,cu2404,cu2404,66910.0,0.0,0.0,0.0,1,66860.0,66930.0,1,66700.0,66640.0,66910.0,66640.0,20.0,6685000.0,381
2023-05-10 10:37:40,cu2404,cu2404,66910.0,0.0,0.0,0.0,1,66860.0,66930.0,5,66700.0,66640.0,66910.0,66640.0,20.0,6685000.0,381
2023-05-10 10:37:50,cu2404,cu2404,66910.0,0.0,0.0,0.0,1,66860.0,66930.0,9,66700.0,66640.0,66910.0,66640.0,20.0,6685000.0,381
2023-05-10 10:37:57,cu2404,cu2404,66910.0,0.0,0.0,0.0,31,66850.0,66930.0,9,66700.0,66640.0,66910.0,66640.0,20.0,6685000.0,381
2023-05-10 10:38:04,cu2404,cu2404,66910.0,0.0,0.0,0.0,31,66850.0,66930.0,5,66700.0,66640.0,66910.0,66640.0,20.0,6685000.0,381
2023-05-10 10:38:04,cu2404,cu2404,66910.0,0.0,0.0,0.0,31,66850.0,66920.0,4,66700.0,66640.0,66910.0,66640.0,20.0,6685000.0,381
2023-05-10 10:38:05,cu2404,cu2404,66910.0,0.0,0.0,0.0,31,66850.0,66920.0,4,66700.0,66640.0,66910.0,66640.0,20.0,6685000.0,381
2023-05-10 10:38:05,cu2404,cu2404,66910.0,0.0,0.0,0.0,31,66850.0,66920.0,8,66700.0,66640.0,66910.0,66640.0,20.0,6685000.0,381
2023-05-10 10:38:06,cu2404,cu2404,66910.0,0.0,0.0,0.0,31,66850.0,66910.0,1,66700.0,66640.0,66910.0,66640.0,20.0,6685000.0,381
2023-05-10 10:38:06,cu2404,cu2404,66910.0,0.0,0.0,0.0,31,66850.0,66910.0,1,66700.0,66640.0,66910.0,66640.0,20.0,6685000.0,381
2023-05-10 10:38:07,cu2404,cu2404,66910.0,0.0,0.0,0.0,31,66850.0,66910.0,1,66700.0,66640.0,66910.0,66640.0,20.0,6685000.0,381
2023-05-10 10:38:08,cu2404,cu2404,66910.0,0.0,0.0,0.0,31,66850.0,66900.0,2,66700.0,66640.0,66910.0,66640.0,20.0,6685000.0,381
2023-05-10 10:38:10,cu2404,cu2404,66910.0,0.0,0.0,0.0,31,66850.0,66910.0,3,66700.0,66640.0,66910.0,66640.0,20.0,6685000.0,381
2023-05-10 10:38:11,cu2404,cu2404,66910.0,0.0,0.0,0.0,31,66850.0,66910.0,5,66700.0,66640.0,66910.0,66640.0,20.0,6685000.0,381
2023-05-10 10:38:12,cu2404,cu2404,66910.0,0.0,0.0,0.0,31,66850.0,66910.0,3,66700.0,66640.0,66910.0,66640.0,20.0,6685000.0,381
2023-05-10 10:38:12,cu2404,cu2404,66910.0,0.0,0.0,0.0,31,66850.0,66910.0,5,66700.0,66640.0,66910.0,66640.0,20.0,6685000.0,381
2023-05-10 10:38:16,cu2404,cu2404,66910.0,0.0,0.0,0.0,31,66850.0,66910.0,1,66700.0,66640.0,66910.0,66640.0,20.0,6685000.0,381
2023-05-10 10:38:19,cu2404,cu2404,66910.0,0.0,0.0,0.0,1,66860.0,66910.0,1,66700.0,66640.0,66910.0,66640.0,20.0,6685000.0,381
2023-05-10 10:38:23,cu2404,cu2404,66910.0,0.0,0.0,0.0,31,66850.0,66910.0,1,66700.0,66640.0,66910.0,66640.0,20.0,6685000.0,381
2023-05-10 10:38:31,cu2404,cu2404,66910.0,0.0,0.0,0.0,32,66850.0,66910.0,1,66700.0,66640.0,66910.0,66640.0,20.0,6685000.0,381
2023-05-10 10:38:35,cu2404,cu2404,66910.0,0.0,0.0,0.0,32,66850.0,66910.0,1,66700.0,66640.0,66910.0,66640.0,20.0,6685000.0,381
2023-05-10 10:38:36,cu2404,cu2404,66910.0,0.0,0.0,0.0,32,66850.0,66910.0,1,66700.0,66640.0,66910.0,66640.0,20.0,6685000.0,381
2023-05-10 10:38:49,cu2404,cu2404,66910.0,0.0,0.0,0.0,31,66850.0,66900.0,5,66700.0,66640.0,66910.0,66640.0,20.0,6685000.0,381
2023-05-10 10:38:49,cu2404,cu2404,66910.0,0.0,0.0,0.0,31,66850.0,66900.0,5,66700.0,66640.0,66910.0,66640.0,20.0,6685000.0,381
2023-05-10 10:38:57,cu2404,cu2404,66910.0,0.0,0.0,0.0,31,66850.0,66900.0,10,66700.0,66640.0,66910.0,66640.0,20.0,6685000.0,381
2023-05-10 10:38:57,cu2404,cu2404,66910.0,0.0,0.0,0.0,31,66850.0,66900.0,14,66700.0,66640.0,66910.0,66640.0,20.0,6685000.0,381
2023-05-10 10:38:59,cu2404,cu2404,66910.0,0.0,0.0,0.0,31,66850.0,66900.0,14,66700.0,66640.0,66910.0,66640.0,20.0,6685000.0,381
2023-05-10 10:38:59,cu2404,cu2404,66910.0,0.0,0.0,0.0,31,66850.0,66890.0,1,66700.0,66640.0,66910.0,66640.0,20.0,6685000.0,381
2023-05-10 10:39:00,cu2404,cu2404,66910.0,0.0,0.0,0.0,31,66850.0,66890.0,5,66700.0,66640.0,66910.0,66640.0,20.0,6685000.0,381
2023-05-10 10:39:02,cu2404,cu2404,66910.0,0.0,0.0,0.0,31,66850.0,66890.0,9,66700.0,66640.0,66910.0,66640.0,20.0,6685000.0,381
2023-05-10 10:39:04,cu2404,cu2404,66910.0,0.0,0.0,0.0,31,66850.0,66890.0,10,66700.0,66640.0,66910.0,66640.0,20.0,6685000.0,381
2023-05-10 10:39:07,cu2404,cu2404,66910.0,0.0,0.0,0.0,31,66850.0,66890.0,10,66700.0,66640.0,66910.0,66640.0,20.0,6685000.0,381
2023-05-10 10:39:09,cu2404,cu2404,66910.0,0.0,0.0,0.0,31,66850.0,66890.0,10,66700.0,66640.0,66910.0,66640.0,20.0,6685000.0,381
2023-05-10 10:39:12,cu2404,cu2404,66910.0,0.0,0.0,0.0,31,66850.0,66890.0,11,66700.0,66640.0,66910.0,66640.0,20.0,6685000.0,381
2023-05-10 10:39:18,cu2404,cu2404,66910.0,0.0,0.0,0.0,31,66850.0,66890.0,6,66700.0,66640.0,66910.0,66640.0,20.0,6685000.0,381
2023-05-10 10:39:19,cu2404,cu2404,66910.0,0.0,0.0,0.0,31,66850.0,66940.0,1,66700.0,66640.0,66910.0,66640.0,20.0,6685000.0,381
2023-05-10 10:39:19,cu2404,cu2404,66910.0,0.0,0.0,0.0,31,66850.0,66930.0,6,66700.0,66640.0,66910.0,66640.0,20.0,6685000.0,381
2023-05-10 10:39:20,cu2404,cu2404,66910.0,0.0,0.0,0.0,31,66850.0,66920.0,4,66700.0,66640.0,66910.0,66640.0,20.0,6685000.0,381
2023-05-10 10:39:20,cu2404,cu2404,66910.0,0.0,0.0,0.0,31,66850.0,66910.0,1,66700.0,66640.0,66910.0,66640.0,20.0,6685000.0,381
2023-05-10 10:39:21,cu2404,cu2404,66910.0,0.0,0.0,0.0,31,66850.0,66910.0,1,66700.0,66640.0,66910.0,66640.0,20.0,6685000.0,381
2023-05-10 10:39:21,cu2404,cu2404,66910.0,0.0,0.0,0.0,31,66850.0,66900.0,1,66700.0,66640.0,66910.0,66640.0,20.0,6685000.0,381
2023-05-10 10:39:22,cu2404,cu2404,66910.0,0.0,0.0,0.0,31,66850.0,66900.0,1,66700.0,66640.0,66910.0,66640.0,20.0,6685000.0,381
2023-05-10 10:39:22,cu2404,cu2404,66910.0,0.0,0.0,0.0,31,66850.0,66900.0,9,66700.0,66640.0,66910.0,66640.0,20.0,6685000.0,381
2023-05-10 10:39:23,cu2404,cu2404,66910.0,0.0,0.0,0.0,31,66850.0,66890.0,1,66700.0,66640.0,66910.0,66640.0,20.0,6685000.0,381
2023-05-10 10:39:24,cu2404,cu2404,66910.0,0.0,0.0,0.0,31,66850.0,66890.0,1,66700.0,66640.0,66910.0,66640.0,20.0,6685000.0,381
2023-05-10 10:39:24,cu2404,cu2404,66910.0,0.0,0.0,0.0,31,66850.0,66900.0,4,66700.0,66640.0,66910.0,66640.0,20.0,6685000.0,381
2023-05-10 10:39:25,cu2404,cu2404,66910.0,0.0,0.0,0.0,31,66850.0,66890.0,1,66700.0,66640.0,66910.0,66640.0,20.0,6685000.0,381
2023-05-10 10:39:25,cu2404,cu2404,66910.0,0.0,0.0,0.0,31,66850.0,66890.0,5,66700.0,66640.0,66910.0,66640.0,20.0,6685000.0,381
2023-05-10 10:39:26,cu2404,cu2404,66910.0,0.0,0.0,0.0,31,66850.0,66890.0,5,66700.0,66640.0,66910.0,66640.0,20.0,6685000.0,381
2023-05-10 10:39:26,cu2404,cu2404,66910.0,0.0,0.0,0.0,31,66850.0,66890.0,6,66700.0,66640.0,66910.0,66640.0,20.0,6685000.0,381
2023-05-10 10:39:27,cu2404,cu2404,66910.0,0.0,0.0,0.0,31,66850.0,66890.0,11,66700.0,66640.0,66910.0,66640.0,20.0,6685000.0,381
2023-05-10 10:39:28,cu2404,cu2404,66910.0,0.0,0.0,0.0,31,66850.0,66890.0,7,66700.0,66640.0,66910.0,66640.0,20.0,6685000.0,381
2023-05-10 10:39:28,cu2404,cu2404,66910.0,0.0,0.0,0.0,31,66850.0,66890.0,11,66700.0,66640.0,66910.0,66640.0,20.0,6685000.0,381
2023-05-10 10:39:36,cu2404,cu2404,66910.0,0.0,0.0,0.0,31,66850.0,66890.0,9,66700.0,66640.0,66910.0,66640.0,20.0,6685000.0,381
2023-05-10 10:39:37,cu2404,cu2404,66910.0,0.0,0.0,0.0,31,66850.0,66880.0,2,66700.0,66640.0,66910.0,66640.0,20.0,6685000.0,381
2023-05-10 10:39:37,cu2404,cu2404,66910.0,0.0,0.0,0.0,31,66850.0,66880.0,2,66700.0,66640.0,66910.0,66640.0,20.0,6685000.0,381
2023-05-10 10:39:38,cu2404,cu2404,66910.0,0.0,0.0,0.0,31,66850.0,66880.0,2,66700.0,66640.0,66910.0,66640.0,20.0,6685000.0,381
2023-05-10 10:39:38,cu2404,cu2404,66910.0,0.0,0.0,0.0,31,66850.0,66880.0,5,66700.0,66640.0,66910.0,66640.0,20.0,6685000.0,381
2023-05-10 10:40:00,cu2404,cu2404,66910.0,0.0,0.0,0.0,31,66850.0,66880.0,1,66700.0,66640.0,66910.0,66640.0,20.0,6685000.0,381
2023-05-10 10:40:04,cu2404,cu2404,66910.0,0.0,0.0,0.0,31,66850.0,66880.0,5,66700.0,66640.0,66910.0,66640.0,20.0,6685000.0,381
2023-05-10 10:40:04,cu2404,cu2404,66910.0,0.0,0.0,0.0,31,66850.0,66880.0,6,66700.0,66640.0,66910.0,66640.0,20.0,6685000.0,381
2023-05-10 10:40:07,cu2404,cu2404,66910.0,0.0,0.0,0.0,31,66850.0,66880.0,5,66700.0,66640.0,66910.0,66640.0,20.0,6685000.0,381
2023-05-10 10:40:17,cu2404,cu2404,66910.0,0.0,0.0,0.0,31,66850.0,66880.0,1,66700.0,66640.0,66910.0,66640.0,20.0,6685000.0,381
2023-05-10 10:40:21,cu2404,cu2404,66910.0,0.0,0.0,0.0,31,66850.0,66880.0,5,66700.0,66640.0,66910.0,66640.0,20.0,6685000.0,381
2023-05-10 10:40:24,cu2404,cu2404,66910.0,0.0,0.0,0.0,31,66850.0,66880.0,1,66700.0,66640.0,66910.0,66640.0,20.0,6685000.0,381
2023-05-10 10:40:29,cu2404,cu2404,66910.0,0.0,0.0,0.0,31,66850.0,66880.0,1,66700.0,66640.0,66910.0,66640.0,20.0,6685000.0,381
2023-05-10 10:40:30,cu2404,cu2404,66910.0,0.0,0.0,0.0,31,66850.0,66880.0,1,66700.0,66640.0,66910.0,66640.0,20.0,6685000.0,381
2023-05-10 10:40:35,cu2404,cu2404,66910.0,0.0,0.0,0.0,31,66850.0,66880.0,1,66700.0,66640.0,66910.0,66640.0,20.0,6685000.0,381
2023-05-10 10:40:35,cu2404,cu2404,66910.0,0.0,0.0,0.0,31,66850.0,66880.0,1,66700.0,66640.0,66910.0,66640.0,20.0,6685000.0,381
2023-05-10 10:40:41,cu2404,cu2404,66910.0,0.0,0.0,0.0,32,66850.0,66880.0,1,66700.0,66640.0,66910.0,66640.0,20.0,6685000.0,381
2023-05-10 10:40:41,cu2404,cu2404,66910.0,0.0,0.0,0.0,31,66850.0,66880.0,1,66700.0,66640.0,66910.0,66640.0,20.0,6685000.0,381
2023-05-10 10:40:42,cu2404,cu2404,66910.0,0.0,0.0,0.0,32,66850.0,66880.0,1,66700.0,66640.0,66910.0,66640.0,20.0,6685000.0,381
2023-05-10 10:40:44,cu2404,cu2404,66910.0,0.0,0.0,0.0,31,66850.0,66880.0,1,66700.0,66640.0,66910.0,66640.0,20.0,6685000.0,381
2023-05-10 10:40:54,cu2404,cu2404,66910.0,0.0,0.0,0.0,31,66850.0,66940.0,1,66700.0,66640.0,66910.0,66640.0,20.0,6685000.0,381
2023-05-10 10:40:54,cu2404,cu2404,66910.0,0.0,0.0,0.0,31,66850.0,66930.0,7,66700.0,66640.0,66910.0,66640.0,20.0,6685000.0,381
2023-05-10 10:40:55,cu2404,cu2404,66910.0,0.0,0.0,0.0,31,66850.0,66920.0,2,66700.0,66640.0,66910.0,66640.0,20.0,6685000.0,381
2023-05-10 10:40:55,cu2404,cu2404,66910.0,0.0,0.0,0.0,31,66850.0,66910.0,1,66700.0,66640.0,66910.0,66640.0,20.0,6685000.0,381
2023-05-10 10:40:56,cu2404,cu2404,66910.0,0.0,0.0,0.0,31,66850.0,66920.0,2,66700.0,66640.0,66910.0,66640.0,20.0,6685000.0,381
2023-05-10 10:40:56,cu2404,cu2404,66910.0,0.0,0.0,0.0,31,66850.0,66900.0,1,66700.0,66640.0,66910.0,66640.0,20.0,6685000.0,381
2023-05-10 10:40:57,cu2404,cu2404,66910.0,0.0,0.0,0.0,31,66850.0,66900.0,1,66700.0,66640.0,66910.0,66640.0,20.0,6685000.0,381
2023-05-10 10:40:58,cu2404,cu2404,66910.0,0.0,0.0,0.0,32,66850.0,66900.0,1,66700.0,66640.0,66910.0,66640.0,20.0,6685000.0,381
2023-05-10 10:40:58,cu2404,cu2404,66910.0,0.0,0.0,0.0,32,66850.0,66900.0,3,66700.0,66640.0,66910.0,66640.0,20.0,6685000.0,381
2023-05-10 10:41:03,cu2404,cu2404,66910.0,0.0,0.0,0.0,32,66850.0,66900.0,1,66700.0,66640.0,66910.0,66640.0,20.0,6685000.0,381
2023-05-10 10:41:04,cu2404,cu2404,66910.0,0.0,0.0,0.0,31,66850.0,66900.0,1,66700.0,66640.0,66910.0,66640.0,20.0,6685000.0,381
2023-05-10 10:41:05,cu2404,cu2404,66910.0,0.0,0.0,0.0,32,66850.0,66900.0,1,66700.0,66640.0,66910.0,66640.0,20.0,6685000.0,381
2023-05-10 10:41:05,cu2404,cu2404,66910.0,0.0,0.0,0.0,31,66850.0,66900.0,1,66700.0,66640.0,66910.0,66640.0,20.0,6685000.0,381
2023-05-10 10:41:07,cu2404,cu2404,66910.0,0.0,0.0,0.0,32,66850.0,66900.0,1,66700.0,66640.0,66910.0,66640.0,20.0,6685000.0,381
2023-05-10 10:41:19,cu2404,cu2404,66910.0,0.0,0.0,0.0,1,66860.0,66900.0,1,66700.0,66640.0,66910.0,66640.0,20.0,6685000.0,381
2023-05-10 10:41:25,cu2404,cu2404,66910.0,0.0,0.0,0.0,31,66850.0,66900.0,1,66700.0,66640.0,66910.0,66640.0,20.0,6685000.0,381
2023-05-10 10:41:25,cu2404,cu2404,66910.0,0.0,0.0,0.0,32,66850.0,66900.0,1,66700.0,66640.0,66910.0,66640.0,20.0,6685000.0,381
2023-05-10 10:41:30,cu2404,cu2404,66910.0,0.0,0.0,0.0,1,66860.0,66900.0,1,66700.0,66640.0,66910.0,66640.0,20.0,6685000.0,381
2023-05-10 10:41:41,cu2404,cu2404,66910.0,0.0,0.0,0.0,1,66860.0,66900.0,1,66700.0,66640.0,66910.0,66640.0,20.0,6685000.0,381
2023-05-10 10:41:42,cu2404,cu2404,66910.0,0.0,0.0,0.0,1,66860.0,66900.0,1,66700.0,66640.0,66910.0,66640.0,20.0,6685000.0,381
2023-05-10 10:41:47,cu2404,cu2404,66910.0,0.0,0.0,0.0,31,66850.0,66900.0,1,66700.0,66640.0,66910.0,66640.0,20.0,6685000.0,381
2023-05-10 10:41:47,cu2404,cu2404,66910.0,0.0,0.0,0.0,32,66850.0,66900.0,1,66700.0,66640.0,66910.0,66640.0,20.0,6685000.0,381
2023-05-10 10:42:05,cu2404,cu2404,66910.0,0.0,0.0,0.0,1,66860.0,66900.0,1,66700.0,66640.0,66910.0,66640.0,20.0,6685000.0,381
2023-05-10 10:42:27,cu2404,cu2404,66910.0,0.0,0.0,0.0,1,66870.0,66900.0,1,66700.0,66640.0,66910.0,66640.0,20.0,6685000.0,381
2023-05-10 10:42:28,cu2404,cu2404,66910.0,0.0,0.0,0.0,1,66870.0,66900.0,1,66700.0,66640.0,66910.0,66640.0,20.0,6685000.0,381
2023-05-10 10:42:53,cu2404,cu2404,66870.0,1.0,334350.0,1.0,31,66850.0,66900.0,1,66700.0,66640.0,66910.0,66640.0,21.0,7019350.0,382
2023-05-10 10:42:54,cu2404,cu2404,66870.0,0.0,0.0,0.0,1,66860.0,66900.0,1,66700.0,66640.0,66910.0,66640.0,21.0,7019350.0,382
2023-05-10 10:42:54,cu2404,cu2404,66870.0,0.0,0.0,0.0,32,66850.0,66900.0,1,66700.0,66640.0,66910.0,66640.0,21.0,7019350.0,382
2023-05-10 10:42:56,cu2404,cu2404,66870.0,0.0,0.0,0.0,32,66850.0,66940.0,1,66700.0,66640.0,66910.0,66640.0,21.0,7019350.0,382
2023-05-10 10:42:57,cu2404,cu2404,66870.0,0.0,0.0,0.0,32,66850.0,66940.0,8,66700.0,66640.0,66910.0,66640.0,21.0,7019350.0,382
2023-05-10 10:42:57,cu2404,cu2404,66870.0,0.0,0.0,0.0,32,66850.0,66930.0,2,66700.0,66640.0,66910.0,66640.0,21.0,7019350.0,382
2023-05-10 10:42:58,cu2404,cu2404,66870.0,0.0,0.0,0.0,32,66850.0,66930.0,2,66700.0,66640.0,66910.0,66640.0,21.0,7019350.0,382
2023-05-10 10:43:03,cu2404,cu2404,66870.0,0.0,0.0,0.0,32,66850.0,66920.0,1,66700.0,66640.0,66910.0,66640.0,21.0,7019350.0,382
2023-05-10 10:43:03,cu2404,cu2404,66870.0,0.0,0.0,0.0,32,66850.0,66920.0,3,66700.0,66640.0,66910.0,66640.0,21.0,7019350.0,382
2023-05-10 10:43:04,cu2404,cu2404,66870.0,0.0,0.0,0.0,32,66850.0,66920.0,5,66700.0,66640.0,66910.0,66640.0,21.0,7019350.0,382
2023-05-10 10:43:09,cu2404,cu2404,66870.0,0.0,0.0,0.0,32,66850.0,66920.0,6,66700.0,66640.0,66910.0,66640.0,21.0,7019350.0,382
2023-05-10 10:43:18,cu2404,cu2404,66870.0,0.0,0.0,0.0,32,66850.0,66910.0,1,66700.0,66640.0,66910.0,66640.0,21.0,7019350.0,382
2023-05-10 10:43:19,cu2404,cu2404,66870.0,0.0,0.0,0.0,32,66850.0,66920.0,3,66700.0,66640.0,66910.0,66640.0,21.0,7019350.0,382
2023-05-10 10:43:19,cu2404,cu2404,66870.0,0.0,0.0,0.0,32,66850.0,66920.0,6,66700.0,66640.0,66910.0,66640.0,21.0,7019350.0,382
2023-05-10 10:43:23,cu2404,cu2404,66870.0,0.0,0.0,0.0,32,66850.0,66920.0,5,66700.0,66640.0,66910.0,66640.0,21.0,7019350.0,382
2023-05-10 10:43:24,cu2404,cu2404,66870.0,0.0,0.0,0.0,32,66850.0,66920.0,1,66700.0,66640.0,66910.0,66640.0,21.0,7019350.0,382
2023-05-10 10:43:27,cu2404,cu2404,66870.0,0.0,0.0,0.0,1,66860.0,66920.0,1,66700.0,66640.0,66910.0,66640.0,21.0,7019350.0,382
2023-05-10 10:43:27,cu2404,cu2404,66870.0,0.0,0.0,0.0,1,66870.0,66920.0,1,66700.0,66640.0,66910.0,66640.0,21.0,7019350.0,382
2023-05-10 10:43:28,cu2404,cu2404,66870.0,0.0,0.0,0.0,1,66860.0,66920.0,1,66700.0,66640.0,66910.0,66640.0,21.0,7019350.0,382
2023-05-10 10:43:36,cu2404,cu2404,66870.0,0.0,0.0,0.0,1,66860.0,66920.0,1,66700.0,66640.0,66910.0,66640.0,21.0,7019350.0,382
2023-05-10 10:43:37,cu2404,cu2404,66870.0,0.0,0.0,0.0,1,66860.0,66920.0,1,66700.0,66640.0,66910.0,66640.0,21.0,7019350.0,382
2023-05-10 10:44:27,cu2404,cu2404,66870.0,0.0,0.0,0.0,1,66860.0,66920.0,2,66700.0,66640.0,66910.0,66640.0,21.0,7019350.0,382
2023-05-10 10:44:32,cu2404,cu2404,66870.0,0.0,0.0,0.0,1,66860.0,66920.0,1,66700.0,66640.0,66910.0,66640.0,21.0,7019350.0,382
2023-05-10 10:44:53,cu2404,cu2404,66870.0,0.0,0.0,0.0,1,66860.0,66920.0,2,66700.0,66640.0,66910.0,66640.0,21.0,7019350.0,382
2023-05-10 10:45:12,cu2404,cu2404,66870.0,0.0,0.0,0.0,1,66860.0,66920.0,1,66700.0,66640.0,66910.0,66640.0,21.0,7019350.0,382
2023-05-10 10:45:13,cu2404,cu2404,66870.0,0.0,0.0,0.0,1,66860.0,66940.0,1,66700.0,66640.0,66910.0,66640.0,21.0,7019350.0,382
2023-05-10 10:45:13,cu2404,cu2404,66870.0,0.0,0.0,0.0,1,66860.0,66930.0,1,66700.0,66640.0,66910.0,66640.0,21.0,7019350.0,382
2023-05-10 10:45:17,cu2404,cu2404,66870.0,0.0,0.0,0.0,1,66860.0,66920.0,1,66700.0,66640.0,66910.0,66640.0,21.0,7019350.0,382
2023-05-10 10:45:18,cu2404,cu2404,66870.0,0.0,0.0,0.0,1,66860.0,66920.0,1,66700.0,66640.0,66910.0,66640.0,21.0,7019350.0,382
2023-05-10 10:45:21,cu2404,cu2404,66870.0,0.0,0.0,0.0,1,66860.0,66920.0,1,66700.0,66640.0,66910.0,66640.0,21.0,7019350.0,382
2023-05-10 10:45:45,cu2404,cu2404,66870.0,0.0,0.0,0.0,1,66860.0,66940.0,1,66700.0,66640.0,66910.0,66640.0,21.0,7019350.0,382
2023-05-10 10:45:46,cu2404,cu2404,66870.0,0.0,0.0,0.0,1,66860.0,66930.0,1,66700.0,66640.0,66910.0,66640.0,21.0,7019350.0,382
2023-05-10 10:45:46,cu2404,cu2404,66870.0,0.0,0.0,0.0,1,66860.0,66930.0,2,66700.0,66640.0,66910.0,66640.0,21.0,7019350.0,382
2023-05-10 10:46:07,cu2404,cu2404,66870.0,0.0,0.0,0.0,1,66860.0,66930.0,4,66700.0,66640.0,66910.0,66640.0,21.0,7019350.0,382
2023-05-10 10:46:08,cu2404,cu2404,66870.0,0.0,0.0,0.0,1,66860.0,66930.0,6,66700.0,66640.0,66910.0,66640.0,21.0,7019350.0,382
2023-05-10 10:46:18,cu2404,cu2404,66870.0,0.0,0.0,0.0,31,66850.0,66930.0,6,66700.0,66640.0,66910.0,66640.0,21.0,7019350.0,382
2023-05-10 10:46:18,cu2404,cu2404,66870.0,0.0,0.0,0.0,1,66860.0,66930.0,3,66700.0,66640.0,66910.0,66640.0,21.0,7019350.0,382
2023-05-10 10:46:19,cu2404,cu2404,66870.0,0.0,0.0,0.0,1,66860.0,66920.0,4,66700.0,66640.0,66910.0,66640.0,21.0,7019350.0,382
2023-05-10 10:46:19,cu2404,cu2404,66870.0,0.0,0.0,0.0,1,66860.0,66910.0,1,66700.0,66640.0,66910.0,66640.0,21.0,7019350.0,382
2023-05-10 10:46:20,cu2404,cu2404,66870.0,0.0,0.0,0.0,1,66860.0,66910.0,1,66700.0,66640.0,66910.0,66640.0,21.0,7019350.0,382
2023-05-10 10:46:20,cu2404,cu2404,66870.0,0.0,0.0,0.0,1,66860.0,66900.0,1,66700.0,66640.0,66910.0,66640.0,21.0,7019350.0,382
2023-05-10 10:46:21,cu2404,cu2404,66870.0,0.0,0.0,0.0,1,66860.0,66900.0,1,66700.0,66640.0,66910.0,66640.0,21.0,7019350.0,382
2023-05-10 10:46:22,cu2404,cu2404,66870.0,0.0,0.0,0.0,1,66860.0,66900.0,1,66700.0,66640.0,66910.0,66640.0,21.0,7019350.0,382
2023-05-10 10:46:53,cu2404,cu2404,66870.0,0.0,0.0,0.0,1,66860.0,66900.0,1,66700.0,66640.0,66910.0,66640.0,21.0,7019350.0,382
2023-05-10 10:46:54,cu2404,cu2404,66870.0,0.0,0.0,0.0,1,66860.0,66900.0,1,66700.0,66640.0,66910.0,66640.0,21.0,7019350.0,382
2023-05-10 10:47:00,cu2404,cu2404,66870.0,0.0,0.0,0.0,1,66860.0,66900.0,2,66700.0,66640.0,66910.0,66640.0,21.0,7019350.0,382
2023-05-10 10:47:00,cu2404,cu2404,66870.0,0.0,0.0,0.0,1,66860.0,66900.0,2,66700.0,66640.0,66910.0,66640.0,21.0,7019350.0,382
2023-05-10 10:47:01,cu2404,cu2404,66870.0,0.0,0.0,0.0,1,66860.0,66900.0,2,66700.0,66640.0,66910.0,66640.0,21.0,7019350.0,382
2023-05-10 10:47:10,cu2404,cu2404,66870.0,0.0,0.0,0.0,1,66860.0,66900.0,1,66700.0,66640.0,66910.0,66640.0,21.0,7019350.0,382
2023-05-10 10:47:55,cu2404,cu2404,66870.0,0.0,0.0,0.0,1,66860.0,66900.0,2,66700.0,66640.0,66910.0,66640.0,21.0,7019350.0,382
2023-05-10 10:47:57,cu2404,cu2404,66870.0,0.0,0.0,0.0,1,66860.0,66900.0,1,66700.0,66640.0,66910.0,66640.0,21.0,7019350.0,382
2023-05-10 10:48:01,cu2404,cu2404,66870.0,0.0,0.0,0.0,1,66860.0,66900.0,2,66700.0,66640.0,66910.0,66640.0,21.0,7019350.0,382
2023-05-10 10:48:08,cu2404,cu2404,66870.0,0.0,0.0,0.0,31,66850.0,66890.0,1,66700.0,66640.0,66910.0,66640.0,21.0,7019350.0,382
2023-05-10 10:48:12,cu2404,cu2404,66870.0,0.0,0.0,0.0,31,66850.0,66890.0,1,66700.0,66640.0,66910.0,66640.0,21.0,7019350.0,382
2023-05-10 10:48:13,cu2404,cu2404,66870.0,0.0,0.0,0.0,31,66850.0,66890.0,1,66700.0,66640.0,66910.0,66640.0,21.0,7019350.0,382
2023-05-10 10:48:40,cu2404,cu2404,66870.0,0.0,0.0,0.0,31,66850.0,66890.0,1,66700.0,66640.0,66910.0,66640.0,21.0,7019350.0,382
2023-05-10 10:48:41,cu2404,cu2404,66870.0,0.0,0.0,0.0,31,66850.0,66880.0,1,66700.0,66640.0,66910.0,66640.0,21.0,7019350.0,382
2023-05-10 10:48:41,cu2404,cu2404,66870.0,0.0,0.0,0.0,31,66850.0,66880.0,2,66700.0,66640.0,66910.0,66640.0,21.0,7019350.0,382
2023-05-10 10:48:43,cu2404,cu2404,66870.0,0.0,0.0,0.0,31,66850.0,66880.0,1,66700.0,66640.0,66910.0,66640.0,21.0,7019350.0,382
2023-05-10 10:48:49,cu2404,cu2404,66870.0,0.0,0.0,0.0,31,66850.0,66880.0,1,66700.0,66640.0,66910.0,66640.0,21.0,7019350.0,382
2023-05-10 10:48:50,cu2404,cu2404,66870.0,0.0,0.0,0.0,31,66850.0,66880.0,1,66700.0,66640.0,66910.0,66640.0,21.0,7019350.0,382
2023-05-10 10:48:59,cu2404,cu2404,66870.0,0.0,0.0,0.0,31,66850.0,66880.0,1,66700.0,66640.0,66910.0,66640.0,21.0,7019350.0,382
2023-05-10 10:49:00,cu2404,cu2404,66870.0,0.0,0.0,0.0,31,66850.0,66880.0,1,66700.0,66640.0,66910.0,66640.0,21.0,7019350.0,382
2023-05-10 10:49:18,cu2404,cu2404,66870.0,0.0,0.0,0.0,1,66860.0,66880.0,1,66700.0,66640.0,66910.0,66640.0,21.0,7019350.0,382
2023-05-10 10:49:21,cu2404,cu2404,66870.0,0.0,0.0,0.0,1,66860.0,66940.0,1,66700.0,66640.0,66910.0,66640.0,21.0,7019350.0,382
2023-05-10 10:49:21,cu2404,cu2404,66870.0,0.0,0.0,0.0,1,66860.0,66930.0,10,66700.0,66640.0,66910.0,66640.0,21.0,7019350.0,382
2023-05-10 10:49:22,cu2404,cu2404,66870.0,0.0,0.0,0.0,1,66870.0,66930.0,11,66700.0,66640.0,66910.0,66640.0,21.0,7019350.0,382
2023-05-10 10:49:22,cu2404,cu2404,66870.0,0.0,0.0,0.0,31,66850.0,66930.0,12,66700.0,66640.0,66910.0,66640.0,21.0,7019350.0,382
2023-05-10 10:49:23,cu2404,cu2404,66870.0,0.0,0.0,0.0,1,66860.0,66930.0,8,66700.0,66640.0,66910.0,66640.0,21.0,7019350.0,382
2023-05-10 10:49:32,cu2404,cu2404,66870.0,0.0,0.0,0.0,31,66850.0,66920.0,4,66700.0,66640.0,66910.0,66640.0,21.0,7019350.0,382
2023-05-10 10:49:32,cu2404,cu2404,66870.0,0.0,0.0,0.0,31,66850.0,66910.0,1,66700.0,66640.0,66910.0,66640.0,21.0,7019350.0,382
2023-05-10 10:49:33,cu2404,cu2404,66870.0,0.0,0.0,0.0,31,66850.0,66910.0,5,66700.0,66640.0,66910.0,66640.0,21.0,7019350.0,382
2023-05-10 10:49:33,cu2404,cu2404,66870.0,0.0,0.0,0.0,31,66850.0,66900.0,1,66700.0,66640.0,66910.0,66640.0,21.0,7019350.0,382
2023-05-10 10:49:34,cu2404,cu2404,66870.0,0.0,0.0,0.0,31,66850.0,66890.0,1,66700.0,66640.0,66910.0,66640.0,21.0,7019350.0,382
2023-05-10 10:49:34,cu2404,cu2404,66870.0,0.0,0.0,0.0,31,66850.0,66890.0,1,66700.0,66640.0,66910.0,66640.0,21.0,7019350.0,382
2023-05-10 10:49:35,cu2404,cu2404,66870.0,0.0,0.0,0.0,31,66850.0,66880.0,1,66700.0,66640.0,66910.0,66640.0,21.0,7019350.0,382
2023-05-10 10:49:35,cu2404,cu2404,66870.0,0.0,0.0,0.0,31,66850.0,66880.0,1,66700.0,66640.0,66910.0,66640.0,21.0,7019350.0,382
2023-05-10 10:49:37,cu2404,cu2404,66870.0,0.0,0.0,0.0,31,66850.0,66880.0,1,66700.0,66640.0,66910.0,66640.0,21.0,7019350.0,382
2023-05-10 10:49:50,cu2404,cu2404,66870.0,0.0,0.0,0.0,31,66850.0,66880.0,2,66700.0,66640.0,66910.0,66640.0,21.0,7019350.0,382
2023-05-10 10:49:51,cu2404,cu2404,66870.0,0.0,0.0,0.0,31,66850.0,66880.0,1,66700.0,66640.0,66910.0,66640.0,21.0,7019350.0,382
2023-05-10 10:50:07,cu2404,cu2404,66870.0,0.0,0.0,0.0,31,66850.0,66880.0,2,66700.0,66640.0,66910.0,66640.0,21.0,7019350.0,382
2023-05-10 10:50:10,cu2404,cu2404,66870.0,0.0,0.0,0.0,31,66850.0,66880.0,1,66700.0,66640.0,66910.0,66640.0,21.0,7019350.0,382
2023-05-10 10:50:23,cu2404,cu2404,66870.0,0.0,0.0,0.0,31,66850.0,66880.0,2,66700.0,66640.0,66910.0,66640.0,21.0,7019350.0,382
2023-05-10 10:50:38,cu2404,cu2404,66870.0,0.0,0.0,0.0,31,66850.0,66880.0,2,66700.0,66640.0,66910.0,66640.0,21.0,7019350.0,382
2023-05-10 10:50:39,cu2404,cu2404,66870.0,0.0,0.0,0.0,31,66850.0,66880.0,2,66700.0,66640.0,66910.0,66640.0,21.0,7019350.0,382
2023-05-10 10:50:39,cu2404,cu2404,66870.0,0.0,0.0,0.0,31,66850.0,66880.0,2,66700.0,66640.0,66910.0,66640.0,21.0,7019350.0,382
2023-05-10 10:50:40,cu2404,cu2404,66870.0,0.0,0.0,0.0,31,66850.0,66880.0,2,66700.0,66640.0,66910.0,66640.0,21.0,7019350.0,382
2023-05-10 10:50:44,cu2404,cu2404,66870.0,0.0,0.0,0.0,31,66850.0,66880.0,1,66700.0,66640.0,66910.0,66640.0,21.0,7019350.0,382
2023-05-10 10:51:14,cu2404,cu2404,66870.0,0.0,0.0,0.0,31,66850.0,66880.0,2,66700.0,66640.0,66910.0,66640.0,21.0,7019350.0,382
2023-05-10 10:51:14,cu2404,cu2404,66870.0,0.0,0.0,0.0,31,66850.0,66880.0,1,66700.0,66640.0,66910.0,66640.0,21.0,7019350.0,382
2023-05-10 10:51:18,cu2404,cu2404,66870.0,0.0,0.0,0.0,31,66850.0,66880.0,2,66700.0,66640.0,66910.0,66640.0,21.0,7019350.0,382
2023-05-10 10:51:25,cu2404,cu2404,66870.0,0.0,0.0,0.0,31,66850.0,66880.0,1,66700.0,66640.0,66910.0,66640.0,21.0,7019350.0,382
2023-05-10 10:51:31,cu2404,cu2404,66870.0,0.0,0.0,0.0,31,66850.0,66880.0,1,66700.0,66640.0,66910.0,66640.0,21.0,7019350.0,382
2023-05-10 10:51:32,cu2404,cu2404,66870.0,0.0,0.0,0.0,31,66850.0,66880.0,1,66700.0,66640.0,66910.0,66640.0,21.0,7019350.0,382
2023-05-10 10:51:33,cu2404,cu2404,66870.0,0.0,0.0,0.0,31,66850.0,66880.0,2,66700.0,66640.0,66910.0,66640.0,21.0,7019350.0,382
2023-05-10 10:51:58,cu2404,cu2404,66870.0,0.0,0.0,0.0,31,66850.0,66870.0,1,66700.0,66640.0,66910.0,66640.0,21.0,7019350.0,382
2023-05-10 10:52:08,cu2404,cu2404,66870.0,0.0,0.0,0.0,31,66850.0,66880.0,1,66700.0,66640.0,66910.0,66640.0,21.0,7019350.0,382
2023-05-10 10:52:09,cu2404,cu2404,66870.0,0.0,0.0,0.0,31,66850.0,66880.0,2,66700.0,66640.0,66910.0,66640.0,21.0,7019350.0,382
2023-05-10 10:52:09,cu2404,cu2404,66870.0,0.0,0.0,0.0,31,66850.0,66880.0,1,66700.0,66640.0,66910.0,66640.0,21.0,7019350.0,382
2023-05-10 10:52:13,cu2404,cu2404,66870.0,0.0,0.0,0.0,31,66850.0,66880.0,2,66700.0,66640.0,66910.0,66640.0,21.0,7019350.0,382
2023-05-10 10:52:28,cu2404,cu2404,66870.0,0.0,0.0,0.0,31,66850.0,66870.0,1,66700.0,66640.0,66910.0,66640.0,21.0,7019350.0,382
2023-05-10 10:52:29,cu2404,cu2404,66870.0,0.0,0.0,0.0,31,66850.0,66880.0,1,66700.0,66640.0,66910.0,66640.0,21.0,7019350.0,382
2023-05-10 10:52:29,cu2404,cu2404,66870.0,0.0,0.0,0.0,31,66850.0,66880.0,2,66700.0,66640.0,66910.0,66640.0,21.0,7019350.0,382
2023-05-10 10:52:34,cu2404,cu2404,66870.0,0.0,0.0,0.0,31,66850.0,66880.0,1,66700.0,66640.0,66910.0,66640.0,21.0,7019350.0,382
2023-05-10 10:52:55,cu2404,cu2404,66870.0,0.0,0.0,0.0,31,66850.0,66880.0,1,66700.0,66640.0,66910.0,66640.0,21.0,7019350.0,382
2023-05-10 10:52:55,cu2404,cu2404,66870.0,0.0,0.0,0.0,31,66850.0,66880.0,1,66700.0,66640.0,66910.0,66640.0,21.0,7019350.0,382
2023-05-10 10:53:09,cu2404,cu2404,66870.0,0.0,0.0,0.0,31,66850.0,66940.0,1,66700.0,66640.0,66910.0,66640.0,21.0,7019350.0,382
2023-05-10 10:53:09,cu2404,cu2404,66870.0,0.0,0.0,0.0,31,66850.0,66930.0,6,66700.0,66640.0,66910.0,66640.0,21.0,7019350.0,382
2023-05-10 10:53:10,cu2404,cu2404,66870.0,0.0,0.0,0.0,31,66850.0,66920.0,6,66700.0,66640.0,66910.0,66640.0,21.0,7019350.0,382
2023-05-10 10:53:10,cu2404,cu2404,66870.0,0.0,0.0,0.0,31,66850.0,66910.0,1,66700.0,66640.0,66910.0,66640.0,21.0,7019350.0,382
2023-05-10 10:53:11,cu2404,cu2404,66870.0,0.0,0.0,0.0,31,66850.0,66910.0,1,66700.0,66640.0,66910.0,66640.0,21.0,7019350.0,382
2023-05-10 10:53:11,cu2404,cu2404,66870.0,0.0,0.0,0.0,31,66850.0,66890.0,1,66700.0,66640.0,66910.0,66640.0,21.0,7019350.0,382
2023-05-10 10:53:12,cu2404,cu2404,66870.0,0.0,0.0,0.0,31,66850.0,66890.0,2,66700.0,66640.0,66910.0,66640.0,21.0,7019350.0,382
2023-05-10 10:53:51,cu2404,cu2404,66870.0,0.0,0.0,0.0,31,66850.0,66880.0,1,66700.0,66640.0,66910.0,66640.0,21.0,7019350.0,382
2023-05-10 10:53:52,cu2404,cu2404,66870.0,0.0,0.0,0.0,31,66850.0,66940.0,1,66700.0,66640.0,66910.0,66640.0,21.0,7019350.0,382
2023-05-10 10:53:53,cu2404,cu2404,66870.0,0.0,0.0,0.0,31,66850.0,66880.0,1,66700.0,66640.0,66910.0,66640.0,21.0,7019350.0,382
2023-05-10 10:53:53,cu2404,cu2404,66870.0,0.0,0.0,0.0,31,66850.0,66940.0,1,66700.0,66640.0,66910.0,66640.0,21.0,7019350.0,382
2023-05-10 10:53:54,cu2404,cu2404,66870.0,0.0,0.0,0.0,31,66850.0,66930.0,2,66700.0,66640.0,66910.0,66640.0,21.0,7019350.0,382
2023-05-10 10:53:54,cu2404,cu2404,66870.0,0.0,0.0,0.0,31,66850.0,66920.0,5,66700.0,66640.0,66910.0,66640.0,21.0,7019350.0,382
2023-05-10 10:53:55,cu2404,cu2404,66870.0,0.0,0.0,0.0,31,66850.0,66910.0,1,66700.0,66640.0,66910.0,66640.0,21.0,7019350.0,382
2023-05-10 10:53:55,cu2404,cu2404,66870.0,0.0,0.0,0.0,31,66850.0,66910.0,1,66700.0,66640.0,66910.0,66640.0,21.0,7019350.0,382
2023-05-10 10:53:56,cu2404,cu2404,66870.0,0.0,0.0,0.0,31,66850.0,66900.0,1,66700.0,66640.0,66910.0,66640.0,21.0,7019350.0,382
2023-05-10 10:53:56,cu2404,cu2404,66870.0,0.0,0.0,0.0,31,66850.0,66890.0,1,66700.0,66640.0,66910.0,66640.0,21.0,7019350.0,382
2023-05-10 10:53:59,cu2404,cu2404,66870.0,0.0,0.0,0.0,31,66850.0,66890.0,1,66700.0,66640.0,66910.0,66640.0,21.0,7019350.0,382
2023-05-10 10:54:07,cu2404,cu2404,66870.0,0.0,0.0,0.0,31,66850.0,66890.0,1,66700.0,66640.0,66910.0,66640.0,21.0,7019350.0,382
2023-05-10 10:54:07,cu2404,cu2404,66870.0,0.0,0.0,0.0,31,66850.0,66880.0,1,66700.0,66640.0,66910.0,66640.0,21.0,7019350.0,382
2023-05-10 10:54:08,cu2404,cu2404,66870.0,0.0,0.0,0.0,31,66850.0,66880.0,1,66700.0,66640.0,66910.0,66640.0,21.0,7019350.0,382
2023-05-10 10:54:11,cu2404,cu2404,66870.0,0.0,0.0,0.0,31,66850.0,66940.0,1,66700.0,66640.0,66910.0,66640.0,21.0,7019350.0,382
2023-05-10 10:54:12,cu2404,cu2404,66870.0,0.0,0.0,0.0,31,66850.0,66930.0,7,66700.0,66640.0,66910.0,66640.0,21.0,7019350.0,382
2023-05-10 10:54:12,cu2404,cu2404,66870.0,0.0,0.0,0.0,31,66850.0,66920.0,3,66700.0,66640.0,66910.0,66640.0,21.0,7019350.0,382
2023-05-10 10:54:13,cu2404,cu2404,66870.0,0.0,0.0,0.0,31,66850.0,66910.0,1,66700.0,66640.0,66910.0,66640.0,21.0,7019350.0,382
2023-05-10 10:54:13,cu2404,cu2404,66870.0,0.0,0.0,0.0,31,66850.0,66910.0,1,66700.0,66640.0,66910.0,66640.0,21.0,7019350.0,382
2023-05-10 10:54:14,cu2404,cu2404,66870.0,0.0,0.0,0.0,31,66850.0,66890.0,1,66700.0,66640.0,66910.0,66640.0,21.0,7019350.0,382
2023-05-10 10:54:14,cu2404,cu2404,66870.0,0.0,0.0,0.0,31,66850.0,66890.0,2,66700.0,66640.0,66910.0,66640.0,21.0,7019350.0,382
2023-05-10 10:54:17,cu2404,cu2404,66870.0,0.0,0.0,0.0,31,66850.0,66890.0,2,66700.0,66640.0,66910.0,66640.0,21.0,7019350.0,382
2023-05-10 10:55:08,cu2404,cu2404,66870.0,0.0,0.0,0.0,31,66850.0,66880.0,1,66700.0,66640.0,66910.0,66640.0,21.0,7019350.0,382
2023-05-10 10:55:09,cu2404,cu2404,66870.0,0.0,0.0,0.0,31,66850.0,66880.0,1,66700.0,66640.0,66910.0,66640.0,21.0,7019350.0,382
2023-05-10 10:55:10,cu2404,cu2404,66870.0,0.0,0.0,0.0,31,66850.0,66880.0,2,66700.0,66640.0,66910.0,66640.0,21.0,7019350.0,382
2023-05-10 10:55:41,cu2404,cu2404,66870.0,0.0,0.0,0.0,31,66850.0,66880.0,1,66700.0,66640.0,66910.0,66640.0,21.0,7019350.0,382
2023-05-10 10:55:57,cu2404,cu2404,66870.0,0.0,0.0,0.0,31,66850.0,66880.0,2,66700.0,66640.0,66910.0,66640.0,21.0,7019350.0,382
2023-05-10 10:56:21,cu2404,cu2404,66870.0,0.0,0.0,0.0,31,66850.0,66880.0,1,66700.0,66640.0,66910.0,66640.0,21.0,7019350.0,382
2023-05-10 10:57:00,cu2404,cu2404,66870.0,0.0,0.0,0.0,31,66850.0,66880.0,2,66700.0,66640.0,66910.0,66640.0,21.0,7019350.0,382
2023-05-10 10:57:29,cu2404,cu2404,66870.0,0.0,0.0,0.0,31,66850.0,66880.0,1,66700.0,66640.0,66910.0,66640.0,21.0,7019350.0,382
2023-05-10 10:57:29,cu2404,cu2404,66870.0,0.0,0.0,0.0,32,66850.0,66880.0,1,66700.0,66640.0,66910.0,66640.0,21.0,7019350.0,382
2023-05-10 10:57:32,cu2404,cu2404,66870.0,0.0,0.0,0.0,31,66850.0,66880.0,1,66700.0,66640.0,66910.0,66640.0,21.0,7019350.0,382
2023-05-10 10:57:35,cu2404,cu2404,66870.0,0.0,0.0,0.0,31,66850.0,66880.0,2,66700.0,66640.0,66910.0,66640.0,21.0,7019350.0,382
2023-05-10 10:57:42,cu2404,cu2404,66870.0,0.0,0.0,0.0,31,66850.0,66870.0,1,66700.0,66640.0,66910.0,66640.0,21.0,7019350.0,382
2023-05-10 10:57:55,cu2404,cu2404,66870.0,0.0,0.0,0.0,31,66850.0,66880.0,1,66700.0,66640.0,66910.0,66640.0,21.0,7019350.0,382
2023-05-10 10:57:55,cu2404,cu2404,66870.0,0.0,0.0,0.0,31,66850.0,66880.0,2,66700.0,66640.0,66910.0,66640.0,21.0,7019350.0,382
2023-05-10 10:57:58,cu2404,cu2404,66870.0,0.0,0.0,0.0,31,66850.0,66880.0,2,66700.0,66640.0,66910.0,66640.0,21.0,7019350.0,382
2023-05-10 10:57:59,cu2404,cu2404,66870.0,0.0,0.0,0.0,31,66850.0,66880.0,2,66700.0,66640.0,66910.0,66640.0,21.0,7019350.0,382
2023-05-10 10:58:01,cu2404,cu2404,66870.0,0.0,0.0,0.0,31,66850.0,66870.0,1,66700.0,66640.0,66910.0,66640.0,21.0,7019350.0,382
2023-05-10 10:58:09,cu2404,cu2404,66870.0,0.0,0.0,0.0,31,66850.0,66870.0,1,66700.0,66640.0,66910.0,66640.0,21.0,7019350.0,382
2023-05-10 10:58:09,cu2404,cu2404,66870.0,0.0,0.0,0.0,31,66850.0,66870.0,1,66700.0,66640.0,66910.0,66640.0,21.0,7019350.0,382
2023-05-10 10:58:31,cu2404,cu2404,66870.0,0.0,0.0,0.0,31,66850.0,66870.0,1,66700.0,66640.0,66910.0,66640.0,21.0,7019350.0,382
2023-05-10 10:58:32,cu2404,cu2404,66870.0,0.0,0.0,0.0,31,66850.0,66870.0,2,66700.0,66640.0,66910.0,66640.0,21.0,7019350.0,382
2023-05-10 10:58:35,cu2404,cu2404,66850.0,1.0,334250.0,0.0,30,66850.0,66870.0,1,66700.0,66640.0,66910.0,66640.0,22.0,7353600.0,382
2023-05-10 10:58:35,cu2404,cu2404,66850.0,0.0,0.0,0.0,30,66850.0,66870.0,10,66700.0,66640.0,66910.0,66640.0,22.0,7353600.0,382
2023-05-10 10:58:43,cu2404,cu2404,66850.0,0.0,0.0,0.0,30,66850.0,66870.0,6,66700.0,66640.0,66910.0,66640.0,22.0,7353600.0,382
2023-05-10 10:58:44,cu2404,cu2404,66850.0,0.0,0.0,0.0,30,66850.0,66870.0,10,66700.0,66640.0,66910.0,66640.0,22.0,7353600.0,382
2023-05-10 10:58:45,cu2404,cu2404,66850.0,0.0,0.0,0.0,30,66850.0,66870.0,6,66700.0,66640.0,66910.0,66640.0,22.0,7353600.0,382
2023-05-10 10:58:45,cu2404,cu2404,66850.0,0.0,0.0,0.0,30,66850.0,66860.0,2,66700.0,66640.0,66910.0,66640.0,22.0,7353600.0,382
2023-05-10 10:58:46,cu2404,cu2404,66850.0,0.0,0.0,0.0,30,66850.0,66860.0,2,66700.0,66640.0,66910.0,66640.0,22.0,7353600.0,382
2023-05-10 10:58:46,cu2404,cu2404,66850.0,0.0,0.0,0.0,30,66850.0,66860.0,7,66700.0,66640.0,66910.0,66640.0,22.0,7353600.0,382
2023-05-10 10:58:47,cu2404,cu2404,66850.0,0.0,0.0,0.0,30,66850.0,66860.0,3,66700.0,66640.0,66910.0,66640.0,22.0,7353600.0,382
2023-05-10 10:58:47,cu2404,cu2404,66850.0,0.0,0.0,0.0,30,66850.0,66860.0,7,66700.0,66640.0,66910.0,66640.0,22.0,7353600.0,382
2023-05-10 10:58:48,cu2404,cu2404,66850.0,0.0,0.0,0.0,30,66850.0,66860.0,1,66700.0,66640.0,66910.0,66640.0,22.0,7353600.0,382
2023-05-10 10:58:48,cu2404,cu2404,66850.0,0.0,0.0,0.0,30,66850.0,66860.0,5,66700.0,66640.0,66910.0,66640.0,22.0,7353600.0,382
2023-05-10 10:58:49,cu2404,cu2404,66850.0,0.0,0.0,0.0,30,66850.0,66860.0,7,66700.0,66640.0,66910.0,66640.0,22.0,7353600.0,382
2023-05-10 10:58:49,cu2404,cu2404,66850.0,0.0,0.0,0.0,30,66850.0,66860.0,5,66700.0,66640.0,66910.0,66640.0,22.0,7353600.0,382
2023-05-10 10:58:50,cu2404,cu2404,66850.0,0.0,0.0,0.0,30,66850.0,66860.0,9,66700.0,66640.0,66910.0,66640.0,22.0,7353600.0,382
2023-05-10 10:58:51,cu2404,cu2404,66850.0,0.0,0.0,0.0,30,66850.0,66860.0,5,66700.0,66640.0,66910.0,66640.0,22.0,7353600.0,382
2023-05-10 10:58:51,cu2404,cu2404,66850.0,0.0,0.0,0.0,30,66850.0,66860.0,3,66700.0,66640.0,66910.0,66640.0,22.0,7353600.0,382
2023-05-10 10:58:52,cu2404,cu2404,66850.0,0.0,0.0,0.0,30,66850.0,66860.0,1,66700.0,66640.0,66910.0,66640.0,22.0,7353600.0,382
2023-05-10 10:58:53,cu2404,cu2404,66850.0,0.0,0.0,0.0,30,66850.0,66860.0,5,66700.0,66640.0,66910.0,66640.0,22.0,7353600.0,382
2023-05-10 10:58:54,cu2404,cu2404,66850.0,0.0,0.0,0.0,30,66850.0,66860.0,9,66700.0,66640.0,66910.0,66640.0,22.0,7353600.0,382
2023-05-10 10:58:55,cu2404,cu2404,66850.0,0.0,0.0,0.0,30,66850.0,66860.0,5,66700.0,66640.0,66910.0,66640.0,22.0,7353600.0,382
2023-05-10 10:58:55,cu2404,cu2404,66850.0,0.0,0.0,0.0,30,66850.0,66860.0,1,66700.0,66640.0,66910.0,66640.0,22.0,7353600.0,382
2023-05-10 10:58:58,cu2404,cu2404,66850.0,0.0,0.0,0.0,30,66850.0,66860.0,5,66700.0,66640.0,66910.0,66640.0,22.0,7353600.0,382
2023-05-10 10:58:59,cu2404,cu2404,66850.0,0.0,0.0,0.0,30,66850.0,66860.0,4,66700.0,66640.0,66910.0,66640.0,22.0,7353600.0,382
2023-05-10 10:59:00,cu2404,cu2404,66850.0,0.0,0.0,0.0,30,66850.0,66870.0,1,66700.0,66640.0,66910.0,66640.0,22.0,7353600.0,382
2023-05-10 10:59:09,cu2404,cu2404,66850.0,0.0,0.0,0.0,30,66850.0,66940.0,1,66700.0,66640.0,66910.0,66640.0,22.0,7353600.0,382
2023-05-10 10:59:10,cu2404,cu2404,66850.0,0.0,0.0,0.0,31,66850.0,66930.0,5,66700.0,66640.0,66910.0,66640.0,22.0,7353600.0,382
2023-05-10 10:59:10,cu2404,cu2404,66850.0,0.0,0.0,0.0,31,66850.0,66920.0,1,66700.0,66640.0,66910.0,66640.0,22.0,7353600.0,382
2023-05-10 10:59:11,cu2404,cu2404,66850.0,0.0,0.0,0.0,31,66850.0,66910.0,5,66700.0,66640.0,66910.0,66640.0,22.0,7353600.0,382
2023-05-10 10:59:11,cu2404,cu2404,66850.0,0.0,0.0,0.0,31,66850.0,66910.0,5,66700.0,66640.0,66910.0,66640.0,22.0,7353600.0,382
2023-05-10 10:59:12,cu2404,cu2404,66850.0,0.0,0.0,0.0,30,66850.0,66910.0,6,66700.0,66640.0,66910.0,66640.0,22.0,7353600.0,382
2023-05-10 10:59:12,cu2404,cu2404,66850.0,0.0,0.0,0.0,30,66850.0,66910.0,6,66700.0,66640.0,66910.0,66640.0,22.0,7353600.0,382
2023-05-10 10:59:13,cu2404,cu2404,66850.0,0.0,0.0,0.0,30,66850.0,66900.0,4,66700.0,66640.0,66910.0,66640.0,22.0,7353600.0,382
2023-05-10 10:59:13,cu2404,cu2404,66850.0,0.0,0.0,0.0,30,66850.0,66900.0,4,66700.0,66640.0,66910.0,66640.0,22.0,7353600.0,382
2023-05-10 10:59:14,cu2404,cu2404,66850.0,0.0,0.0,0.0,30,66850.0,66890.0,1,66700.0,66640.0,66910.0,66640.0,22.0,7353600.0,382
2023-05-10 10:59:14,cu2404,cu2404,66850.0,0.0,0.0,0.0,30,66850.0,66890.0,1,66700.0,66640.0,66910.0,66640.0,22.0,7353600.0,382
2023-05-10 10:59:17,cu2404,cu2404,66850.0,0.0,0.0,0.0,30,66850.0,66890.0,1,66700.0,66640.0,66910.0,66640.0,22.0,7353600.0,382
2023-05-10 10:59:28,cu2404,cu2404,66850.0,0.0,0.0,0.0,30,66850.0,66890.0,6,66700.0,66640.0,66910.0,66640.0,22.0,7353600.0,382
2023-05-10 10:59:31,cu2404,cu2404,66850.0,0.0,0.0,0.0,30,66850.0,66890.0,10,66700.0,66640.0,66910.0,66640.0,22.0,7353600.0,382
2023-05-10 10:59:33,cu2404,cu2404,66850.0,0.0,0.0,0.0,30,66850.0,66890.0,2,66700.0,66640.0,66910.0,66640.0,22.0,7353600.0,382
2023-05-10 10:59:35,cu2404,cu2404,66850.0,0.0,0.0,0.0,30,66850.0,66890.0,6,66700.0,66640.0,66910.0,66640.0,22.0,7353600.0,382
2023-05-10 10:59:35,cu2404,cu2404,66850.0,0.0,0.0,0.0,30,66850.0,66890.0,10,66700.0,66640.0,66910.0,66640.0,22.0,7353600.0,382
2023-05-10 10:59:41,cu2404,cu2404,66850.0,0.0,0.0,0.0,30,66850.0,66890.0,6,66700.0,66640.0,66910.0,66640.0,22.0,7353600.0,382
2023-05-10 10:59:41,cu2404,cu2404,66850.0,0.0,0.0,0.0,30,66850.0,66880.0,4,66700.0,66640.0,66910.0,66640.0,22.0,7353600.0,382
2023-05-10 10:59:42,cu2404,cu2404,66850.0,0.0,0.0,0.0,30,66850.0,66880.0,4,66700.0,66640.0,66910.0,66640.0,22.0,7353600.0,382
2023-05-10 10:59:42,cu2404,cu2404,66850.0,0.0,0.0,0.0,30,66850.0,66880.0,4,66700.0,66640.0,66910.0,66640.0,22.0,7353600.0,382
2023-05-10 10:59:43,cu2404,cu2404,66850.0,0.0,0.0,0.0,30,66850.0,66880.0,5,66700.0,66640.0,66910.0,66640.0,22.0,7353600.0,382
2023-05-10 10:59:47,cu2404,cu2404,66850.0,0.0,0.0,0.0,30,66850.0,66880.0,10,66700.0,66640.0,66910.0,66640.0,22.0,7353600.0,382
2023-05-10 10:59:47,cu2404,cu2404,66850.0,0.0,0.0,0.0,30,66850.0,66880.0,6,66700.0,66640.0,66910.0,66640.0,22.0,7353600.0,382
2023-05-10 10:59:49,cu2404,cu2404,66850.0,0.0,0.0,0.0,30,66850.0,66880.0,10,66700.0,66640.0,66910.0,66640.0,22.0,7353600.0,382
2023-05-10 10:59:50,cu2404,cu2404,66850.0,0.0,0.0,0.0,30,66850.0,66880.0,6,66700.0,66640.0,66910.0,66640.0,22.0,7353600.0,382
2023-05-10 10:59:52,cu2404,cu2404,66850.0,0.0,0.0,0.0,30,66850.0,66880.0,2,66700.0,66640.0,66910.0,66640.0,22.0,7353600.0,382
2023-05-10 10:59:54,cu2404,cu2404,66850.0,0.0,0.0,0.0,30,66850.0,66880.0,6,66700.0,66640.0,66910.0,66640.0,22.0,7353600.0,382
2023-05-10 10:59:55,cu2404,cu2404,66850.0,0.0,0.0,0.0,30,66850.0,66880.0,10,66700.0,66640.0,66910.0,66640.0,22.0,7353600.0,382
2023-05-10 10:59:57,cu2404,cu2404,66850.0,0.0,0.0,0.0,30,66850.0,66880.0,6,66700.0,66640.0,66910.0,66640.0,22.0,7353600.0,382
2023-05-10 10:59:57,cu2404,cu2404,66850.0,0.0,0.0,0.0,30,66850.0,66880.0,2,66700.0,66640.0,66910.0,66640.0,22.0,7353600.0,382
2023-05-10 11:00:00,cu2404,cu2404,66850.0,0.0,0.0,0.0,30,66850.0,66880.0,6,66700.0,66640.0,66910.0,66640.0,22.0,7353600.0,382
2023-05-10 11:00:02,cu2404,cu2404,66850.0,0.0,0.0,0.0,30,66850.0,66880.0,10,66700.0,66640.0,66910.0,66640.0,22.0,7353600.0,382
2023-05-10 11:00:02,cu2404,cu2404,66850.0,0.0,0.0,0.0,30,66850.0,66880.0,6,66700.0,66640.0,66910.0,66640.0,22.0,7353600.0,382
2023-05-10 11:00:03,cu2404,cu2404,66850.0,0.0,0.0,0.0,30,66850.0,66880.0,10,66700.0,66640.0,66910.0,66640.0,22.0,7353600.0,382
2023-05-10 11:00:03,cu2404,cu2404,66850.0,0.0,0.0,0.0,30,66850.0,66880.0,6,66700.0,66640.0,66910.0,66640.0,22.0,7353600.0,382
2023-05-10 11:00:04,cu2404,cu2404,66850.0,0.0,0.0,0.0,30,66850.0,66880.0,2,66700.0,66640.0,66910.0,66640.0,22.0,7353600.0,382
2023-05-10 11:00:04,cu2404,cu2404,66850.0,0.0,0.0,0.0,30,66850.0,66880.0,2,66700.0,66640.0,66910.0,66640.0,22.0,7353600.0,382
2023-05-10 11:00:05,cu2404,cu2404,66850.0,0.0,0.0,0.0,30,66850.0,66880.0,2,66700.0,66640.0,66910.0,66640.0,22.0,7353600.0,382
2023-05-10 11:00:13,cu2404,cu2404,66850.0,0.0,0.0,0.0,30,66850.0,66880.0,1,66700.0,66640.0,66910.0,66640.0,22.0,7353600.0,382
2023-05-10 11:00:28,cu2404,cu2404,66850.0,0.0,0.0,0.0,30,66850.0,66940.0,1,66700.0,66640.0,66910.0,66640.0,22.0,7353600.0,382
2023-05-10 11:00:28,cu2404,cu2404,66850.0,0.0,0.0,0.0,30,66850.0,66930.0,7,66700.0,66640.0,66910.0,66640.0,22.0,7353600.0,382
2023-05-10 11:00:29,cu2404,cu2404,66850.0,0.0,0.0,0.0,30,66850.0,66920.0,5,66700.0,66640.0,66910.0,66640.0,22.0,7353600.0,382
2023-05-10 11:00:29,cu2404,cu2404,66850.0,0.0,0.0,0.0,30,66850.0,66920.0,6,66700.0,66640.0,66910.0,66640.0,22.0,7353600.0,382
2023-05-10 11:00:30,cu2404,cu2404,66850.0,0.0,0.0,0.0,30,66850.0,66920.0,6,66700.0,66640.0,66910.0,66640.0,22.0,7353600.0,382
2023-05-10 11:00:30,cu2404,cu2404,66850.0,0.0,0.0,0.0,30,66850.0,66900.0,1,66700.0,66640.0,66910.0,66640.0,22.0,7353600.0,382
2023-05-10 11:00:31,cu2404,cu2404,66850.0,0.0,0.0,0.0,30,66850.0,66900.0,1,66700.0,66640.0,66910.0,66640.0,22.0,7353600.0,382
2023-05-10 11:00:31,cu2404,cu2404,66850.0,0.0,0.0,0.0,30,66850.0,66890.0,4,66700.0,66640.0,66910.0,66640.0,22.0,7353600.0,382
2023-05-10 11:00:32,cu2404,cu2404,66850.0,0.0,0.0,0.0,30,66850.0,66890.0,4,66700.0,66640.0,66910.0,66640.0,22.0,7353600.0,382
2023-05-10 11:00:32,cu2404,cu2404,66850.0,0.0,0.0,0.0,30,66850.0,66880.0,1,66700.0,66640.0,66910.0,66640.0,22.0,7353600.0,382
2023-05-10 11:00:34,cu2404,cu2404,66850.0,0.0,0.0,0.0,30,66850.0,66880.0,1,66700.0,66640.0,66910.0,66640.0,22.0,7353600.0,382
2023-05-10 11:01:00,cu2404,cu2404,66850.0,0.0,0.0,0.0,30,66850.0,66880.0,1,66700.0,66640.0,66910.0,66640.0,22.0,7353600.0,382
2023-05-10 11:01:02,cu2404,cu2404,66850.0,0.0,0.0,0.0,31,66850.0,66880.0,1,66700.0,66640.0,66910.0,66640.0,22.0,7353600.0,382
2023-05-10 11:01:05,cu2404,cu2404,66850.0,0.0,0.0,0.0,30,66850.0,66880.0,1,66700.0,66640.0,66910.0,66640.0,22.0,7353600.0,382
2023-05-10 11:01:32,cu2404,cu2404,66850.0,0.0,0.0,0.0,30,66850.0,66940.0,1,66700.0,66640.0,66910.0,66640.0,22.0,7353600.0,382
2023-05-10 11:01:33,cu2404,cu2404,66850.0,0.0,0.0,0.0,30,66850.0,66880.0,1,66700.0,66640.0,66910.0,66640.0,22.0,7353600.0,382
2023-05-10 11:01:33,cu2404,cu2404,66850.0,0.0,0.0,0.0,30,66850.0,66880.0,1,66700.0,66640.0,66910.0,66640.0,22.0,7353600.0,382
2023-05-10 11:01:34,cu2404,cu2404,66850.0,0.0,0.0,0.0,30,66850.0,66880.0,2,66700.0,66640.0,66910.0,66640.0,22.0,7353600.0,382
2023-05-10 11:01:36,cu2404,cu2404,66850.0,0.0,0.0,0.0,30,66850.0,66880.0,2,66700.0,66640.0,66910.0,66640.0,22.0,7353600.0,382
2023-05-10 11:01:36,cu2404,cu2404,66850.0,0.0,0.0,0.0,30,66850.0,66880.0,6,66700.0,66640.0,66910.0,66640.0,22.0,7353600.0,382
2023-05-10 11:01:46,cu2404,cu2404,66850.0,0.0,0.0,0.0,30,66850.0,66880.0,11,66700.0,66640.0,66910.0,66640.0,22.0,7353600.0,382
2023-05-10 11:01:48,cu2404,cu2404,66850.0,0.0,0.0,0.0,30,66850.0,66880.0,7,66700.0,66640.0,66910.0,66640.0,22.0,7353600.0,382
2023-05-10 11:01:49,cu2404,cu2404,66850.0,0.0,0.0,0.0,30,66850.0,66880.0,11,66700.0,66640.0,66910.0,66640.0,22.0,7353600.0,382
2023-05-10 11:01:49,cu2404,cu2404,66850.0,0.0,0.0,0.0,30,66850.0,66880.0,7,66700.0,66640.0,66910.0,66640.0,22.0,7353600.0,382
2023-05-10 11:01:51,cu2404,cu2404,66850.0,0.0,0.0,0.0,30,66850.0,66880.0,6,66700.0,66640.0,66910.0,66640.0,22.0,7353600.0,382
2023-05-10 11:01:55,cu2404,cu2404,66850.0,0.0,0.0,0.0,30,66850.0,66880.0,11,66700.0,66640.0,66910.0,66640.0,22.0,7353600.0,382
2023-05-10 11:01:56,cu2404,cu2404,66850.0,0.0,0.0,0.0,30,66850.0,66880.0,7,66700.0,66640.0,66910.0,66640.0,22.0,7353600.0,382
2023-05-10 11:01:57,cu2404,cu2404,66850.0,0.0,0.0,0.0,30,66850.0,66880.0,6,66700.0,66640.0,66910.0,66640.0,22.0,7353600.0,382
2023-05-10 11:02:18,cu2404,cu2404,66850.0,0.0,0.0,0.0,30,66850.0,66880.0,4,66700.0,66640.0,66910.0,66640.0,22.0,7353600.0,382
2023-05-10 11:02:19,cu2404,cu2404,66850.0,0.0,0.0,0.0,30,66850.0,66880.0,1,66700.0,66640.0,66910.0,66640.0,22.0,7353600.0,382
2023-05-10 11:02:28,cu2404,cu2404,66850.0,0.0,0.0,0.0,30,66850.0,66880.0,5,66700.0,66640.0,66910.0,66640.0,22.0,7353600.0,382
2023-05-10 11:02:29,cu2404,cu2404,66850.0,0.0,0.0,0.0,30,66850.0,66880.0,6,66700.0,66640.0,66910.0,66640.0,22.0,7353600.0,382
2023-05-10 11:02:29,cu2404,cu2404,66850.0,0.0,0.0,0.0,30,66850.0,66880.0,5,66700.0,66640.0,66910.0,66640.0,22.0,7353600.0,382
2023-05-10 11:02:35,cu2404,cu2404,66850.0,0.0,0.0,0.0,30,66850.0,66880.0,1,66700.0,66640.0,66910.0,66640.0,22.0,7353600.0,382
2023-05-10 11:02:40,cu2404,cu2404,66850.0,0.0,0.0,0.0,30,66850.0,66880.0,5,66700.0,66640.0,66910.0,66640.0,22.0,7353600.0,382
2023-05-10 11:02:45,cu2404,cu2404,66850.0,0.0,0.0,0.0,30,66850.0,66880.0,1,66700.0,66640.0,66910.0,66640.0,22.0,7353600.0,382
2023-05-10 11:02:47,cu2404,cu2404,66850.0,0.0,0.0,0.0,30,66850.0,66940.0,1,66700.0,66640.0,66910.0,66640.0,22.0,7353600.0,382
2023-05-10 11:02:47,cu2404,cu2404,66850.0,0.0,0.0,0.0,31,66850.0,66930.0,6,66700.0,66640.0,66910.0,66640.0,22.0,7353600.0,382
2023-05-10 11:02:48,cu2404,cu2404,66850.0,0.0,0.0,0.0,30,66850.0,66920.0,5,66700.0,66640.0,66910.0,66640.0,22.0,7353600.0,382
2023-05-10 11:02:48,cu2404,cu2404,66850.0,0.0,0.0,0.0,30,66850.0,66920.0,7,66700.0,66640.0,66910.0,66640.0,22.0,7353600.0,382
2023-05-10 11:02:52,cu2404,cu2404,66850.0,0.0,0.0,0.0,30,66850.0,66920.0,7,66700.0,66640.0,66910.0,66640.0,22.0,7353600.0,382
2023-05-10 11:02:52,cu2404,cu2404,66850.0,0.0,0.0,0.0,30,66850.0,66910.0,4,66700.0,66640.0,66910.0,66640.0,22.0,7353600.0,382
2023-05-10 11:02:53,cu2404,cu2404,66850.0,0.0,0.0,0.0,30,66850.0,66910.0,4,66700.0,66640.0,66910.0,66640.0,22.0,7353600.0,382
2023-05-10 11:02:53,cu2404,cu2404,66850.0,0.0,0.0,0.0,30,66850.0,66890.0,1,66700.0,66640.0,66910.0,66640.0,22.0,7353600.0,382
2023-05-10 11:02:54,cu2404,cu2404,66850.0,0.0,0.0,0.0,30,66850.0,66890.0,1,66700.0,66640.0,66910.0,66640.0,22.0,7353600.0,382
2023-05-10 11:02:58,cu2404,cu2404,66850.0,0.0,0.0,0.0,30,66850.0,66890.0,1,66700.0,66640.0,66910.0,66640.0,22.0,7353600.0,382
2023-05-10 11:02:58,cu2404,cu2404,66850.0,0.0,0.0,0.0,30,66850.0,66890.0,5,66700.0,66640.0,66910.0,66640.0,22.0,7353600.0,382
2023-05-10 11:03:07,cu2404,cu2404,66850.0,0.0,0.0,0.0,31,66850.0,66890.0,5,66700.0,66640.0,66910.0,66640.0,22.0,7353600.0,382
2023-05-10 11:03:08,cu2404,cu2404,66850.0,0.0,0.0,0.0,31,66850.0,66890.0,1,66700.0,66640.0,66910.0,66640.0,22.0,7353600.0,382
2023-05-10 11:03:12,cu2404,cu2404,66850.0,0.0,0.0,0.0,1,66860.0,66890.0,1,66700.0,66640.0,66910.0,66640.0,22.0,7353600.0,382
2023-05-10 11:03:12,cu2404,cu2404,66850.0,0.0,0.0,0.0,30,66850.0,66890.0,1,66700.0,66640.0,66910.0,66640.0,22.0,7353600.0,382
2023-05-10 11:03:13,cu2404,cu2404,66850.0,0.0,0.0,0.0,31,66850.0,66890.0,1,66700.0,66640.0,66910.0,66640.0,22.0,7353600.0,382
2023-05-10 11:03:39,cu2404,cu2404,66850.0,0.0,0.0,0.0,30,66850.0,66890.0,1,66700.0,66640.0,66910.0,66640.0,22.0,7353600.0,382
2023-05-10 11:03:40,cu2404,cu2404,66850.0,0.0,0.0,0.0,31,66850.0,66890.0,1,66700.0,66640.0,66910.0,66640.0,22.0,7353600.0,382
2023-05-10 11:03:40,cu2404,cu2404,66850.0,0.0,0.0,0.0,30,66850.0,66890.0,1,66700.0,66640.0,66910.0,66640.0,22.0,7353600.0,382
2023-05-10 11:03:46,cu2404,cu2404,66850.0,0.0,0.0,0.0,31,66850.0,66890.0,1,66700.0,66640.0,66910.0,66640.0,22.0,7353600.0,382
2023-05-10 11:03:46,cu2404,cu2404,66850.0,0.0,0.0,0.0,30,66850.0,66890.0,1,66700.0,66640.0,66910.0,66640.0,22.0,7353600.0,382
2023-05-10 11:03:49,cu2404,cu2404,66850.0,0.0,0.0,0.0,30,66850.0,66890.0,5,66700.0,66640.0,66910.0,66640.0,22.0,7353600.0,382
2023-05-10 11:03:56,cu2404,cu2404,66850.0,0.0,0.0,0.0,30,66850.0,66890.0,10,66700.0,66640.0,66910.0,66640.0,22.0,7353600.0,382
2023-05-10 11:03:56,cu2404,cu2404,66850.0,0.0,0.0,0.0,30,66850.0,66890.0,11,66700.0,66640.0,66910.0,66640.0,22.0,7353600.0,382
2023-05-10 11:04:08,cu2404,cu2404,66850.0,0.0,0.0,0.0,30,66850.0,66890.0,7,66700.0,66640.0,66910.0,66640.0,22.0,7353600.0,382
2023-05-10 11:04:12,cu2404,cu2404,66850.0,0.0,0.0,0.0,30,66850.0,66890.0,11,66700.0,66640.0,66910.0,66640.0,22.0,7353600.0,382
2023-05-10 11:04:13,cu2404,cu2404,66850.0,0.0,0.0,0.0,30,66850.0,66890.0,7,66700.0,66640.0,66910.0,66640.0,22.0,7353600.0,382
2023-05-10 11:04:13,cu2404,cu2404,66850.0,0.0,0.0,0.0,30,66850.0,66890.0,6,66700.0,66640.0,66910.0,66640.0,22.0,7353600.0,382
2023-05-10 11:04:20,cu2404,cu2404,66850.0,0.0,0.0,0.0,30,66850.0,66890.0,6,66700.0,66640.0,66910.0,66640.0,22.0,7353600.0,382
2023-05-10 11:04:21,cu2404,cu2404,66850.0,0.0,0.0,0.0,30,66850.0,66890.0,6,66700.0,66640.0,66910.0,66640.0,22.0,7353600.0,382
2023-05-10 11:04:23,cu2404,cu2404,66850.0,0.0,0.0,0.0,30,66850.0,66890.0,2,66700.0,66640.0,66910.0,66640.0,22.0,7353600.0,382
2023-05-10 11:04:24,cu2404,cu2404,66850.0,0.0,0.0,0.0,30,66850.0,66880.0,4,66700.0,66640.0,66910.0,66640.0,22.0,7353600.0,382
2023-05-10 11:04:24,cu2404,cu2404,66850.0,0.0,0.0,0.0,30,66850.0,66880.0,4,66700.0,66640.0,66910.0,66640.0,22.0,7353600.0,382
2023-05-10 11:04:25,cu2404,cu2404,66850.0,0.0,0.0,0.0,30,66850.0,66880.0,4,66700.0,66640.0,66910.0,66640.0,22.0,7353600.0,382
2023-05-10 11:04:25,cu2404,cu2404,66850.0,0.0,0.0,0.0,30,66850.0,66880.0,5,66700.0,66640.0,66910.0,66640.0,22.0,7353600.0,382
2023-05-10 11:04:34,cu2404,cu2404,66850.0,0.0,0.0,0.0,30,66850.0,66880.0,10,66700.0,66640.0,66910.0,66640.0,22.0,7353600.0,382
2023-05-10 11:04:35,cu2404,cu2404,66850.0,0.0,0.0,0.0,30,66850.0,66880.0,11,66700.0,66640.0,66910.0,66640.0,22.0,7353600.0,382
2023-05-10 11:04:40,cu2404,cu2404,66850.0,0.0,0.0,0.0,30,66850.0,66880.0,10,66700.0,66640.0,66910.0,66640.0,22.0,7353600.0,382
2023-05-10 11:04:42,cu2404,cu2404,66850.0,0.0,0.0,0.0,30,66850.0,66880.0,11,66700.0,66640.0,66910.0,66640.0,22.0,7353600.0,382
2023-05-10 11:04:56,cu2404,cu2404,66850.0,0.0,0.0,0.0,30,66850.0,66880.0,7,66700.0,66640.0,66910.0,66640.0,22.0,7353600.0,382
2023-05-10 11:04:57,cu2404,cu2404,66850.0,0.0,0.0,0.0,30,66850.0,66880.0,10,66700.0,66640.0,66910.0,66640.0,22.0,7353600.0,382
2023-05-10 11:04:57,cu2404,cu2404,66850.0,0.0,0.0,0.0,30,66850.0,66880.0,11,66700.0,66640.0,66910.0,66640.0,22.0,7353600.0,382
2023-05-10 11:05:01,cu2404,cu2404,66850.0,0.0,0.0,0.0,30,66850.0,66880.0,7,66700.0,66640.0,66910.0,66640.0,22.0,7353600.0,382
2023-05-10 11:05:02,cu2404,cu2404,66850.0,0.0,0.0,0.0,30,66850.0,66880.0,11,66700.0,66640.0,66910.0,66640.0,22.0,7353600.0,382
2023-05-10 11:05:03,cu2404,cu2404,66850.0,0.0,0.0,0.0,30,66850.0,66880.0,10,66700.0,66640.0,66910.0,66640.0,22.0,7353600.0,382
2023-05-10 11:05:03,cu2404,cu2404,66850.0,0.0,0.0,0.0,30,66850.0,66880.0,6,66700.0,66640.0,66910.0,66640.0,22.0,7353600.0,382
2023-05-10 11:05:19,cu2404,cu2404,66850.0,0.0,0.0,0.0,30,66850.0,66880.0,4,66700.0,66640.0,66910.0,66640.0,22.0,7353600.0,382
2023-05-10 11:05:20,cu2404,cu2404,66850.0,0.0,0.0,0.0,30,66850.0,66880.0,3,66700.0,66640.0,66910.0,66640.0,22.0,7353600.0,382
2023-05-10 11:05:34,cu2404,cu2404,66850.0,0.0,0.0,0.0,30,66850.0,66880.0,2,66700.0,66640.0,66910.0,66640.0,22.0,7353600.0,382
2023-05-10 11:05:57,cu2404,cu2404,66850.0,2.0,668500.0,2.0,28,66850.0,66880.0,2,66700.0,66640.0,66910.0,66640.0,24.0,8022100.0,384
2023-05-10 11:05:57,cu2404,cu2404,66850.0,0.0,0.0,0.0,28,66850.0,66880.0,1,66700.0,66640.0,66910.0,66640.0,24.0,8022100.0,384
2023-05-10 11:06:16,cu2404,cu2404,66850.0,0.0,0.0,0.0,28,66850.0,66880.0,2,66700.0,66640.0,66910.0,66640.0,24.0,8022100.0,384
2023-05-10 11:06:17,cu2404,cu2404,66850.0,0.0,0.0,0.0,28,66850.0,66880.0,6,66700.0,66640.0,66910.0,66640.0,24.0,8022100.0,384
2023-05-10 11:06:22,cu2404,cu2404,66850.0,0.0,0.0,0.0,28,66850.0,66880.0,2,66700.0,66640.0,66910.0,66640.0,24.0,8022100.0,384
2023-05-10 11:06:24,cu2404,cu2404,66850.0,0.0,0.0,0.0,28,66850.0,66880.0,6,66700.0,66640.0,66910.0,66640.0,24.0,8022100.0,384
2023-05-10 11:06:28,cu2404,cu2404,66850.0,0.0,0.0,0.0,28,66850.0,66880.0,2,66700.0,66640.0,66910.0,66640.0,24.0,8022100.0,384
2023-05-10 11:06:28,cu2404,cu2404,66850.0,0.0,0.0,0.0,28,66850.0,66880.0,3,66700.0,66640.0,66910.0,66640.0,24.0,8022100.0,384
2023-05-10 11:06:29,cu2404,cu2404,66850.0,0.0,0.0,0.0,28,66850.0,66880.0,7,66700.0,66640.0,66910.0,66640.0,24.0,8022100.0,384
2023-05-10 11:06:38,cu2404,cu2404,66850.0,0.0,0.0,0.0,28,66850.0,66880.0,3,66700.0,66640.0,66910.0,66640.0,24.0,8022100.0,384
2023-05-10 11:06:38,cu2404,cu2404,66850.0,0.0,0.0,0.0,28,66850.0,66880.0,7,66700.0,66640.0,66910.0,66640.0,24.0,8022100.0,384
2023-05-10 11:06:42,cu2404,cu2404,66850.0,0.0,0.0,0.0,28,66850.0,66880.0,3,66700.0,66640.0,66910.0,66640.0,24.0,8022100.0,384
2023-05-10 11:06:43,cu2404,cu2404,66850.0,0.0,0.0,0.0,28,66850.0,66870.0,4,66700.0,66640.0,66910.0,66640.0,24.0,8022100.0,384
2023-05-10 11:06:43,cu2404,cu2404,66850.0,0.0,0.0,0.0,28,66850.0,66870.0,4,66700.0,66640.0,66910.0,66640.0,24.0,8022100.0,384
2023-05-10 11:06:44,cu2404,cu2404,66850.0,0.0,0.0,0.0,28,66850.0,66870.0,4,66700.0,66640.0,66910.0,66640.0,24.0,8022100.0,384
2023-05-10 11:06:44,cu2404,cu2404,66850.0,0.0,0.0,0.0,28,66850.0,66870.0,5,66700.0,66640.0,66910.0,66640.0,24.0,8022100.0,384
2023-05-10 11:06:45,cu2404,cu2404,66850.0,0.0,0.0,0.0,28,66850.0,66870.0,1,66700.0,66640.0,66910.0,66640.0,24.0,8022100.0,384
2023-05-10 11:06:46,cu2404,cu2404,66850.0,0.0,0.0,0.0,28,66850.0,66870.0,2,66700.0,66640.0,66910.0,66640.0,24.0,8022100.0,384
2023-05-10 11:06:47,cu2404,cu2404,66850.0,0.0,0.0,0.0,28,66850.0,66870.0,6,66700.0,66640.0,66910.0,66640.0,24.0,8022100.0,384
2023-05-10 11:06:50,cu2404,cu2404,66850.0,0.0,0.0,0.0,28,66850.0,66870.0,2,66700.0,66640.0,66910.0,66640.0,24.0,8022100.0,384
2023-05-10 11:07:09,cu2404,cu2404,66850.0,0.0,0.0,0.0,28,66850.0,66870.0,6,66700.0,66640.0,66910.0,66640.0,24.0,8022100.0,384
2023-05-10 11:07:11,cu2404,cu2404,66850.0,0.0,0.0,0.0,28,66850.0,66870.0,2,66700.0,66640.0,66910.0,66640.0,24.0,8022100.0,384
2023-05-10 11:07:15,cu2404,cu2404,66850.0,0.0,0.0,0.0,28,66850.0,66870.0,6,66700.0,66640.0,66910.0,66640.0,24.0,8022100.0,384
2023-05-10 11:07:21,cu2404,cu2404,66850.0,0.0,0.0,0.0,28,66850.0,66870.0,2,66700.0,66640.0,66910.0,66640.0,24.0,8022100.0,384
2023-05-10 11:07:23,cu2404,cu2404,66850.0,0.0,0.0,0.0,28,66850.0,66870.0,6,66700.0,66640.0,66910.0,66640.0,24.0,8022100.0,384
2023-05-10 11:07:26,cu2404,cu2404,66850.0,0.0,0.0,0.0,28,66850.0,66870.0,2,66700.0,66640.0,66910.0,66640.0,24.0,8022100.0,384
2023-05-10 11:07:26,cu2404,cu2404,66850.0,0.0,0.0,0.0,28,66850.0,66870.0,6,66700.0,66640.0,66910.0,66640.0,24.0,8022100.0,384
2023-05-10 11:07:43,cu2404,cu2404,66850.0,0.0,0.0,0.0,28,66850.0,66870.0,4,66700.0,66640.0,66910.0,66640.0,24.0,8022100.0,384
2023-05-10 11:07:43,cu2404,cu2404,66850.0,0.0,0.0,0.0,28,66850.0,66870.0,5,66700.0,66640.0,66910.0,66640.0,24.0,8022100.0,384
2023-05-10 11:07:44,cu2404,cu2404,66850.0,0.0,0.0,0.0,28,66850.0,66870.0,7,66700.0,66640.0,66910.0,66640.0,24.0,8022100.0,384
2023-05-10 11:07:45,cu2404,cu2404,66850.0,0.0,0.0,0.0,28,66850.0,66870.0,5,66700.0,66640.0,66910.0,66640.0,24.0,8022100.0,384
2023-05-10 11:07:46,cu2404,cu2404,66850.0,0.0,0.0,0.0,28,66850.0,66870.0,4,66700.0,66640.0,66910.0,66640.0,24.0,8022100.0,384
2023-05-10 11:07:46,cu2404,cu2404,66850.0,0.0,0.0,0.0,28,66850.0,66870.0,1,66700.0,66640.0,66910.0,66640.0,24.0,8022100.0,384
2023-05-10 11:07:57,cu2404,cu2404,66850.0,0.0,0.0,0.0,28,66850.0,66870.0,2,66700.0,66640.0,66910.0,66640.0,24.0,8022100.0,384
2023-05-10 11:07:58,cu2404,cu2404,66850.0,0.0,0.0,0.0,28,66850.0,66870.0,7,66700.0,66640.0,66910.0,66640.0,24.0,8022100.0,384
2023-05-10 11:08:00,cu2404,cu2404,66850.0,0.0,0.0,0.0,28,66850.0,66870.0,3,66700.0,66640.0,66910.0,66640.0,24.0,8022100.0,384
2023-05-10 11:08:22,cu2404,cu2404,66850.0,0.0,0.0,0.0,28,66850.0,66870.0,5,66700.0,66640.0,66910.0,66640.0,24.0,8022100.0,384
2023-05-10 11:08:22,cu2404,cu2404,66850.0,0.0,0.0,0.0,28,66850.0,66860.0,2,66700.0,66640.0,66910.0,66640.0,24.0,8022100.0,384
2023-05-10 11:08:23,cu2404,cu2404,66850.0,0.0,0.0,0.0,28,66850.0,66860.0,2,66700.0,66640.0,66910.0,66640.0,24.0,8022100.0,384
2023-05-10 11:08:23,cu2404,cu2404,66850.0,0.0,0.0,0.0,28,66850.0,66860.0,3,66700.0,66640.0,66910.0,66640.0,24.0,8022100.0,384
2023-05-10 11:08:25,cu2404,cu2404,66850.0,0.0,0.0,0.0,28,66850.0,66860.0,1,66700.0,66640.0,66910.0,66640.0,24.0,8022100.0,384
2023-05-10 11:08:46,cu2404,cu2404,66850.0,0.0,0.0,0.0,28,66850.0,66860.0,1,66700.0,66640.0,66910.0,66640.0,24.0,8022100.0,384
2023-05-10 11:08:46,cu2404,cu2404,66850.0,0.0,0.0,0.0,28,66850.0,66860.0,3,66700.0,66640.0,66910.0,66640.0,24.0,8022100.0,384
2023-05-10 11:08:47,cu2404,cu2404,66850.0,0.0,0.0,0.0,28,66850.0,66860.0,5,66700.0,66640.0,66910.0,66640.0,24.0,8022100.0,384
2023-05-10 11:08:50,cu2404,cu2404,66850.0,0.0,0.0,0.0,28,66850.0,66860.0,1,66700.0,66640.0,66910.0,66640.0,24.0,8022100.0,384
2023-05-10 11:08:52,cu2404,cu2404,66850.0,0.0,0.0,0.0,28,66850.0,66860.0,5,66700.0,66640.0,66910.0,66640.0,24.0,8022100.0,384
2023-05-10 11:08:55,cu2404,cu2404,66850.0,0.0,0.0,0.0,28,66850.0,66860.0,1,66700.0,66640.0,66910.0,66640.0,24.0,8022100.0,384
2023-05-10 11:09:09,cu2404,cu2404,66850.0,0.0,0.0,0.0,28,66850.0,66870.0,1,66700.0,66640.0,66910.0,66640.0,24.0,8022100.0,384
2023-05-10 11:09:10,cu2404,cu2404,66850.0,0.0,0.0,0.0,28,66850.0,66940.0,1,66700.0,66640.0,66910.0,66640.0,24.0,8022100.0,384
2023-05-10 11:09:10,cu2404,cu2404,66850.0,0.0,0.0,0.0,28,66850.0,66930.0,8,66700.0,66640.0,66910.0,66640.0,24.0,8022100.0,384
2023-05-10 11:09:11,cu2404,cu2404,66850.0,0.0,0.0,0.0,28,66850.0,66930.0,9,66700.0,66640.0,66910.0,66640.0,24.0,8022100.0,384
2023-05-10 11:09:11,cu2404,cu2404,66850.0,0.0,0.0,0.0,28,66850.0,66930.0,10,66700.0,66640.0,66910.0,66640.0,24.0,8022100.0,384
2023-05-10 11:09:13,cu2404,cu2404,66850.0,0.0,0.0,0.0,28,66850.0,66920.0,1,66700.0,66640.0,66910.0,66640.0,24.0,8022100.0,384
2023-05-10 11:09:14,cu2404,cu2404,66850.0,0.0,0.0,0.0,28,66850.0,66920.0,1,66700.0,66640.0,66910.0,66640.0,24.0,8022100.0,384
2023-05-10 11:09:14,cu2404,cu2404,66850.0,0.0,0.0,0.0,28,66850.0,66910.0,4,66700.0,66640.0,66910.0,66640.0,24.0,8022100.0,384
2023-05-10 11:09:15,cu2404,cu2404,66850.0,0.0,0.0,0.0,28,66850.0,66910.0,4,66700.0,66640.0,66910.0,66640.0,24.0,8022100.0,384
2023-05-10 11:09:15,cu2404,cu2404,66850.0,0.0,0.0,0.0,28,66850.0,66890.0,1,66700.0,66640.0,66910.0,66640.0,24.0,8022100.0,384
2023-05-10 11:09:16,cu2404,cu2404,66850.0,0.0,0.0,0.0,28,66850.0,66890.0,1,66700.0,66640.0,66910.0,66640.0,24.0,8022100.0,384
2023-05-10 11:09:16,cu2404,cu2404,66850.0,0.0,0.0,0.0,28,66850.0,66880.0,1,66700.0,66640.0,66910.0,66640.0,24.0,8022100.0,384
2023-05-10 11:09:17,cu2404,cu2404,66850.0,0.0,0.0,0.0,28,66850.0,66880.0,1,66700.0,66640.0,66910.0,66640.0,24.0,8022100.0,384
2023-05-10 11:09:17,cu2404,cu2404,66850.0,0.0,0.0,0.0,28,66850.0,66880.0,2,66700.0,66640.0,66910.0,66640.0,24.0,8022100.0,384
2023-05-10 11:09:18,cu2404,cu2404,66850.0,0.0,0.0,0.0,28,66850.0,66880.0,6,66700.0,66640.0,66910.0,66640.0,24.0,8022100.0,384
2023-05-10 11:09:30,cu2404,cu2404,66850.0,0.0,0.0,0.0,28,66850.0,66880.0,7,66700.0,66640.0,66910.0,66640.0,24.0,8022100.0,384
2023-05-10 11:09:31,cu2404,cu2404,66850.0,0.0,0.0,0.0,28,66850.0,66880.0,8,66700.0,66640.0,66910.0,66640.0,24.0,8022100.0,384
2023-05-10 11:09:36,cu2404,cu2404,66850.0,0.0,0.0,0.0,28,66850.0,66880.0,4,66700.0,66640.0,66910.0,66640.0,24.0,8022100.0,384
2023-05-10 11:09:36,cu2404,cu2404,66850.0,0.0,0.0,0.0,28,66850.0,66880.0,3,66700.0,66640.0,66910.0,66640.0,24.0,8022100.0,384
2023-05-10 11:09:37,cu2404,cu2404,66850.0,0.0,0.0,0.0,28,66850.0,66880.0,4,66700.0,66640.0,66910.0,66640.0,24.0,8022100.0,384
2023-05-10 11:09:43,cu2404,cu2404,66850.0,0.0,0.0,0.0,28,66850.0,66880.0,8,66700.0,66640.0,66910.0,66640.0,24.0,8022100.0,384
2023-05-10 11:09:50,cu2404,cu2404,66850.0,0.0,0.0,0.0,29,66850.0,66880.0,8,66700.0,66640.0,66910.0,66640.0,24.0,8022100.0,384
2023-05-10 11:09:51,cu2404,cu2404,66850.0,0.0,0.0,0.0,29,66850.0,66880.0,8,66700.0,66640.0,66910.0,66640.0,24.0,8022100.0,384
2023-05-10 11:09:52,cu2404,cu2404,66850.0,0.0,0.0,0.0,29,66850.0,66880.0,8,66700.0,66640.0,66910.0,66640.0,24.0,8022100.0,384
2023-05-10 11:09:53,cu2404,cu2404,66850.0,0.0,0.0,0.0,29,66850.0,66880.0,8,66700.0,66640.0,66910.0,66640.0,24.0,8022100.0,384
2023-05-10 11:09:53,cu2404,cu2404,66850.0,0.0,0.0,0.0,29,66850.0,66880.0,8,66700.0,66640.0,66910.0,66640.0,24.0,8022100.0,384
2023-05-10 11:10:08,cu2404,cu2404,66850.0,0.0,0.0,0.0,29,66850.0,66880.0,8,66700.0,66640.0,66910.0,66640.0,24.0,8022100.0,384
2023-05-10 11:10:08,cu2404,cu2404,66850.0,0.0,0.0,0.0,29,66850.0,66880.0,8,66700.0,66640.0,66910.0,66640.0,24.0,8022100.0,384
2023-05-10 11:10:09,cu2404,cu2404,66850.0,0.0,0.0,0.0,29,66850.0,66880.0,7,66700.0,66640.0,66910.0,66640.0,24.0,8022100.0,384
2023-05-10 11:10:10,cu2404,cu2404,66850.0,0.0,0.0,0.0,1,66860.0,66880.0,2,66700.0,66640.0,66910.0,66640.0,24.0,8022100.0,384
2023-05-10 11:10:10,cu2404,cu2404,66850.0,0.0,0.0,0.0,1,66860.0,66880.0,1,66700.0,66640.0,66910.0,66640.0,24.0,8022100.0,384
2023-05-10 11:10:31,cu2404,cu2404,66880.0,1.0,334400.0,0.0,28,66850.0,66940.0,1,66700.0,66640.0,66910.0,66640.0,25.0,8356500.0,384
2023-05-10 11:10:31,cu2404,cu2404,66880.0,0.0,0.0,0.0,28,66850.0,66930.0,3,66700.0,66640.0,66910.0,66640.0,25.0,8356500.0,384
2023-05-10 11:10:32,cu2404,cu2404,66880.0,0.0,0.0,0.0,28,66850.0,66920.0,2,66700.0,66640.0,66910.0,66640.0,25.0,8356500.0,384
2023-05-10 11:10:32,cu2404,cu2404,66880.0,0.0,0.0,0.0,30,66850.0,66920.0,3,66700.0,66640.0,66910.0,66640.0,25.0,8356500.0,384
2023-05-10 11:10:33,cu2404,cu2404,66880.0,0.0,0.0,0.0,30,66850.0,66920.0,3,66700.0,66640.0,66910.0,66640.0,25.0,8356500.0,384
2023-05-10 11:10:34,cu2404,cu2404,66880.0,0.0,0.0,0.0,30,66850.0,66920.0,3,66700.0,66640.0,66910.0,66640.0,25.0,8356500.0,384
2023-05-10 11:10:34,cu2404,cu2404,66880.0,0.0,0.0,0.0,30,66850.0,66920.0,5,66700.0,66640.0,66910.0,66640.0,25.0,8356500.0,384
2023-05-10 11:10:35,cu2404,cu2404,66880.0,0.0,0.0,0.0,30,66850.0,66920.0,5,66700.0,66640.0,66910.0,66640.0,25.0,8356500.0,384
2023-05-10 11:10:35,cu2404,cu2404,66880.0,0.0,0.0,0.0,28,66850.0,66910.0,2,66700.0,66640.0,66910.0,66640.0,25.0,8356500.0,384
2023-05-10 11:10:36,cu2404,cu2404,66880.0,0.0,0.0,0.0,28,66850.0,66910.0,2,66700.0,66640.0,66910.0,66640.0,25.0,8356500.0,384
2023-05-10 11:10:36,cu2404,cu2404,66880.0,0.0,0.0,0.0,28,66850.0,66910.0,5,66700.0,66640.0,66910.0,66640.0,25.0,8356500.0,384
2023-05-10 11:10:37,cu2404,cu2404,66880.0,0.0,0.0,0.0,28,66850.0,66910.0,5,66700.0,66640.0,66910.0,66640.0,25.0,8356500.0,384
2023-05-10 11:10:37,cu2404,cu2404,66880.0,0.0,0.0,0.0,28,66850.0,66910.0,7,66700.0,66640.0,66910.0,66640.0,25.0,8356500.0,384
2023-05-10 11:10:39,cu2404,cu2404,66880.0,0.0,0.0,0.0,28,66850.0,66910.0,7,66700.0,66640.0,66910.0,66640.0,25.0,8356500.0,384
2023-05-10 11:10:39,cu2404,cu2404,66880.0,0.0,0.0,0.0,28,66850.0,66910.0,7,66700.0,66640.0,66910.0,66640.0,25.0,8356500.0,384
2023-05-10 11:10:42,cu2404,cu2404,66880.0,0.0,0.0,0.0,28,66850.0,66910.0,3,66700.0,66640.0,66910.0,66640.0,25.0,8356500.0,384
2023-05-10 11:10:42,cu2404,cu2404,66880.0,0.0,0.0,0.0,28,66850.0,66910.0,7,66700.0,66640.0,66910.0,66640.0,25.0,8356500.0,384
2023-05-10 11:10:44,cu2404,cu2404,66880.0,0.0,0.0,0.0,28,66850.0,66910.0,6,66700.0,66640.0,66910.0,66640.0,25.0,8356500.0,384
2023-05-10 11:10:44,cu2404,cu2404,66880.0,0.0,0.0,0.0,28,66850.0,66910.0,5,66700.0,66640.0,66910.0,66640.0,25.0,8356500.0,384
2023-05-10 11:10:45,cu2404,cu2404,66880.0,0.0,0.0,0.0,28,66850.0,66910.0,1,66700.0,66640.0,66910.0,66640.0,25.0,8356500.0,384
2023-05-10 11:11:04,cu2404,cu2404,66880.0,0.0,0.0,0.0,28,66850.0,66910.0,2,66700.0,66640.0,66910.0,66640.0,25.0,8356500.0,384
2023-05-10 11:11:04,cu2404,cu2404,66880.0,0.0,0.0,0.0,28,66850.0,66910.0,7,66700.0,66640.0,66910.0,66640.0,25.0,8356500.0,384
2023-05-10 11:11:10,cu2404,cu2404,66880.0,0.0,0.0,0.0,28,66850.0,66910.0,3,66700.0,66640.0,66910.0,66640.0,25.0,8356500.0,384
2023-05-10 11:11:13,cu2404,cu2404,66880.0,0.0,0.0,0.0,28,66850.0,66900.0,4,66700.0,66640.0,66910.0,66640.0,25.0,8356500.0,384
2023-05-10 11:11:14,cu2404,cu2404,66880.0,0.0,0.0,0.0,28,66850.0,66900.0,4,66700.0,66640.0,66910.0,66640.0,25.0,8356500.0,384
2023-05-10 11:11:14,cu2404,cu2404,66880.0,0.0,0.0,0.0,28,66850.0,66900.0,7,66700.0,66640.0,66910.0,66640.0,25.0,8356500.0,384
2023-05-10 11:11:15,cu2404,cu2404,66880.0,0.0,0.0,0.0,28,66850.0,66900.0,7,66700.0,66640.0,66910.0,66640.0,25.0,8356500.0,384
2023-05-10 11:11:16,cu2404,cu2404,66880.0,0.0,0.0,0.0,28,66850.0,66900.0,3,66700.0,66640.0,66910.0,66640.0,25.0,8356500.0,384
2023-05-10 11:11:19,cu2404,cu2404,66880.0,0.0,0.0,0.0,28,66850.0,66900.0,3,66700.0,66640.0,66910.0,66640.0,25.0,8356500.0,384
2023-05-10 11:11:19,cu2404,cu2404,66880.0,0.0,0.0,0.0,28,66850.0,66900.0,3,66700.0,66640.0,66910.0,66640.0,25.0,8356500.0,384
2023-05-10 11:11:23,cu2404,cu2404,66880.0,0.0,0.0,0.0,28,66850.0,66900.0,7,66700.0,66640.0,66910.0,66640.0,25.0,8356500.0,384
2023-05-10 11:11:26,cu2404,cu2404,66880.0,0.0,0.0,0.0,28,66850.0,66880.0,3,66700.0,66640.0,66910.0,66640.0,25.0,8356500.0,384
2023-05-10 11:11:27,cu2404,cu2404,66880.0,0.0,0.0,0.0,28,66850.0,66880.0,3,66700.0,66640.0,66910.0,66640.0,25.0,8356500.0,384
2023-05-10 11:11:30,cu2404,cu2404,66880.0,0.0,0.0,0.0,28,66850.0,66900.0,4,66700.0,66640.0,66910.0,66640.0,25.0,8356500.0,384
2023-05-10 11:11:30,cu2404,cu2404,66880.0,0.0,0.0,0.0,28,66850.0,66900.0,7,66700.0,66640.0,66910.0,66640.0,25.0,8356500.0,384
2023-05-10 11:11:33,cu2404,cu2404,66880.0,0.0,0.0,0.0,28,66850.0,66890.0,3,66700.0,66640.0,66910.0,66640.0,25.0,8356500.0,384
2023-05-10 11:11:34,cu2404,cu2404,66880.0,0.0,0.0,0.0,28,66850.0,66890.0,3,66700.0,66640.0,66910.0,66640.0,25.0,8356500.0,384
2023-05-10 11:11:39,cu2404,cu2404,66880.0,0.0,0.0,0.0,28,66850.0,66900.0,4,66700.0,66640.0,66910.0,66640.0,25.0,8356500.0,384
2023-05-10 11:11:39,cu2404,cu2404,66880.0,0.0,0.0,0.0,28,66850.0,66900.0,7,66700.0,66640.0,66910.0,66640.0,25.0,8356500.0,384
2023-05-10 11:11:43,cu2404,cu2404,66880.0,0.0,0.0,0.0,28,66850.0,66900.0,3,66700.0,66640.0,66910.0,66640.0,25.0,8356500.0,384
2023-05-10 11:11:43,cu2404,cu2404,66880.0,0.0,0.0,0.0,28,66850.0,66890.0,4,66700.0,66640.0,66910.0,66640.0,25.0,8356500.0,384
2023-05-10 11:11:44,cu2404,cu2404,66880.0,0.0,0.0,0.0,28,66850.0,66890.0,4,66700.0,66640.0,66910.0,66640.0,25.0,8356500.0,384
2023-05-10 11:11:45,cu2404,cu2404,66880.0,0.0,0.0,0.0,28,66850.0,66890.0,6,66700.0,66640.0,66910.0,66640.0,25.0,8356500.0,384
2023-05-10 11:11:46,cu2404,cu2404,66880.0,0.0,0.0,0.0,28,66850.0,66890.0,1,66700.0,66640.0,66910.0,66640.0,25.0,8356500.0,384
2023-05-10 11:11:47,cu2404,cu2404,66880.0,0.0,0.0,0.0,28,66850.0,66890.0,2,66700.0,66640.0,66910.0,66640.0,25.0,8356500.0,384
2023-05-10 11:11:47,cu2404,cu2404,66880.0,0.0,0.0,0.0,28,66850.0,66890.0,6,66700.0,66640.0,66910.0,66640.0,25.0,8356500.0,384
2023-05-10 11:11:48,cu2404,cu2404,66880.0,0.0,0.0,0.0,28,66850.0,66890.0,5,66700.0,66640.0,66910.0,66640.0,25.0,8356500.0,384
2023-05-10 11:11:51,cu2404,cu2404,66880.0,0.0,0.0,0.0,28,66850.0,66890.0,6,66700.0,66640.0,66910.0,66640.0,25.0,8356500.0,384
2023-05-10 11:11:51,cu2404,cu2404,66880.0,0.0,0.0,0.0,28,66850.0,66890.0,7,66700.0,66640.0,66910.0,66640.0,25.0,8356500.0,384
2023-05-10 11:11:55,cu2404,cu2404,66880.0,0.0,0.0,0.0,28,66850.0,66890.0,3,66700.0,66640.0,66910.0,66640.0,25.0,8356500.0,384
2023-05-10 11:11:55,cu2404,cu2404,66880.0,0.0,0.0,0.0,28,66850.0,66880.0,4,66700.0,66640.0,66910.0,66640.0,25.0,8356500.0,384
2023-05-10 11:11:56,cu2404,cu2404,66880.0,0.0,0.0,0.0,28,66850.0,66880.0,4,66700.0,66640.0,66910.0,66640.0,25.0,8356500.0,384
2023-05-10 11:11:59,cu2404,cu2404,66880.0,0.0,0.0,0.0,28,66850.0,66940.0,1,66700.0,66640.0,66910.0,66640.0,25.0,8356500.0,384
2023-05-10 11:11:59,cu2404,cu2404,66880.0,0.0,0.0,0.0,28,66850.0,66930.0,8,66700.0,66640.0,66910.0,66640.0,25.0,8356500.0,384
2023-05-10 11:12:00,cu2404,cu2404,66880.0,0.0,0.0,0.0,28,66850.0,66930.0,8,66700.0,66640.0,66910.0,66640.0,25.0,8356500.0,384
2023-05-10 11:12:00,cu2404,cu2404,66880.0,0.0,0.0,0.0,28,66850.0,66930.0,9,66700.0,66640.0,66910.0,66640.0,25.0,8356500.0,384
2023-05-10 11:12:03,cu2404,cu2404,66880.0,0.0,0.0,0.0,28,66850.0,66930.0,10,66700.0,66640.0,66910.0,66640.0,25.0,8356500.0,384
2023-05-10 11:12:09,cu2404,cu2404,66880.0,0.0,0.0,0.0,28,66850.0,66930.0,10,66700.0,66640.0,66910.0,66640.0,25.0,8356500.0,384
2023-05-10 11:12:14,cu2404,cu2404,66880.0,0.0,0.0,0.0,28,66850.0,66890.0,3,66700.0,66640.0,66910.0,66640.0,25.0,8356500.0,384
2023-05-10 11:12:14,cu2404,cu2404,66880.0,0.0,0.0,0.0,28,66850.0,66890.0,3,66700.0,66640.0,66910.0,66640.0,25.0,8356500.0,384
2023-05-10 11:12:15,cu2404,cu2404,66880.0,0.0,0.0,0.0,28,66850.0,66890.0,4,66700.0,66640.0,66910.0,66640.0,25.0,8356500.0,384
2023-05-10 11:12:15,cu2404,cu2404,66880.0,0.0,0.0,0.0,28,66850.0,66890.0,8,66700.0,66640.0,66910.0,66640.0,25.0,8356500.0,384
2023-05-10 11:12:16,cu2404,cu2404,66880.0,0.0,0.0,0.0,28,66850.0,66890.0,10,66700.0,66640.0,66910.0,66640.0,25.0,8356500.0,384
2023-05-10 11:12:26,cu2404,cu2404,66880.0,0.0,0.0,0.0,28,66850.0,66890.0,6,66700.0,66640.0,66910.0,66640.0,25.0,8356500.0,384
2023-05-10 11:12:26,cu2404,cu2404,66880.0,0.0,0.0,0.0,28,66850.0,66890.0,10,66700.0,66640.0,66910.0,66640.0,25.0,8356500.0,384
2023-05-10 11:12:28,cu2404,cu2404,66880.0,0.0,0.0,0.0,28,66850.0,66880.0,3,66700.0,66640.0,66910.0,66640.0,25.0,8356500.0,384
2023-05-10 11:12:29,cu2404,cu2404,66880.0,0.0,0.0,0.0,28,66850.0,66880.0,3,66700.0,66640.0,66910.0,66640.0,25.0,8356500.0,384
2023-05-10 11:12:30,cu2404,cu2404,66880.0,0.0,0.0,0.0,28,66850.0,66880.0,3,66700.0,66640.0,66910.0,66640.0,25.0,8356500.0,384
2023-05-10 11:12:39,cu2404,cu2404,66880.0,0.0,0.0,0.0,28,66850.0,66880.0,3,66700.0,66640.0,66910.0,66640.0,25.0,8356500.0,384
2023-05-10 11:12:50,cu2404,cu2404,66880.0,0.0,0.0,0.0,30,66850.0,66880.0,3,66700.0,66640.0,66910.0,66640.0,25.0,8356500.0,384
2023-05-10 11:12:51,cu2404,cu2404,66880.0,0.0,0.0,0.0,28,66850.0,66880.0,3,66700.0,66640.0,66910.0,66640.0,25.0,8356500.0,384
2023-05-10 11:14:01,cu2404,cu2404,66880.0,0.0,0.0,0.0,28,66850.0,66880.0,3,66700.0,66640.0,66910.0,66640.0,25.0,8356500.0,384
2023-05-10 11:14:02,cu2404,cu2404,66880.0,0.0,0.0,0.0,28,66850.0,66880.0,3,66700.0,66640.0,66910.0,66640.0,25.0,8356500.0,384
2023-05-10 11:14:44,cu2404,cu2404,66880.0,0.0,0.0,0.0,30,66850.0,66880.0,3,66700.0,66640.0,66910.0,66640.0,25.0,8356500.0,384
2023-05-10 11:14:45,cu2404,cu2404,66880.0,0.0,0.0,0.0,28,66850.0,66880.0,3,66700.0,66640.0,66910.0,66640.0,25.0,8356500.0,384
2023-05-10 11:14:55,cu2404,cu2404,66880.0,0.0,0.0,0.0,30,66850.0,66880.0,3,66700.0,66640.0,66910.0,66640.0,25.0,8356500.0,384
2023-05-10 11:14:55,cu2404,cu2404,66880.0,0.0,0.0,0.0,28,66850.0,66880.0,3,66700.0,66640.0,66910.0,66640.0,25.0,8356500.0,384
2023-05-10 11:15:03,cu2404,cu2404,66880.0,0.0,0.0,0.0,28,66850.0,66880.0,4,66700.0,66640.0,66910.0,66640.0,25.0,8356500.0,384
2023-05-10 11:15:04,cu2404,cu2404,66880.0,0.0,0.0,0.0,28,66850.0,66880.0,3,66700.0,66640.0,66910.0,66640.0,25.0,8356500.0,384
2023-05-10 11:15:04,cu2404,cu2404,66880.0,0.0,0.0,0.0,28,66850.0,66880.0,4,66700.0,66640.0,66910.0,66640.0,25.0,8356500.0,384
2023-05-10 11:15:08,cu2404,cu2404,66880.0,0.0,0.0,0.0,28,66850.0,66880.0,3,66700.0,66640.0,66910.0,66640.0,25.0,8356500.0,384
2023-05-10 11:15:17,cu2404,cu2404,66880.0,0.0,0.0,0.0,28,66850.0,66880.0,5,66700.0,66640.0,66910.0,66640.0,25.0,8356500.0,384
2023-05-10 11:15:19,cu2404,cu2404,66880.0,0.0,0.0,0.0,28,66850.0,66880.0,4,66700.0,66640.0,66910.0,66640.0,25.0,8356500.0,384
2023-05-10 11:15:35,cu2404,cu2404,66880.0,0.0,0.0,0.0,28,66850.0,66880.0,5,66700.0,66640.0,66910.0,66640.0,25.0,8356500.0,384
2023-05-10 11:15:36,cu2404,cu2404,66880.0,0.0,0.0,0.0,28,66850.0,66880.0,4,66700.0,66640.0,66910.0,66640.0,25.0,8356500.0,384
2023-05-10 11:15:40,cu2404,cu2404,66880.0,0.0,0.0,0.0,28,66850.0,66880.0,9,66700.0,66640.0,66910.0,66640.0,25.0,8356500.0,384
2023-05-10 11:15:41,cu2404,cu2404,66880.0,0.0,0.0,0.0,28,66850.0,66880.0,10,66700.0,66640.0,66910.0,66640.0,25.0,8356500.0,384
2023-05-10 11:15:45,cu2404,cu2404,66880.0,0.0,0.0,0.0,28,66850.0,66880.0,6,66700.0,66640.0,66910.0,66640.0,25.0,8356500.0,384
2023-05-10 11:15:46,cu2404,cu2404,66880.0,0.0,0.0,0.0,28,66850.0,66880.0,10,66700.0,66640.0,66910.0,66640.0,25.0,8356500.0,384
2023-05-10 11:15:48,cu2404,cu2404,66880.0,0.0,0.0,0.0,28,66850.0,66870.0,1,66700.0,66640.0,66910.0,66640.0,25.0,8356500.0,384
2023-05-10 11:15:48,cu2404,cu2404,66880.0,0.0,0.0,0.0,28,66850.0,66870.0,1,66700.0,66640.0,66910.0,66640.0,25.0,8356500.0,384
2023-05-10 11:15:57,cu2404,cu2404,66880.0,0.0,0.0,0.0,28,66850.0,66870.0,1,66700.0,66640.0,66910.0,66640.0,25.0,8356500.0,384
2023-05-10 11:15:58,cu2404,cu2404,66880.0,0.0,0.0,0.0,28,66850.0,66870.0,5,66700.0,66640.0,66910.0,66640.0,25.0,8356500.0,384
2023-05-10 11:15:59,cu2404,cu2404,66880.0,0.0,0.0,0.0,28,66850.0,66870.0,7,66700.0,66640.0,66910.0,66640.0,25.0,8356500.0,384
2023-05-10 11:15:59,cu2404,cu2404,66880.0,0.0,0.0,0.0,28,66850.0,66870.0,6,66700.0,66640.0,66910.0,66640.0,25.0,8356500.0,384
2023-05-10 11:16:00,cu2404,cu2404,66880.0,0.0,0.0,0.0,28,66850.0,66870.0,2,66700.0,66640.0,66910.0,66640.0,25.0,8356500.0,384
2023-05-10 11:16:02,cu2404,cu2404,66880.0,0.0,0.0,0.0,28,66850.0,66870.0,6,66700.0,66640.0,66910.0,66640.0,25.0,8356500.0,384
2023-05-10 11:16:06,cu2404,cu2404,66880.0,0.0,0.0,0.0,28,66850.0,66870.0,2,66700.0,66640.0,66910.0,66640.0,25.0,8356500.0,384
2023-05-10 11:16:16,cu2404,cu2404,66880.0,0.0,0.0,0.0,28,66850.0,66870.0,6,66700.0,66640.0,66910.0,66640.0,25.0,8356500.0,384
2023-05-10 11:16:21,cu2404,cu2404,66880.0,0.0,0.0,0.0,28,66850.0,66870.0,2,66700.0,66640.0,66910.0,66640.0,25.0,8356500.0,384
2023-05-10 11:16:23,cu2404,cu2404,66880.0,0.0,0.0,0.0,28,66850.0,66880.0,3,66700.0,66640.0,66910.0,66640.0,25.0,8356500.0,384
2023-05-10 11:16:23,cu2404,cu2404,66880.0,0.0,0.0,0.0,28,66850.0,66880.0,4,66700.0,66640.0,66910.0,66640.0,25.0,8356500.0,384
2023-05-10 11:16:24,cu2404,cu2404,66880.0,0.0,0.0,0.0,28,66850.0,66880.0,6,66700.0,66640.0,66910.0,66640.0,25.0,8356500.0,384
2023-05-10 11:16:24,cu2404,cu2404,66880.0,0.0,0.0,0.0,28,66850.0,66880.0,9,66700.0,66640.0,66910.0,66640.0,25.0,8356500.0,384
2023-05-10 11:16:25,cu2404,cu2404,66880.0,0.0,0.0,0.0,28,66850.0,66880.0,10,66700.0,66640.0,66910.0,66640.0,25.0,8356500.0,384
2023-05-10 11:16:35,cu2404,cu2404,66880.0,0.0,0.0,0.0,28,66850.0,66880.0,9,66700.0,66640.0,66910.0,66640.0,25.0,8356500.0,384
2023-05-10 11:16:36,cu2404,cu2404,66880.0,0.0,0.0,0.0,28,66850.0,66880.0,5,66700.0,66640.0,66910.0,66640.0,25.0,8356500.0,384
2023-05-10 11:16:37,cu2404,cu2404,66880.0,0.0,0.0,0.0,28,66850.0,66880.0,4,66700.0,66640.0,66910.0,66640.0,25.0,8356500.0,384
2023-05-10 11:16:47,cu2404,cu2404,66880.0,0.0,0.0,0.0,28,66850.0,66880.0,8,66700.0,66640.0,66910.0,66640.0,25.0,8356500.0,384
2023-05-10 11:16:48,cu2404,cu2404,66880.0,0.0,0.0,0.0,28,66850.0,66880.0,9,66700.0,66640.0,66910.0,66640.0,25.0,8356500.0,384
2023-05-10 11:16:51,cu2404,cu2404,66880.0,0.0,0.0,0.0,28,66850.0,66880.0,5,66700.0,66640.0,66910.0,66640.0,25.0,8356500.0,384
2023-05-10 11:16:51,cu2404,cu2404,66880.0,0.0,0.0,0.0,28,66850.0,66880.0,9,66700.0,66640.0,66910.0,66640.0,25.0,8356500.0,384
2023-05-10 11:16:53,cu2404,cu2404,66880.0,0.0,0.0,0.0,28,66850.0,66880.0,10,66700.0,66640.0,66910.0,66640.0,25.0,8356500.0,384
2023-05-10 11:16:55,cu2404,cu2404,66880.0,0.0,0.0,0.0,28,66850.0,66870.0,1,66700.0,66640.0,66910.0,66640.0,25.0,8356500.0,384
2023-05-10 11:16:55,cu2404,cu2404,66880.0,0.0,0.0,0.0,28,66850.0,66870.0,1,66700.0,66640.0,66910.0,66640.0,25.0,8356500.0,384
2023-05-10 11:17:03,cu2404,cu2404,66880.0,0.0,0.0,0.0,28,66850.0,66870.0,3,66700.0,66640.0,66910.0,66640.0,25.0,8356500.0,384
2023-05-10 11:17:03,cu2404,cu2404,66880.0,0.0,0.0,0.0,28,66850.0,66870.0,3,66700.0,66640.0,66910.0,66640.0,25.0,8356500.0,384
2023-05-10 11:17:04,cu2404,cu2404,66880.0,0.0,0.0,0.0,28,66850.0,66870.0,7,66700.0,66640.0,66910.0,66640.0,25.0,8356500.0,384
2023-05-10 11:17:15,cu2404,cu2404,66880.0,0.0,0.0,0.0,28,66850.0,66870.0,6,66700.0,66640.0,66910.0,66640.0,25.0,8356500.0,384
2023-05-10 11:17:17,cu2404,cu2404,66880.0,0.0,0.0,0.0,28,66850.0,66870.0,6,66700.0,66640.0,66910.0,66640.0,25.0,8356500.0,384
2023-05-10 11:17:17,cu2404,cu2404,66880.0,0.0,0.0,0.0,28,66850.0,66870.0,6,66700.0,66640.0,66910.0,66640.0,25.0,8356500.0,384
2023-05-10 11:17:23,cu2404,cu2404,66880.0,0.0,0.0,0.0,28,66850.0,66870.0,7,66700.0,66640.0,66910.0,66640.0,25.0,8356500.0,384
2023-05-10 11:17:37,cu2404,cu2404,66880.0,0.0,0.0,0.0,28,66850.0,66870.0,6,66700.0,66640.0,66910.0,66640.0,25.0,8356500.0,384
2023-05-10 11:17:37,cu2404,cu2404,66880.0,0.0,0.0,0.0,28,66850.0,66870.0,7,66700.0,66640.0,66910.0,66640.0,25.0,8356500.0,384
2023-05-10 11:17:55,cu2404,cu2404,66880.0,0.0,0.0,0.0,28,66850.0,66870.0,7,66700.0,66640.0,66910.0,66640.0,25.0,8356500.0,384
2023-05-10 11:17:56,cu2404,cu2404,66880.0,0.0,0.0,0.0,28,66850.0,66870.0,3,66700.0,66640.0,66910.0,66640.0,25.0,8356500.0,384
2023-05-10 11:17:56,cu2404,cu2404,66880.0,0.0,0.0,0.0,28,66850.0,66860.0,4,66700.0,66640.0,66910.0,66640.0,25.0,8356500.0,384
2023-05-10 11:17:57,cu2404,cu2404,66880.0,0.0,0.0,0.0,28,66850.0,66860.0,4,66700.0,66640.0,66910.0,66640.0,25.0,8356500.0,384
2023-05-10 11:17:57,cu2404,cu2404,66880.0,0.0,0.0,0.0,28,66850.0,66860.0,5,66700.0,66640.0,66910.0,66640.0,25.0,8356500.0,384
2023-05-10 11:17:58,cu2404,cu2404,66880.0,0.0,0.0,0.0,28,66850.0,66860.0,6,66700.0,66640.0,66910.0,66640.0,25.0,8356500.0,384
2023-05-10 11:18:41,cu2404,cu2404,66880.0,0.0,0.0,0.0,28,66850.0,66860.0,5,66700.0,66640.0,66910.0,66640.0,25.0,8356500.0,384
2023-05-10 11:18:41,cu2404,cu2404,66880.0,0.0,0.0,0.0,28,66850.0,66860.0,4,66700.0,66640.0,66910.0,66640.0,25.0,8356500.0,384
2023-05-10 11:18:42,cu2404,cu2404,66880.0,0.0,0.0,0.0,28,66850.0,66880.0,3,66700.0,66640.0,66910.0,66640.0,25.0,8356500.0,384
2023-05-10 11:18:43,cu2404,cu2404,66880.0,0.0,0.0,0.0,28,66850.0,66870.0,5,66700.0,66640.0,66910.0,66640.0,25.0,8356500.0,384
2023-05-10 11:18:43,cu2404,cu2404,66880.0,0.0,0.0,0.0,28,66850.0,66870.0,5,66700.0,66640.0,66910.0,66640.0,25.0,8356500.0,384
2023-05-10 11:18:44,cu2404,cu2404,66880.0,0.0,0.0,0.0,28,66850.0,66870.0,6,66700.0,66640.0,66910.0,66640.0,25.0,8356500.0,384
2023-05-10 11:18:49,cu2404,cu2404,66880.0,0.0,0.0,0.0,30,66850.0,66870.0,6,66700.0,66640.0,66910.0,66640.0,25.0,8356500.0,384
2023-05-10 11:18:50,cu2404,cu2404,66880.0,0.0,0.0,0.0,30,66850.0,66870.0,5,66700.0,66640.0,66910.0,66640.0,25.0,8356500.0,384
2023-05-10 11:18:53,cu2404,cu2404,66880.0,0.0,0.0,0.0,28,66850.0,66870.0,5,66700.0,66640.0,66910.0,66640.0,25.0,8356500.0,384
2023-05-10 11:18:54,cu2404,cu2404,66880.0,0.0,0.0,0.0,28,66850.0,66870.0,6,66700.0,66640.0,66910.0,66640.0,25.0,8356500.0,384
2023-05-10 11:19:10,cu2404,cu2404,66880.0,0.0,0.0,0.0,28,66850.0,66870.0,6,66700.0,66640.0,66910.0,66640.0,25.0,8356500.0,384
2023-05-10 11:19:11,cu2404,cu2404,66880.0,0.0,0.0,0.0,28,66850.0,66870.0,6,66700.0,66640.0,66910.0,66640.0,25.0,8356500.0,384
2023-05-10 11:20:07,cu2404,cu2404,66880.0,0.0,0.0,0.0,28,66850.0,66860.0,1,66700.0,66640.0,66910.0,66640.0,25.0,8356500.0,384
2023-05-10 11:20:07,cu2404,cu2404,66880.0,0.0,0.0,0.0,28,66850.0,66860.0,1,66700.0,66640.0,66910.0,66640.0,25.0,8356500.0,384
2023-05-10 11:20:08,cu2404,cu2404,66850.0,3.0,1002750.0,2.0,25,66850.0,66860.0,2,66700.0,66640.0,66910.0,66640.0,28.0,9359250.0,386
2023-05-10 11:20:08,cu2404,cu2404,66850.0,2.0,668500.0,2.0,23,66850.0,66860.0,2,66700.0,66640.0,66910.0,66640.0,30.0,10027750.0,388
2023-05-10 11:20:09,cu2404,cu2404,66850.0,10.0,3342500.0,10.0,13,66850.0,66860.0,2,66700.0,66640.0,66910.0,66640.0,40.0,13370250.0,398
2023-05-10 11:20:23,cu2404,cu2404,66850.0,0.0,0.0,0.0,13,66850.0,66860.0,2,66700.0,66640.0,66910.0,66640.0,40.0,13370250.0,398
2023-05-10 11:20:23,cu2404,cu2404,66850.0,0.0,0.0,0.0,13,66850.0,66860.0,2,66700.0,66640.0,66910.0,66640.0,40.0,13370250.0,398
2023-05-10 11:20:26,cu2404,cu2404,66850.0,5.0,1671250.0,5.0,8,66850.0,66860.0,2,66700.0,66640.0,66910.0,66640.0,45.0,15041500.0,403
2023-05-10 11:20:29,cu2404,cu2404,66850.0,5.0,1671250.0,5.0,3,66850.0,66860.0,2,66700.0,66640.0,66910.0,66640.0,50.0,16712750.0,408
2023-05-10 11:20:41,cu2404,cu2404,66850.0,0.0,0.0,0.0,3,66850.0,66860.0,2,66700.0,66640.0,66910.0,66640.0,50.0,16712750.0,408
2023-05-10 11:20:41,cu2404,cu2404,66850.0,0.0,0.0,0.0,3,66850.0,66860.0,2,66700.0,66640.0,66910.0,66640.0,50.0,16712750.0,408
2023-05-10 11:20:42,cu2404,cu2404,66850.0,3.0,1002750.0,3.0,1,66650.0,66860.0,2,66700.0,66640.0,66910.0,66640.0,53.0,17715500.0,411
2023-05-10 11:20:43,cu2404,cu2404,66850.0,0.0,0.0,0.0,1,66690.0,66860.0,2,66700.0,66640.0,66910.0,66640.0,53.0,17715500.0,411
2023-05-10 11:20:43,cu2404,cu2404,66850.0,0.0,0.0,0.0,5,66700.0,66860.0,2,66700.0,66640.0,66910.0,66640.0,53.0,17715500.0,411
2023-05-10 11:20:44,cu2404,cu2404,66850.0,0.0,0.0,0.0,5,66700.0,66860.0,2,66700.0,66640.0,66910.0,66640.0,53.0,17715500.0,411
2023-05-10 11:20:44,cu2404,cu2404,66850.0,0.0,0.0,0.0,2,66710.0,66860.0,2,66700.0,66640.0,66910.0,66640.0,53.0,17715500.0,411
2023-05-10 11:20:46,cu2404,cu2404,66850.0,0.0,0.0,0.0,2,66710.0,66860.0,2,66700.0,66640.0,66910.0,66640.0,53.0,17715500.0,411
2023-05-10 11:20:46,cu2404,cu2404,66850.0,0.0,0.0,0.0,6,66720.0,66860.0,2,66700.0,66640.0,66910.0,66640.0,53.0,17715500.0,411
2023-05-10 11:20:47,cu2404,cu2404,66850.0,0.0,0.0,0.0,8,66720.0,66860.0,2,66700.0,66640.0,66910.0,66640.0,53.0,17715500.0,411
2023-05-10 11:20:47,cu2404,cu2404,66850.0,0.0,0.0,0.0,2,66740.0,66860.0,2,66700.0,66640.0,66910.0,66640.0,53.0,17715500.0,411
2023-05-10 11:20:48,cu2404,cu2404,66850.0,0.0,0.0,0.0,2,66740.0,66860.0,2,66700.0,66640.0,66910.0,66640.0,53.0,17715500.0,411
2023-05-10 11:20:49,cu2404,cu2404,66850.0,0.0,0.0,0.0,2,66740.0,66860.0,2,66700.0,66640.0,66910.0,66640.0,53.0,17715500.0,411
2023-05-10 11:20:53,cu2404,cu2404,66850.0,0.0,0.0,0.0,1,66750.0,66860.0,2,66700.0,66640.0,66910.0,66640.0,53.0,17715500.0,411
2023-05-10 11:20:53,cu2404,cu2404,66850.0,0.0,0.0,0.0,3,66750.0,66860.0,2,66700.0,66640.0,66910.0,66640.0,53.0,17715500.0,411
2023-05-10 11:20:54,cu2404,cu2404,66850.0,0.0,0.0,0.0,2,66790.0,66860.0,2,66700.0,66640.0,66910.0,66640.0,53.0,17715500.0,411
2023-05-10 11:20:54,cu2404,cu2404,66850.0,0.0,0.0,0.0,4,66800.0,66860.0,2,66700.0,66640.0,66910.0,66640.0,53.0,17715500.0,411
2023-05-10 11:20:55,cu2404,cu2404,66850.0,0.0,0.0,0.0,4,66800.0,66860.0,2,66700.0,66640.0,66910.0,66640.0,53.0,17715500.0,411
2023-05-10 11:20:56,cu2404,cu2404,66850.0,0.0,0.0,0.0,2,66810.0,66860.0,2,66700.0,66640.0,66910.0,66640.0,53.0,17715500.0,411
2023-05-10 11:21:01,cu2404,cu2404,66850.0,0.0,0.0,0.0,2,66810.0,66860.0,2,66700.0,66640.0,66910.0,66640.0,53.0,17715500.0,411
2023-05-10 11:21:25,cu2404,cu2404,66850.0,0.0,0.0,0.0,2,66810.0,66860.0,2,66700.0,66640.0,66910.0,66640.0,53.0,17715500.0,411
2023-05-10 11:21:25,cu2404,cu2404,66850.0,0.0,0.0,0.0,2,66810.0,66850.0,1,66700.0,66640.0,66910.0,66640.0,53.0,17715500.0,411
2023-05-10 11:21:26,cu2404,cu2404,66850.0,0.0,0.0,0.0,2,66810.0,66850.0,1,66700.0,66640.0,66910.0,66640.0,53.0,17715500.0,411
2023-05-10 11:21:26,cu2404,cu2404,66850.0,0.0,0.0,0.0,2,66810.0,66850.0,2,66700.0,66640.0,66910.0,66640.0,53.0,17715500.0,411
2023-05-10 11:21:48,cu2404,cu2404,66850.0,0.0,0.0,0.0,1,66650.0,66850.0,2,66700.0,66640.0,66910.0,66640.0,53.0,17715500.0,411
2023-05-10 11:21:49,cu2404,cu2404,66850.0,0.0,0.0,0.0,1,66670.0,66850.0,2,66700.0,66640.0,66910.0,66640.0,53.0,17715500.0,411
2023-05-10 11:21:49,cu2404,cu2404,66850.0,0.0,0.0,0.0,2,66680.0,66850.0,2,66700.0,66640.0,66910.0,66640.0,53.0,17715500.0,411
2023-05-10 11:21:50,cu2404,cu2404,66850.0,0.0,0.0,0.0,2,66680.0,66850.0,2,66700.0,66640.0,66910.0,66640.0,53.0,17715500.0,411
2023-05-10 11:21:50,cu2404,cu2404,66850.0,0.0,0.0,0.0,4,66690.0,66850.0,2,66700.0,66640.0,66910.0,66640.0,53.0,17715500.0,411
2023-05-10 11:21:51,cu2404,cu2404,66850.0,0.0,0.0,0.0,4,66690.0,66850.0,2,66700.0,66640.0,66910.0,66640.0,53.0,17715500.0,411
2023-05-10 11:21:51,cu2404,cu2404,66850.0,0.0,0.0,0.0,2,66710.0,66850.0,2,66700.0,66640.0,66910.0,66640.0,53.0,17715500.0,411
2023-05-10 11:21:52,cu2404,cu2404,66850.0,0.0,0.0,0.0,2,66710.0,66850.0,2,66700.0,66640.0,66910.0,66640.0,53.0,17715500.0,411
2023-05-10 11:21:58,cu2404,cu2404,66850.0,0.0,0.0,0.0,2,66710.0,66850.0,2,66700.0,66640.0,66910.0,66640.0,53.0,17715500.0,411
2023-05-10 11:21:58,cu2404,cu2404,66850.0,0.0,0.0,0.0,5,66720.0,66850.0,2,66700.0,66640.0,66910.0,66640.0,53.0,17715500.0,411
2023-05-10 11:21:59,cu2404,cu2404,66850.0,0.0,0.0,0.0,5,66720.0,66850.0,2,66700.0,66640.0,66910.0,66640.0,53.0,17715500.0,411
2023-05-10 11:21:59,cu2404,cu2404,66850.0,0.0,0.0,0.0,2,66760.0,66850.0,2,66700.0,66640.0,66910.0,66640.0,53.0,17715500.0,411
2023-05-10 11:22:00,cu2404,cu2404,66850.0,0.0,0.0,0.0,1,66770.0,66850.0,2,66700.0,66640.0,66910.0,66640.0,53.0,17715500.0,411
2023-05-10 11:22:06,cu2404,cu2404,66850.0,0.0,0.0,0.0,1,66770.0,66850.0,2,66700.0,66640.0,66910.0,66640.0,53.0,17715500.0,411
2023-05-10 11:22:08,cu2404,cu2404,66850.0,0.0,0.0,0.0,1,66770.0,66850.0,2,66700.0,66640.0,66910.0,66640.0,53.0,17715500.0,411
2023-05-10 11:22:09,cu2404,cu2404,66850.0,0.0,0.0,0.0,2,66780.0,66850.0,2,66700.0,66640.0,66910.0,66640.0,53.0,17715500.0,411
2023-05-10 11:22:09,cu2404,cu2404,66850.0,0.0,0.0,0.0,2,66780.0,66850.0,2,66700.0,66640.0,66910.0,66640.0,53.0,17715500.0,411
2023-05-10 11:22:20,cu2404,cu2404,66850.0,0.0,0.0,0.0,2,66780.0,66850.0,2,66700.0,66640.0,66910.0,66640.0,53.0,17715500.0,411
2023-05-10 11:22:20,cu2404,cu2404,66850.0,0.0,0.0,0.0,2,66780.0,66850.0,2,66700.0,66640.0,66910.0,66640.0,53.0,17715500.0,411
2023-05-10 11:22:36,cu2404,cu2404,66850.0,0.0,0.0,0.0,1,66790.0,66850.0,1,66700.0,66640.0,66910.0,66640.0,53.0,17715500.0,411
2023-05-10 11:22:37,cu2404,cu2404,66850.0,0.0,0.0,0.0,2,66780.0,66850.0,1,66700.0,66640.0,66910.0,66640.0,53.0,17715500.0,411
2023-05-10 11:23:03,cu2404,cu2404,66850.0,0.0,0.0,0.0,1,66650.0,66850.0,1,66700.0,66640.0,66910.0,66640.0,53.0,17715500.0,411
2023-05-10 11:23:04,cu2404,cu2404,66850.0,0.0,0.0,0.0,1,66780.0,66850.0,1,66700.0,66640.0,66910.0,66640.0,53.0,17715500.0,411
2023-05-10 11:23:04,cu2404,cu2404,66850.0,0.0,0.0,0.0,1,66780.0,66850.0,1,66700.0,66640.0,66910.0,66640.0,53.0,17715500.0,411
2023-05-10 11:23:10,cu2404,cu2404,66850.0,0.0,0.0,0.0,1,66780.0,66850.0,1,66700.0,66640.0,66910.0,66640.0,53.0,17715500.0,411
2023-05-10 11:23:33,cu2404,cu2404,66850.0,0.0,0.0,0.0,2,66660.0,66850.0,1,66700.0,66640.0,66910.0,66640.0,53.0,17715500.0,411
2023-05-10 11:23:33,cu2404,cu2404,66850.0,0.0,0.0,0.0,1,66770.0,66850.0,1,66700.0,66640.0,66910.0,66640.0,53.0,17715500.0,411
2023-05-10 11:23:34,cu2404,cu2404,66850.0,0.0,0.0,0.0,1,66770.0,66850.0,1,66700.0,66640.0,66910.0,66640.0,53.0,17715500.0,411
2023-05-10 11:23:36,cu2404,cu2404,66850.0,0.0,0.0,0.0,1,66770.0,66850.0,1,66700.0,66640.0,66910.0,66640.0,53.0,17715500.0,411
2023-05-10 11:23:37,cu2404,cu2404,66850.0,0.0,0.0,0.0,1,66770.0,66850.0,1,66700.0,66640.0,66910.0,66640.0,53.0,17715500.0,411
2023-05-10 11:23:38,cu2404,cu2404,66850.0,0.0,0.0,0.0,2,66780.0,66850.0,1,66700.0,66640.0,66910.0,66640.0,53.0,17715500.0,411
2023-05-10 11:23:40,cu2404,cu2404,66850.0,0.0,0.0,0.0,2,66780.0,66850.0,1,66700.0,66640.0,66910.0,66640.0,53.0,17715500.0,411
2023-05-10 11:24:02,cu2404,cu2404,66850.0,0.0,0.0,0.0,1,66650.0,66850.0,1,66700.0,66640.0,66910.0,66640.0,53.0,17715500.0,411
2023-05-10 11:24:02,cu2404,cu2404,66850.0,0.0,0.0,0.0,1,66670.0,66850.0,1,66700.0,66640.0,66910.0,66640.0,53.0,17715500.0,411
2023-05-10 11:24:03,cu2404,cu2404,66850.0,0.0,0.0,0.0,1,66670.0,66850.0,1,66700.0,66640.0,66910.0,66640.0,53.0,17715500.0,411
2023-05-10 11:24:04,cu2404,cu2404,66850.0,0.0,0.0,0.0,2,66690.0,66850.0,1,66700.0,66640.0,66910.0,66640.0,53.0,17715500.0,411
2023-05-10 11:24:04,cu2404,cu2404,66850.0,0.0,0.0,0.0,4,66690.0,66850.0,1,66700.0,66640.0,66910.0,66640.0,53.0,17715500.0,411
2023-05-10 11:24:05,cu2404,cu2404,66850.0,0.0,0.0,0.0,1,66700.0,66850.0,1,66700.0,66640.0,66910.0,66640.0,53.0,17715500.0,411
2023-05-10 11:24:05,cu2404,cu2404,66850.0,0.0,0.0,0.0,1,66700.0,66850.0,1,66700.0,66640.0,66910.0,66640.0,53.0,17715500.0,411
2023-05-10 11:24:06,cu2404,cu2404,66850.0,0.0,0.0,0.0,2,66730.0,66850.0,1,66700.0,66640.0,66910.0,66640.0,53.0,17715500.0,411
2023-05-10 11:24:06,cu2404,cu2404,66850.0,0.0,0.0,0.0,2,66730.0,66850.0,1,66700.0,66640.0,66910.0,66640.0,53.0,17715500.0,411
2023-05-10 11:24:08,cu2404,cu2404,66850.0,0.0,0.0,0.0,1,66740.0,66850.0,1,66700.0,66640.0,66910.0,66640.0,53.0,17715500.0,411
2023-05-10 11:24:08,cu2404,cu2404,66850.0,0.0,0.0,0.0,1,66740.0,66850.0,1,66700.0,66640.0,66910.0,66640.0,53.0,17715500.0,411
2023-05-10 11:24:23,cu2404,cu2404,66850.0,0.0,0.0,0.0,1,66740.0,66850.0,1,66700.0,66640.0,66910.0,66640.0,53.0,17715500.0,411
2023-05-10 11:24:24,cu2404,cu2404,66850.0,0.0,0.0,0.0,2,66750.0,66850.0,1,66700.0,66640.0,66910.0,66640.0,53.0,17715500.0,411
2023-05-10 11:24:24,cu2404,cu2404,66850.0,0.0,0.0,0.0,1,66760.0,66850.0,1,66700.0,66640.0,66910.0,66640.0,53.0,17715500.0,411
2023-05-10 11:24:25,cu2404,cu2404,66850.0,0.0,0.0,0.0,1,66760.0,66850.0,1,66700.0,66640.0,66910.0,66640.0,53.0,17715500.0,411
2023-05-10 11:24:25,cu2404,cu2404,66850.0,0.0,0.0,0.0,2,66780.0,66850.0,1,66700.0,66640.0,66910.0,66640.0,53.0,17715500.0,411
2023-05-10 11:24:28,cu2404,cu2404,66850.0,0.0,0.0,0.0,2,66780.0,66850.0,1,66700.0,66640.0,66910.0,66640.0,53.0,17715500.0,411
2023-05-10 11:24:38,cu2404,cu2404,66850.0,0.0,0.0,0.0,2,66780.0,66840.0,1,66700.0,66640.0,66910.0,66640.0,53.0,17715500.0,411
2023-05-10 11:24:39,cu2404,cu2404,66850.0,0.0,0.0,0.0,2,66780.0,66840.0,1,66700.0,66640.0,66910.0,66640.0,53.0,17715500.0,411
2023-05-10 11:24:39,cu2404,cu2404,66850.0,0.0,0.0,0.0,2,66730.0,66840.0,2,66700.0,66640.0,66910.0,66640.0,53.0,17715500.0,411
2023-05-10 11:24:40,cu2404,cu2404,66850.0,0.0,0.0,0.0,1,66740.0,66840.0,2,66700.0,66640.0,66910.0,66640.0,53.0,17715500.0,411
2023-05-10 11:24:40,cu2404,cu2404,66850.0,0.0,0.0,0.0,2,66750.0,66840.0,2,66700.0,66640.0,66910.0,66640.0,53.0,17715500.0,411
2023-05-10 11:24:42,cu2404,cu2404,66850.0,0.0,0.0,0.0,1,66760.0,66840.0,2,66700.0,66640.0,66910.0,66640.0,53.0,17715500.0,411
2023-05-10 11:24:43,cu2404,cu2404,66850.0,0.0,0.0,0.0,1,66760.0,66840.0,2,66700.0,66640.0,66910.0,66640.0,53.0,17715500.0,411
2023-05-10 11:24:43,cu2404,cu2404,66850.0,0.0,0.0,0.0,2,66770.0,66840.0,2,66700.0,66640.0,66910.0,66640.0,53.0,17715500.0,411
2023-05-10 11:24:44,cu2404,cu2404,66850.0,0.0,0.0,0.0,2,66770.0,66840.0,2,66700.0,66640.0,66910.0,66640.0,53.0,17715500.0,411
2023-05-10 11:24:51,cu2404,cu2404,66850.0,0.0,0.0,0.0,2,66770.0,66840.0,2,66700.0,66640.0,66910.0,66640.0,53.0,17715500.0,411
2023-05-10 11:24:52,cu2404,cu2404,66850.0,0.0,0.0,0.0,1,66650.0,66840.0,2,66700.0,66640.0,66910.0,66640.0,53.0,17715500.0,411
2023-05-10 11:24:53,cu2404,cu2404,66850.0,0.0,0.0,0.0,11,66660.0,66840.0,2,66700.0,66640.0,66910.0,66640.0,53.0,17715500.0,411
2023-05-10 11:24:53,cu2404,cu2404,66850.0,0.0,0.0,0.0,2,66670.0,66840.0,2,66700.0,66640.0,66910.0,66640.0,53.0,17715500.0,411
2023-05-10 11:24:54,cu2404,cu2404,66850.0,0.0,0.0,0.0,1,66770.0,66840.0,2,66700.0,66640.0,66910.0,66640.0,53.0,17715500.0,411
2023-05-10 11:24:54,cu2404,cu2404,66850.0,0.0,0.0,0.0,1,66770.0,66840.0,2,66700.0,66640.0,66910.0,66640.0,53.0,17715500.0,411
2023-05-10 11:24:55,cu2404,cu2404,66850.0,0.0,0.0,0.0,1,66770.0,66840.0,2,66700.0,66640.0,66910.0,66640.0,53.0,17715500.0,411
2023-05-10 11:24:56,cu2404,cu2404,66850.0,0.0,0.0,0.0,1,66760.0,66840.0,2,66700.0,66640.0,66910.0,66640.0,53.0,17715500.0,411
2023-05-10 11:24:56,cu2404,cu2404,66850.0,0.0,0.0,0.0,2,66670.0,66840.0,2,66700.0,66640.0,66910.0,66640.0,53.0,17715500.0,411
2023-05-10 11:24:57,cu2404,cu2404,66850.0,0.0,0.0,0.0,6,66680.0,66840.0,2,66700.0,66640.0,66910.0,66640.0,53.0,17715500.0,411
2023-05-10 11:24:58,cu2404,cu2404,66850.0,0.0,0.0,0.0,6,66680.0,66840.0,2,66700.0,66640.0,66910.0,66640.0,53.0,17715500.0,411
2023-05-10 11:24:59,cu2404,cu2404,66850.0,0.0,0.0,0.0,2,66700.0,66840.0,2,66700.0,66640.0,66910.0,66640.0,53.0,17715500.0,411
2023-05-10 11:24:59,cu2404,cu2404,66850.0,0.0,0.0,0.0,1,66710.0,66840.0,2,66700.0,66640.0,66910.0,66640.0,53.0,17715500.0,411
2023-05-10 11:25:00,cu2404,cu2404,66850.0,0.0,0.0,0.0,2,66710.0,66840.0,2,66700.0,66640.0,66910.0,66640.0,53.0,17715500.0,411
2023-05-10 11:25:00,cu2404,cu2404,66850.0,0.0,0.0,0.0,4,66710.0,66840.0,2,66700.0,66640.0,66910.0,66640.0,53.0,17715500.0,411
2023-05-10 11:25:01,cu2404,cu2404,66850.0,0.0,0.0,0.0,2,66750.0,66840.0,2,66700.0,66640.0,66910.0,66640.0,53.0,17715500.0,411
2023-05-10 11:25:02,cu2404,cu2404,66850.0,0.0,0.0,0.0,1,66760.0,66840.0,2,66700.0,66640.0,66910.0,66640.0,53.0,17715500.0,411
2023-05-10 11:25:02,cu2404,cu2404,66850.0,0.0,0.0,0.0,1,66760.0,66840.0,2,66700.0,66640.0,66910.0,66640.0,53.0,17715500.0,411
2023-05-10 11:25:03,cu2404,cu2404,66850.0,0.0,0.0,0.0,1,66760.0,66840.0,2,66700.0,66640.0,66910.0,66640.0,53.0,17715500.0,411
2023-05-10 11:25:03,cu2404,cu2404,66850.0,0.0,0.0,0.0,2,66770.0,66840.0,2,66700.0,66640.0,66910.0,66640.0,53.0,17715500.0,411
2023-05-10 11:25:08,cu2404,cu2404,66850.0,0.0,0.0,0.0,2,66770.0,66840.0,2,66700.0,66640.0,66910.0,66640.0,53.0,17715500.0,411
2023-05-10 11:25:36,cu2404,cu2404,66850.0,0.0,0.0,0.0,2,66770.0,66840.0,2,66700.0,66640.0,66910.0,66640.0,53.0,17715500.0,411
2023-05-10 11:25:36,cu2404,cu2404,66850.0,0.0,0.0,0.0,1,66650.0,66840.0,2,66700.0,66640.0,66910.0,66640.0,53.0,17715500.0,411
2023-05-10 11:25:37,cu2404,cu2404,66850.0,0.0,0.0,0.0,1,66670.0,66840.0,2,66700.0,66640.0,66910.0,66640.0,53.0,17715500.0,411
2023-05-10 11:25:37,cu2404,cu2404,66850.0,0.0,0.0,0.0,1,66770.0,66840.0,2,66700.0,66640.0,66910.0,66640.0,53.0,17715500.0,411
2023-05-10 11:25:38,cu2404,cu2404,66850.0,0.0,0.0,0.0,1,66770.0,66840.0,2,66700.0,66640.0,66910.0,66640.0,53.0,17715500.0,411
2023-05-10 11:25:41,cu2404,cu2404,66850.0,0.0,0.0,0.0,1,66770.0,66840.0,2,66700.0,66640.0,66910.0,66640.0,53.0,17715500.0,411
2023-05-10 11:25:44,cu2404,cu2404,66850.0,0.0,0.0,0.0,1,66760.0,66840.0,2,66700.0,66640.0,66910.0,66640.0,53.0,17715500.0,411
2023-05-10 11:25:50,cu2404,cu2404,66850.0,0.0,0.0,0.0,2,66770.0,66840.0,2,66700.0,66640.0,66910.0,66640.0,53.0,17715500.0,411
2023-05-10 11:25:50,cu2404,cu2404,66850.0,0.0,0.0,0.0,2,66770.0,66840.0,2,66700.0,66640.0,66910.0,66640.0,53.0,17715500.0,411
2023-05-10 11:26:15,cu2404,cu2404,66850.0,0.0,0.0,0.0,1,66640.0,66840.0,2,66700.0,66640.0,66910.0,66640.0,53.0,17715500.0,411
2023-05-10 11:26:16,cu2404,cu2404,66850.0,0.0,0.0,0.0,1,66660.0,66840.0,2,66700.0,66640.0,66910.0,66640.0,53.0,17715500.0,411
2023-05-10 11:26:16,cu2404,cu2404,66850.0,0.0,0.0,0.0,1,66660.0,66840.0,2,66700.0,66640.0,66910.0,66640.0,53.0,17715500.0,411
2023-05-10 11:26:17,cu2404,cu2404,66850.0,0.0,0.0,0.0,2,66680.0,66840.0,2,66700.0,66640.0,66910.0,66640.0,53.0,17715500.0,411
2023-05-10 11:26:17,cu2404,cu2404,66850.0,0.0,0.0,0.0,4,66680.0,66840.0,2,66700.0,66640.0,66910.0,66640.0,53.0,17715500.0,411
2023-05-10 11:26:18,cu2404,cu2404,66850.0,0.0,0.0,0.0,1,66690.0,66840.0,2,66700.0,66640.0,66910.0,66640.0,53.0,17715500.0,411
2023-05-10 11:26:18,cu2404,cu2404,66850.0,0.0,0.0,0.0,6,66690.0,66840.0,2,66700.0,66640.0,66910.0,66640.0,53.0,17715500.0,411
2023-05-10 11:26:19,cu2404,cu2404,66850.0,0.0,0.0,0.0,6,66690.0,66840.0,2,66700.0,66640.0,66910.0,66640.0,53.0,17715500.0,411
2023-05-10 11:26:19,cu2404,cu2404,66850.0,0.0,0.0,0.0,2,66730.0,66840.0,2,66700.0,66640.0,66910.0,66640.0,53.0,17715500.0,411
2023-05-10 11:26:20,cu2404,cu2404,66850.0,0.0,0.0,0.0,2,66730.0,66840.0,2,66700.0,66640.0,66910.0,66640.0,53.0,17715500.0,411
2023-05-10 11:26:21,cu2404,cu2404,66850.0,0.0,0.0,0.0,1,66740.0,66840.0,2,66700.0,66640.0,66910.0,66640.0,53.0,17715500.0,411
2023-05-10 11:26:22,cu2404,cu2404,66850.0,0.0,0.0,0.0,1,66740.0,66840.0,2,66700.0,66640.0,66910.0,66640.0,53.0,17715500.0,411
2023-05-10 11:26:22,cu2404,cu2404,66850.0,0.0,0.0,0.0,2,66760.0,66840.0,2,66700.0,66640.0,66910.0,66640.0,53.0,17715500.0,411
2023-05-10 11:26:23,cu2404,cu2404,66850.0,0.0,0.0,0.0,1,66770.0,66840.0,2,66700.0,66640.0,66910.0,66640.0,53.0,17715500.0,411
2023-05-10 11:26:24,cu2404,cu2404,66850.0,0.0,0.0,0.0,2,66760.0,66840.0,2,66700.0,66640.0,66910.0,66640.0,53.0,17715500.0,411
2023-05-10 11:26:25,cu2404,cu2404,66850.0,0.0,0.0,0.0,1,66640.0,66840.0,2,66700.0,66640.0,66910.0,66640.0,53.0,17715500.0,411
2023-05-10 11:26:26,cu2404,cu2404,66850.0,0.0,0.0,0.0,1,66760.0,66840.0,2,66700.0,66640.0,66910.0,66640.0,53.0,17715500.0,411
2023-05-10 11:26:26,cu2404,cu2404,66850.0,0.0,0.0,0.0,1,66760.0,66840.0,2,66700.0,66640.0,66910.0,66640.0,53.0,17715500.0,411
2023-05-10 11:26:29,cu2404,cu2404,66850.0,0.0,0.0,0.0,1,66760.0,66840.0,2,66700.0,66640.0,66910.0,66640.0,53.0,17715500.0,411
2023-05-10 11:26:29,cu2404,cu2404,66850.0,0.0,0.0,0.0,2,66770.0,66840.0,2,66700.0,66640.0,66910.0,66640.0,53.0,17715500.0,411
2023-05-10 11:26:30,cu2404,cu2404,66850.0,0.0,0.0,0.0,2,66770.0,66840.0,2,66700.0,66640.0,66910.0,66640.0,53.0,17715500.0,411
2023-05-10 11:26:32,cu2404,cu2404,66850.0,0.0,0.0,0.0,3,66640.0,66840.0,2,66700.0,66640.0,66910.0,66640.0,53.0,17715500.0,411
2023-05-10 11:26:33,cu2404,cu2404,66850.0,0.0,0.0,0.0,1,66660.0,66840.0,2,66700.0,66640.0,66910.0,66640.0,53.0,17715500.0,411
2023-05-10 11:26:33,cu2404,cu2404,66850.0,0.0,0.0,0.0,1,66660.0,66840.0,2,66700.0,66640.0,66910.0,66640.0,53.0,17715500.0,411
2023-05-10 11:26:34,cu2404,cu2404,66850.0,0.0,0.0,0.0,2,66680.0,66840.0,2,66700.0,66640.0,66910.0,66640.0,53.0,17715500.0,411
2023-05-10 11:26:34,cu2404,cu2404,66850.0,0.0,0.0,0.0,4,66680.0,66840.0,2,66700.0,66640.0,66910.0,66640.0,53.0,17715500.0,411
2023-05-10 11:26:35,cu2404,cu2404,66850.0,0.0,0.0,0.0,1,66690.0,66840.0,2,66700.0,66640.0,66910.0,66640.0,53.0,17715500.0,411
2023-05-10 11:26:36,cu2404,cu2404,66850.0,0.0,0.0,0.0,1,66690.0,66840.0,2,66700.0,66640.0,66910.0,66640.0,53.0,17715500.0,411
2023-05-10 11:26:36,cu2404,cu2404,66850.0,0.0,0.0,0.0,2,66730.0,66840.0,2,66700.0,66640.0,66910.0,66640.0,53.0,17715500.0,411
2023-05-10 11:26:37,cu2404,cu2404,66850.0,0.0,0.0,0.0,1,66740.0,66840.0,2,66700.0,66640.0,66910.0,66640.0,53.0,17715500.0,411
2023-05-10 11:26:39,cu2404,cu2404,66850.0,0.0,0.0,0.0,1,66740.0,66840.0,2,66700.0,66640.0,66910.0,66640.0,53.0,17715500.0,411
2023-05-10 11:26:40,cu2404,cu2404,66850.0,0.0,0.0,0.0,2,66760.0,66840.0,2,66700.0,66640.0,66910.0,66640.0,53.0,17715500.0,411
2023-05-10 11:26:41,cu2404,cu2404,66850.0,0.0,0.0,0.0,2,66760.0,66840.0,2,66700.0,66640.0,66910.0,66640.0,53.0,17715500.0,411
2023-05-10 11:26:43,cu2404,cu2404,66850.0,0.0,0.0,0.0,2,66760.0,66840.0,2,66700.0,66640.0,66910.0,66640.0,53.0,17715500.0,411
2023-05-10 11:26:59,cu2404,cu2404,66850.0,0.0,0.0,0.0,1,66770.0,66840.0,2,66700.0,66640.0,66910.0,66640.0,53.0,17715500.0,411
2023-05-10 11:27:00,cu2404,cu2404,66850.0,0.0,0.0,0.0,2,66760.0,66840.0,2,66700.0,66640.0,66910.0,66640.0,53.0,17715500.0,411
2023-05-10 11:27:12,cu2404,cu2404,66850.0,0.0,0.0,0.0,1,66770.0,66840.0,2,66700.0,66640.0,66910.0,66640.0,53.0,17715500.0,411
2023-05-10 11:27:13,cu2404,cu2404,66850.0,0.0,0.0,0.0,2,66760.0,66840.0,2,66700.0,66640.0,66910.0,66640.0,53.0,17715500.0,411
2023-05-10 11:27:13,cu2404,cu2404,66850.0,0.0,0.0,0.0,1,66770.0,66840.0,2,66700.0,66640.0,66910.0,66640.0,53.0,17715500.0,411
2023-05-10 11:27:14,cu2404,cu2404,66850.0,0.0,0.0,0.0,2,66760.0,66840.0,2,66700.0,66640.0,66910.0,66640.0,53.0,17715500.0,411
2023-05-10 11:27:30,cu2404,cu2404,66850.0,0.0,0.0,0.0,1,66770.0,66840.0,2,66700.0,66640.0,66910.0,66640.0,53.0,17715500.0,411
2023-05-10 11:27:30,cu2404,cu2404,66850.0,0.0,0.0,0.0,2,66760.0,66840.0,2,66700.0,66640.0,66910.0,66640.0,53.0,17715500.0,411
2023-05-10 11:27:33,cu2404,cu2404,66850.0,0.0,0.0,0.0,2,66640.0,66840.0,2,66700.0,66640.0,66910.0,66640.0,53.0,17715500.0,411
2023-05-10 11:27:34,cu2404,cu2404,66850.0,0.0,0.0,0.0,1,66760.0,66840.0,2,66700.0,66640.0,66910.0,66640.0,53.0,17715500.0,411
2023-05-10 11:27:34,cu2404,cu2404,66850.0,0.0,0.0,0.0,1,66760.0,66840.0,2,66700.0,66640.0,66910.0,66640.0,53.0,17715500.0,411
2023-05-10 11:27:39,cu2404,cu2404,66850.0,0.0,0.0,0.0,1,66760.0,66840.0,2,66700.0,66640.0,66910.0,66640.0,53.0,17715500.0,411
2023-05-10 11:28:30,cu2404,cu2404,66850.0,0.0,0.0,0.0,1,66760.0,66840.0,2,66700.0,66640.0,66910.0,66640.0,53.0,17715500.0,411
2023-05-10 11:28:34,cu2404,cu2404,66850.0,0.0,0.0,0.0,1,66760.0,66840.0,2,66700.0,66640.0,66910.0,66640.0,53.0,17715500.0,411
2023-05-10 11:28:43,cu2404,cu2404,66850.0,0.0,0.0,0.0,1,66740.0,66840.0,1,66700.0,66640.0,66910.0,66640.0,53.0,17715500.0,411
2023-05-10 11:28:43,cu2404,cu2404,66850.0,0.0,0.0,0.0,1,66740.0,66830.0,1,66700.0,66640.0,66910.0,66640.0,53.0,17715500.0,411
2023-05-10 11:28:44,cu2404,cu2404,66850.0,0.0,0.0,0.0,2,66750.0,66830.0,1,66700.0,66640.0,66910.0,66640.0,53.0,17715500.0,411
2023-05-10 11:28:44,cu2404,cu2404,66850.0,0.0,0.0,0.0,2,66750.0,66830.0,2,66700.0,66640.0,66910.0,66640.0,53.0,17715500.0,411
2023-05-10 11:28:45,cu2404,cu2404,66850.0,0.0,0.0,0.0,1,66640.0,66830.0,2,66700.0,66640.0,66910.0,66640.0,53.0,17715500.0,411
2023-05-10 11:28:46,cu2404,cu2404,66850.0,0.0,0.0,0.0,1,66750.0,66830.0,2,66700.0,66640.0,66910.0,66640.0,53.0,17715500.0,411
2023-05-10 11:28:46,cu2404,cu2404,66850.0,0.0,0.0,0.0,1,66750.0,66830.0,2,66700.0,66640.0,66910.0,66640.0,53.0,17715500.0,411
2023-05-10 11:28:49,cu2404,cu2404,66850.0,0.0,0.0,0.0,1,66740.0,66830.0,2,66700.0,66640.0,66910.0,66640.0,53.0,17715500.0,411
2023-05-10 11:28:49,cu2404,cu2404,66850.0,0.0,0.0,0.0,1,66740.0,66830.0,2,66700.0,66640.0,66910.0,66640.0,53.0,17715500.0,411
2023-05-10 11:28:50,cu2404,cu2404,66850.0,0.0,0.0,0.0,1,66740.0,66830.0,3,66700.0,66640.0,66910.0,66640.0,53.0,17715500.0,411
2023-05-10 11:28:57,cu2404,cu2404,66850.0,0.0,0.0,0.0,1,66740.0,66830.0,3,66700.0,66640.0,66910.0,66640.0,53.0,17715500.0,411
2023-05-10 11:28:58,cu2404,cu2404,66850.0,0.0,0.0,0.0,1,66740.0,66830.0,2,66700.0,66640.0,66910.0,66640.0,53.0,17715500.0,411
2023-05-10 11:29:00,cu2404,cu2404,66850.0,0.0,0.0,0.0,1,66740.0,66830.0,2,66700.0,66640.0,66910.0,66640.0,53.0,17715500.0,411
2023-05-10 11:29:00,cu2404,cu2404,66850.0,0.0,0.0,0.0,2,66750.0,66830.0,2,66700.0,66640.0,66910.0,66640.0,53.0,17715500.0,411
2023-05-10 11:29:01,cu2404,cu2404,66850.0,0.0,0.0,0.0,1,66740.0,66830.0,2,66700.0,66640.0,66910.0,66640.0,53.0,17715500.0,411
2023-05-10 11:29:01,cu2404,cu2404,66850.0,0.0,0.0,0.0,1,66640.0,66830.0,2,66700.0,66640.0,66910.0,66640.0,53.0,17715500.0,411
2023-05-10 11:29:02,cu2404,cu2404,66850.0,0.0,0.0,0.0,2,66650.0,66830.0,2,66700.0,66640.0,66910.0,66640.0,53.0,17715500.0,411
2023-05-10 11:29:02,cu2404,cu2404,66850.0,0.0,0.0,0.0,2,66660.0,66830.0,2,66700.0,66640.0,66910.0,66640.0,53.0,17715500.0,411
2023-05-10 11:29:03,cu2404,cu2404,66850.0,0.0,0.0,0.0,2,66660.0,66830.0,2,66700.0,66640.0,66910.0,66640.0,53.0,17715500.0,411
2023-05-10 11:29:04,cu2404,cu2404,66850.0,0.0,0.0,0.0,6,66670.0,66830.0,2,66700.0,66640.0,66910.0,66640.0,53.0,17715500.0,411
2023-05-10 11:29:05,cu2404,cu2404,66850.0,0.0,0.0,0.0,6,66670.0,66830.0,2,66700.0,66640.0,66910.0,66640.0,53.0,17715500.0,411
2023-05-10 11:29:05,cu2404,cu2404,66850.0,0.0,0.0,0.0,2,66690.0,66830.0,2,66700.0,66640.0,66910.0,66640.0,53.0,17715500.0,411
2023-05-10 11:29:08,cu2404,cu2404,66850.0,0.0,0.0,0.0,2,66690.0,66830.0,2,66700.0,66640.0,66910.0,66640.0,53.0,17715500.0,411
2023-05-10 11:29:08,cu2404,cu2404,66850.0,0.0,0.0,0.0,5,66700.0,66830.0,2,66700.0,66640.0,66910.0,66640.0,53.0,17715500.0,411
2023-05-10 11:29:09,cu2404,cu2404,66850.0,0.0,0.0,0.0,5,66700.0,66830.0,2,66700.0,66640.0,66910.0,66640.0,53.0,17715500.0,411
2023-05-10 11:29:09,cu2404,cu2404,66850.0,0.0,0.0,0.0,2,66740.0,66830.0,2,66700.0,66640.0,66910.0,66640.0,53.0,17715500.0,411
2023-05-10 11:29:11,cu2404,cu2404,66850.0,0.0,0.0,0.0,2,66740.0,66830.0,2,66700.0,66640.0,66910.0,66640.0,53.0,17715500.0,411
2023-05-10 11:29:12,cu2404,cu2404,66850.0,0.0,0.0,0.0,2,66740.0,66830.0,3,66700.0,66640.0,66910.0,66640.0,53.0,17715500.0,411
2023-05-10 11:29:16,cu2404,cu2404,66850.0,0.0,0.0,0.0,2,66740.0,66820.0,1,66700.0,66640.0,66910.0,66640.0,53.0,17715500.0,411
2023-05-10 11:29:17,cu2404,cu2404,66850.0,0.0,0.0,0.0,2,66740.0,66820.0,1,66700.0,66640.0,66910.0,66640.0,53.0,17715500.0,411
2023-05-10 11:29:22,cu2404,cu2404,66850.0,0.0,0.0,0.0,1,66640.0,66820.0,1,66700.0,66640.0,66910.0,66640.0,53.0,17715500.0,411
2023-05-10 11:29:22,cu2404,cu2404,66850.0,0.0,0.0,0.0,6,66650.0,66820.0,1,66700.0,66640.0,66910.0,66640.0,53.0,17715500.0,411
2023-05-10 11:29:23,cu2404,cu2404,66850.0,0.0,0.0,0.0,1,66660.0,66820.0,1,66700.0,66640.0,66910.0,66640.0,53.0,17715500.0,411
2023-05-10 11:29:23,cu2404,cu2404,66850.0,0.0,0.0,0.0,1,66660.0,66820.0,1,66700.0,66640.0,66910.0,66640.0,53.0,17715500.0,411
2023-05-10 11:29:24,cu2404,cu2404,66850.0,0.0,0.0,0.0,1,66660.0,66820.0,1,66700.0,66640.0,66910.0,66640.0,53.0,17715500.0,411
2023-05-10 11:29:24,cu2404,cu2404,66850.0,0.0,0.0,0.0,2,66680.0,66820.0,1,66700.0,66640.0,66910.0,66640.0,53.0,17715500.0,411
2023-05-10 11:29:25,cu2404,cu2404,66850.0,0.0,0.0,0.0,2,66680.0,66820.0,1,66700.0,66640.0,66910.0,66640.0,53.0,17715500.0,411
2023-05-10 11:29:25,cu2404,cu2404,66850.0,0.0,0.0,0.0,5,66690.0,66820.0,1,66700.0,66640.0,66910.0,66640.0,53.0,17715500.0,411
2023-05-10 11:29:26,cu2404,cu2404,66850.0,0.0,0.0,0.0,5,66690.0,66820.0,1,66700.0,66640.0,66910.0,66640.0,53.0,17715500.0,411
2023-05-10 11:29:27,cu2404,cu2404,66850.0,0.0,0.0,0.0,2,66720.0,66820.0,1,66700.0,66640.0,66910.0,66640.0,53.0,17715500.0,411
2023-05-10 11:29:27,cu2404,cu2404,66850.0,0.0,0.0,0.0,2,66720.0,66820.0,1,66700.0,66640.0,66910.0,66640.0,53.0,17715500.0,411
2023-05-10 11:29:28,cu2404,cu2404,66850.0,0.0,0.0,0.0,2,66720.0,66820.0,1,66700.0,66640.0,66910.0,66640.0,53.0,17715500.0,411
2023-05-10 11:29:28,cu2404,cu2404,66850.0,0.0,0.0,0.0,2,66720.0,66820.0,1,66700.0,66640.0,66910.0,66640.0,53.0,17715500.0,411
2023-05-10 11:29:30,cu2404,cu2404,66850.0,0.0,0.0,0.0,2,66720.0,66820.0,1,66700.0,66640.0,66910.0,66640.0,53.0,17715500.0,411
2023-05-10 11:29:31,cu2404,cu2404,66850.0,0.0,0.0,0.0,1,66640.0,66820.0,1,66700.0,66640.0,66910.0,66640.0,53.0,17715500.0,411
2023-05-10 11:29:31,cu2404,cu2404,66850.0,0.0,0.0,0.0,4,66650.0,66820.0,1,66700.0,66640.0,66910.0,66640.0,53.0,17715500.0,411
2023-05-10 11:29:32,cu2404,cu2404,66850.0,0.0,0.0,0.0,6,66650.0,66820.0,1,66700.0,66640.0,66910.0,66640.0,53.0,17715500.0,411
2023-05-10 11:29:35,cu2404,cu2404,66850.0,0.0,0.0,0.0,6,66650.0,66830.0,1,66700.0,66640.0,66910.0,66640.0,53.0,17715500.0,411
2023-05-10 11:29:37,cu2404,cu2404,66850.0,0.0,0.0,0.0,9,66650.0,66830.0,1,66700.0,66640.0,66910.0,66640.0,53.0,17715500.0,411
2023-05-10 11:29:41,cu2404,cu2404,66850.0,0.0,0.0,0.0,10,66650.0,66830.0,1,66700.0,66640.0,66910.0,66640.0,53.0,17715500.0,411
2023-05-10 11:29:41,cu2404,cu2404,66850.0,0.0,0.0,0.0,9,66650.0,66830.0,1,66700.0,66640.0,66910.0,66640.0,53.0,17715500.0,411
2023-05-10 11:29:42,cu2404,cu2404,66850.0,0.0,0.0,0.0,2,66660.0,66830.0,1,66700.0,66640.0,66910.0,66640.0,53.0,17715500.0,411
2023-05-10 11:29:43,cu2404,cu2404,66850.0,0.0,0.0,0.0,2,66660.0,66830.0,1,66700.0,66640.0,66910.0,66640.0,53.0,17715500.0,411
2023-05-10 11:29:43,cu2404,cu2404,66850.0,0.0,0.0,0.0,5,66670.0,66830.0,1,66700.0,66640.0,66910.0,66640.0,53.0,17715500.0,411
2023-05-10 11:29:44,cu2404,cu2404,66850.0,0.0,0.0,0.0,6,66670.0,66830.0,1,66700.0,66640.0,66910.0,66640.0,53.0,17715500.0,411
2023-05-10 11:29:45,cu2404,cu2404,66850.0,0.0,0.0,0.0,6,66670.0,66830.0,1,66700.0,66640.0,66910.0,66640.0,53.0,17715500.0,411
2023-05-10 11:29:46,cu2404,cu2404,66850.0,0.0,0.0,0.0,6,66670.0,66830.0,1,66700.0,66640.0,66910.0,66640.0,53.0,17715500.0,411
2023-05-10 11:29:47,cu2404,cu2404,66850.0,0.0,0.0,0.0,6,66670.0,66830.0,1,66700.0,66640.0,66910.0,66640.0,53.0,17715500.0,411
2023-05-10 11:29:50,cu2404,cu2404,66850.0,0.0,0.0,0.0,5,66670.0,66830.0,1,66700.0,66640.0,66910.0,66640.0,53.0,17715500.0,411
2023-05-10 11:29:51,cu2404,cu2404,66850.0,0.0,0.0,0.0,2,66670.0,66830.0,1,66700.0,66640.0,66910.0,66640.0,53.0,17715500.0,411
2023-05-10 11:29:52,cu2404,cu2404,66850.0,0.0,0.0,0.0,2,66660.0,66830.0,1,66700.0,66640.0,66910.0,66640.0,53.0,17715500.0,411
2023-05-10 11:29:54,cu2404,cu2404,66850.0,0.0,0.0,0.0,1,66540.0,66830.0,1,66700.0,66640.0,66910.0,66640.0,53.0,17715500.0,411
2023-05-10 11:29:55,cu2404,cu2404,66850.0,0.0,0.0,0.0,3,66550.0,66830.0,1,66700.0,66640.0,66910.0,66640.0,53.0,17715500.0,411
2023-05-10 11:29:57,cu2404,cu2404,66850.0,0.0,0.0,0.0,3,66550.0,66830.0,1,66700.0,66640.0,66910.0,66640.0,53.0,17715500.0,411
2023-05-10 11:29:57,cu2404,cu2404,66850.0,0.0,0.0,0.0,3,66550.0,66830.0,1,66700.0,66640.0,66910.0,66640.0,53.0,17715500.0,411
2023-05-10 11:29:58,cu2404,cu2404,66850.0,0.0,0.0,0.0,1,66540.0,66830.0,1,66700.0,66640.0,66910.0,66640.0,53.0,17715500.0,411
2023-05-10 11:29:59,cu2404,cu2404,66850.0,0.0,0.0,0.0,1,66540.0,67000.0,2,66700.0,66640.0,66910.0,66640.0,53.0,17715500.0,411
2023-05-10 11:29:59,cu2404,cu2404,66850.0,0.0,0.0,0.0,1,66540.0,67000.0,2,66700.0,66640.0,66910.0,66640.0,53.0,17715500.0,411
2023-05-10 13:30:00,cu2404,cu2404,66850.0,0.0,0.0,0.0,2,66550.0,67000.0,2,66700.0,66640.0,66910.0,66640.0,53.0,17715500.0,411
2023-05-10 13:30:01,cu2404,cu2404,66850.0,0.0,0.0,0.0,5,66560.0,66990.0,2,66700.0,66640.0,66910.0,66640.0,53.0,17715500.0,411
2023-05-10 13:30:01,cu2404,cu2404,66850.0,0.0,0.0,0.0,7,66560.0,66990.0,2,66700.0,66640.0,66910.0,66640.0,53.0,17715500.0,411
2023-05-10 13:30:02,cu2404,cu2404,66850.0,0.0,0.0,0.0,3,66570.0,66980.0,1,66700.0,66640.0,66910.0,66640.0,53.0,17715500.0,411
2023-05-10 13:30:02,cu2404,cu2404,66850.0,0.0,0.0,0.0,1,66650.0,66980.0,1,66700.0,66640.0,66910.0,66640.0,53.0,17715500.0,411
2023-05-10 13:30:03,cu2404,cu2404,66850.0,0.0,0.0,0.0,1,66660.0,66970.0,1,66700.0,66640.0,66910.0,66640.0,53.0,17715500.0,411
2023-05-10 13:30:03,cu2404,cu2404,66850.0,0.0,0.0,0.0,1,66660.0,66970.0,1,66700.0,66640.0,66910.0,66640.0,53.0,17715500.0,411
2023-05-10 13:30:04,cu2404,cu2404,66850.0,0.0,0.0,0.0,1,66660.0,66970.0,1,66700.0,66640.0,66910.0,66640.0,53.0,17715500.0,411
2023-05-10 13:30:04,cu2404,cu2404,66850.0,0.0,0.0,0.0,2,66670.0,66970.0,1,66700.0,66640.0,66910.0,66640.0,53.0,17715500.0,411
2023-05-10 13:30:05,cu2404,cu2404,66850.0,0.0,0.0,0.0,2,66670.0,66970.0,1,66700.0,66640.0,66910.0,66640.0,53.0,17715500.0,411
2023-05-10 13:30:05,cu2404,cu2404,66850.0,0.0,0.0,0.0,4,66670.0,66970.0,1,66700.0,66640.0,66910.0,66640.0,53.0,17715500.0,411
2023-05-10 13:30:06,cu2404,cu2404,66850.0,0.0,0.0,0.0,4,66670.0,66960.0,3,66700.0,66640.0,66910.0,66640.0,53.0,17715500.0,411
2023-05-10 13:30:06,cu2404,cu2404,66850.0,0.0,0.0,0.0,6,66670.0,66960.0,3,66700.0,66640.0,66910.0,66640.0,53.0,17715500.0,411
2023-05-10 13:30:07,cu2404,cu2404,66850.0,0.0,0.0,0.0,6,66670.0,66960.0,3,66700.0,66640.0,66910.0,66640.0,53.0,17715500.0,411
2023-05-10 13:30:08,cu2404,cu2404,66850.0,0.0,0.0,0.0,1,66680.0,66950.0,2,66700.0,66640.0,66910.0,66640.0,53.0,17715500.0,411
2023-05-10 13:30:08,cu2404,cu2404,66850.0,0.0,0.0,0.0,1,66680.0,66950.0,2,66700.0,66640.0,66910.0,66640.0,53.0,17715500.0,411
2023-05-10 13:30:09,cu2404,cu2404,66850.0,0.0,0.0,0.0,2,66690.0,66940.0,2,66700.0,66640.0,66910.0,66640.0,53.0,17715500.0,411
2023-05-10 13:30:09,cu2404,cu2404,66850.0,0.0,0.0,0.0,2,66690.0,66940.0,2,66700.0,66640.0,66910.0,66640.0,53.0,17715500.0,411
2023-05-10 13:30:10,cu2404,cu2404,66850.0,0.0,0.0,0.0,1,66700.0,66930.0,1,66700.0,66640.0,66910.0,66640.0,53.0,17715500.0,411
2023-05-10 13:30:11,cu2404,cu2404,66850.0,0.0,0.0,0.0,3,66700.0,66930.0,1,66700.0,66640.0,66910.0,66640.0,53.0,17715500.0,411
2023-05-10 13:30:11,cu2404,cu2404,66850.0,0.0,0.0,0.0,3,66700.0,66920.0,2,66700.0,66640.0,66910.0,66640.0,53.0,17715500.0,411
2023-05-10 13:30:12,cu2404,cu2404,66850.0,0.0,0.0,0.0,2,66710.0,66910.0,2,66700.0,66640.0,66910.0,66640.0,53.0,17715500.0,411
2023-05-10 13:30:12,cu2404,cu2404,66850.0,0.0,0.0,0.0,2,66710.0,66910.0,4,66700.0,66640.0,66910.0,66640.0,53.0,17715500.0,411
2023-05-10 13:30:13,cu2404,cu2404,66850.0,0.0,0.0,0.0,2,66710.0,66900.0,1,66700.0,66640.0,66910.0,66640.0,53.0,17715500.0,411
2023-05-10 13:30:13,cu2404,cu2404,66850.0,0.0,0.0,0.0,2,66730.0,66890.0,1,66700.0,66640.0,66910.0,66640.0,53.0,17715500.0,411
2023-05-10 13:30:14,cu2404,cu2404,66850.0,0.0,0.0,0.0,2,66730.0,66880.0,2,66700.0,66640.0,66910.0,66640.0,53.0,17715500.0,411
2023-05-10 13:30:14,cu2404,cu2404,66850.0,0.0,0.0,0.0,2,66730.0,66880.0,2,66700.0,66640.0,66910.0,66640.0,53.0,17715500.0,411
2023-05-10 13:30:15,cu2404,cu2404,66850.0,0.0,0.0,0.0,2,66730.0,66870.0,4,66700.0,66640.0,66910.0,66640.0,53.0,17715500.0,411
2023-05-10 13:30:15,cu2404,cu2404,66850.0,0.0,0.0,0.0,2,66730.0,66870.0,5,66700.0,66640.0,66910.0,66640.0,53.0,17715500.0,411
2023-05-10 13:30:16,cu2404,cu2404,66850.0,0.0,0.0,0.0,2,66730.0,66870.0,5,66700.0,66640.0,66910.0,66640.0,53.0,17715500.0,411
2023-05-10 13:30:17,cu2404,cu2404,66850.0,0.0,0.0,0.0,2,66730.0,66870.0,7,66700.0,66640.0,66910.0,66640.0,53.0,17715500.0,411
2023-05-10 13:30:21,cu2404,cu2404,66850.0,0.0,0.0,0.0,2,66730.0,66870.0,7,66700.0,66640.0,66910.0,66640.0,53.0,17715500.0,411
2023-05-10 13:30:22,cu2404,cu2404,66850.0,0.0,0.0,0.0,2,66730.0,66860.0,1,66700.0,66640.0,66910.0,66640.0,53.0,17715500.0,411
2023-05-10 13:30:23,cu2404,cu2404,66850.0,0.0,0.0,0.0,2,66730.0,66860.0,1,66700.0,66640.0,66910.0,66640.0,53.0,17715500.0,411
2023-05-10 13:30:23,cu2404,cu2404,66850.0,0.0,0.0,0.0,2,66730.0,66850.0,3,66700.0,66640.0,66910.0,66640.0,53.0,17715500.0,411
2023-05-10 13:30:24,cu2404,cu2404,66850.0,0.0,0.0,0.0,2,66730.0,66850.0,3,66700.0,66640.0,66910.0,66640.0,53.0,17715500.0,411
2023-05-10 13:30:25,cu2404,cu2404,66850.0,0.0,0.0,0.0,1,66560.0,66850.0,3,66700.0,66640.0,66910.0,66640.0,53.0,17715500.0,411
2023-05-10 13:30:25,cu2404,cu2404,66850.0,0.0,0.0,0.0,1,66680.0,66850.0,3,66700.0,66640.0,66910.0,66640.0,53.0,17715500.0,411
2023-05-10 13:30:26,cu2404,cu2404,66850.0,0.0,0.0,0.0,3,66680.0,66850.0,3,66700.0,66640.0,66910.0,66640.0,53.0,17715500.0,411
2023-05-10 13:30:26,cu2404,cu2404,66850.0,0.0,0.0,0.0,1,66690.0,66850.0,3,66700.0,66640.0,66910.0,66640.0,53.0,17715500.0,411
2023-05-10 13:30:27,cu2404,cu2404,66850.0,0.0,0.0,0.0,2,66700.0,66850.0,3,66700.0,66640.0,66910.0,66640.0,53.0,17715500.0,411
2023-05-10 13:30:28,cu2404,cu2404,66850.0,0.0,0.0,0.0,2,66700.0,66850.0,3,66700.0,66640.0,66910.0,66640.0,53.0,17715500.0,411
2023-05-10 13:30:34,cu2404,cu2404,66850.0,0.0,0.0,0.0,4,66700.0,66850.0,3,66700.0,66640.0,66910.0,66640.0,53.0,17715500.0,411
2023-05-10 13:30:34,cu2404,cu2404,66850.0,0.0,0.0,0.0,4,66700.0,66850.0,1,66700.0,66640.0,66910.0,66640.0,53.0,17715500.0,411
2023-05-10 13:30:36,cu2404,cu2404,66850.0,0.0,0.0,0.0,5,66700.0,66850.0,1,66700.0,66640.0,66910.0,66640.0,53.0,17715500.0,411
2023-05-10 13:30:37,cu2404,cu2404,66850.0,0.0,0.0,0.0,2,66710.0,66850.0,1,66700.0,66640.0,66910.0,66640.0,53.0,17715500.0,411
2023-05-10 13:30:38,cu2404,cu2404,66850.0,0.0,0.0,0.0,2,66710.0,66850.0,1,66700.0,66640.0,66910.0,66640.0,53.0,17715500.0,411
2023-05-10 13:30:38,cu2404,cu2404,66850.0,0.0,0.0,0.0,2,66720.0,66850.0,1,66700.0,66640.0,66910.0,66640.0,53.0,17715500.0,411
2023-05-10 13:30:39,cu2404,cu2404,66850.0,0.0,0.0,0.0,2,66720.0,66840.0,1,66700.0,66640.0,66910.0,66640.0,53.0,17715500.0,411
2023-05-10 13:30:39,cu2404,cu2404,66850.0,0.0,0.0,0.0,2,66720.0,66840.0,1,66700.0,66640.0,66910.0,66640.0,53.0,17715500.0,411
2023-05-10 13:30:40,cu2404,cu2404,66850.0,0.0,0.0,0.0,4,66720.0,66840.0,1,66700.0,66640.0,66910.0,66640.0,53.0,17715500.0,411
2023-05-10 13:30:43,cu2404,cu2404,66850.0,0.0,0.0,0.0,5,66720.0,66840.0,1,66700.0,66640.0,66910.0,66640.0,53.0,17715500.0,411
2023-05-10 13:30:43,cu2404,cu2404,66850.0,0.0,0.0,0.0,2,66730.0,66840.0,1,66700.0,66640.0,66910.0,66640.0,53.0,17715500.0,411
2023-05-10 13:30:44,cu2404,cu2404,66850.0,0.0,0.0,0.0,2,66730.0,66990.0,1,66700.0,66640.0,66910.0,66640.0,53.0,17715500.0,411
2023-05-10 13:30:44,cu2404,cu2404,66850.0,0.0,0.0,0.0,1,66740.0,66980.0,4,66700.0,66640.0,66910.0,66640.0,53.0,17715500.0,411
2023-05-10 13:30:45,cu2404,cu2404,66850.0,0.0,0.0,0.0,2,66750.0,66980.0,7,66700.0,66640.0,66910.0,66640.0,53.0,17715500.0,411
2023-05-10 13:30:46,cu2404,cu2404,66850.0,0.0,0.0,0.0,2,66750.0,66980.0,7,66700.0,66640.0,66910.0,66640.0,53.0,17715500.0,411
2023-05-10 13:30:48,cu2404,cu2404,66850.0,0.0,0.0,0.0,2,66750.0,66970.0,1,66700.0,66640.0,66910.0,66640.0,53.0,17715500.0,411
2023-05-10 13:30:48,cu2404,cu2404,66850.0,0.0,0.0,0.0,2,66750.0,66960.0,1,66700.0,66640.0,66910.0,66640.0,53.0,17715500.0,411
2023-05-10 13:30:49,cu2404,cu2404,66850.0,0.0,0.0,0.0,2,66750.0,66950.0,6,66700.0,66640.0,66910.0,66640.0,53.0,17715500.0,411
2023-05-10 13:30:49,cu2404,cu2404,66850.0,0.0,0.0,0.0,2,66750.0,66940.0,1,66700.0,66640.0,66910.0,66640.0,53.0,17715500.0,411
2023-05-10 13:30:50,cu2404,cu2404,66850.0,0.0,0.0,0.0,1,66560.0,66940.0,1,66700.0,66640.0,66910.0,66640.0,53.0,17715500.0,411
2023-05-10 13:30:50,cu2404,cu2404,66850.0,0.0,0.0,0.0,1,66660.0,66930.0,1,66700.0,66640.0,66910.0,66640.0,53.0,17715500.0,411
2023-05-10 13:30:51,cu2404,cu2404,66850.0,0.0,0.0,0.0,1,66660.0,66920.0,1,66700.0,66640.0,66910.0,66640.0,53.0,17715500.0,411
2023-05-10 13:30:51,cu2404,cu2404,66850.0,0.0,0.0,0.0,6,66670.0,66910.0,1,66700.0,66640.0,66910.0,66640.0,53.0,17715500.0,411
2023-05-10 13:30:52,cu2404,cu2404,66850.0,0.0,0.0,0.0,8,66670.0,66900.0,4,66700.0,66640.0,66910.0,66640.0,53.0,17715500.0,411
2023-05-10 13:30:52,cu2404,cu2404,66850.0,0.0,0.0,0.0,1,66680.0,66900.0,4,66700.0,66640.0,66910.0,66640.0,53.0,17715500.0,411
2023-05-10 13:30:53,cu2404,cu2404,66850.0,0.0,0.0,0.0,1,66680.0,66890.0,1,66700.0,66640.0,66910.0,66640.0,53.0,17715500.0,411
2023-05-10 13:30:53,cu2404,cu2404,66850.0,0.0,0.0,0.0,1,66680.0,66880.0,1,66700.0,66640.0,66910.0,66640.0,53.0,17715500.0,411
2023-05-10 13:30:54,cu2404,cu2404,66850.0,0.0,0.0,0.0,2,66700.0,66880.0,1,66700.0,66640.0,66910.0,66640.0,53.0,17715500.0,411
2023-05-10 13:30:54,cu2404,cu2404,66850.0,0.0,0.0,0.0,2,66710.0,66870.0,1,66700.0,66640.0,66910.0,66640.0,53.0,17715500.0,411
2023-05-10 13:30:55,cu2404,cu2404,66850.0,0.0,0.0,0.0,2,66710.0,66860.0,3,66700.0,66640.0,66910.0,66640.0,53.0,17715500.0,411
2023-05-10 13:30:55,cu2404,cu2404,66850.0,0.0,0.0,0.0,2,66710.0,66860.0,3,66700.0,66640.0,66910.0,66640.0,53.0,17715500.0,411
2023-05-10 13:30:56,cu2404,cu2404,66850.0,0.0,0.0,0.0,2,66750.0,66850.0,1,66700.0,66640.0,66910.0,66640.0,53.0,17715500.0,411
2023-05-10 13:30:57,cu2404,cu2404,66850.0,0.0,0.0,0.0,2,66750.0,66850.0,1,66700.0,66640.0,66910.0,66640.0,53.0,17715500.0,411
2023-05-10 13:30:57,cu2404,cu2404,66850.0,0.0,0.0,0.0,2,66750.0,66850.0,1,66700.0,66640.0,66910.0,66640.0,53.0,17715500.0,411
2023-05-10 13:30:59,cu2404,cu2404,66850.0,0.0,0.0,0.0,2,66750.0,66850.0,1,66700.0,66640.0,66910.0,66640.0,53.0,17715500.0,411
2023-05-10 13:30:59,cu2404,cu2404,66850.0,0.0,0.0,0.0,2,66750.0,66840.0,1,66700.0,66640.0,66910.0,66640.0,53.0,17715500.0,411
2023-05-10 13:31:00,cu2404,cu2404,66850.0,0.0,0.0,0.0,1,66560.0,66840.0,1,66700.0,66640.0,66910.0,66640.0,53.0,17715500.0,411
2023-05-10 13:31:00,cu2404,cu2404,66850.0,0.0,0.0,0.0,1,66640.0,66840.0,2,66700.0,66640.0,66910.0,66640.0,53.0,17715500.0,411
2023-05-10 13:31:01,cu2404,cu2404,66850.0,0.0,0.0,0.0,1,66740.0,66840.0,2,66700.0,66640.0,66910.0,66640.0,53.0,17715500.0,411
2023-05-10 13:31:01,cu2404,cu2404,66850.0,0.0,0.0,0.0,1,66740.0,66840.0,2,66700.0,66640.0,66910.0,66640.0,53.0,17715500.0,411
2023-05-10 13:31:02,cu2404,cu2404,66850.0,0.0,0.0,0.0,2,66750.0,66840.0,2,66700.0,66640.0,66910.0,66640.0,53.0,17715500.0,411
2023-05-10 13:31:02,cu2404,cu2404,66850.0,0.0,0.0,0.0,1,66660.0,66840.0,2,66700.0,66640.0,66910.0,66640.0,53.0,17715500.0,411
2023-05-10 13:31:03,cu2404,cu2404,66850.0,0.0,0.0,0.0,2,66670.0,66840.0,2,66700.0,66640.0,66910.0,66640.0,53.0,17715500.0,411
2023-05-10 13:31:04,cu2404,cu2404,66850.0,0.0,0.0,0.0,1,66680.0,66840.0,2,66700.0,66640.0,66910.0,66640.0,53.0,17715500.0,411
2023-05-10 13:31:05,cu2404,cu2404,66850.0,0.0,0.0,0.0,1,66680.0,66840.0,2,66700.0,66640.0,66910.0,66640.0,53.0,17715500.0,411
2023-05-10 13:31:05,cu2404,cu2404,66850.0,0.0,0.0,0.0,2,66700.0,66840.0,2,66700.0,66640.0,66910.0,66640.0,53.0,17715500.0,411
2023-05-10 13:31:06,cu2404,cu2404,66850.0,0.0,0.0,0.0,1,66710.0,66840.0,2,66700.0,66640.0,66910.0,66640.0,53.0,17715500.0,411
2023-05-10 13:31:06,cu2404,cu2404,66850.0,0.0,0.0,0.0,1,66710.0,66840.0,2,66700.0,66640.0,66910.0,66640.0,53.0,17715500.0,411
2023-05-10 13:31:07,cu2404,cu2404,66850.0,0.0,0.0,0.0,2,66740.0,66840.0,4,66700.0,66640.0,66910.0,66640.0,53.0,17715500.0,411
2023-05-10 13:31:07,cu2404,cu2404,66850.0,0.0,0.0,0.0,2,66740.0,66840.0,4,66700.0,66640.0,66910.0,66640.0,53.0,17715500.0,411
2023-05-10 13:31:08,cu2404,cu2404,66850.0,0.0,0.0,0.0,2,66740.0,66840.0,4,66700.0,66640.0,66910.0,66640.0,53.0,17715500.0,411
2023-05-10 13:31:09,cu2404,cu2404,66850.0,0.0,0.0,0.0,1,66560.0,66830.0,1,66700.0,66640.0,66910.0,66640.0,53.0,17715500.0,411
2023-05-10 13:31:09,cu2404,cu2404,66850.0,0.0,0.0,0.0,1,66730.0,66830.0,1,66700.0,66640.0,66910.0,66640.0,53.0,17715500.0,411
2023-05-10 13:31:10,cu2404,cu2404,66850.0,0.0,0.0,0.0,1,66640.0,66820.0,3,66700.0,66640.0,66910.0,66640.0,53.0,17715500.0,411
2023-05-10 13:31:10,cu2404,cu2404,66850.0,0.0,0.0,0.0,1,66650.0,66820.0,4,66700.0,66640.0,66910.0,66640.0,53.0,17715500.0,411
2023-05-10 13:31:11,cu2404,cu2404,66850.0,0.0,0.0,0.0,1,66660.0,66820.0,4,66700.0,66640.0,66910.0,66640.0,53.0,17715500.0,411
2023-05-10 13:31:11,cu2404,cu2404,66850.0,0.0,0.0,0.0,3,66660.0,66820.0,4,66700.0,66640.0,66910.0,66640.0,53.0,17715500.0,411
2023-05-10 13:31:13,cu2404,cu2404,66850.0,0.0,0.0,0.0,3,66660.0,66820.0,4,66700.0,66640.0,66910.0,66640.0,53.0,17715500.0,411
2023-05-10 13:31:14,cu2404,cu2404,66850.0,0.0,0.0,0.0,6,66660.0,66820.0,4,66700.0,66640.0,66910.0,66640.0,53.0,17715500.0,411
2023-05-10 13:31:14,cu2404,cu2404,66850.0,0.0,0.0,0.0,2,66670.0,66820.0,4,66700.0,66640.0,66910.0,66640.0,53.0,17715500.0,411
2023-05-10 13:31:15,cu2404,cu2404,66850.0,0.0,0.0,0.0,1,66680.0,66820.0,2,66700.0,66640.0,66910.0,66640.0,53.0,17715500.0,411
2023-05-10 13:31:15,cu2404,cu2404,66850.0,0.0,0.0,0.0,1,66680.0,66820.0,2,66700.0,66640.0,66910.0,66640.0,53.0,17715500.0,411
2023-05-10 13:31:16,cu2404,cu2404,66850.0,0.0,0.0,0.0,2,66690.0,66820.0,4,66700.0,66640.0,66910.0,66640.0,53.0,17715500.0,411
2023-05-10 13:31:17,cu2404,cu2404,66850.0,0.0,0.0,0.0,1,66700.0,66820.0,4,66700.0,66640.0,66910.0,66640.0,53.0,17715500.0,411
2023-05-10 13:31:18,cu2404,cu2404,66850.0,0.0,0.0,0.0,1,66700.0,66820.0,4,66700.0,66640.0,66910.0,66640.0,53.0,17715500.0,411
2023-05-10 13:31:18,cu2404,cu2404,66850.0,0.0,0.0,0.0,2,66710.0,66820.0,4,66700.0,66640.0,66910.0,66640.0,53.0,17715500.0,411
2023-05-10 13:31:19,cu2404,cu2404,66850.0,0.0,0.0,0.0,1,66720.0,66820.0,4,66700.0,66640.0,66910.0,66640.0,53.0,17715500.0,411
2023-05-10 13:31:19,cu2404,cu2404,66850.0,0.0,0.0,0.0,1,66720.0,66820.0,2,66700.0,66640.0,66910.0,66640.0,53.0,17715500.0,411
2023-05-10 13:31:23,cu2404,cu2404,66850.0,0.0,0.0,0.0,1,66720.0,66820.0,2,66700.0,66640.0,66910.0,66640.0,53.0,17715500.0,411
2023-05-10 13:31:23,cu2404,cu2404,66850.0,0.0,0.0,0.0,1,66700.0,66820.0,2,66700.0,66640.0,66910.0,66640.0,53.0,17715500.0,411
2023-05-10 13:31:24,cu2404,cu2404,66850.0,0.0,0.0,0.0,1,66700.0,66820.0,4,66700.0,66640.0,66910.0,66640.0,53.0,17715500.0,411
2023-05-10 13:31:27,cu2404,cu2404,66850.0,0.0,0.0,0.0,1,66700.0,66820.0,2,66700.0,66640.0,66910.0,66640.0,53.0,17715500.0,411
2023-05-10 13:31:27,cu2404,cu2404,66850.0,0.0,0.0,0.0,1,66700.0,66820.0,4,66700.0,66640.0,66910.0,66640.0,53.0,17715500.0,411
2023-05-10 13:31:28,cu2404,cu2404,66850.0,0.0,0.0,0.0,1,66700.0,66820.0,5,66700.0,66640.0,66910.0,66640.0,53.0,17715500.0,411
2023-05-10 13:31:28,cu2404,cu2404,66850.0,0.0,0.0,0.0,2,66710.0,66810.0,1,66700.0,66640.0,66910.0,66640.0,53.0,17715500.0,411
2023-05-10 13:31:29,cu2404,cu2404,66850.0,0.0,0.0,0.0,2,66710.0,66810.0,1,66700.0,66640.0,66910.0,66640.0,53.0,17715500.0,411
2023-05-10 13:31:29,cu2404,cu2404,66850.0,0.0,0.0,0.0,2,66710.0,66810.0,2,66700.0,66640.0,66910.0,66640.0,53.0,17715500.0,411
2023-05-10 13:31:37,cu2404,cu2404,66850.0,0.0,0.0,0.0,2,66710.0,66810.0,2,66700.0,66640.0,66910.0,66640.0,53.0,17715500.0,411
2023-05-10 13:31:38,cu2404,cu2404,66850.0,0.0,0.0,0.0,2,66710.0,66810.0,4,66700.0,66640.0,66910.0,66640.0,53.0,17715500.0,411
2023-05-10 13:31:41,cu2404,cu2404,66850.0,0.0,0.0,0.0,2,66710.0,66810.0,2,66700.0,66640.0,66910.0,66640.0,53.0,17715500.0,411
2023-05-10 13:31:49,cu2404,cu2404,66850.0,0.0,0.0,0.0,1,66720.0,66810.0,1,66700.0,66640.0,66910.0,66640.0,53.0,17715500.0,411
2023-05-10 13:31:50,cu2404,cu2404,66850.0,0.0,0.0,0.0,1,66720.0,66800.0,1,66700.0,66640.0,66910.0,66640.0,53.0,17715500.0,411
2023-05-10 13:31:50,cu2404,cu2404,66850.0,0.0,0.0,0.0,1,66720.0,66800.0,1,66700.0,66640.0,66910.0,66640.0,53.0,17715500.0,411
2023-05-10 13:31:51,cu2404,cu2404,66850.0,0.0,0.0,0.0,1,66560.0,66800.0,1,66700.0,66640.0,66910.0,66640.0,53.0,17715500.0,411
2023-05-10 13:31:51,cu2404,cu2404,66850.0,0.0,0.0,0.0,1,66710.0,66800.0,1,66700.0,66640.0,66910.0,66640.0,53.0,17715500.0,411
2023-05-10 13:31:52,cu2404,cu2404,66850.0,0.0,0.0,0.0,1,66710.0,66800.0,1,66700.0,66640.0,66910.0,66640.0,53.0,17715500.0,411
2023-05-10 13:31:52,cu2404,cu2404,66850.0,0.0,0.0,0.0,1,66640.0,66800.0,1,66700.0,66640.0,66910.0,66640.0,53.0,17715500.0,411
2023-05-10 13:31:53,cu2404,cu2404,66850.0,0.0,0.0,0.0,1,66630.0,66800.0,1,66700.0,66640.0,66910.0,66640.0,53.0,17715500.0,411
2023-05-10 13:31:53,cu2404,cu2404,66850.0,0.0,0.0,0.0,2,66650.0,66800.0,1,66700.0,66640.0,66910.0,66640.0,53.0,17715500.0,411
2023-05-10 13:31:54,cu2404,cu2404,66850.0,0.0,0.0,0.0,2,66650.0,66800.0,1,66700.0,66640.0,66910.0,66640.0,53.0,17715500.0,411
2023-05-10 13:31:54,cu2404,cu2404,66850.0,0.0,0.0,0.0,3,66660.0,66800.0,2,66700.0,66640.0,66910.0,66640.0,53.0,17715500.0,411
2023-05-10 13:31:55,cu2404,cu2404,66850.0,0.0,0.0,0.0,3,66660.0,66800.0,2,66700.0,66640.0,66910.0,66640.0,53.0,17715500.0,411
2023-05-10 13:31:56,cu2404,cu2404,66850.0,0.0,0.0,0.0,2,66680.0,66800.0,2,66700.0,66640.0,66910.0,66640.0,53.0,17715500.0,411
2023-05-10 13:31:56,cu2404,cu2404,66850.0,0.0,0.0,0.0,1,66690.0,66800.0,2,66700.0,66640.0,66910.0,66640.0,53.0,17715500.0,411
2023-05-10 13:31:57,cu2404,cu2404,66850.0,0.0,0.0,0.0,1,66690.0,66800.0,1,66700.0,66640.0,66910.0,66640.0,53.0,17715500.0,411
2023-05-10 13:31:57,cu2404,cu2404,66850.0,0.0,0.0,0.0,1,66690.0,66800.0,2,66700.0,66640.0,66910.0,66640.0,53.0,17715500.0,411
2023-05-10 13:31:58,cu2404,cu2404,66850.0,0.0,0.0,0.0,2,66710.0,66800.0,2,66700.0,66640.0,66910.0,66640.0,53.0,17715500.0,411
2023-05-10 13:31:58,cu2404,cu2404,66850.0,0.0,0.0,0.0,2,66710.0,66800.0,2,66700.0,66640.0,66910.0,66640.0,53.0,17715500.0,411
2023-05-10 13:31:59,cu2404,cu2404,66850.0,0.0,0.0,0.0,2,66710.0,66800.0,1,66700.0,66640.0,66910.0,66640.0,53.0,17715500.0,411
2023-05-10 13:32:00,cu2404,cu2404,66850.0,0.0,0.0,0.0,2,66710.0,66800.0,1,66700.0,66640.0,66910.0,66640.0,53.0,17715500.0,411
2023-05-10 13:32:00,cu2404,cu2404,66850.0,0.0,0.0,0.0,2,66710.0,66800.0,2,66700.0,66640.0,66910.0,66640.0,53.0,17715500.0,411
2023-05-10 13:32:01,cu2404,cu2404,66850.0,0.0,0.0,0.0,2,66710.0,66800.0,1,66700.0,66640.0,66910.0,66640.0,53.0,17715500.0,411
2023-05-10 13:32:02,cu2404,cu2404,66850.0,0.0,0.0,0.0,2,66710.0,66800.0,2,66700.0,66640.0,66910.0,66640.0,53.0,17715500.0,411
2023-05-10 13:32:04,cu2404,cu2404,66850.0,0.0,0.0,0.0,1,66560.0,66800.0,2,66700.0,66640.0,66910.0,66640.0,53.0,17715500.0,411
2023-05-10 13:32:04,cu2404,cu2404,66850.0,0.0,0.0,0.0,1,66710.0,66800.0,2,66700.0,66640.0,66910.0,66640.0,53.0,17715500.0,411
2023-05-10 13:32:05,cu2404,cu2404,66850.0,0.0,0.0,0.0,1,66710.0,66800.0,2,66700.0,66640.0,66910.0,66640.0,53.0,17715500.0,411
2023-05-10 13:32:07,cu2404,cu2404,66850.0,0.0,0.0,0.0,1,66710.0,66800.0,2,66700.0,66640.0,66910.0,66640.0,53.0,17715500.0,411
2023-05-10 13:32:11,cu2404,cu2404,66850.0,0.0,0.0,0.0,1,66700.0,66990.0,1,66700.0,66640.0,66910.0,66640.0,53.0,17715500.0,411
2023-05-10 13:32:11,cu2404,cu2404,66850.0,0.0,0.0,0.0,1,66700.0,66980.0,14,66700.0,66640.0,66910.0,66640.0,53.0,17715500.0,411
2023-05-10 13:32:12,cu2404,cu2404,66850.0,0.0,0.0,0.0,1,66700.0,66980.0,15,66700.0,66640.0,66910.0,66640.0,53.0,17715500.0,411
2023-05-10 13:32:12,cu2404,cu2404,66850.0,0.0,0.0,0.0,2,66710.0,66980.0,15,66700.0,66640.0,66910.0,66640.0,53.0,17715500.0,411
2023-05-10 13:32:13,cu2404,cu2404,66850.0,0.0,0.0,0.0,1,66720.0,66980.0,15,66700.0,66640.0,66910.0,66640.0,53.0,17715500.0,411
2023-05-10 13:32:14,cu2404,cu2404,66850.0,0.0,0.0,0.0,1,66720.0,66980.0,14,66700.0,66640.0,66910.0,66640.0,53.0,17715500.0,411
2023-05-10 13:32:15,cu2404,cu2404,66850.0,0.0,0.0,0.0,1,66720.0,66970.0,1,66700.0,66640.0,66910.0,66640.0,53.0,17715500.0,411
2023-05-10 13:32:16,cu2404,cu2404,66850.0,0.0,0.0,0.0,2,66710.0,66960.0,1,66700.0,66640.0,66910.0,66640.0,53.0,17715500.0,411
2023-05-10 13:32:16,cu2404,cu2404,66850.0,0.0,0.0,0.0,2,66710.0,66950.0,6,66700.0,66640.0,66910.0,66640.0,53.0,17715500.0,411
2023-05-10 13:32:17,cu2404,cu2404,66850.0,0.0,0.0,0.0,2,66710.0,66940.0,1,66700.0,66640.0,66910.0,66640.0,53.0,17715500.0,411
2023-05-10 13:32:17,cu2404,cu2404,66850.0,0.0,0.0,0.0,2,66710.0,66930.0,2,66700.0,66640.0,66910.0,66640.0,53.0,17715500.0,411
2023-05-10 13:32:18,cu2404,cu2404,66850.0,0.0,0.0,0.0,2,66710.0,66920.0,1,66700.0,66640.0,66910.0,66640.0,53.0,17715500.0,411
2023-05-10 13:32:18,cu2404,cu2404,66850.0,0.0,0.0,0.0,2,66710.0,66920.0,2,66700.0,66640.0,66910.0,66640.0,53.0,17715500.0,411
2023-05-10 13:32:19,cu2404,cu2404,66850.0,0.0,0.0,0.0,2,66710.0,66910.0,1,66700.0,66640.0,66910.0,66640.0,53.0,17715500.0,411
2023-05-10 13:32:19,cu2404,cu2404,66850.0,0.0,0.0,0.0,2,66710.0,66900.0,1,66700.0,66640.0,66910.0,66640.0,53.0,17715500.0,411
2023-05-10 13:32:20,cu2404,cu2404,66850.0,0.0,0.0,0.0,2,66710.0,66900.0,1,66700.0,66640.0,66910.0,66640.0,53.0,17715500.0,411
2023-05-10 13:32:20,cu2404,cu2404,66850.0,0.0,0.0,0.0,1,66720.0,66900.0,1,66700.0,66640.0,66910.0,66640.0,53.0,17715500.0,411
2023-05-10 13:32:21,cu2404,cu2404,66850.0,0.0,0.0,0.0,1,66720.0,66890.0,2,66700.0,66640.0,66910.0,66640.0,53.0,17715500.0,411
2023-05-10 13:32:21,cu2404,cu2404,66850.0,0.0,0.0,0.0,1,66720.0,66880.0,1,66700.0,66640.0,66910.0,66640.0,53.0,17715500.0,411
2023-05-10 13:32:22,cu2404,cu2404,66850.0,0.0,0.0,0.0,1,66720.0,66880.0,1,66700.0,66640.0,66910.0,66640.0,53.0,17715500.0,411
2023-05-10 13:32:22,cu2404,cu2404,66850.0,0.0,0.0,0.0,1,66720.0,66870.0,6,66700.0,66640.0,66910.0,66640.0,53.0,17715500.0,411
2023-05-10 13:32:23,cu2404,cu2404,66850.0,0.0,0.0,0.0,1,66720.0,66860.0,1,66700.0,66640.0,66910.0,66640.0,53.0,17715500.0,411
2023-05-10 13:32:23,cu2404,cu2404,66850.0,0.0,0.0,0.0,1,66720.0,66860.0,1,66700.0,66640.0,66910.0,66640.0,53.0,17715500.0,411
2023-05-10 13:32:24,cu2404,cu2404,66850.0,0.0,0.0,0.0,1,66720.0,66850.0,1,66700.0,66640.0,66910.0,66640.0,53.0,17715500.0,411
2023-05-10 13:32:24,cu2404,cu2404,66850.0,0.0,0.0,0.0,1,66720.0,66840.0,1,66700.0,66640.0,66910.0,66640.0,53.0,17715500.0,411
2023-05-10 13:32:25,cu2404,cu2404,66850.0,0.0,0.0,0.0,1,66720.0,66840.0,1,66700.0,66640.0,66910.0,66640.0,53.0,17715500.0,411
2023-05-10 13:32:25,cu2404,cu2404,66850.0,0.0,0.0,0.0,1,66720.0,66830.0,1,66700.0,66640.0,66910.0,66640.0,53.0,17715500.0,411
2023-05-10 13:32:26,cu2404,cu2404,66850.0,0.0,0.0,0.0,1,66720.0,66830.0,1,66700.0,66640.0,66910.0,66640.0,53.0,17715500.0,411
2023-05-10 13:32:27,cu2404,cu2404,66850.0,0.0,0.0,0.0,1,66720.0,66820.0,1,66700.0,66640.0,66910.0,66640.0,53.0,17715500.0,411
2023-05-10 13:32:28,cu2404,cu2404,66850.0,0.0,0.0,0.0,1,66720.0,66820.0,3,66700.0,66640.0,66910.0,66640.0,53.0,17715500.0,411
2023-05-10 13:32:30,cu2404,cu2404,66850.0,0.0,0.0,0.0,1,66720.0,66820.0,1,66700.0,66640.0,66910.0,66640.0,53.0,17715500.0,411
2023-05-10 13:32:34,cu2404,cu2404,66850.0,0.0,0.0,0.0,1,66720.0,66820.0,3,66700.0,66640.0,66910.0,66640.0,53.0,17715500.0,411
2023-05-10 13:32:35,cu2404,cu2404,66850.0,0.0,0.0,0.0,2,66710.0,66820.0,3,66700.0,66640.0,66910.0,66640.0,53.0,17715500.0,411
2023-05-10 13:32:37,cu2404,cu2404,66850.0,0.0,0.0,0.0,2,66710.0,66820.0,1,66700.0,66640.0,66910.0,66640.0,53.0,17715500.0,411
2023-05-10 13:32:37,cu2404,cu2404,66850.0,0.0,0.0,0.0,2,66710.0,66810.0,2,66700.0,66640.0,66910.0,66640.0,53.0,17715500.0,411
2023-05-10 13:32:38,cu2404,cu2404,66850.0,0.0,0.0,0.0,2,66710.0,66810.0,2,66700.0,66640.0,66910.0,66640.0,53.0,17715500.0,411
2023-05-10 13:32:39,cu2404,cu2404,66850.0,0.0,0.0,0.0,2,66710.0,66800.0,1,66700.0,66640.0,66910.0,66640.0,53.0,17715500.0,411
2023-05-10 13:32:42,cu2404,cu2404,66850.0,0.0,0.0,0.0,2,66710.0,66800.0,1,66700.0,66640.0,66910.0,66640.0,53.0,17715500.0,411
2023-05-10 13:32:46,cu2404,cu2404,66850.0,0.0,0.0,0.0,1,66720.0,66800.0,1,66700.0,66640.0,66910.0,66640.0,53.0,17715500.0,411
2023-05-10 13:32:47,cu2404,cu2404,66850.0,0.0,0.0,0.0,1,66720.0,66980.0,1,66700.0,66640.0,66910.0,66640.0,53.0,17715500.0,411
2023-05-10 13:32:47,cu2404,cu2404,66850.0,0.0,0.0,0.0,1,66720.0,66970.0,14,66700.0,66640.0,66910.0,66640.0,53.0,17715500.0,411
2023-05-10 13:32:51,cu2404,cu2404,66850.0,0.0,0.0,0.0,2,66710.0,66970.0,14,66700.0,66640.0,66910.0,66640.0,53.0,17715500.0,411
2023-05-10 13:32:52,cu2404,cu2404,66850.0,0.0,0.0,0.0,1,66720.0,66970.0,14,66700.0,66640.0,66910.0,66640.0,53.0,17715500.0,411
2023-05-10 13:32:53,cu2404,cu2404,66850.0,0.0,0.0,0.0,2,66710.0,66970.0,14,66700.0,66640.0,66910.0,66640.0,53.0,17715500.0,411
2023-05-10 13:32:55,cu2404,cu2404,66850.0,0.0,0.0,0.0,1,66720.0,66970.0,14,66700.0,66640.0,66910.0,66640.0,53.0,17715500.0,411
2023-05-10 13:32:55,cu2404,cu2404,66850.0,0.0,0.0,0.0,1,66720.0,66970.0,16,66700.0,66640.0,66910.0,66640.0,53.0,17715500.0,411
2023-05-10 13:32:56,cu2404,cu2404,66850.0,0.0,0.0,0.0,1,66720.0,66970.0,16,66700.0,66640.0,66910.0,66640.0,53.0,17715500.0,411
2023-05-10 13:32:56,cu2404,cu2404,66850.0,0.0,0.0,0.0,1,66710.0,66970.0,16,66700.0,66640.0,66910.0,66640.0,53.0,17715500.0,411
2023-05-10 13:33:02,cu2404,cu2404,66850.0,0.0,0.0,0.0,1,66710.0,66960.0,4,66700.0,66640.0,66910.0,66640.0,53.0,17715500.0,411
2023-05-10 13:33:02,cu2404,cu2404,66850.0,0.0,0.0,0.0,1,66710.0,66950.0,1,66700.0,66640.0,66910.0,66640.0,53.0,17715500.0,411
2023-05-10 13:33:03,cu2404,cu2404,66850.0,0.0,0.0,0.0,1,66710.0,66940.0,10,66700.0,66640.0,66910.0,66640.0,53.0,17715500.0,411
2023-05-10 13:33:03,cu2404,cu2404,66850.0,0.0,0.0,0.0,1,66710.0,66930.0,1,66700.0,66640.0,66910.0,66640.0,53.0,17715500.0,411
2023-05-10 13:33:04,cu2404,cu2404,66850.0,0.0,0.0,0.0,1,66710.0,66920.0,4,66700.0,66640.0,66910.0,66640.0,53.0,17715500.0,411
2023-05-10 13:33:04,cu2404,cu2404,66850.0,0.0,0.0,0.0,2,66720.0,66910.0,2,66700.0,66640.0,66910.0,66640.0,53.0,17715500.0,411
2023-05-10 13:33:05,cu2404,cu2404,66850.0,0.0,0.0,0.0,2,66720.0,66910.0,2,66700.0,66640.0,66910.0,66640.0,53.0,17715500.0,411
2023-05-10 13:33:05,cu2404,cu2404,66850.0,0.0,0.0,0.0,1,66730.0,66910.0,2,66700.0,66640.0,66910.0,66640.0,53.0,17715500.0,411
2023-05-10 13:33:06,cu2404,cu2404,66850.0,0.0,0.0,0.0,1,66730.0,66900.0,6,66700.0,66640.0,66910.0,66640.0,53.0,17715500.0,411
2023-05-10 13:33:06,cu2404,cu2404,66850.0,0.0,0.0,0.0,1,66730.0,66890.0,1,66700.0,66640.0,66910.0,66640.0,53.0,17715500.0,411
2023-05-10 13:33:07,cu2404,cu2404,66850.0,0.0,0.0,0.0,1,66730.0,66880.0,1,66700.0,66640.0,66910.0,66640.0,53.0,17715500.0,411
2023-05-10 13:33:07,cu2404,cu2404,66850.0,0.0,0.0,0.0,2,66720.0,66870.0,5,66700.0,66640.0,66910.0,66640.0,53.0,17715500.0,411
2023-05-10 13:33:08,cu2404,cu2404,66850.0,0.0,0.0,0.0,1,66730.0,66870.0,5,66700.0,66640.0,66910.0,66640.0,53.0,17715500.0,411
2023-05-10 13:33:08,cu2404,cu2404,66850.0,0.0,0.0,0.0,1,66730.0,66860.0,2,66700.0,66640.0,66910.0,66640.0,53.0,17715500.0,411
2023-05-10 13:33:09,cu2404,cu2404,66850.0,0.0,0.0,0.0,1,66730.0,66850.0,4,66700.0,66640.0,66910.0,66640.0,53.0,17715500.0,411
2023-05-10 13:33:09,cu2404,cu2404,66850.0,0.0,0.0,0.0,1,66730.0,66850.0,4,66700.0,66640.0,66910.0,66640.0,53.0,17715500.0,411
2023-05-10 13:33:10,cu2404,cu2404,66850.0,0.0,0.0,0.0,1,66730.0,66840.0,1,66700.0,66640.0,66910.0,66640.0,53.0,17715500.0,411
2023-05-10 13:33:10,cu2404,cu2404,66850.0,0.0,0.0,0.0,1,66730.0,66840.0,1,66700.0,66640.0,66910.0,66640.0,53.0,17715500.0,411
2023-05-10 13:33:11,cu2404,cu2404,66850.0,0.0,0.0,0.0,1,66730.0,66840.0,1,66700.0,66640.0,66910.0,66640.0,53.0,17715500.0,411
2023-05-10 13:33:12,cu2404,cu2404,66850.0,0.0,0.0,0.0,1,66730.0,66830.0,2,66700.0,66640.0,66910.0,66640.0,53.0,17715500.0,411
2023-05-10 13:33:12,cu2404,cu2404,66850.0,0.0,0.0,0.0,1,66730.0,66830.0,2,66700.0,66640.0,66910.0,66640.0,53.0,17715500.0,411
2023-05-10 13:33:13,cu2404,cu2404,66850.0,0.0,0.0,0.0,1,66730.0,66820.0,1,66700.0,66640.0,66910.0,66640.0,53.0,17715500.0,411
2023-05-10 13:33:15,cu2404,cu2404,66850.0,0.0,0.0,0.0,2,66720.0,66820.0,1,66700.0,66640.0,66910.0,66640.0,53.0,17715500.0,411
2023-05-10 13:33:16,cu2404,cu2404,66850.0,0.0,0.0,0.0,2,66720.0,66820.0,1,66700.0,66640.0,66910.0,66640.0,53.0,17715500.0,411
2023-05-10 13:33:16,cu2404,cu2404,66850.0,0.0,0.0,0.0,2,66720.0,66820.0,3,66700.0,66640.0,66910.0,66640.0,53.0,17715500.0,411
2023-05-10 13:33:21,cu2404,cu2404,66850.0,0.0,0.0,0.0,2,66720.0,66810.0,1,66700.0,66640.0,66910.0,66640.0,53.0,17715500.0,411
2023-05-10 13:33:21,cu2404,cu2404,66850.0,0.0,0.0,0.0,2,66720.0,66810.0,1,66700.0,66640.0,66910.0,66640.0,53.0,17715500.0,411
2023-05-10 13:33:22,cu2404,cu2404,66850.0,0.0,0.0,0.0,2,66720.0,66800.0,1,66700.0,66640.0,66910.0,66640.0,53.0,17715500.0,411
2023-05-10 13:33:24,cu2404,cu2404,66850.0,0.0,0.0,0.0,1,66560.0,66800.0,1,66700.0,66640.0,66910.0,66640.0,53.0,17715500.0,411
2023-05-10 13:33:24,cu2404,cu2404,66850.0,0.0,0.0,0.0,1,66610.0,66800.0,1,66700.0,66640.0,66910.0,66640.0,53.0,17715500.0,411
2023-05-10 13:33:25,cu2404,cu2404,66850.0,0.0,0.0,0.0,1,66620.0,66800.0,3,66700.0,66640.0,66910.0,66640.0,53.0,17715500.0,411
2023-05-10 13:33:25,cu2404,cu2404,66850.0,0.0,0.0,0.0,1,66620.0,66800.0,3,66700.0,66640.0,66910.0,66640.0,53.0,17715500.0,411
2023-05-10 13:33:26,cu2404,cu2404,66850.0,0.0,0.0,0.0,2,66630.0,66800.0,3,66700.0,66640.0,66910.0,66640.0,53.0,17715500.0,411
2023-05-10 13:33:27,cu2404,cu2404,66850.0,0.0,0.0,0.0,2,66630.0,66800.0,3,66700.0,66640.0,66910.0,66640.0,53.0,17715500.0,411
2023-05-10 13:33:28,cu2404,cu2404,66850.0,0.0,0.0,0.0,5,66640.0,66800.0,3,66700.0,66640.0,66910.0,66640.0,53.0,17715500.0,411
2023-05-10 13:33:28,cu2404,cu2404,66850.0,0.0,0.0,0.0,1,66650.0,66800.0,3,66700.0,66640.0,66910.0,66640.0,53.0,17715500.0,411
2023-05-10 13:33:29,cu2404,cu2404,66850.0,0.0,0.0,0.0,1,66650.0,66800.0,3,66700.0,66640.0,66910.0,66640.0,53.0,17715500.0,411
2023-05-10 13:33:29,cu2404,cu2404,66850.0,0.0,0.0,0.0,2,66660.0,66800.0,3,66700.0,66640.0,66910.0,66640.0,53.0,17715500.0,411
2023-05-10 13:33:30,cu2404,cu2404,66850.0,0.0,0.0,0.0,1,66670.0,66800.0,3,66700.0,66640.0,66910.0,66640.0,53.0,17715500.0,411
2023-05-10 13:33:31,cu2404,cu2404,66850.0,0.0,0.0,0.0,1,66670.0,66800.0,3,66700.0,66640.0,66910.0,66640.0,53.0,17715500.0,411
2023-05-10 13:33:49,cu2404,cu2404,66850.0,0.0,0.0,0.0,1,66670.0,66800.0,1,66700.0,66640.0,66910.0,66640.0,53.0,17715500.0,411
2023-05-10 13:33:51,cu2404,cu2404,66850.0,0.0,0.0,0.0,1,66670.0,66800.0,1,66700.0,66640.0,66910.0,66640.0,53.0,17715500.0,411
2023-05-10 13:33:52,cu2404,cu2404,66850.0,0.0,0.0,0.0,2,66680.0,66800.0,1,66700.0,66640.0,66910.0,66640.0,53.0,17715500.0,411
2023-05-10 13:33:52,cu2404,cu2404,66850.0,0.0,0.0,0.0,1,66690.0,66800.0,1,66700.0,66640.0,66910.0,66640.0,53.0,17715500.0,411
2023-05-10 13:33:53,cu2404,cu2404,66850.0,0.0,0.0,0.0,1,66690.0,66800.0,1,66700.0,66640.0,66910.0,66640.0,53.0,17715500.0,411
2023-05-10 13:33:53,cu2404,cu2404,66850.0,0.0,0.0,0.0,2,66700.0,66800.0,1,66700.0,66640.0,66910.0,66640.0,53.0,17715500.0,411
2023-05-10 13:33:54,cu2404,cu2404,66850.0,0.0,0.0,0.0,3,66700.0,66800.0,1,66700.0,66640.0,66910.0,66640.0,53.0,17715500.0,411
2023-05-10 13:33:56,cu2404,cu2404,66850.0,0.0,0.0,0.0,3,66700.0,66800.0,3,66700.0,66640.0,66910.0,66640.0,53.0,17715500.0,411
2023-05-10 13:34:00,cu2404,cu2404,66850.0,0.0,0.0,0.0,3,66700.0,66800.0,3,66700.0,66640.0,66910.0,66640.0,53.0,17715500.0,411
2023-05-10 13:34:01,cu2404,cu2404,66850.0,0.0,0.0,0.0,3,66700.0,66790.0,1,66700.0,66640.0,66910.0,66640.0,53.0,17715500.0,411
2023-05-10 13:34:01,cu2404,cu2404,66850.0,0.0,0.0,0.0,3,66700.0,66790.0,1,66700.0,66640.0,66910.0,66640.0,53.0,17715500.0,411
2023-05-10 13:34:05,cu2404,cu2404,66850.0,0.0,0.0,0.0,3,66700.0,66790.0,2,66700.0,66640.0,66910.0,66640.0,53.0,17715500.0,411
2023-05-10 13:34:20,cu2404,cu2404,66850.0,0.0,0.0,0.0,3,66700.0,66790.0,1,66700.0,66640.0,66910.0,66640.0,53.0,17715500.0,411
2023-05-10 13:34:21,cu2404,cu2404,66850.0,0.0,0.0,0.0,3,66700.0,66790.0,1,66700.0,66640.0,66910.0,66640.0,53.0,17715500.0,411
2023-05-10 13:34:22,cu2404,cu2404,66850.0,0.0,0.0,0.0,3,66700.0,66790.0,2,66700.0,66640.0,66910.0,66640.0,53.0,17715500.0,411
2023-05-10 13:34:22,cu2404,cu2404,66850.0,0.0,0.0,0.0,1,66700.0,66790.0,1,66700.0,66640.0,66910.0,66640.0,53.0,17715500.0,411
2023-05-10 13:34:23,cu2404,cu2404,66850.0,0.0,0.0,0.0,1,66690.0,66790.0,1,66700.0,66640.0,66910.0,66640.0,53.0,17715500.0,411
2023-05-10 13:34:31,cu2404,cu2404,66850.0,0.0,0.0,0.0,1,66690.0,66790.0,2,66700.0,66640.0,66910.0,66640.0,53.0,17715500.0,411
2023-05-10 13:34:35,cu2404,cu2404,66850.0,0.0,0.0,0.0,1,66690.0,66790.0,1,66700.0,66640.0,66910.0,66640.0,53.0,17715500.0,411
2023-05-10 13:34:35,cu2404,cu2404,66850.0,0.0,0.0,0.0,1,66690.0,66790.0,2,66700.0,66640.0,66910.0,66640.0,53.0,17715500.0,411
2023-05-10 13:34:39,cu2404,cu2404,66850.0,0.0,0.0,0.0,1,66690.0,66790.0,1,66700.0,66640.0,66910.0,66640.0,53.0,17715500.0,411
2023-05-10 13:34:39,cu2404,cu2404,66850.0,0.0,0.0,0.0,1,66690.0,66790.0,2,66700.0,66640.0,66910.0,66640.0,53.0,17715500.0,411
2023-05-10 13:34:41,cu2404,cu2404,66850.0,0.0,0.0,0.0,1,66690.0,66790.0,1,66700.0,66640.0,66910.0,66640.0,53.0,17715500.0,411
2023-05-10 13:34:42,cu2404,cu2404,66850.0,0.0,0.0,0.0,1,66690.0,66790.0,2,66700.0,66640.0,66910.0,66640.0,53.0,17715500.0,411
2023-05-10 13:34:42,cu2404,cu2404,66850.0,0.0,0.0,0.0,1,66690.0,66790.0,1,66700.0,66640.0,66910.0,66640.0,53.0,17715500.0,411
2023-05-10 13:34:43,cu2404,cu2404,66850.0,0.0,0.0,0.0,1,66690.0,66790.0,2,66700.0,66640.0,66910.0,66640.0,53.0,17715500.0,411
2023-05-10 13:34:45,cu2404,cu2404,66850.0,0.0,0.0,0.0,1,66690.0,66790.0,4,66700.0,66640.0,66910.0,66640.0,53.0,17715500.0,411
2023-05-10 13:34:47,cu2404,cu2404,66850.0,0.0,0.0,0.0,1,66690.0,66790.0,2,66700.0,66640.0,66910.0,66640.0,53.0,17715500.0,411
2023-05-10 13:34:58,cu2404,cu2404,66850.0,0.0,0.0,0.0,1,66680.0,66790.0,2,66700.0,66640.0,66910.0,66640.0,53.0,17715500.0,411
2023-05-10 13:34:58,cu2404,cu2404,66850.0,0.0,0.0,0.0,1,66680.0,66790.0,4,66700.0,66640.0,66910.0,66640.0,53.0,17715500.0,411
2023-05-10 13:34:59,cu2404,cu2404,66850.0,0.0,0.0,0.0,2,66690.0,66780.0,1,66700.0,66640.0,66910.0,66640.0,53.0,17715500.0,411
2023-05-10 13:34:59,cu2404,cu2404,66850.0,0.0,0.0,0.0,2,66690.0,66780.0,1,66700.0,66640.0,66910.0,66640.0,53.0,17715500.0,411
2023-05-10 13:35:00,cu2404,cu2404,66850.0,0.0,0.0,0.0,1,66560.0,66770.0,1,66700.0,66640.0,66910.0,66640.0,53.0,17715500.0,411
2023-05-10 13:35:00,cu2404,cu2404,66850.0,0.0,0.0,0.0,1,66580.0,66780.0,1,66700.0,66640.0,66910.0,66640.0,53.0,17715500.0,411
2023-05-10 13:35:01,cu2404,cu2404,66850.0,0.0,0.0,0.0,4,66580.0,66780.0,1,66700.0,66640.0,66910.0,66640.0,53.0,17715500.0,411
2023-05-10 13:35:01,cu2404,cu2404,66850.0,0.0,0.0,0.0,4,66580.0,66780.0,2,66700.0,66640.0,66910.0,66640.0,53.0,17715500.0,411
2023-05-10 13:35:02,cu2404,cu2404,66850.0,0.0,0.0,0.0,2,66590.0,66780.0,2,66700.0,66640.0,66910.0,66640.0,53.0,17715500.0,411
2023-05-10 13:35:03,cu2404,cu2404,66850.0,0.0,0.0,0.0,1,66600.0,66780.0,2,66700.0,66640.0,66910.0,66640.0,53.0,17715500.0,411
2023-05-10 13:35:03,cu2404,cu2404,66850.0,0.0,0.0,0.0,5,66610.0,66780.0,2,66700.0,66640.0,66910.0,66640.0,53.0,17715500.0,411
2023-05-10 13:35:04,cu2404,cu2404,66850.0,0.0,0.0,0.0,1,66620.0,66780.0,2,66700.0,66640.0,66910.0,66640.0,53.0,17715500.0,411
2023-05-10 13:35:05,cu2404,cu2404,66850.0,0.0,0.0,0.0,1,66620.0,66780.0,2,66700.0,66640.0,66910.0,66640.0,53.0,17715500.0,411
2023-05-10 13:35:06,cu2404,cu2404,66850.0,0.0,0.0,0.0,1,66620.0,66780.0,2,66700.0,66640.0,66910.0,66640.0,53.0,17715500.0,411
2023-05-10 13:35:06,cu2404,cu2404,66850.0,0.0,0.0,0.0,2,66630.0,66780.0,4,66700.0,66640.0,66910.0,66640.0,53.0,17715500.0,411
2023-05-10 13:35:07,cu2404,cu2404,66850.0,0.0,0.0,0.0,3,66630.0,66780.0,4,66700.0,66640.0,66910.0,66640.0,53.0,17715500.0,411
2023-05-10 13:35:07,cu2404,cu2404,66850.0,0.0,0.0,0.0,2,66640.0,66780.0,4,66700.0,66640.0,66910.0,66640.0,53.0,17715500.0,411
2023-05-10 13:35:08,cu2404,cu2404,66850.0,0.0,0.0,0.0,1,66650.0,66780.0,4,66700.0,66640.0,66910.0,66640.0,53.0,17715500.0,411
2023-05-10 13:35:09,cu2404,cu2404,66850.0,0.0,0.0,0.0,1,66650.0,66780.0,4,66700.0,66640.0,66910.0,66640.0,53.0,17715500.0,411
2023-05-10 13:35:09,cu2404,cu2404,66850.0,0.0,0.0,0.0,2,66670.0,66780.0,4,66700.0,66640.0,66910.0,66640.0,53.0,17715500.0,411
2023-05-10 13:35:10,cu2404,cu2404,66850.0,0.0,0.0,0.0,1,66680.0,66780.0,4,66700.0,66640.0,66910.0,66640.0,53.0,17715500.0,411
2023-05-10 13:35:11,cu2404,cu2404,66850.0,0.0,0.0,0.0,1,66680.0,66780.0,4,66700.0,66640.0,66910.0,66640.0,53.0,17715500.0,411
2023-05-10 13:35:12,cu2404,cu2404,66850.0,0.0,0.0,0.0,1,66680.0,66780.0,4,66700.0,66640.0,66910.0,66640.0,53.0,17715500.0,411
2023-05-10 13:35:12,cu2404,cu2404,66850.0,0.0,0.0,0.0,1,66670.0,66780.0,4,66700.0,66640.0,66910.0,66640.0,53.0,17715500.0,411
2023-05-10 13:35:15,cu2404,cu2404,66850.0,0.0,0.0,0.0,1,66660.0,66780.0,4,66700.0,66640.0,66910.0,66640.0,53.0,17715500.0,411
2023-05-10 13:35:16,cu2404,cu2404,66850.0,0.0,0.0,0.0,1,66660.0,66780.0,2,66700.0,66640.0,66910.0,66640.0,53.0,17715500.0,411
2023-05-10 13:35:17,cu2404,cu2404,66850.0,0.0,0.0,0.0,1,66660.0,66770.0,2,66700.0,66640.0,66910.0,66640.0,53.0,17715500.0,411
2023-05-10 13:35:17,cu2404,cu2404,66850.0,0.0,0.0,0.0,1,66660.0,66770.0,2,66700.0,66640.0,66910.0,66640.0,53.0,17715500.0,411
2023-05-10 13:35:18,cu2404,cu2404,66850.0,0.0,0.0,0.0,1,66660.0,66770.0,3,66700.0,66640.0,66910.0,66640.0,53.0,17715500.0,411
2023-05-10 13:35:21,cu2404,cu2404,66850.0,0.0,0.0,0.0,1,66660.0,66770.0,1,66700.0,66640.0,66910.0,66640.0,53.0,17715500.0,411
2023-05-10 13:35:23,cu2404,cu2404,66850.0,0.0,0.0,0.0,1,66570.0,66770.0,1,66700.0,66640.0,66910.0,66640.0,53.0,17715500.0,411
2023-05-10 13:35:23,cu2404,cu2404,66850.0,0.0,0.0,0.0,7,66580.0,66770.0,3,66700.0,66640.0,66910.0,66640.0,53.0,17715500.0,411
2023-05-10 13:35:24,cu2404,cu2404,66850.0,0.0,0.0,0.0,1,66590.0,66770.0,3,66700.0,66640.0,66910.0,66640.0,53.0,17715500.0,411
2023-05-10 13:35:25,cu2404,cu2404,66850.0,0.0,0.0,0.0,1,66590.0,66770.0,3,66700.0,66640.0,66910.0,66640.0,53.0,17715500.0,411
2023-05-10 13:35:25,cu2404,cu2404,66850.0,0.0,0.0,0.0,2,66610.0,66770.0,3,66700.0,66640.0,66910.0,66640.0,53.0,17715500.0,411
2023-05-10 13:35:26,cu2404,cu2404,66850.0,0.0,0.0,0.0,1,66620.0,66760.0,1,66700.0,66640.0,66910.0,66640.0,53.0,17715500.0,411
2023-05-10 13:35:26,cu2404,cu2404,66850.0,0.0,0.0,0.0,3,66620.0,66760.0,1,66700.0,66640.0,66910.0,66640.0,53.0,17715500.0,411
2023-05-10 13:35:27,cu2404,cu2404,66850.0,0.0,0.0,0.0,3,66620.0,66760.0,2,66700.0,66640.0,66910.0,66640.0,53.0,17715500.0,411
2023-05-10 13:35:27,cu2404,cu2404,66850.0,0.0,0.0,0.0,2,66660.0,66760.0,2,66700.0,66640.0,66910.0,66640.0,53.0,17715500.0,411
2023-05-10 13:35:28,cu2404,cu2404,66850.0,0.0,0.0,0.0,1,66670.0,66760.0,2,66700.0,66640.0,66910.0,66640.0,53.0,17715500.0,411
2023-05-10 13:35:29,cu2404,cu2404,66850.0,0.0,0.0,0.0,1,66670.0,66760.0,2,66700.0,66640.0,66910.0,66640.0,53.0,17715500.0,411
2023-05-10 13:35:29,cu2404,cu2404,66850.0,0.0,0.0,0.0,2,66680.0,66760.0,2,66700.0,66640.0,66910.0,66640.0,53.0,17715500.0,411
2023-05-10 13:35:30,cu2404,cu2404,66850.0,0.0,0.0,0.0,2,66680.0,66760.0,2,66700.0,66640.0,66910.0,66640.0,53.0,17715500.0,411
2023-05-10 13:35:42,cu2404,cu2404,66850.0,0.0,0.0,0.0,2,66680.0,66760.0,2,66700.0,66640.0,66910.0,66640.0,53.0,17715500.0,411
2023-05-10 13:35:42,cu2404,cu2404,66850.0,0.0,0.0,0.0,2,66680.0,66760.0,4,66700.0,66640.0,66910.0,66640.0,53.0,17715500.0,411
2023-05-10 13:35:43,cu2404,cu2404,66850.0,0.0,0.0,0.0,2,66680.0,66760.0,4,66700.0,66640.0,66910.0,66640.0,53.0,17715500.0,411
2023-05-10 13:35:44,cu2404,cu2404,66850.0,0.0,0.0,0.0,1,66540.0,66760.0,4,66700.0,66640.0,66910.0,66640.0,53.0,17715500.0,411
2023-05-10 13:35:44,cu2404,cu2404,66850.0,0.0,0.0,0.0,1,66560.0,66760.0,4,66700.0,66640.0,66910.0,66640.0,53.0,17715500.0,411
2023-05-10 13:35:45,cu2404,cu2404,66850.0,0.0,0.0,0.0,4,66560.0,66760.0,4,66700.0,66640.0,66910.0,66640.0,53.0,17715500.0,411
2023-05-10 13:35:45,cu2404,cu2404,66850.0,0.0,0.0,0.0,4,66560.0,66760.0,4,66700.0,66640.0,66910.0,66640.0,53.0,17715500.0,411
2023-05-10 13:35:46,cu2404,cu2404,66850.0,0.0,0.0,0.0,2,66580.0,66760.0,4,66700.0,66640.0,66910.0,66640.0,53.0,17715500.0,411
2023-05-10 13:35:46,cu2404,cu2404,66850.0,0.0,0.0,0.0,2,66580.0,66760.0,4,66700.0,66640.0,66910.0,66640.0,53.0,17715500.0,411
2023-05-10 13:35:47,cu2404,cu2404,66850.0,0.0,0.0,0.0,1,66590.0,66760.0,4,66700.0,66640.0,66910.0,66640.0,53.0,17715500.0,411
2023-05-10 13:35:47,cu2404,cu2404,66850.0,0.0,0.0,0.0,5,66590.0,66760.0,2,66700.0,66640.0,66910.0,66640.0,53.0,17715500.0,411
2023-05-10 13:35:48,cu2404,cu2404,66850.0,0.0,0.0,0.0,2,66600.0,66760.0,2,66700.0,66640.0,66910.0,66640.0,53.0,17715500.0,411
2023-05-10 13:35:48,cu2404,cu2404,66850.0,0.0,0.0,0.0,2,66620.0,66760.0,2,66700.0,66640.0,66910.0,66640.0,53.0,17715500.0,411
2023-05-10 13:35:49,cu2404,cu2404,66850.0,0.0,0.0,0.0,1,66630.0,66760.0,2,66700.0,66640.0,66910.0,66640.0,53.0,17715500.0,411
2023-05-10 13:35:50,cu2404,cu2404,66850.0,0.0,0.0,0.0,1,66630.0,66760.0,2,66700.0,66640.0,66910.0,66640.0,53.0,17715500.0,411
2023-05-10 13:35:50,cu2404,cu2404,66850.0,0.0,0.0,0.0,1,66630.0,66760.0,2,66700.0,66640.0,66910.0,66640.0,53.0,17715500.0,411
2023-05-10 13:35:51,cu2404,cu2404,66850.0,0.0,0.0,0.0,2,66640.0,66760.0,2,66700.0,66640.0,66910.0,66640.0,53.0,17715500.0,411
2023-05-10 13:35:51,cu2404,cu2404,66850.0,0.0,0.0,0.0,1,66650.0,66760.0,2,66700.0,66640.0,66910.0,66640.0,53.0,17715500.0,411
2023-05-10 13:35:55,cu2404,cu2404,66850.0,0.0,0.0,0.0,1,66650.0,66760.0,1,66700.0,66640.0,66910.0,66640.0,53.0,17715500.0,411
2023-05-10 13:35:57,cu2404,cu2404,66850.0,0.0,0.0,0.0,1,66650.0,66760.0,2,66700.0,66640.0,66910.0,66640.0,53.0,17715500.0,411
2023-05-10 13:35:57,cu2404,cu2404,66850.0,0.0,0.0,0.0,1,66650.0,66760.0,4,66700.0,66640.0,66910.0,66640.0,53.0,17715500.0,411
2023-05-10 13:36:00,cu2404,cu2404,66850.0,0.0,0.0,0.0,1,66650.0,66760.0,1,66700.0,66640.0,66910.0,66640.0,53.0,17715500.0,411
2023-05-10 13:36:00,cu2404,cu2404,66850.0,0.0,0.0,0.0,1,66650.0,66760.0,2,66700.0,66640.0,66910.0,66640.0,53.0,17715500.0,411
2023-05-10 13:36:02,cu2404,cu2404,66850.0,0.0,0.0,0.0,1,66650.0,66760.0,1,66700.0,66640.0,66910.0,66640.0,53.0,17715500.0,411
2023-05-10 13:36:11,cu2404,cu2404,66850.0,0.0,0.0,0.0,1,66650.0,66760.0,2,66700.0,66640.0,66910.0,66640.0,53.0,17715500.0,411
2023-05-10 13:36:12,cu2404,cu2404,66850.0,0.0,0.0,0.0,1,66650.0,66760.0,1,66700.0,66640.0,66910.0,66640.0,53.0,17715500.0,411
2023-05-10 13:36:12,cu2404,cu2404,66850.0,0.0,0.0,0.0,1,66650.0,66760.0,2,66700.0,66640.0,66910.0,66640.0,53.0,17715500.0,411
2023-05-10 13:36:13,cu2404,cu2404,66850.0,0.0,0.0,0.0,1,66650.0,66760.0,1,66700.0,66640.0,66910.0,66640.0,53.0,17715500.0,411
2023-05-10 13:36:13,cu2404,cu2404,66850.0,0.0,0.0,0.0,1,66650.0,66760.0,2,66700.0,66640.0,66910.0,66640.0,53.0,17715500.0,411
2023-05-10 13:36:15,cu2404,cu2404,66850.0,0.0,0.0,0.0,1,66650.0,66760.0,4,66700.0,66640.0,66910.0,66640.0,53.0,17715500.0,411
2023-05-10 13:36:16,cu2404,cu2404,66850.0,0.0,0.0,0.0,1,66650.0,66760.0,3,66700.0,66640.0,66910.0,66640.0,53.0,17715500.0,411
2023-05-10 13:36:16,cu2404,cu2404,66850.0,0.0,0.0,0.0,1,66650.0,66750.0,1,66700.0,66640.0,66910.0,66640.0,53.0,17715500.0,411
2023-05-10 13:36:17,cu2404,cu2404,66850.0,0.0,0.0,0.0,1,66650.0,66760.0,3,66700.0,66640.0,66910.0,66640.0,53.0,17715500.0,411
2023-05-10 13:36:17,cu2404,cu2404,66850.0,0.0,0.0,0.0,1,66650.0,66760.0,1,66700.0,66640.0,66910.0,66640.0,53.0,17715500.0,411
2023-05-10 13:36:22,cu2404,cu2404,66850.0,0.0,0.0,0.0,1,66650.0,66760.0,2,66700.0,66640.0,66910.0,66640.0,53.0,17715500.0,411
2023-05-10 13:36:31,cu2404,cu2404,66850.0,0.0,0.0,0.0,1,66650.0,66760.0,1,66700.0,66640.0,66910.0,66640.0,53.0,17715500.0,411
2023-05-10 13:36:31,cu2404,cu2404,66850.0,0.0,0.0,0.0,1,66650.0,66760.0,2,66700.0,66640.0,66910.0,66640.0,53.0,17715500.0,411
2023-05-10 13:36:34,cu2404,cu2404,66850.0,0.0,0.0,0.0,1,66650.0,66760.0,1,66700.0,66640.0,66910.0,66640.0,53.0,17715500.0,411
2023-05-10 13:36:35,cu2404,cu2404,66850.0,0.0,0.0,0.0,1,66650.0,66980.0,1,66700.0,66640.0,66910.0,66640.0,53.0,17715500.0,411
2023-05-10 13:36:35,cu2404,cu2404,66850.0,0.0,0.0,0.0,1,66650.0,66970.0,8,66700.0,66640.0,66910.0,66640.0,53.0,17715500.0,411
2023-05-10 13:36:36,cu2404,cu2404,66850.0,0.0,0.0,0.0,1,66650.0,66970.0,14,66700.0,66640.0,66910.0,66640.0,53.0,17715500.0,411
2023-05-10 13:36:36,cu2404,cu2404,66850.0,0.0,0.0,0.0,1,66650.0,66960.0,2,66700.0,66640.0,66910.0,66640.0,53.0,17715500.0,411
2023-05-10 13:36:37,cu2404,cu2404,66850.0,0.0,0.0,0.0,1,66650.0,66950.0,1,66700.0,66640.0,66910.0,66640.0,53.0,17715500.0,411
2023-05-10 13:36:37,cu2404,cu2404,66850.0,0.0,0.0,0.0,1,66650.0,66940.0,1,66700.0,66640.0,66910.0,66640.0,53.0,17715500.0,411
2023-05-10 13:36:38,cu2404,cu2404,66850.0,0.0,0.0,0.0,1,66650.0,66930.0,1,66700.0,66640.0,66910.0,66640.0,53.0,17715500.0,411
2023-05-10 13:36:38,cu2404,cu2404,66850.0,0.0,0.0,0.0,1,66650.0,66920.0,3,66700.0,66640.0,66910.0,66640.0,53.0,17715500.0,411
2023-05-10 13:36:39,cu2404,cu2404,66850.0,0.0,0.0,0.0,1,66650.0,66910.0,1,66700.0,66640.0,66910.0,66640.0,53.0,17715500.0,411
2023-05-10 13:36:39,cu2404,cu2404,66850.0,0.0,0.0,0.0,1,66650.0,66900.0,1,66700.0,66640.0,66910.0,66640.0,53.0,17715500.0,411
2023-05-10 13:36:40,cu2404,cu2404,66850.0,0.0,0.0,0.0,1,66650.0,66890.0,1,66700.0,66640.0,66910.0,66640.0,53.0,17715500.0,411
2023-05-10 13:36:40,cu2404,cu2404,66850.0,0.0,0.0,0.0,1,66650.0,66890.0,4,66700.0,66640.0,66910.0,66640.0,53.0,17715500.0,411
2023-05-10 13:36:41,cu2404,cu2404,66850.0,0.0,0.0,0.0,1,66650.0,66880.0,3,66700.0,66640.0,66910.0,66640.0,53.0,17715500.0,411
2023-05-10 13:36:41,cu2404,cu2404,66850.0,0.0,0.0,0.0,1,66650.0,66870.0,2,66700.0,66640.0,66910.0,66640.0,53.0,17715500.0,411
2023-05-10 13:36:42,cu2404,cu2404,66850.0,0.0,0.0,0.0,1,66650.0,66870.0,2,66700.0,66640.0,66910.0,66640.0,53.0,17715500.0,411
2023-05-10 13:36:42,cu2404,cu2404,66850.0,0.0,0.0,0.0,1,66650.0,66860.0,1,66700.0,66640.0,66910.0,66640.0,53.0,17715500.0,411
2023-05-10 13:36:43,cu2404,cu2404,66850.0,0.0,0.0,0.0,1,66650.0,66850.0,1,66700.0,66640.0,66910.0,66640.0,53.0,17715500.0,411
2023-05-10 13:36:43,cu2404,cu2404,66850.0,0.0,0.0,0.0,1,66650.0,66850.0,2,66700.0,66640.0,66910.0,66640.0,53.0,17715500.0,411
2023-05-10 13:36:44,cu2404,cu2404,66850.0,0.0,0.0,0.0,1,66650.0,66840.0,2,66700.0,66640.0,66910.0,66640.0,53.0,17715500.0,411
2023-05-10 13:36:44,cu2404,cu2404,66850.0,0.0,0.0,0.0,1,66650.0,66830.0,2,66700.0,66640.0,66910.0,66640.0,53.0,17715500.0,411
2023-05-10 13:36:45,cu2404,cu2404,66850.0,0.0,0.0,0.0,1,66650.0,66830.0,3,66700.0,66640.0,66910.0,66640.0,53.0,17715500.0,411
2023-05-10 13:36:48,cu2404,cu2404,66850.0,0.0,0.0,0.0,1,66650.0,66830.0,3,66700.0,66640.0,66910.0,66640.0,53.0,17715500.0,411
2023-05-10 13:36:49,cu2404,cu2404,66850.0,0.0,0.0,0.0,1,66650.0,66820.0,4,66700.0,66640.0,66910.0,66640.0,53.0,17715500.0,411
2023-05-10 13:36:49,cu2404,cu2404,66850.0,0.0,0.0,0.0,1,66650.0,66810.0,1,66700.0,66640.0,66910.0,66640.0,53.0,17715500.0,411
2023-05-10 13:36:50,cu2404,cu2404,66850.0,0.0,0.0,0.0,1,66650.0,66800.0,2,66700.0,66640.0,66910.0,66640.0,53.0,17715500.0,411
2023-05-10 13:36:50,cu2404,cu2404,66850.0,0.0,0.0,0.0,1,66650.0,66800.0,3,66700.0,66640.0,66910.0,66640.0,53.0,17715500.0,411
2023-05-10 13:36:51,cu2404,cu2404,66850.0,0.0,0.0,0.0,1,66650.0,66800.0,3,66700.0,66640.0,66910.0,66640.0,53.0,17715500.0,411
2023-05-10 13:36:51,cu2404,cu2404,66850.0,0.0,0.0,0.0,1,66650.0,66790.0,1,66700.0,66640.0,66910.0,66640.0,53.0,17715500.0,411
2023-05-10 13:36:52,cu2404,cu2404,66850.0,0.0,0.0,0.0,1,66650.0,66780.0,2,66700.0,66640.0,66910.0,66640.0,53.0,17715500.0,411
2023-05-10 13:36:52,cu2404,cu2404,66850.0,0.0,0.0,0.0,1,66650.0,66770.0,1,66700.0,66640.0,66910.0,66640.0,53.0,17715500.0,411
2023-05-10 13:36:53,cu2404,cu2404,66850.0,0.0,0.0,0.0,1,66650.0,66770.0,1,66700.0,66640.0,66910.0,66640.0,53.0,17715500.0,411
2023-05-10 13:36:54,cu2404,cu2404,66850.0,0.0,0.0,0.0,1,66650.0,66770.0,1,66700.0,66640.0,66910.0,66640.0,53.0,17715500.0,411
2023-05-10 13:36:55,cu2404,cu2404,66850.0,0.0,0.0,0.0,1,66650.0,66770.0,1,66700.0,66640.0,66910.0,66640.0,53.0,17715500.0,411
2023-05-10 13:37:00,cu2404,cu2404,66850.0,0.0,0.0,0.0,1,66650.0,66980.0,1,66700.0,66640.0,66910.0,66640.0,53.0,17715500.0,411
2023-05-10 13:37:00,cu2404,cu2404,66850.0,0.0,0.0,0.0,1,66650.0,66920.0,1,66700.0,66640.0,66910.0,66640.0,53.0,17715500.0,411
2023-05-10 13:37:01,cu2404,cu2404,66850.0,0.0,0.0,0.0,1,66650.0,66910.0,1,66700.0,66640.0,66910.0,66640.0,53.0,17715500.0,411
2023-05-10 13:37:01,cu2404,cu2404,66850.0,0.0,0.0,0.0,1,66650.0,66900.0,1,66700.0,66640.0,66910.0,66640.0,53.0,17715500.0,411
2023-05-10 13:37:02,cu2404,cu2404,66850.0,0.0,0.0,0.0,1,66650.0,66890.0,1,66700.0,66640.0,66910.0,66640.0,53.0,17715500.0,411
2023-05-10 13:37:02,cu2404,cu2404,66850.0,0.0,0.0,0.0,2,66660.0,66890.0,1,66700.0,66640.0,66910.0,66640.0,53.0,17715500.0,411
2023-05-10 13:37:03,cu2404,cu2404,66850.0,0.0,0.0,0.0,2,66660.0,66880.0,1,66700.0,66640.0,66910.0,66640.0,53.0,17715500.0,411
2023-05-10 13:37:03,cu2404,cu2404,66850.0,0.0,0.0,0.0,2,66660.0,66870.0,1,66700.0,66640.0,66910.0,66640.0,53.0,17715500.0,411
2023-05-10 13:37:04,cu2404,cu2404,66850.0,0.0,0.0,0.0,1,66670.0,66870.0,2,66700.0,66640.0,66910.0,66640.0,53.0,17715500.0,411
2023-05-10 13:37:04,cu2404,cu2404,66850.0,0.0,0.0,0.0,1,66670.0,66860.0,6,66700.0,66640.0,66910.0,66640.0,53.0,17715500.0,411
2023-05-10 13:37:05,cu2404,cu2404,66850.0,0.0,0.0,0.0,1,66670.0,66850.0,1,66700.0,66640.0,66910.0,66640.0,53.0,17715500.0,411
2023-05-10 13:37:05,cu2404,cu2404,66850.0,0.0,0.0,0.0,2,66690.0,66850.0,1,66700.0,66640.0,66910.0,66640.0,53.0,17715500.0,411
2023-05-10 13:37:06,cu2404,cu2404,66850.0,0.0,0.0,0.0,2,66690.0,66840.0,1,66700.0,66640.0,66910.0,66640.0,53.0,17715500.0,411
2023-05-10 13:37:06,cu2404,cu2404,66850.0,0.0,0.0,0.0,1,66700.0,66830.0,1,66700.0,66640.0,66910.0,66640.0,53.0,17715500.0,411
2023-05-10 13:37:07,cu2404,cu2404,66850.0,0.0,0.0,0.0,1,66700.0,66830.0,1,66700.0,66640.0,66910.0,66640.0,53.0,17715500.0,411
2023-05-10 13:37:07,cu2404,cu2404,66850.0,0.0,0.0,0.0,1,66700.0,66820.0,4,66700.0,66640.0,66910.0,66640.0,53.0,17715500.0,411
2023-05-10 13:37:08,cu2404,cu2404,66850.0,0.0,0.0,0.0,1,66700.0,66820.0,5,66700.0,66640.0,66910.0,66640.0,53.0,17715500.0,411
2023-05-10 13:37:19,cu2404,cu2404,66850.0,0.0,0.0,0.0,1,66700.0,66820.0,5,66700.0,66640.0,66910.0,66640.0,53.0,17715500.0,411
2023-05-10 13:37:19,cu2404,cu2404,66850.0,0.0,0.0,0.0,1,66700.0,66820.0,6,66700.0,66640.0,66910.0,66640.0,53.0,17715500.0,411
2023-05-10 13:37:25,cu2404,cu2404,66850.0,0.0,0.0,0.0,1,66700.0,66820.0,5,66700.0,66640.0,66910.0,66640.0,53.0,17715500.0,411
2023-05-10 13:37:28,cu2404,cu2404,66850.0,0.0,0.0,0.0,1,66700.0,66820.0,4,66700.0,66640.0,66910.0,66640.0,53.0,17715500.0,411
2023-05-10 13:37:41,cu2404,cu2404,66850.0,0.0,0.0,0.0,1,66700.0,66820.0,3,66700.0,66640.0,66910.0,66640.0,53.0,17715500.0,411
2023-05-10 13:37:41,cu2404,cu2404,66850.0,0.0,0.0,0.0,1,66700.0,66810.0,1,66700.0,66640.0,66910.0,66640.0,53.0,17715500.0,411
2023-05-10 13:37:42,cu2404,cu2404,66850.0,0.0,0.0,0.0,1,66700.0,66810.0,1,66700.0,66640.0,66910.0,66640.0,53.0,17715500.0,411
2023-05-10 13:37:42,cu2404,cu2404,66850.0,0.0,0.0,0.0,1,66700.0,66800.0,3,66700.0,66640.0,66910.0,66640.0,53.0,17715500.0,411
2023-05-10 13:37:44,cu2404,cu2404,66850.0,0.0,0.0,0.0,1,66700.0,66800.0,3,66700.0,66640.0,66910.0,66640.0,53.0,17715500.0,411
2023-05-10 13:37:46,cu2404,cu2404,66850.0,0.0,0.0,0.0,1,66690.0,66800.0,3,66700.0,66640.0,66910.0,66640.0,53.0,17715500.0,411
2023-05-10 13:37:52,cu2404,cu2404,66850.0,0.0,0.0,0.0,1,66680.0,66800.0,3,66700.0,66640.0,66910.0,66640.0,53.0,17715500.0,411
2023-05-10 13:37:53,cu2404,cu2404,66850.0,0.0,0.0,0.0,1,66680.0,66790.0,1,66700.0,66640.0,66910.0,66640.0,53.0,17715500.0,411
2023-05-10 13:37:54,cu2404,cu2404,66850.0,0.0,0.0,0.0,1,66680.0,66790.0,1,66700.0,66640.0,66910.0,66640.0,53.0,17715500.0,411
2023-05-10 13:37:54,cu2404,cu2404,66850.0,0.0,0.0,0.0,1,66680.0,66780.0,3,66700.0,66640.0,66910.0,66640.0,53.0,17715500.0,411
2023-05-10 13:38:04,cu2404,cu2404,66850.0,0.0,0.0,0.0,1,66680.0,66780.0,1,66700.0,66640.0,66910.0,66640.0,53.0,17715500.0,411
2023-05-10 13:38:11,cu2404,cu2404,66850.0,0.0,0.0,0.0,1,66550.0,66780.0,1,66700.0,66640.0,66910.0,66640.0,53.0,17715500.0,411
2023-05-10 13:38:12,cu2404,cu2404,66850.0,0.0,0.0,0.0,1,66600.0,66780.0,1,66700.0,66640.0,66910.0,66640.0,53.0,17715500.0,411
2023-05-10 13:38:12,cu2404,cu2404,66850.0,0.0,0.0,0.0,3,66610.0,66790.0,1,66700.0,66640.0,66910.0,66640.0,53.0,17715500.0,411
2023-05-10 13:38:13,cu2404,cu2404,66850.0,0.0,0.0,0.0,3,66610.0,66790.0,2,66700.0,66640.0,66910.0,66640.0,53.0,17715500.0,411
2023-05-10 13:38:14,cu2404,cu2404,66850.0,0.0,0.0,0.0,3,66610.0,66790.0,4,66700.0,66640.0,66910.0,66640.0,53.0,17715500.0,411
2023-05-10 13:38:15,cu2404,cu2404,66850.0,0.0,0.0,0.0,1,66620.0,66790.0,4,66700.0,66640.0,66910.0,66640.0,53.0,17715500.0,411
2023-05-10 13:38:15,cu2404,cu2404,66850.0,0.0,0.0,0.0,1,66620.0,66790.0,4,66700.0,66640.0,66910.0,66640.0,53.0,17715500.0,411
2023-05-10 13:38:16,cu2404,cu2404,66850.0,0.0,0.0,0.0,1,66630.0,66790.0,4,66700.0,66640.0,66910.0,66640.0,53.0,17715500.0,411
2023-05-10 13:38:17,cu2404,cu2404,66850.0,0.0,0.0,0.0,4,66630.0,66790.0,4,66700.0,66640.0,66910.0,66640.0,53.0,17715500.0,411
2023-05-10 13:38:18,cu2404,cu2404,66850.0,0.0,0.0,0.0,5,66630.0,66790.0,4,66700.0,66640.0,66910.0,66640.0,53.0,17715500.0,411
2023-05-10 13:38:18,cu2404,cu2404,66850.0,0.0,0.0,0.0,1,66640.0,66790.0,4,66700.0,66640.0,66910.0,66640.0,53.0,17715500.0,411
2023-05-10 13:38:20,cu2404,cu2404,66850.0,0.0,0.0,0.0,1,66640.0,66790.0,4,66700.0,66640.0,66910.0,66640.0,53.0,17715500.0,411
2023-05-10 13:38:21,cu2404,cu2404,66850.0,0.0,0.0,0.0,3,66640.0,66790.0,4,66700.0,66640.0,66910.0,66640.0,53.0,17715500.0,411
2023-05-10 13:38:28,cu2404,cu2404,66850.0,0.0,0.0,0.0,3,66640.0,66790.0,5,66700.0,66640.0,66910.0,66640.0,53.0,17715500.0,411
2023-05-10 13:38:35,cu2404,cu2404,66850.0,0.0,0.0,0.0,3,66640.0,66790.0,4,66700.0,66640.0,66910.0,66640.0,53.0,17715500.0,411
2023-05-10 13:38:35,cu2404,cu2404,66850.0,0.0,0.0,0.0,1,66650.0,66790.0,2,66700.0,66640.0,66910.0,66640.0,53.0,17715500.0,411
2023-05-10 13:38:36,cu2404,cu2404,66850.0,0.0,0.0,0.0,1,66660.0,66790.0,2,66700.0,66640.0,66910.0,66640.0,53.0,17715500.0,411
2023-05-10 13:38:37,cu2404,cu2404,66850.0,0.0,0.0,0.0,1,66660.0,66790.0,1,66700.0,66640.0,66910.0,66640.0,53.0,17715500.0,411
2023-05-10 13:38:38,cu2404,cu2404,66850.0,0.0,0.0,0.0,2,66670.0,66790.0,1,66700.0,66640.0,66910.0,66640.0,53.0,17715500.0,411
2023-05-10 13:38:38,cu2404,cu2404,66850.0,0.0,0.0,0.0,2,66670.0,66790.0,1,66700.0,66640.0,66910.0,66640.0,53.0,17715500.0,411
2023-05-10 13:38:39,cu2404,cu2404,66850.0,0.0,0.0,0.0,1,66680.0,66790.0,1,66700.0,66640.0,66910.0,66640.0,53.0,17715500.0,411
2023-05-10 13:38:39,cu2404,cu2404,66850.0,0.0,0.0,0.0,1,66680.0,66790.0,1,66700.0,66640.0,66910.0,66640.0,53.0,17715500.0,411
2023-05-10 13:38:43,cu2404,cu2404,66850.0,0.0,0.0,0.0,1,66680.0,66790.0,1,66700.0,66640.0,66910.0,66640.0,53.0,17715500.0,411
2023-05-10 13:38:43,cu2404,cu2404,66850.0,0.0,0.0,0.0,2,66690.0,66790.0,1,66700.0,66640.0,66910.0,66640.0,53.0,17715500.0,411
2023-05-10 13:38:44,cu2404,cu2404,66850.0,0.0,0.0,0.0,1,66700.0,66790.0,1,66700.0,66640.0,66910.0,66640.0,53.0,17715500.0,411
2023-05-10 13:38:44,cu2404,cu2404,66850.0,0.0,0.0,0.0,2,66690.0,66790.0,1,66700.0,66640.0,66910.0,66640.0,53.0,17715500.0,411
2023-05-10 13:38:45,cu2404,cu2404,66850.0,0.0,0.0,0.0,1,66700.0,66790.0,1,66700.0,66640.0,66910.0,66640.0,53.0,17715500.0,411
2023-05-10 13:38:45,cu2404,cu2404,66850.0,0.0,0.0,0.0,1,66700.0,66980.0,1,66700.0,66640.0,66910.0,66640.0,53.0,17715500.0,411
2023-05-10 13:38:46,cu2404,cu2404,66850.0,0.0,0.0,0.0,1,66700.0,66970.0,14,66700.0,66640.0,66910.0,66640.0,53.0,17715500.0,411
2023-05-10 13:38:47,cu2404,cu2404,66850.0,0.0,0.0,0.0,1,66700.0,66970.0,14,66700.0,66640.0,66910.0,66640.0,53.0,17715500.0,411
2023-05-10 13:38:48,cu2404,cu2404,66850.0,0.0,0.0,0.0,1,66690.0,66970.0,14,66700.0,66640.0,66910.0,66640.0,53.0,17715500.0,411
2023-05-10 13:38:49,cu2404,cu2404,66850.0,0.0,0.0,0.0,1,66710.0,66970.0,14,66700.0,66640.0,66910.0,66640.0,53.0,17715500.0,411
2023-05-10 13:38:49,cu2404,cu2404,66850.0,0.0,0.0,0.0,2,66700.0,66970.0,14,66700.0,66640.0,66910.0,66640.0,53.0,17715500.0,411
2023-05-10 13:38:50,cu2404,cu2404,66850.0,0.0,0.0,0.0,1,66710.0,66970.0,14,66700.0,66640.0,66910.0,66640.0,53.0,17715500.0,411
2023-05-10 13:38:50,cu2404,cu2404,66850.0,0.0,0.0,0.0,1,66710.0,66970.0,13,66700.0,66640.0,66910.0,66640.0,53.0,17715500.0,411
2023-05-10 13:38:51,cu2404,cu2404,66850.0,0.0,0.0,0.0,1,66710.0,66960.0,1,66700.0,66640.0,66910.0,66640.0,53.0,17715500.0,411
2023-05-10 13:38:51,cu2404,cu2404,66850.0,0.0,0.0,0.0,1,66710.0,66950.0,1,66700.0,66640.0,66910.0,66640.0,53.0,17715500.0,411
2023-05-10 13:38:52,cu2404,cu2404,66850.0,0.0,0.0,0.0,1,66710.0,66940.0,7,66700.0,66640.0,66910.0,66640.0,53.0,17715500.0,411
2023-05-10 13:38:52,cu2404,cu2404,66850.0,0.0,0.0,0.0,1,66710.0,66930.0,1,66700.0,66640.0,66910.0,66640.0,53.0,17715500.0,411
2023-05-10 13:38:53,cu2404,cu2404,66850.0,0.0,0.0,0.0,1,66710.0,66930.0,1,66700.0,66640.0,66910.0,66640.0,53.0,17715500.0,411
2023-05-10 13:38:53,cu2404,cu2404,66850.0,0.0,0.0,0.0,1,66710.0,66920.0,2,66700.0,66640.0,66910.0,66640.0,53.0,17715500.0,411
2023-05-10 13:38:54,cu2404,cu2404,66850.0,0.0,0.0,0.0,1,66710.0,66910.0,1,66700.0,66640.0,66910.0,66640.0,53.0,17715500.0,411
2023-05-10 13:38:54,cu2404,cu2404,66850.0,0.0,0.0,0.0,1,66710.0,66910.0,1,66700.0,66640.0,66910.0,66640.0,53.0,17715500.0,411
2023-05-10 13:38:55,cu2404,cu2404,66850.0,0.0,0.0,0.0,1,66710.0,66900.0,6,66700.0,66640.0,66910.0,66640.0,53.0,17715500.0,411
2023-05-10 13:38:55,cu2404,cu2404,66850.0,0.0,0.0,0.0,1,66710.0,66890.0,1,66700.0,66640.0,66910.0,66640.0,53.0,17715500.0,411
2023-05-10 13:38:56,cu2404,cu2404,66850.0,0.0,0.0,0.0,1,66710.0,66890.0,1,66700.0,66640.0,66910.0,66640.0,53.0,17715500.0,411
2023-05-10 13:38:56,cu2404,cu2404,66850.0,0.0,0.0,0.0,1,66710.0,66880.0,2,66700.0,66640.0,66910.0,66640.0,53.0,17715500.0,411
2023-05-10 13:38:57,cu2404,cu2404,66850.0,0.0,0.0,0.0,1,66710.0,66870.0,1,66700.0,66640.0,66910.0,66640.0,53.0,17715500.0,411
2023-05-10 13:38:57,cu2404,cu2404,66850.0,0.0,0.0,0.0,1,66710.0,66870.0,1,66700.0,66640.0,66910.0,66640.0,53.0,17715500.0,411
2023-05-10 13:38:58,cu2404,cu2404,66850.0,0.0,0.0,0.0,1,66710.0,66860.0,4,66700.0,66640.0,66910.0,66640.0,53.0,17715500.0,411
2023-05-10 13:38:58,cu2404,cu2404,66850.0,0.0,0.0,0.0,1,66710.0,66850.0,1,66700.0,66640.0,66910.0,66640.0,53.0,17715500.0,411
2023-05-10 13:38:59,cu2404,cu2404,66850.0,0.0,0.0,0.0,1,66710.0,66850.0,1,66700.0,66640.0,66910.0,66640.0,53.0,17715500.0,411
2023-05-10 13:38:59,cu2404,cu2404,66850.0,0.0,0.0,0.0,1,66710.0,66840.0,2,66700.0,66640.0,66910.0,66640.0,53.0,17715500.0,411
2023-05-10 13:39:00,cu2404,cu2404,66850.0,0.0,0.0,0.0,1,66710.0,66830.0,1,66700.0,66640.0,66910.0,66640.0,53.0,17715500.0,411
2023-05-10 13:39:00,cu2404,cu2404,66850.0,0.0,0.0,0.0,1,66710.0,66830.0,1,66700.0,66640.0,66910.0,66640.0,53.0,17715500.0,411
2023-05-10 13:39:01,cu2404,cu2404,66850.0,0.0,0.0,0.0,1,66710.0,66820.0,3,66700.0,66640.0,66910.0,66640.0,53.0,17715500.0,411
2023-05-10 13:39:01,cu2404,cu2404,66850.0,0.0,0.0,0.0,1,66710.0,66810.0,1,66700.0,66640.0,66910.0,66640.0,53.0,17715500.0,411
2023-05-10 13:39:02,cu2404,cu2404,66850.0,0.0,0.0,0.0,1,66710.0,66810.0,1,66700.0,66640.0,66910.0,66640.0,53.0,17715500.0,411
2023-05-10 13:39:02,cu2404,cu2404,66850.0,0.0,0.0,0.0,1,66710.0,66810.0,2,66700.0,66640.0,66910.0,66640.0,53.0,17715500.0,411
2023-05-10 13:39:03,cu2404,cu2404,66850.0,0.0,0.0,0.0,1,66710.0,66810.0,2,66700.0,66640.0,66910.0,66640.0,53.0,17715500.0,411
2023-05-10 13:39:05,cu2404,cu2404,66850.0,0.0,0.0,0.0,1,66710.0,66810.0,1,66700.0,66640.0,66910.0,66640.0,53.0,17715500.0,411
2023-05-10 13:39:06,cu2404,cu2404,66850.0,0.0,0.0,0.0,1,66710.0,66810.0,2,66700.0,66640.0,66910.0,66640.0,53.0,17715500.0,411
2023-05-10 13:39:07,cu2404,cu2404,66850.0,0.0,0.0,0.0,1,66710.0,66810.0,1,66700.0,66640.0,66910.0,66640.0,53.0,17715500.0,411
2023-05-10 13:39:08,cu2404,cu2404,66850.0,0.0,0.0,0.0,1,66710.0,66810.0,2,66700.0,66640.0,66910.0,66640.0,53.0,17715500.0,411
2023-05-10 13:39:08,cu2404,cu2404,66850.0,0.0,0.0,0.0,1,66710.0,66810.0,1,66700.0,66640.0,66910.0,66640.0,53.0,17715500.0,411
2023-05-10 13:39:16,cu2404,cu2404,66850.0,0.0,0.0,0.0,1,66710.0,66810.0,2,66700.0,66640.0,66910.0,66640.0,53.0,17715500.0,411
2023-05-10 13:39:16,cu2404,cu2404,66850.0,0.0,0.0,0.0,1,66710.0,66810.0,1,66700.0,66640.0,66910.0,66640.0,53.0,17715500.0,411
2023-05-10 13:39:22,cu2404,cu2404,66850.0,0.0,0.0,0.0,1,66710.0,66810.0,2,66700.0,66640.0,66910.0,66640.0,53.0,17715500.0,411
2023-05-10 13:39:24,cu2404,cu2404,66850.0,0.0,0.0,0.0,1,66710.0,66810.0,4,66700.0,66640.0,66910.0,66640.0,53.0,17715500.0,411
2023-05-10 13:39:28,cu2404,cu2404,66850.0,0.0,0.0,0.0,1,66710.0,66810.0,2,66700.0,66640.0,66910.0,66640.0,53.0,17715500.0,411
2023-05-10 13:39:35,cu2404,cu2404,66850.0,0.0,0.0,0.0,1,66710.0,66810.0,4,66700.0,66640.0,66910.0,66640.0,53.0,17715500.0,411
2023-05-10 13:39:38,cu2404,cu2404,66850.0,0.0,0.0,0.0,1,66710.0,66810.0,2,66700.0,66640.0,66910.0,66640.0,53.0,17715500.0,411
2023-05-10 13:39:42,cu2404,cu2404,66850.0,0.0,0.0,0.0,1,66710.0,66810.0,4,66700.0,66640.0,66910.0,66640.0,53.0,17715500.0,411
2023-05-10 13:39:45,cu2404,cu2404,66850.0,0.0,0.0,0.0,1,66710.0,66810.0,2,66700.0,66640.0,66910.0,66640.0,53.0,17715500.0,411
2023-05-10 13:39:52,cu2404,cu2404,66850.0,0.0,0.0,0.0,1,66710.0,66810.0,1,66700.0,66640.0,66910.0,66640.0,53.0,17715500.0,411
2023-05-10 13:39:53,cu2404,cu2404,66850.0,0.0,0.0,0.0,1,66710.0,66980.0,1,66700.0,66640.0,66910.0,66640.0,53.0,17715500.0,411
2023-05-10 13:39:53,cu2404,cu2404,66850.0,0.0,0.0,0.0,1,66710.0,66970.0,10,66700.0,66640.0,66910.0,66640.0,53.0,17715500.0,411
2023-05-10 13:39:54,cu2404,cu2404,66850.0,0.0,0.0,0.0,1,66710.0,66970.0,14,66700.0,66640.0,66910.0,66640.0,53.0,17715500.0,411
2023-05-10 13:40:02,cu2404,cu2404,66850.0,0.0,0.0,0.0,1,66710.0,66960.0,2,66700.0,66640.0,66910.0,66640.0,53.0,17715500.0,411
2023-05-10 13:40:02,cu2404,cu2404,66850.0,0.0,0.0,0.0,1,66710.0,66950.0,1,66700.0,66640.0,66910.0,66640.0,53.0,17715500.0,411
2023-05-10 13:40:03,cu2404,cu2404,66850.0,0.0,0.0,0.0,1,66710.0,66940.0,6,66700.0,66640.0,66910.0,66640.0,53.0,17715500.0,411
2023-05-10 13:40:03,cu2404,cu2404,66850.0,0.0,0.0,0.0,1,66710.0,66930.0,1,66700.0,66640.0,66910.0,66640.0,53.0,17715500.0,411
2023-05-10 13:40:04,cu2404,cu2404,66850.0,0.0,0.0,0.0,1,66710.0,66930.0,1,66700.0,66640.0,66910.0,66640.0,53.0,17715500.0,411
2023-05-10 13:40:04,cu2404,cu2404,66850.0,0.0,0.0,0.0,1,66710.0,66920.0,1,66700.0,66640.0,66910.0,66640.0,53.0,17715500.0,411
2023-05-10 13:40:05,cu2404,cu2404,66850.0,0.0,0.0,0.0,1,66710.0,66910.0,2,66700.0,66640.0,66910.0,66640.0,53.0,17715500.0,411
2023-05-10 13:40:07,cu2404,cu2404,66850.0,0.0,0.0,0.0,1,66710.0,66910.0,2,66700.0,66640.0,66910.0,66640.0,53.0,17715500.0,411
2023-05-10 13:40:07,cu2404,cu2404,66850.0,0.0,0.0,0.0,1,66710.0,66900.0,5,66700.0,66640.0,66910.0,66640.0,53.0,17715500.0,411
2023-05-10 13:40:08,cu2404,cu2404,66850.0,0.0,0.0,0.0,1,66710.0,66890.0,1,66700.0,66640.0,66910.0,66640.0,53.0,17715500.0,411
2023-05-10 13:40:08,cu2404,cu2404,66850.0,0.0,0.0,0.0,1,66710.0,66880.0,1,66700.0,66640.0,66910.0,66640.0,53.0,17715500.0,411
2023-05-10 13:40:09,cu2404,cu2404,66850.0,0.0,0.0,0.0,1,66710.0,66870.0,1,66700.0,66640.0,66910.0,66640.0,53.0,17715500.0,411
2023-05-10 13:40:09,cu2404,cu2404,66850.0,0.0,0.0,0.0,1,66710.0,66870.0,1,66700.0,66640.0,66910.0,66640.0,53.0,17715500.0,411
2023-05-10 13:40:11,cu2404,cu2404,66850.0,0.0,0.0,0.0,1,66710.0,66860.0,1,66700.0,66640.0,66910.0,66640.0,53.0,17715500.0,411
2023-05-10 13:40:11,cu2404,cu2404,66850.0,0.0,0.0,0.0,1,66710.0,66850.0,1,66700.0,66640.0,66910.0,66640.0,53.0,17715500.0,411
2023-05-10 13:40:12,cu2404,cu2404,66850.0,0.0,0.0,0.0,1,66710.0,66850.0,1,66700.0,66640.0,66910.0,66640.0,53.0,17715500.0,411
2023-05-10 13:40:12,cu2404,cu2404,66850.0,0.0,0.0,0.0,1,66710.0,66840.0,2,66700.0,66640.0,66910.0,66640.0,53.0,17715500.0,411
2023-05-10 13:40:13,cu2404,cu2404,66850.0,0.0,0.0,0.0,1,66710.0,66830.0,1,66700.0,66640.0,66910.0,66640.0,53.0,17715500.0,411
2023-05-10 13:40:13,cu2404,cu2404,66850.0,0.0,0.0,0.0,1,66710.0,66830.0,1,66700.0,66640.0,66910.0,66640.0,53.0,17715500.0,411
2023-05-10 13:40:14,cu2404,cu2404,66850.0,0.0,0.0,0.0,1,66710.0,66820.0,1,66700.0,66640.0,66910.0,66640.0,53.0,17715500.0,411
2023-05-10 13:40:14,cu2404,cu2404,66850.0,0.0,0.0,0.0,1,66710.0,66810.0,3,66700.0,66640.0,66910.0,66640.0,53.0,17715500.0,411
2023-05-10 13:40:15,cu2404,cu2404,66850.0,0.0,0.0,0.0,1,66710.0,66810.0,3,66700.0,66640.0,66910.0,66640.0,53.0,17715500.0,411
2023-05-10 13:40:16,cu2404,cu2404,66850.0,0.0,0.0,0.0,1,66710.0,66800.0,1,66700.0,66640.0,66910.0,66640.0,53.0,17715500.0,411
2023-05-10 13:40:16,cu2404,cu2404,66850.0,0.0,0.0,0.0,1,66710.0,66800.0,2,66700.0,66640.0,66910.0,66640.0,53.0,17715500.0,411
2023-05-10 13:40:17,cu2404,cu2404,66850.0,0.0,0.0,0.0,1,66710.0,66800.0,2,66700.0,66640.0,66910.0,66640.0,53.0,17715500.0,411
2023-05-10 13:40:19,cu2404,cu2404,66850.0,0.0,0.0,0.0,1,66710.0,66800.0,1,66700.0,66640.0,66910.0,66640.0,53.0,17715500.0,411
2023-05-10 13:40:20,cu2404,cu2404,66850.0,0.0,0.0,0.0,1,66710.0,66800.0,2,66700.0,66640.0,66910.0,66640.0,53.0,17715500.0,411
2023-05-10 13:40:23,cu2404,cu2404,66850.0,0.0,0.0,0.0,1,66710.0,66800.0,2,66700.0,66640.0,66910.0,66640.0,53.0,17715500.0,411
2023-05-10 13:40:23,cu2404,cu2404,66850.0,0.0,0.0,0.0,1,66690.0,66800.0,1,66700.0,66640.0,66910.0,66640.0,53.0,17715500.0,411
2023-05-10 13:40:25,cu2404,cu2404,66850.0,0.0,0.0,0.0,1,66690.0,66800.0,2,66700.0,66640.0,66910.0,66640.0,53.0,17715500.0,411
2023-05-10 13:40:34,cu2404,cu2404,66850.0,0.0,0.0,0.0,1,66700.0,66800.0,2,66700.0,66640.0,66910.0,66640.0,53.0,17715500.0,411
2023-05-10 13:40:35,cu2404,cu2404,66850.0,0.0,0.0,0.0,1,66710.0,66800.0,2,66700.0,66640.0,66910.0,66640.0,53.0,17715500.0,411
2023-05-10 13:40:36,cu2404,cu2404,66850.0,0.0,0.0,0.0,1,66710.0,66800.0,2,66700.0,66640.0,66910.0,66640.0,53.0,17715500.0,411
2023-05-10 13:40:36,cu2404,cu2404,66850.0,0.0,0.0,0.0,1,66690.0,66800.0,2,66700.0,66640.0,66910.0,66640.0,53.0,17715500.0,411
2023-05-10 13:40:37,cu2404,cu2404,66850.0,0.0,0.0,0.0,1,66690.0,66790.0,2,66700.0,66640.0,66910.0,66640.0,53.0,17715500.0,411
2023-05-10 13:40:38,cu2404,cu2404,66850.0,0.0,0.0,0.0,1,66690.0,66790.0,1,66700.0,66640.0,66910.0,66640.0,53.0,17715500.0,411
2023-05-10 13:40:40,cu2404,cu2404,66850.0,0.0,0.0,0.0,1,66690.0,66790.0,2,66700.0,66640.0,66910.0,66640.0,53.0,17715500.0,411
2023-05-10 13:40:41,cu2404,cu2404,66850.0,0.0,0.0,0.0,1,66690.0,66790.0,3,66700.0,66640.0,66910.0,66640.0,53.0,17715500.0,411
2023-05-10 13:40:42,cu2404,cu2404,66850.0,0.0,0.0,0.0,1,66680.0,66780.0,1,66700.0,66640.0,66910.0,66640.0,53.0,17715500.0,411
2023-05-10 13:40:43,cu2404,cu2404,66850.0,0.0,0.0,0.0,1,66680.0,66780.0,1,66700.0,66640.0,66910.0,66640.0,53.0,17715500.0,411
2023-05-10 13:40:43,cu2404,cu2404,66850.0,0.0,0.0,0.0,1,66680.0,66780.0,2,66700.0,66640.0,66910.0,66640.0,53.0,17715500.0,411
2023-05-10 13:40:55,cu2404,cu2404,66850.0,0.0,0.0,0.0,1,66670.0,66780.0,2,66700.0,66640.0,66910.0,66640.0,53.0,17715500.0,411
2023-05-10 13:41:01,cu2404,cu2404,66850.0,0.0,0.0,0.0,1,66670.0,66770.0,1,66700.0,66640.0,66910.0,66640.0,53.0,17715500.0,411
2023-05-10 13:41:01,cu2404,cu2404,66850.0,0.0,0.0,0.0,1,66670.0,66770.0,1,66700.0,66640.0,66910.0,66640.0,53.0,17715500.0,411
2023-05-10 13:41:02,cu2404,cu2404,66850.0,0.0,0.0,0.0,1,66550.0,66770.0,1,66700.0,66640.0,66910.0,66640.0,53.0,17715500.0,411
2023-05-10 13:41:02,cu2404,cu2404,66850.0,0.0,0.0,0.0,1,66590.0,66770.0,1,66700.0,66640.0,66910.0,66640.0,53.0,17715500.0,411
2023-05-10 13:41:03,cu2404,cu2404,66850.0,0.0,0.0,0.0,2,66600.0,66770.0,1,66700.0,66640.0,66910.0,66640.0,53.0,17715500.0,411
2023-05-10 13:41:03,cu2404,cu2404,66850.0,0.0,0.0,0.0,1,66610.0,66770.0,1,66700.0,66640.0,66910.0,66640.0,53.0,17715500.0,411
2023-05-10 13:41:04,cu2404,cu2404,66850.0,0.0,0.0,0.0,1,66610.0,66770.0,1,66700.0,66640.0,66910.0,66640.0,53.0,17715500.0,411
2023-05-10 13:41:04,cu2404,cu2404,66850.0,0.0,0.0,0.0,2,66630.0,66770.0,1,66700.0,66640.0,66910.0,66640.0,53.0,17715500.0,411
2023-05-10 13:41:05,cu2404,cu2404,66850.0,0.0,0.0,0.0,2,66630.0,66770.0,1,66700.0,66640.0,66910.0,66640.0,53.0,17715500.0,411
2023-05-10 13:41:05,cu2404,cu2404,66850.0,0.0,0.0,0.0,1,66640.0,66770.0,1,66700.0,66640.0,66910.0,66640.0,53.0,17715500.0,411
2023-05-10 13:41:07,cu2404,cu2404,66850.0,0.0,0.0,0.0,1,66640.0,66770.0,1,66700.0,66640.0,66910.0,66640.0,53.0,17715500.0,411
2023-05-10 13:41:07,cu2404,cu2404,66850.0,0.0,0.0,0.0,2,66660.0,66770.0,1,66700.0,66640.0,66910.0,66640.0,53.0,17715500.0,411
2023-05-10 13:41:08,cu2404,cu2404,66850.0,0.0,0.0,0.0,1,66670.0,66770.0,1,66700.0,66640.0,66910.0,66640.0,53.0,17715500.0,411
2023-05-10 13:41:12,cu2404,cu2404,66850.0,0.0,0.0,0.0,1,66670.0,66770.0,1,66700.0,66640.0,66910.0,66640.0,53.0,17715500.0,411
2023-05-10 13:41:15,cu2404,cu2404,66850.0,0.0,0.0,0.0,1,66670.0,66770.0,1,66700.0,66640.0,66910.0,66640.0,53.0,17715500.0,411
2023-05-10 13:41:16,cu2404,cu2404,66850.0,0.0,0.0,0.0,1,66660.0,66770.0,1,66700.0,66640.0,66910.0,66640.0,53.0,17715500.0,411
2023-05-10 13:41:48,cu2404,cu2404,66850.0,0.0,0.0,0.0,1,66660.0,66770.0,2,66700.0,66640.0,66910.0,66640.0,53.0,17715500.0,411
2023-05-10 13:41:55,cu2404,cu2404,66850.0,0.0,0.0,0.0,1,66660.0,66770.0,3,66700.0,66640.0,66910.0,66640.0,53.0,17715500.0,411
2023-05-10 13:42:01,cu2404,cu2404,66850.0,0.0,0.0,0.0,1,66660.0,66760.0,1,66700.0,66640.0,66910.0,66640.0,53.0,17715500.0,411
2023-05-10 13:42:01,cu2404,cu2404,66850.0,0.0,0.0,0.0,1,66540.0,66760.0,1,66700.0,66640.0,66910.0,66640.0,53.0,17715500.0,411
2023-05-10 13:42:02,cu2404,cu2404,66850.0,0.0,0.0,0.0,1,66580.0,66760.0,1,66700.0,66640.0,66910.0,66640.0,53.0,17715500.0,411
2023-05-10 13:42:02,cu2404,cu2404,66850.0,0.0,0.0,0.0,1,66590.0,66760.0,1,66700.0,66640.0,66910.0,66640.0,53.0,17715500.0,411
2023-05-10 13:42:03,cu2404,cu2404,66850.0,0.0,0.0,0.0,1,66600.0,66760.0,1,66700.0,66640.0,66910.0,66640.0,53.0,17715500.0,411
2023-05-10 13:42:03,cu2404,cu2404,66850.0,0.0,0.0,0.0,1,66610.0,66770.0,3,66700.0,66640.0,66910.0,66640.0,53.0,17715500.0,411
2023-05-10 13:42:04,cu2404,cu2404,66850.0,0.0,0.0,0.0,3,66610.0,66770.0,3,66700.0,66640.0,66910.0,66640.0,53.0,17715500.0,411
2023-05-10 13:42:04,cu2404,cu2404,66850.0,0.0,0.0,0.0,1,66620.0,66770.0,3,66700.0,66640.0,66910.0,66640.0,53.0,17715500.0,411
2023-05-10 13:42:05,cu2404,cu2404,66850.0,0.0,0.0,0.0,3,66630.0,66770.0,3,66700.0,66640.0,66910.0,66640.0,53.0,17715500.0,411
2023-05-10 13:42:05,cu2404,cu2404,66850.0,0.0,0.0,0.0,3,66630.0,66770.0,3,66700.0,66640.0,66910.0,66640.0,53.0,17715500.0,411
2023-05-10 13:42:06,cu2404,cu2404,66850.0,0.0,0.0,0.0,1,66640.0,66770.0,3,66700.0,66640.0,66910.0,66640.0,53.0,17715500.0,411
2023-05-10 13:42:06,cu2404,cu2404,66850.0,0.0,0.0,0.0,1,66650.0,66770.0,3,66700.0,66640.0,66910.0,66640.0,53.0,17715500.0,411
2023-05-10 13:42:07,cu2404,cu2404,66850.0,0.0,0.0,0.0,1,66650.0,66770.0,3,66700.0,66640.0,66910.0,66640.0,53.0,17715500.0,411
2023-05-10 13:42:07,cu2404,cu2404,66850.0,0.0,0.0,0.0,1,66640.0,66770.0,3,66700.0,66640.0,66910.0,66640.0,53.0,17715500.0,411
2023-05-10 13:42:09,cu2404,cu2404,66850.0,0.0,0.0,0.0,1,66640.0,66770.0,3,66700.0,66640.0,66910.0,66640.0,53.0,17715500.0,411
2023-05-10 13:42:11,cu2404,cu2404,66850.0,0.0,0.0,0.0,1,66630.0,66770.0,3,66700.0,66640.0,66910.0,66640.0,53.0,17715500.0,411
2023-05-10 13:42:11,cu2404,cu2404,66850.0,0.0,0.0,0.0,1,66640.0,66770.0,3,66700.0,66640.0,66910.0,66640.0,53.0,17715500.0,411
2023-05-10 13:42:13,cu2404,cu2404,66850.0,0.0,0.0,0.0,1,66650.0,66770.0,3,66700.0,66640.0,66910.0,66640.0,53.0,17715500.0,411
2023-05-10 13:42:14,cu2404,cu2404,66850.0,0.0,0.0,0.0,1,66650.0,66770.0,3,66700.0,66640.0,66910.0,66640.0,53.0,17715500.0,411
2023-05-10 13:42:14,cu2404,cu2404,66850.0,0.0,0.0,0.0,1,66640.0,66770.0,3,66700.0,66640.0,66910.0,66640.0,53.0,17715500.0,411
2023-05-10 13:42:15,cu2404,cu2404,66850.0,0.0,0.0,0.0,2,66640.0,66770.0,3,66700.0,66640.0,66910.0,66640.0,53.0,17715500.0,411
2023-05-10 13:42:22,cu2404,cu2404,66850.0,0.0,0.0,0.0,2,66640.0,66770.0,3,66700.0,66640.0,66910.0,66640.0,53.0,17715500.0,411
2023-05-10 13:42:32,cu2404,cu2404,66850.0,0.0,0.0,0.0,2,66640.0,66770.0,3,66700.0,66640.0,66910.0,66640.0,53.0,17715500.0,411
2023-05-10 13:42:33,cu2404,cu2404,66850.0,0.0,0.0,0.0,2,66650.0,66770.0,3,66700.0,66640.0,66910.0,66640.0,53.0,17715500.0,411
2023-05-10 13:42:33,cu2404,cu2404,66850.0,0.0,0.0,0.0,2,66650.0,66770.0,3,66700.0,66640.0,66910.0,66640.0,53.0,17715500.0,411
2023-05-10 13:42:34,cu2404,cu2404,66850.0,0.0,0.0,0.0,1,66660.0,66770.0,3,66700.0,66640.0,66910.0,66640.0,53.0,17715500.0,411
2023-05-10 13:42:36,cu2404,cu2404,66850.0,0.0,0.0,0.0,1,66660.0,66770.0,2,66700.0,66640.0,66910.0,66640.0,53.0,17715500.0,411
2023-05-10 13:42:48,cu2404,cu2404,66850.0,0.0,0.0,0.0,1,66660.0,66770.0,3,66700.0,66640.0,66910.0,66640.0,53.0,17715500.0,411
2023-05-10 13:42:48,cu2404,cu2404,66850.0,0.0,0.0,0.0,1,66660.0,66760.0,1,66700.0,66640.0,66910.0,66640.0,53.0,17715500.0,411
2023-05-10 13:42:49,cu2404,cu2404,66850.0,0.0,0.0,0.0,1,66660.0,66760.0,1,66700.0,66640.0,66910.0,66640.0,53.0,17715500.0,411
2023-05-10 13:42:49,cu2404,cu2404,66850.0,0.0,0.0,0.0,1,66660.0,66760.0,1,66700.0,66640.0,66910.0,66640.0,53.0,17715500.0,411
2023-05-10 13:42:50,cu2404,cu2404,66850.0,0.0,0.0,0.0,1,66650.0,66760.0,1,66700.0,66640.0,66910.0,66640.0,53.0,17715500.0,411
2023-05-10 13:42:51,cu2404,cu2404,66850.0,0.0,0.0,0.0,1,66650.0,66770.0,1,66700.0,66640.0,66910.0,66640.0,53.0,17715500.0,411
2023-05-10 13:42:51,cu2404,cu2404,66850.0,0.0,0.0,0.0,1,66650.0,66770.0,2,66700.0,66640.0,66910.0,66640.0,53.0,17715500.0,411
2023-05-10 13:42:54,cu2404,cu2404,66850.0,0.0,0.0,0.0,1,66650.0,66770.0,3,66700.0,66640.0,66910.0,66640.0,53.0,17715500.0,411
2023-05-10 13:43:02,cu2404,cu2404,66850.0,0.0,0.0,0.0,1,66650.0,66760.0,1,66700.0,66640.0,66910.0,66640.0,53.0,17715500.0,411
2023-05-10 13:43:03,cu2404,cu2404,66850.0,0.0,0.0,0.0,1,66650.0,66760.0,1,66700.0,66640.0,66910.0,66640.0,53.0,17715500.0,411
2023-05-10 13:43:03,cu2404,cu2404,66850.0,0.0,0.0,0.0,1,66650.0,66760.0,2,66700.0,66640.0,66910.0,66640.0,53.0,17715500.0,411
2023-05-10 13:43:04,cu2404,cu2404,66850.0,0.0,0.0,0.0,1,66650.0,66760.0,1,66700.0,66640.0,66910.0,66640.0,53.0,17715500.0,411
2023-05-10 13:43:18,cu2404,cu2404,66850.0,0.0,0.0,0.0,1,66640.0,66760.0,1,66700.0,66640.0,66910.0,66640.0,53.0,17715500.0,411
2023-05-10 13:43:19,cu2404,cu2404,66850.0,0.0,0.0,0.0,2,66640.0,66760.0,1,66700.0,66640.0,66910.0,66640.0,53.0,17715500.0,411
2023-05-10 13:43:20,cu2404,cu2404,66850.0,0.0,0.0,0.0,2,66640.0,66760.0,2,66700.0,66640.0,66910.0,66640.0,53.0,17715500.0,411
2023-05-10 13:43:20,cu2404,cu2404,66850.0,0.0,0.0,0.0,2,66640.0,66760.0,1,66700.0,66640.0,66910.0,66640.0,53.0,17715500.0,411
2023-05-10 13:43:49,cu2404,cu2404,66850.0,0.0,0.0,0.0,12,66640.0,66760.0,1,66700.0,66640.0,66910.0,66640.0,53.0,17715500.0,411
2023-05-10 13:44:07,cu2404,cu2404,66850.0,0.0,0.0,0.0,14,66640.0,66760.0,1,66700.0,66640.0,66910.0,66640.0,53.0,17715500.0,411
2023-05-10 13:44:11,cu2404,cu2404,66850.0,0.0,0.0,0.0,14,66640.0,66770.0,1,66700.0,66640.0,66910.0,66640.0,53.0,17715500.0,411
2023-05-10 13:44:12,cu2404,cu2404,66850.0,0.0,0.0,0.0,4,66640.0,66770.0,2,66700.0,66640.0,66910.0,66640.0,53.0,17715500.0,411
2023-05-10 13:44:13,cu2404,cu2404,66850.0,0.0,0.0,0.0,4,66640.0,66770.0,1,66700.0,66640.0,66910.0,66640.0,53.0,17715500.0,411
2023-05-10 13:44:13,cu2404,cu2404,66850.0,0.0,0.0,0.0,1,66650.0,66770.0,1,66700.0,66640.0,66910.0,66640.0,53.0,17715500.0,411
2023-05-10 13:44:14,cu2404,cu2404,66850.0,0.0,0.0,0.0,1,66660.0,66770.0,1,66700.0,66640.0,66910.0,66640.0,53.0,17715500.0,411
2023-05-10 13:44:14,cu2404,cu2404,66850.0,0.0,0.0,0.0,2,66660.0,66770.0,1,66700.0,66640.0,66910.0,66640.0,53.0,17715500.0,411
2023-05-10 13:44:15,cu2404,cu2404,66850.0,0.0,0.0,0.0,2,66660.0,66770.0,1,66700.0,66640.0,66910.0,66640.0,53.0,17715500.0,411
2023-05-10 13:44:15,cu2404,cu2404,66850.0,0.0,0.0,0.0,2,66680.0,66770.0,1,66700.0,66640.0,66910.0,66640.0,53.0,17715500.0,411
2023-05-10 13:44:16,cu2404,cu2404,66850.0,0.0,0.0,0.0,2,66680.0,66770.0,1,66700.0,66640.0,66910.0,66640.0,53.0,17715500.0,411
2023-05-10 13:44:17,cu2404,cu2404,66850.0,0.0,0.0,0.0,1,66690.0,66770.0,1,66700.0,66640.0,66910.0,66640.0,53.0,17715500.0,411
2023-05-10 13:44:17,cu2404,cu2404,66850.0,0.0,0.0,0.0,1,66690.0,66770.0,1,66700.0,66640.0,66910.0,66640.0,53.0,17715500.0,411
2023-05-10 13:44:28,cu2404,cu2404,66850.0,0.0,0.0,0.0,1,66690.0,66980.0,1,66700.0,66640.0,66910.0,66640.0,53.0,17715500.0,411
2023-05-10 13:44:28,cu2404,cu2404,66850.0,0.0,0.0,0.0,1,66690.0,66970.0,14,66700.0,66640.0,66910.0,66640.0,53.0,17715500.0,411
2023-05-10 13:44:45,cu2404,cu2404,66850.0,0.0,0.0,0.0,1,66690.0,66970.0,13,66700.0,66640.0,66910.0,66640.0,53.0,17715500.0,411
2023-05-10 13:44:46,cu2404,cu2404,66850.0,0.0,0.0,0.0,1,66690.0,66960.0,1,66700.0,66640.0,66910.0,66640.0,53.0,17715500.0,411
2023-05-10 13:44:46,cu2404,cu2404,66850.0,0.0,0.0,0.0,1,66680.0,66950.0,1,66700.0,66640.0,66910.0,66640.0,53.0,17715500.0,411
2023-05-10 13:44:47,cu2404,cu2404,66850.0,0.0,0.0,0.0,1,66680.0,66940.0,5,66700.0,66640.0,66910.0,66640.0,53.0,17715500.0,411
2023-05-10 13:44:47,cu2404,cu2404,66850.0,0.0,0.0,0.0,2,66680.0,66930.0,1,66700.0,66640.0,66910.0,66640.0,53.0,17715500.0,411
2023-05-10 13:44:48,cu2404,cu2404,66850.0,0.0,0.0,0.0,2,66680.0,66930.0,1,66700.0,66640.0,66910.0,66640.0,53.0,17715500.0,411
2023-05-10 13:44:48,cu2404,cu2404,66850.0,0.0,0.0,0.0,1,66690.0,66920.0,1,66700.0,66640.0,66910.0,66640.0,53.0,17715500.0,411
2023-05-10 13:44:49,cu2404,cu2404,66850.0,0.0,0.0,0.0,1,66690.0,66910.0,1,66700.0,66640.0,66910.0,66640.0,53.0,17715500.0,411
2023-05-10 13:44:49,cu2404,cu2404,66850.0,0.0,0.0,0.0,1,66700.0,66910.0,1,66700.0,66640.0,66910.0,66640.0,53.0,17715500.0,411
2023-05-10 13:44:50,cu2404,cu2404,66850.0,0.0,0.0,0.0,1,66700.0,66900.0,1,66700.0,66640.0,66910.0,66640.0,53.0,17715500.0,411
2023-05-10 13:44:50,cu2404,cu2404,66850.0,0.0,0.0,0.0,1,66700.0,66890.0,6,66700.0,66640.0,66910.0,66640.0,53.0,17715500.0,411
2023-05-10 13:44:51,cu2404,cu2404,66850.0,0.0,0.0,0.0,1,66700.0,66890.0,6,66700.0,66640.0,66910.0,66640.0,53.0,17715500.0,411
2023-05-10 13:44:51,cu2404,cu2404,66850.0,0.0,0.0,0.0,1,66700.0,66880.0,1,66700.0,66640.0,66910.0,66640.0,53.0,17715500.0,411
2023-05-10 13:44:52,cu2404,cu2404,66850.0,0.0,0.0,0.0,1,66700.0,66870.0,1,66700.0,66640.0,66910.0,66640.0,53.0,17715500.0,411
2023-05-10 13:44:52,cu2404,cu2404,66850.0,0.0,0.0,0.0,1,66700.0,66870.0,1,66700.0,66640.0,66910.0,66640.0,53.0,17715500.0,411
2023-05-10 13:44:53,cu2404,cu2404,66850.0,0.0,0.0,0.0,1,66700.0,66860.0,1,66700.0,66640.0,66910.0,66640.0,53.0,17715500.0,411
2023-05-10 13:44:53,cu2404,cu2404,66850.0,0.0,0.0,0.0,1,66700.0,66850.0,4,66700.0,66640.0,66910.0,66640.0,53.0,17715500.0,411
2023-05-10 13:44:54,cu2404,cu2404,66850.0,0.0,0.0,0.0,1,66700.0,66850.0,4,66700.0,66640.0,66910.0,66640.0,53.0,17715500.0,411
2023-05-10 13:44:54,cu2404,cu2404,66850.0,0.0,0.0,0.0,1,66700.0,66840.0,1,66700.0,66640.0,66910.0,66640.0,53.0,17715500.0,411
2023-05-10 13:44:55,cu2404,cu2404,66850.0,0.0,0.0,0.0,1,66700.0,66830.0,1,66700.0,66640.0,66910.0,66640.0,53.0,17715500.0,411
2023-05-10 13:44:55,cu2404,cu2404,66850.0,0.0,0.0,0.0,1,66700.0,66830.0,1,66700.0,66640.0,66910.0,66640.0,53.0,17715500.0,411
2023-05-10 13:44:56,cu2404,cu2404,66850.0,0.0,0.0,0.0,1,66700.0,66820.0,1,66700.0,66640.0,66910.0,66640.0,53.0,17715500.0,411
2023-05-10 13:44:56,cu2404,cu2404,66850.0,0.0,0.0,0.0,1,66700.0,66810.0,1,66700.0,66640.0,66910.0,66640.0,53.0,17715500.0,411
2023-05-10 13:44:57,cu2404,cu2404,66850.0,0.0,0.0,0.0,1,66700.0,66810.0,1,66700.0,66640.0,66910.0,66640.0,53.0,17715500.0,411
2023-05-10 13:44:57,cu2404,cu2404,66850.0,0.0,0.0,0.0,1,66700.0,66810.0,2,66700.0,66640.0,66910.0,66640.0,53.0,17715500.0,411
2023-05-10 13:45:00,cu2404,cu2404,66850.0,0.0,0.0,0.0,1,66700.0,66810.0,2,66700.0,66640.0,66910.0,66640.0,53.0,17715500.0,411
2023-05-10 13:45:04,cu2404,cu2404,66850.0,0.0,0.0,0.0,1,66700.0,66810.0,4,66700.0,66640.0,66910.0,66640.0,53.0,17715500.0,411
2023-05-10 13:45:10,cu2404,cu2404,66850.0,0.0,0.0,0.0,1,66700.0,66800.0,1,66700.0,66640.0,66910.0,66640.0,53.0,17715500.0,411
2023-05-10 13:45:11,cu2404,cu2404,66850.0,0.0,0.0,0.0,1,66690.0,66790.0,1,66700.0,66640.0,66910.0,66640.0,53.0,17715500.0,411
2023-05-10 13:45:11,cu2404,cu2404,66850.0,0.0,0.0,0.0,1,66690.0,66790.0,2,66700.0,66640.0,66910.0,66640.0,53.0,17715500.0,411
2023-05-10 13:45:12,cu2404,cu2404,66850.0,0.0,0.0,0.0,1,66680.0,66790.0,2,66700.0,66640.0,66910.0,66640.0,53.0,17715500.0,411
2023-05-10 13:45:18,cu2404,cu2404,66850.0,0.0,0.0,0.0,1,66680.0,66790.0,1,66700.0,66640.0,66910.0,66640.0,53.0,17715500.0,411
2023-05-10 13:45:19,cu2404,cu2404,66850.0,0.0,0.0,0.0,2,66680.0,66790.0,1,66700.0,66640.0,66910.0,66640.0,53.0,17715500.0,411
2023-05-10 13:45:22,cu2404,cu2404,66850.0,0.0,0.0,0.0,1,66680.0,66790.0,1,66700.0,66640.0,66910.0,66640.0,53.0,17715500.0,411
2023-05-10 13:45:22,cu2404,cu2404,66850.0,0.0,0.0,0.0,2,66680.0,66790.0,1,66700.0,66640.0,66910.0,66640.0,53.0,17715500.0,411
2023-05-10 13:45:25,cu2404,cu2404,66850.0,0.0,0.0,0.0,2,66690.0,66790.0,1,66700.0,66640.0,66910.0,66640.0,53.0,17715500.0,411
2023-05-10 13:45:26,cu2404,cu2404,66850.0,0.0,0.0,0.0,1,66700.0,66790.0,1,66700.0,66640.0,66910.0,66640.0,53.0,17715500.0,411
2023-05-10 13:45:40,cu2404,cu2404,66850.0,0.0,0.0,0.0,1,66700.0,66790.0,2,66700.0,66640.0,66910.0,66640.0,53.0,17715500.0,411
2023-05-10 13:45:45,cu2404,cu2404,66850.0,0.0,0.0,0.0,1,66700.0,66790.0,1,66700.0,66640.0,66910.0,66640.0,53.0,17715500.0,411
2023-05-10 13:46:48,cu2404,cu2404,66850.0,0.0,0.0,0.0,1,66700.0,66800.0,1,66700.0,66640.0,66910.0,66640.0,53.0,17715500.0,411
2023-05-10 13:46:49,cu2404,cu2404,66850.0,0.0,0.0,0.0,1,66700.0,66800.0,2,66700.0,66640.0,66910.0,66640.0,53.0,17715500.0,411
2023-05-10 13:47:02,cu2404,cu2404,66850.0,0.0,0.0,0.0,1,66700.0,66800.0,1,66700.0,66640.0,66910.0,66640.0,53.0,17715500.0,411
2023-05-10 13:47:12,cu2404,cu2404,66850.0,0.0,0.0,0.0,1,66700.0,66800.0,1,66700.0,66640.0,66910.0,66640.0,53.0,17715500.0,411
2023-05-10 13:47:14,cu2404,cu2404,66850.0,0.0,0.0,0.0,1,66690.0,66800.0,1,66700.0,66640.0,66910.0,66640.0,53.0,17715500.0,411
2023-05-10 13:47:15,cu2404,cu2404,66850.0,0.0,0.0,0.0,1,66690.0,66800.0,1,66700.0,66640.0,66910.0,66640.0,53.0,17715500.0,411
2023-05-10 13:47:15,cu2404,cu2404,66850.0,0.0,0.0,0.0,1,66700.0,66800.0,1,66700.0,66640.0,66910.0,66640.0,53.0,17715500.0,411
2023-05-10 13:47:16,cu2404,cu2404,66850.0,0.0,0.0,0.0,1,66700.0,66800.0,1,66700.0,66640.0,66910.0,66640.0,53.0,17715500.0,411
2023-05-10 13:47:16,cu2404,cu2404,66850.0,0.0,0.0,0.0,1,66690.0,66790.0,1,66700.0,66640.0,66910.0,66640.0,53.0,17715500.0,411
2023-05-10 13:47:17,cu2404,cu2404,66850.0,0.0,0.0,0.0,2,66690.0,66790.0,1,66700.0,66640.0,66910.0,66640.0,53.0,17715500.0,411
2023-05-10 13:47:17,cu2404,cu2404,66850.0,0.0,0.0,0.0,1,66690.0,66790.0,1,66700.0,66640.0,66910.0,66640.0,53.0,17715500.0,411
2023-05-10 13:47:19,cu2404,cu2404,66850.0,0.0,0.0,0.0,2,66690.0,66790.0,1,66700.0,66640.0,66910.0,66640.0,53.0,17715500.0,411
2023-05-10 13:47:20,cu2404,cu2404,66850.0,0.0,0.0,0.0,1,66690.0,66790.0,1,66700.0,66640.0,66910.0,66640.0,53.0,17715500.0,411
2023-05-10 13:47:21,cu2404,cu2404,66850.0,0.0,0.0,0.0,2,66690.0,66790.0,1,66700.0,66640.0,66910.0,66640.0,53.0,17715500.0,411
2023-05-10 13:47:21,cu2404,cu2404,66850.0,0.0,0.0,0.0,1,66690.0,66790.0,1,66700.0,66640.0,66910.0,66640.0,53.0,17715500.0,411
2023-05-10 13:47:28,cu2404,cu2404,66850.0,0.0,0.0,0.0,2,66690.0,66790.0,1,66700.0,66640.0,66910.0,66640.0,53.0,17715500.0,411
2023-05-10 13:47:29,cu2404,cu2404,66850.0,0.0,0.0,0.0,1,66690.0,66790.0,1,66700.0,66640.0,66910.0,66640.0,53.0,17715500.0,411
2023-05-10 13:47:31,cu2404,cu2404,66850.0,0.0,0.0,0.0,2,66690.0,66790.0,1,66700.0,66640.0,66910.0,66640.0,53.0,17715500.0,411
2023-05-10 13:47:31,cu2404,cu2404,66850.0,0.0,0.0,0.0,1,66690.0,66790.0,1,66700.0,66640.0,66910.0,66640.0,53.0,17715500.0,411
2023-05-10 13:47:33,cu2404,cu2404,66850.0,0.0,0.0,0.0,1,66690.0,66980.0,1,66700.0,66640.0,66910.0,66640.0,53.0,17715500.0,411
2023-05-10 13:47:34,cu2404,cu2404,66850.0,0.0,0.0,0.0,1,66690.0,66970.0,14,66700.0,66640.0,66910.0,66640.0,53.0,17715500.0,411
2023-05-10 13:47:36,cu2404,cu2404,66850.0,0.0,0.0,0.0,2,66690.0,66970.0,14,66700.0,66640.0,66910.0,66640.0,53.0,17715500.0,411
2023-05-10 13:47:37,cu2404,cu2404,66850.0,0.0,0.0,0.0,1,66690.0,66970.0,14,66700.0,66640.0,66910.0,66640.0,53.0,17715500.0,411
2023-05-10 13:47:39,cu2404,cu2404,66850.0,0.0,0.0,0.0,1,66690.0,66960.0,2,66700.0,66640.0,66910.0,66640.0,53.0,17715500.0,411
2023-05-10 13:47:40,cu2404,cu2404,66850.0,0.0,0.0,0.0,2,66690.0,66950.0,1,66700.0,66640.0,66910.0,66640.0,53.0,17715500.0,411
2023-05-10 13:47:40,cu2404,cu2404,66850.0,0.0,0.0,0.0,1,66690.0,66940.0,1,66700.0,66640.0,66910.0,66640.0,53.0,17715500.0,411
2023-05-10 13:47:41,cu2404,cu2404,66850.0,0.0,0.0,0.0,1,66690.0,66930.0,1,66700.0,66640.0,66910.0,66640.0,53.0,17715500.0,411
2023-05-10 13:47:41,cu2404,cu2404,66850.0,0.0,0.0,0.0,1,66690.0,66930.0,2,66700.0,66640.0,66910.0,66640.0,53.0,17715500.0,411
2023-05-10 13:47:42,cu2404,cu2404,66850.0,0.0,0.0,0.0,1,66690.0,66920.0,1,66700.0,66640.0,66910.0,66640.0,53.0,17715500.0,411
2023-05-10 13:47:42,cu2404,cu2404,66850.0,0.0,0.0,0.0,1,66690.0,66910.0,1,66700.0,66640.0,66910.0,66640.0,53.0,17715500.0,411
2023-05-10 13:47:43,cu2404,cu2404,66850.0,0.0,0.0,0.0,1,66690.0,66910.0,1,66700.0,66640.0,66910.0,66640.0,53.0,17715500.0,411
2023-05-10 13:47:43,cu2404,cu2404,66850.0,0.0,0.0,0.0,2,66690.0,66900.0,6,66700.0,66640.0,66910.0,66640.0,53.0,17715500.0,411
2023-05-10 13:47:44,cu2404,cu2404,66850.0,0.0,0.0,0.0,1,66690.0,66890.0,1,66700.0,66640.0,66910.0,66640.0,53.0,17715500.0,411
2023-05-10 13:47:44,cu2404,cu2404,66850.0,0.0,0.0,0.0,1,66690.0,66890.0,2,66700.0,66640.0,66910.0,66640.0,53.0,17715500.0,411
2023-05-10 13:47:45,cu2404,cu2404,66850.0,0.0,0.0,0.0,1,66690.0,66880.0,1,66700.0,66640.0,66910.0,66640.0,53.0,17715500.0,411
2023-05-10 13:47:45,cu2404,cu2404,66850.0,0.0,0.0,0.0,1,66690.0,66870.0,1,66700.0,66640.0,66910.0,66640.0,53.0,17715500.0,411
2023-05-10 13:47:46,cu2404,cu2404,66850.0,0.0,0.0,0.0,1,66700.0,66870.0,1,66700.0,66640.0,66910.0,66640.0,53.0,17715500.0,411
2023-05-10 13:47:46,cu2404,cu2404,66850.0,0.0,0.0,0.0,1,66690.0,66860.0,6,66700.0,66640.0,66910.0,66640.0,53.0,17715500.0,411
2023-05-10 13:47:47,cu2404,cu2404,66850.0,0.0,0.0,0.0,1,66710.0,66850.0,1,66700.0,66640.0,66910.0,66640.0,53.0,17715500.0,411
2023-05-10 13:47:47,cu2404,cu2404,66850.0,0.0,0.0,0.0,1,66690.0,66850.0,1,66700.0,66640.0,66910.0,66640.0,53.0,17715500.0,411
2023-05-10 13:47:48,cu2404,cu2404,66850.0,0.0,0.0,0.0,1,66690.0,66840.0,2,66700.0,66640.0,66910.0,66640.0,53.0,17715500.0,411
2023-05-10 13:47:48,cu2404,cu2404,66850.0,0.0,0.0,0.0,1,66690.0,66830.0,1,66700.0,66640.0,66910.0,66640.0,53.0,17715500.0,411
2023-05-10 13:47:49,cu2404,cu2404,66850.0,0.0,0.0,0.0,1,66690.0,66830.0,1,66700.0,66640.0,66910.0,66640.0,53.0,17715500.0,411
2023-05-10 13:47:51,cu2404,cu2404,66850.0,0.0,0.0,0.0,1,66690.0,66830.0,1,66700.0,66640.0,66910.0,66640.0,53.0,17715500.0,411
2023-05-10 13:47:51,cu2404,cu2404,66850.0,0.0,0.0,0.0,1,66690.0,66820.0,1,66700.0,66640.0,66910.0,66640.0,53.0,17715500.0,411
2023-05-10 13:47:52,cu2404,cu2404,66850.0,0.0,0.0,0.0,1,66690.0,66810.0,1,66700.0,66640.0,66910.0,66640.0,53.0,17715500.0,411
2023-05-10 13:47:52,cu2404,cu2404,66850.0,0.0,0.0,0.0,1,66690.0,66810.0,1,66700.0,66640.0,66910.0,66640.0,53.0,17715500.0,411
2023-05-10 13:47:53,cu2404,cu2404,66850.0,0.0,0.0,0.0,1,66690.0,66800.0,2,66700.0,66640.0,66910.0,66640.0,53.0,17715500.0,411
2023-05-10 13:47:53,cu2404,cu2404,66850.0,0.0,0.0,0.0,1,66690.0,66790.0,1,66700.0,66640.0,66910.0,66640.0,53.0,17715500.0,411
2023-05-10 13:47:54,cu2404,cu2404,66850.0,0.0,0.0,0.0,1,66690.0,66790.0,1,66700.0,66640.0,66910.0,66640.0,53.0,17715500.0,411
2023-05-10 13:47:55,cu2404,cu2404,66850.0,0.0,0.0,0.0,1,66550.0,66790.0,1,66700.0,66640.0,66910.0,66640.0,53.0,17715500.0,411
2023-05-10 13:47:55,cu2404,cu2404,66850.0,0.0,0.0,0.0,1,66620.0,66790.0,1,66700.0,66640.0,66910.0,66640.0,53.0,17715500.0,411
2023-05-10 13:47:56,cu2404,cu2404,66850.0,0.0,0.0,0.0,4,66620.0,66790.0,1,66700.0,66640.0,66910.0,66640.0,53.0,17715500.0,411
2023-05-10 13:47:56,cu2404,cu2404,66850.0,0.0,0.0,0.0,1,66630.0,66790.0,1,66700.0,66640.0,66910.0,66640.0,53.0,17715500.0,411
2023-05-10 13:47:57,cu2404,cu2404,66850.0,0.0,0.0,0.0,2,66640.0,66790.0,1,66700.0,66640.0,66910.0,66640.0,53.0,17715500.0,411
2023-05-10 13:47:57,cu2404,cu2404,66850.0,0.0,0.0,0.0,1,66650.0,66790.0,1,66700.0,66640.0,66910.0,66640.0,53.0,17715500.0,411
2023-05-10 13:47:58,cu2404,cu2404,66850.0,0.0,0.0,0.0,1,66650.0,66790.0,1,66700.0,66640.0,66910.0,66640.0,53.0,17715500.0,411
2023-05-10 13:47:58,cu2404,cu2404,66850.0,0.0,0.0,0.0,2,66670.0,66790.0,1,66700.0,66640.0,66910.0,66640.0,53.0,17715500.0,411
2023-05-10 13:47:59,cu2404,cu2404,66850.0,0.0,0.0,0.0,2,66670.0,66790.0,1,66700.0,66640.0,66910.0,66640.0,53.0,17715500.0,411
2023-05-10 13:48:00,cu2404,cu2404,66850.0,0.0,0.0,0.0,3,66670.0,66790.0,1,66700.0,66640.0,66910.0,66640.0,53.0,17715500.0,411
2023-05-10 13:48:00,cu2404,cu2404,66850.0,0.0,0.0,0.0,1,66680.0,66790.0,1,66700.0,66640.0,66910.0,66640.0,53.0,17715500.0,411
2023-05-10 13:48:01,cu2404,cu2404,66850.0,0.0,0.0,0.0,1,66680.0,66790.0,1,66700.0,66640.0,66910.0,66640.0,53.0,17715500.0,411
2023-05-10 13:48:14,cu2404,cu2404,66850.0,0.0,0.0,0.0,2,66680.0,66790.0,1,66700.0,66640.0,66910.0,66640.0,53.0,17715500.0,411
2023-05-10 13:48:15,cu2404,cu2404,66850.0,0.0,0.0,0.0,1,66680.0,66790.0,1,66700.0,66640.0,66910.0,66640.0,53.0,17715500.0,411
2023-05-10 13:48:35,cu2404,cu2404,66850.0,0.0,0.0,0.0,2,66680.0,66790.0,1,66700.0,66640.0,66910.0,66640.0,53.0,17715500.0,411
2023-05-10 13:48:39,cu2404,cu2404,66850.0,0.0,0.0,0.0,1,66680.0,66790.0,1,66700.0,66640.0,66910.0,66640.0,53.0,17715500.0,411
2023-05-10 13:48:41,cu2404,cu2404,66850.0,0.0,0.0,0.0,2,66680.0,66790.0,1,66700.0,66640.0,66910.0,66640.0,53.0,17715500.0,411
2023-05-10 13:48:42,cu2404,cu2404,66850.0,0.0,0.0,0.0,1,66690.0,66790.0,1,66700.0,66640.0,66910.0,66640.0,53.0,17715500.0,411
2023-05-10 13:48:43,cu2404,cu2404,66850.0,0.0,0.0,0.0,1,66700.0,66790.0,1,66700.0,66640.0,66910.0,66640.0,53.0,17715500.0,411
2023-05-10 13:49:12,cu2404,cu2404,66850.0,0.0,0.0,0.0,1,66700.0,66790.0,1,66700.0,66640.0,66910.0,66640.0,53.0,17715500.0,411
2023-05-10 13:49:34,cu2404,cu2404,66850.0,0.0,0.0,0.0,1,66700.0,66780.0,1,66700.0,66640.0,66910.0,66640.0,53.0,17715500.0,411
2023-05-10 13:49:34,cu2404,cu2404,66850.0,0.0,0.0,0.0,1,66680.0,66770.0,1,66700.0,66640.0,66910.0,66640.0,53.0,17715500.0,411
2023-05-10 13:49:42,cu2404,cu2404,66850.0,0.0,0.0,0.0,1,66670.0,66770.0,1,66700.0,66640.0,66910.0,66640.0,53.0,17715500.0,411
2023-05-10 13:49:46,cu2404,cu2404,66850.0,0.0,0.0,0.0,1,66670.0,66760.0,1,66700.0,66640.0,66910.0,66640.0,53.0,17715500.0,411
2023-05-10 13:49:47,cu2404,cu2404,66850.0,0.0,0.0,0.0,1,66670.0,66760.0,2,66700.0,66640.0,66910.0,66640.0,53.0,17715500.0,411
2023-05-10 13:50:01,cu2404,cu2404,66850.0,0.0,0.0,0.0,1,66570.0,66760.0,2,66700.0,66640.0,66910.0,66640.0,53.0,17715500.0,411
2023-05-10 13:50:02,cu2404,cu2404,66850.0,0.0,0.0,0.0,1,66590.0,66760.0,2,66700.0,66640.0,66910.0,66640.0,53.0,17715500.0,411
2023-05-10 13:50:02,cu2404,cu2404,66850.0,0.0,0.0,0.0,5,66600.0,66760.0,2,66700.0,66640.0,66910.0,66640.0,53.0,17715500.0,411
2023-05-10 13:50:03,cu2404,cu2404,66850.0,0.0,0.0,0.0,5,66600.0,66760.0,2,66700.0,66640.0,66910.0,66640.0,53.0,17715500.0,411
2023-05-10 13:50:03,cu2404,cu2404,66850.0,0.0,0.0,0.0,2,66610.0,66760.0,2,66700.0,66640.0,66910.0,66640.0,53.0,17715500.0,411
2023-05-10 13:50:04,cu2404,cu2404,66850.0,0.0,0.0,0.0,1,66620.0,66760.0,2,66700.0,66640.0,66910.0,66640.0,53.0,17715500.0,411
2023-05-10 13:50:04,cu2404,cu2404,66850.0,0.0,0.0,0.0,1,66630.0,66760.0,2,66700.0,66640.0,66910.0,66640.0,53.0,17715500.0,411
2023-05-10 13:50:05,cu2404,cu2404,66850.0,0.0,0.0,0.0,1,66640.0,66760.0,2,66700.0,66640.0,66910.0,66640.0,53.0,17715500.0,411
2023-05-10 13:50:05,cu2404,cu2404,66850.0,0.0,0.0,0.0,3,66640.0,66760.0,2,66700.0,66640.0,66910.0,66640.0,53.0,17715500.0,411
2023-05-10 13:50:06,cu2404,cu2404,66850.0,0.0,0.0,0.0,3,66640.0,66760.0,1,66700.0,66640.0,66910.0,66640.0,53.0,17715500.0,411
2023-05-10 13:50:06,cu2404,cu2404,66850.0,0.0,0.0,0.0,1,66650.0,66760.0,1,66700.0,66640.0,66910.0,66640.0,53.0,17715500.0,411
2023-05-10 13:50:07,cu2404,cu2404,66850.0,0.0,0.0,0.0,1,66660.0,66760.0,1,66700.0,66640.0,66910.0,66640.0,53.0,17715500.0,411
2023-05-10 13:50:07,cu2404,cu2404,66850.0,0.0,0.0,0.0,1,66660.0,66760.0,1,66700.0,66640.0,66910.0,66640.0,53.0,17715500.0,411
2023-05-10 13:50:08,cu2404,cu2404,66850.0,0.0,0.0,0.0,1,66660.0,66760.0,1,66700.0,66640.0,66910.0,66640.0,53.0,17715500.0,411
2023-05-10 13:50:08,cu2404,cu2404,66850.0,0.0,0.0,0.0,1,66670.0,66760.0,1,66700.0,66640.0,66910.0,66640.0,53.0,17715500.0,411
2023-05-10 13:50:09,cu2404,cu2404,66850.0,0.0,0.0,0.0,1,66670.0,66760.0,1,66700.0,66640.0,66910.0,66640.0,53.0,17715500.0,411
2023-05-10 13:50:10,cu2404,cu2404,66850.0,0.0,0.0,0.0,1,66650.0,66760.0,1,66700.0,66640.0,66910.0,66640.0,53.0,17715500.0,411
2023-05-10 13:50:10,cu2404,cu2404,66850.0,0.0,0.0,0.0,1,66660.0,66760.0,1,66700.0,66640.0,66910.0,66640.0,53.0,17715500.0,411
2023-05-10 13:50:11,cu2404,cu2404,66850.0,0.0,0.0,0.0,1,66670.0,66760.0,1,66700.0,66640.0,66910.0,66640.0,53.0,17715500.0,411
2023-05-10 13:50:11,cu2404,cu2404,66850.0,0.0,0.0,0.0,1,66670.0,66760.0,1,66700.0,66640.0,66910.0,66640.0,53.0,17715500.0,411
2023-05-10 13:50:12,cu2404,cu2404,66850.0,0.0,0.0,0.0,1,66650.0,66760.0,1,66700.0,66640.0,66910.0,66640.0,53.0,17715500.0,411
2023-05-10 13:50:12,cu2404,cu2404,66850.0,0.0,0.0,0.0,3,66660.0,66760.0,1,66700.0,66640.0,66910.0,66640.0,53.0,17715500.0,411
2023-05-10 13:50:14,cu2404,cu2404,66850.0,0.0,0.0,0.0,1,66670.0,66760.0,1,66700.0,66640.0,66910.0,66640.0,53.0,17715500.0,411
2023-05-10 13:50:15,cu2404,cu2404,66850.0,0.0,0.0,0.0,1,66670.0,66760.0,1,66700.0,66640.0,66910.0,66640.0,53.0,17715500.0,411
2023-05-10 13:50:18,cu2404,cu2404,66850.0,0.0,0.0,0.0,1,66670.0,66760.0,1,66700.0,66640.0,66910.0,66640.0,53.0,17715500.0,411
2023-05-10 13:50:19,cu2404,cu2404,66850.0,0.0,0.0,0.0,1,66660.0,66760.0,1,66700.0,66640.0,66910.0,66640.0,53.0,17715500.0,411
2023-05-10 13:50:19,cu2404,cu2404,66850.0,0.0,0.0,0.0,2,66660.0,66760.0,1,66700.0,66640.0,66910.0,66640.0,53.0,17715500.0,411
2023-05-10 13:50:23,cu2404,cu2404,66850.0,0.0,0.0,0.0,4,66660.0,66760.0,1,66700.0,66640.0,66910.0,66640.0,53.0,17715500.0,411
2023-05-10 13:50:31,cu2404,cu2404,66850.0,0.0,0.0,0.0,4,66660.0,66760.0,1,66700.0,66640.0,66910.0,66640.0,53.0,17715500.0,411
2023-05-10 13:51:57,cu2404,cu2404,66850.0,0.0,0.0,0.0,4,66660.0,66760.0,1,66700.0,66640.0,66910.0,66640.0,53.0,17715500.0,411
2023-05-10 13:51:58,cu2404,cu2404,66850.0,0.0,0.0,0.0,2,66660.0,66760.0,1,66700.0,66640.0,66910.0,66640.0,53.0,17715500.0,411
2023-05-10 13:52:02,cu2404,cu2404,66850.0,0.0,0.0,0.0,1,66660.0,66760.0,2,66700.0,66640.0,66910.0,66640.0,53.0,17715500.0,411
2023-05-10 13:52:20,cu2404,cu2404,66850.0,0.0,0.0,0.0,2,66660.0,66760.0,2,66700.0,66640.0,66910.0,66640.0,53.0,17715500.0,411
2023-05-10 13:52:21,cu2404,cu2404,66850.0,0.0,0.0,0.0,1,66660.0,66760.0,2,66700.0,66640.0,66910.0,66640.0,53.0,17715500.0,411
2023-05-10 13:52:32,cu2404,cu2404,66850.0,0.0,0.0,0.0,1,66660.0,66760.0,1,66700.0,66640.0,66910.0,66640.0,53.0,17715500.0,411
2023-05-10 13:52:41,cu2404,cu2404,66850.0,0.0,0.0,0.0,1,66660.0,66760.0,2,66700.0,66640.0,66910.0,66640.0,53.0,17715500.0,411
2023-05-10 13:52:55,cu2404,cu2404,66850.0,0.0,0.0,0.0,2,66660.0,66760.0,2,66700.0,66640.0,66910.0,66640.0,53.0,17715500.0,411
2023-05-10 13:52:56,cu2404,cu2404,66850.0,0.0,0.0,0.0,1,66660.0,66760.0,1,66700.0,66640.0,66910.0,66640.0,53.0,17715500.0,411
2023-05-10 13:52:57,cu2404,cu2404,66850.0,0.0,0.0,0.0,2,66660.0,66760.0,1,66700.0,66640.0,66910.0,66640.0,53.0,17715500.0,411
2023-05-10 13:53:13,cu2404,cu2404,66850.0,0.0,0.0,0.0,2,66660.0,66760.0,2,66700.0,66640.0,66910.0,66640.0,53.0,17715500.0,411
2023-05-10 13:53:13,cu2404,cu2404,66850.0,0.0,0.0,0.0,2,66660.0,66760.0,1,66700.0,66640.0,66910.0,66640.0,53.0,17715500.0,411
2023-05-10 13:53:49,cu2404,cu2404,66850.0,0.0,0.0,0.0,2,66660.0,66760.0,2,66700.0,66640.0,66910.0,66640.0,53.0,17715500.0,411
2023-05-10 13:53:50,cu2404,cu2404,66850.0,0.0,0.0,0.0,1,66660.0,66760.0,2,66700.0,66640.0,66910.0,66640.0,53.0,17715500.0,411
2023-05-10 13:54:01,cu2404,cu2404,66850.0,0.0,0.0,0.0,1,66660.0,66760.0,1,66700.0,66640.0,66910.0,66640.0,53.0,17715500.0,411
2023-05-10 13:54:02,cu2404,cu2404,66850.0,0.0,0.0,0.0,2,66660.0,66760.0,2,66700.0,66640.0,66910.0,66640.0,53.0,17715500.0,411
2023-05-10 13:54:03,cu2404,cu2404,66850.0,0.0,0.0,0.0,1,66660.0,66760.0,2,66700.0,66640.0,66910.0,66640.0,53.0,17715500.0,411
2023-05-10 13:54:03,cu2404,cu2404,66850.0,0.0,0.0,0.0,3,66660.0,66760.0,1,66700.0,66640.0,66910.0,66640.0,53.0,17715500.0,411
2023-05-10 13:54:05,cu2404,cu2404,66850.0,0.0,0.0,0.0,4,66660.0,66760.0,1,66700.0,66640.0,66910.0,66640.0,53.0,17715500.0,411
2023-05-10 13:54:06,cu2404,cu2404,66850.0,0.0,0.0,0.0,2,66660.0,66760.0,1,66700.0,66640.0,66910.0,66640.0,53.0,17715500.0,411
2023-05-10 13:54:09,cu2404,cu2404,66850.0,0.0,0.0,0.0,1,66660.0,66760.0,1,66700.0,66640.0,66910.0,66640.0,53.0,17715500.0,411
2023-05-10 13:54:11,cu2404,cu2404,66850.0,0.0,0.0,0.0,1,66660.0,66760.0,2,66700.0,66640.0,66910.0,66640.0,53.0,17715500.0,411
2023-05-10 13:54:20,cu2404,cu2404,66850.0,0.0,0.0,0.0,1,66660.0,66760.0,1,66700.0,66640.0,66910.0,66640.0,53.0,17715500.0,411
2023-05-10 13:54:20,cu2404,cu2404,66850.0,0.0,0.0,0.0,1,66660.0,66760.0,2,66700.0,66640.0,66910.0,66640.0,53.0,17715500.0,411
2023-05-10 13:54:26,cu2404,cu2404,66850.0,0.0,0.0,0.0,1,66660.0,66760.0,1,66700.0,66640.0,66910.0,66640.0,53.0,17715500.0,411
2023-05-10 13:54:29,cu2404,cu2404,66850.0,0.0,0.0,0.0,2,66660.0,66760.0,1,66700.0,66640.0,66910.0,66640.0,53.0,17715500.0,411
2023-05-10 13:54:34,cu2404,cu2404,66850.0,0.0,0.0,0.0,2,66660.0,66980.0,1,66700.0,66640.0,66910.0,66640.0,53.0,17715500.0,411
2023-05-10 13:54:35,cu2404,cu2404,66850.0,0.0,0.0,0.0,1,66670.0,66970.0,13,66700.0,66640.0,66910.0,66640.0,53.0,17715500.0,411
2023-05-10 13:54:35,cu2404,cu2404,66850.0,0.0,0.0,0.0,1,66680.0,66970.0,13,66700.0,66640.0,66910.0,66640.0,53.0,17715500.0,411
2023-05-10 13:54:36,cu2404,cu2404,66850.0,0.0,0.0,0.0,1,66680.0,66970.0,13,66700.0,66640.0,66910.0,66640.0,53.0,17715500.0,411
2023-05-10 13:54:38,cu2404,cu2404,66850.0,0.0,0.0,0.0,2,66680.0,66970.0,13,66700.0,66640.0,66910.0,66640.0,53.0,17715500.0,411
2023-05-10 13:54:38,cu2404,cu2404,66850.0,0.0,0.0,0.0,2,66680.0,66970.0,13,66700.0,66640.0,66910.0,66640.0,53.0,17715500.0,411
2023-05-10 13:54:40,cu2404,cu2404,66850.0,0.0,0.0,0.0,2,66690.0,66970.0,13,66700.0,66640.0,66910.0,66640.0,53.0,17715500.0,411
2023-05-10 13:54:40,cu2404,cu2404,66850.0,0.0,0.0,0.0,2,66690.0,66970.0,13,66700.0,66640.0,66910.0,66640.0,53.0,17715500.0,411
2023-05-10 13:54:41,cu2404,cu2404,66850.0,0.0,0.0,0.0,1,66700.0,66970.0,13,66700.0,66640.0,66910.0,66640.0,53.0,17715500.0,411
2023-05-10 13:54:42,cu2404,cu2404,66850.0,0.0,0.0,0.0,1,66700.0,66960.0,4,66700.0,66640.0,66910.0,66640.0,53.0,17715500.0,411
2023-05-10 13:54:43,cu2404,cu2404,66850.0,0.0,0.0,0.0,1,66700.0,66950.0,1,66700.0,66640.0,66910.0,66640.0,53.0,17715500.0,411
2023-05-10 13:54:43,cu2404,cu2404,66850.0,0.0,0.0,0.0,1,66700.0,66940.0,3,66700.0,66640.0,66910.0,66640.0,53.0,17715500.0,411
2023-05-10 13:54:44,cu2404,cu2404,66850.0,0.0,0.0,0.0,1,66700.0,66930.0,2,66700.0,66640.0,66910.0,66640.0,53.0,17715500.0,411
2023-05-10 13:54:44,cu2404,cu2404,66850.0,0.0,0.0,0.0,1,66700.0,66920.0,5,66700.0,66640.0,66910.0,66640.0,53.0,17715500.0,411
2023-05-10 13:54:45,cu2404,cu2404,66850.0,0.0,0.0,0.0,1,66700.0,66910.0,1,66700.0,66640.0,66910.0,66640.0,53.0,17715500.0,411
2023-05-10 13:54:46,cu2404,cu2404,66850.0,0.0,0.0,0.0,1,66700.0,66900.0,1,66700.0,66640.0,66910.0,66640.0,53.0,17715500.0,411
2023-05-10 13:54:46,cu2404,cu2404,66850.0,0.0,0.0,0.0,1,66700.0,66890.0,1,66700.0,66640.0,66910.0,66640.0,53.0,17715500.0,411
2023-05-10 13:54:47,cu2404,cu2404,66850.0,0.0,0.0,0.0,1,66700.0,66890.0,2,66700.0,66640.0,66910.0,66640.0,53.0,17715500.0,411
2023-05-10 13:54:47,cu2404,cu2404,66850.0,0.0,0.0,0.0,1,66700.0,66880.0,6,66700.0,66640.0,66910.0,66640.0,53.0,17715500.0,411
2023-05-10 13:54:48,cu2404,cu2404,66850.0,0.0,0.0,0.0,1,66700.0,66870.0,1,66700.0,66640.0,66910.0,66640.0,53.0,17715500.0,411
2023-05-10 13:54:48,cu2404,cu2404,66850.0,0.0,0.0,0.0,1,66700.0,66870.0,1,66700.0,66640.0,66910.0,66640.0,53.0,17715500.0,411
2023-05-10 13:54:49,cu2404,cu2404,66850.0,0.0,0.0,0.0,1,66700.0,66860.0,1,66700.0,66640.0,66910.0,66640.0,53.0,17715500.0,411
2023-05-10 13:54:49,cu2404,cu2404,66850.0,0.0,0.0,0.0,1,66700.0,66850.0,1,66700.0,66640.0,66910.0,66640.0,53.0,17715500.0,411
2023-05-10 13:54:50,cu2404,cu2404,66850.0,0.0,0.0,0.0,1,66700.0,66850.0,1,66700.0,66640.0,66910.0,66640.0,53.0,17715500.0,411
2023-05-10 13:54:53,cu2404,cu2404,66850.0,0.0,0.0,0.0,1,66700.0,66840.0,1,66700.0,66640.0,66910.0,66640.0,53.0,17715500.0,411
2023-05-10 13:54:54,cu2404,cu2404,66850.0,0.0,0.0,0.0,1,66700.0,66830.0,1,66700.0,66640.0,66910.0,66640.0,53.0,17715500.0,411
2023-05-10 13:54:54,cu2404,cu2404,66850.0,0.0,0.0,0.0,1,66660.0,66830.0,1,66700.0,66640.0,66910.0,66640.0,53.0,17715500.0,411
2023-05-10 13:54:55,cu2404,cu2404,66850.0,0.0,0.0,0.0,3,66670.0,66820.0,2,66700.0,66640.0,66910.0,66640.0,53.0,17715500.0,411
2023-05-10 13:54:55,cu2404,cu2404,66850.0,0.0,0.0,0.0,1,66680.0,66810.0,1,66700.0,66640.0,66910.0,66640.0,53.0,17715500.0,411
2023-05-10 13:54:56,cu2404,cu2404,66850.0,0.0,0.0,0.0,1,66680.0,66810.0,1,66700.0,66640.0,66910.0,66640.0,53.0,17715500.0,411
2023-05-10 13:54:56,cu2404,cu2404,66850.0,0.0,0.0,0.0,2,66680.0,66810.0,1,66700.0,66640.0,66910.0,66640.0,53.0,17715500.0,411
2023-05-10 13:54:57,cu2404,cu2404,66850.0,0.0,0.0,0.0,2,66680.0,66810.0,1,66700.0,66640.0,66910.0,66640.0,53.0,17715500.0,411
2023-05-10 13:54:58,cu2404,cu2404,66850.0,0.0,0.0,0.0,4,66680.0,66810.0,1,66700.0,66640.0,66910.0,66640.0,53.0,17715500.0,411
2023-05-10 13:55:00,cu2404,cu2404,66850.0,0.0,0.0,0.0,4,66680.0,66810.0,1,66700.0,66640.0,66910.0,66640.0,53.0,17715500.0,411
2023-05-10 13:55:01,cu2404,cu2404,66850.0,0.0,0.0,0.0,4,66680.0,66820.0,1,66700.0,66640.0,66910.0,66640.0,53.0,17715500.0,411
2023-05-10 13:55:02,cu2404,cu2404,66850.0,0.0,0.0,0.0,4,66680.0,66810.0,1,66700.0,66640.0,66910.0,66640.0,53.0,17715500.0,411
2023-05-10 13:55:02,cu2404,cu2404,66850.0,0.0,0.0,0.0,4,66680.0,66810.0,1,66700.0,66640.0,66910.0,66640.0,53.0,17715500.0,411
2023-05-10 13:55:06,cu2404,cu2404,66850.0,0.0,0.0,0.0,4,66680.0,66820.0,1,66700.0,66640.0,66910.0,66640.0,53.0,17715500.0,411
2023-05-10 13:55:06,cu2404,cu2404,66850.0,0.0,0.0,0.0,4,66680.0,66820.0,2,66700.0,66640.0,66910.0,66640.0,53.0,17715500.0,411
2023-05-10 13:55:07,cu2404,cu2404,66850.0,0.0,0.0,0.0,4,66680.0,66820.0,1,66700.0,66640.0,66910.0,66640.0,53.0,17715500.0,411
2023-05-10 13:55:08,cu2404,cu2404,66850.0,0.0,0.0,0.0,1,66690.0,66820.0,1,66700.0,66640.0,66910.0,66640.0,53.0,17715500.0,411
2023-05-10 13:55:08,cu2404,cu2404,66850.0,0.0,0.0,0.0,1,66700.0,66980.0,1,66700.0,66640.0,66910.0,66640.0,53.0,17715500.0,411
2023-05-10 13:55:09,cu2404,cu2404,66850.0,0.0,0.0,0.0,1,66710.0,66970.0,8,66700.0,66640.0,66910.0,66640.0,53.0,17715500.0,411
2023-05-10 13:55:09,cu2404,cu2404,66850.0,0.0,0.0,0.0,1,66720.0,66960.0,1,66700.0,66640.0,66910.0,66640.0,53.0,17715500.0,411
2023-05-10 13:55:10,cu2404,cu2404,66850.0,0.0,0.0,0.0,1,66720.0,66950.0,1,66700.0,66640.0,66910.0,66640.0,53.0,17715500.0,411
2023-05-10 13:55:10,cu2404,cu2404,66850.0,0.0,0.0,0.0,1,66700.0,66950.0,2,66700.0,66640.0,66910.0,66640.0,53.0,17715500.0,411
2023-05-10 13:55:11,cu2404,cu2404,66850.0,0.0,0.0,0.0,1,66700.0,66940.0,1,66700.0,66640.0,66910.0,66640.0,53.0,17715500.0,411
2023-05-10 13:55:11,cu2404,cu2404,66850.0,0.0,0.0,0.0,1,66700.0,66930.0,1,66700.0,66640.0,66910.0,66640.0,53.0,17715500.0,411
2023-05-10 13:55:12,cu2404,cu2404,66850.0,0.0,0.0,0.0,1,66710.0,66930.0,6,66700.0,66640.0,66910.0,66640.0,53.0,17715500.0,411
2023-05-10 13:55:12,cu2404,cu2404,66850.0,0.0,0.0,0.0,1,66710.0,66920.0,1,66700.0,66640.0,66910.0,66640.0,53.0,17715500.0,411
2023-05-10 13:55:13,cu2404,cu2404,66850.0,0.0,0.0,0.0,1,66710.0,66910.0,1,66700.0,66640.0,66910.0,66640.0,53.0,17715500.0,411
2023-05-10 13:55:13,cu2404,cu2404,66850.0,0.0,0.0,0.0,1,66690.0,66900.0,2,66700.0,66640.0,66910.0,66640.0,53.0,17715500.0,411
2023-05-10 13:55:14,cu2404,cu2404,66850.0,0.0,0.0,0.0,3,66700.0,66890.0,2,66700.0,66640.0,66910.0,66640.0,53.0,17715500.0,411
2023-05-10 13:55:14,cu2404,cu2404,66850.0,0.0,0.0,0.0,3,66700.0,66890.0,2,66700.0,66640.0,66910.0,66640.0,53.0,17715500.0,411
2023-05-10 13:55:15,cu2404,cu2404,66850.0,0.0,0.0,0.0,1,66710.0,66880.0,3,66700.0,66640.0,66910.0,66640.0,53.0,17715500.0,411
2023-05-10 13:55:15,cu2404,cu2404,66850.0,0.0,0.0,0.0,1,66710.0,66870.0,1,66700.0,66640.0,66910.0,66640.0,53.0,17715500.0,411
2023-05-10 13:55:16,cu2404,cu2404,66850.0,0.0,0.0,0.0,1,66710.0,66860.0,1,66700.0,66640.0,66910.0,66640.0,53.0,17715500.0,411
2023-05-10 13:55:16,cu2404,cu2404,66850.0,0.0,0.0,0.0,1,66710.0,66850.0,1,66700.0,66640.0,66910.0,66640.0,53.0,17715500.0,411
2023-05-10 13:55:17,cu2404,cu2404,66850.0,0.0,0.0,0.0,1,66710.0,66850.0,1,66700.0,66640.0,66910.0,66640.0,53.0,17715500.0,411
2023-05-10 13:55:17,cu2404,cu2404,66850.0,0.0,0.0,0.0,2,66710.0,66840.0,1,66700.0,66640.0,66910.0,66640.0,53.0,17715500.0,411
2023-05-10 13:55:18,cu2404,cu2404,66850.0,0.0,0.0,0.0,1,66720.0,66830.0,1,66700.0,66640.0,66910.0,66640.0,53.0,17715500.0,411
2023-05-10 13:55:18,cu2404,cu2404,66850.0,0.0,0.0,0.0,1,66730.0,66830.0,1,66700.0,66640.0,66910.0,66640.0,53.0,17715500.0,411
2023-05-10 13:55:19,cu2404,cu2404,66850.0,0.0,0.0,0.0,1,66730.0,66830.0,1,66700.0,66640.0,66910.0,66640.0,53.0,17715500.0,411
2023-05-10 13:55:26,cu2404,cu2404,66850.0,0.0,0.0,0.0,1,66730.0,66820.0,1,66700.0,66640.0,66910.0,66640.0,53.0,17715500.0,411
2023-05-10 13:55:27,cu2404,cu2404,66850.0,0.0,0.0,0.0,1,66730.0,66810.0,1,66700.0,66640.0,66910.0,66640.0,53.0,17715500.0,411
2023-05-10 13:55:28,cu2404,cu2404,66850.0,0.0,0.0,0.0,1,66730.0,66800.0,1,66700.0,66640.0,66910.0,66640.0,53.0,17715500.0,411
2023-05-10 13:55:29,cu2404,cu2404,66850.0,0.0,0.0,0.0,1,66710.0,66800.0,1,66700.0,66640.0,66910.0,66640.0,53.0,17715500.0,411
2023-05-10 13:55:30,cu2404,cu2404,66850.0,0.0,0.0,0.0,1,66660.0,66800.0,1,66700.0,66640.0,66910.0,66640.0,53.0,17715500.0,411
2023-05-10 13:55:30,cu2404,cu2404,66850.0,0.0,0.0,0.0,5,66670.0,66800.0,1,66700.0,66640.0,66910.0,66640.0,53.0,17715500.0,411
2023-05-10 13:55:31,cu2404,cu2404,66850.0,0.0,0.0,0.0,2,66680.0,66800.0,1,66700.0,66640.0,66910.0,66640.0,53.0,17715500.0,411
2023-05-10 13:55:31,cu2404,cu2404,66850.0,0.0,0.0,0.0,1,66690.0,66800.0,1,66700.0,66640.0,66910.0,66640.0,53.0,17715500.0,411
2023-05-10 13:55:32,cu2404,cu2404,66850.0,0.0,0.0,0.0,1,66700.0,66800.0,1,66700.0,66640.0,66910.0,66640.0,53.0,17715500.0,411
2023-05-10 13:55:33,cu2404,cu2404,66850.0,0.0,0.0,0.0,1,66700.0,66800.0,1,66700.0,66640.0,66910.0,66640.0,53.0,17715500.0,411
2023-05-10 13:55:33,cu2404,cu2404,66850.0,0.0,0.0,0.0,1,66700.0,66800.0,1,66700.0,66640.0,66910.0,66640.0,53.0,17715500.0,411
2023-05-10 13:55:35,cu2404,cu2404,66850.0,0.0,0.0,0.0,1,66710.0,66800.0,1,66700.0,66640.0,66910.0,66640.0,53.0,17715500.0,411
2023-05-10 13:55:36,cu2404,cu2404,66850.0,0.0,0.0,0.0,1,66710.0,66800.0,1,66700.0,66640.0,66910.0,66640.0,53.0,17715500.0,411
2023-05-10 13:55:38,cu2404,cu2404,66850.0,0.0,0.0,0.0,1,66690.0,66800.0,1,66700.0,66640.0,66910.0,66640.0,53.0,17715500.0,411
2023-05-10 13:55:40,cu2404,cu2404,66850.0,0.0,0.0,0.0,1,66700.0,66800.0,1,66700.0,66640.0,66910.0,66640.0,53.0,17715500.0,411
2023-05-10 13:55:41,cu2404,cu2404,66850.0,0.0,0.0,0.0,1,66710.0,66800.0,1,66700.0,66640.0,66910.0,66640.0,53.0,17715500.0,411
2023-05-10 13:55:41,cu2404,cu2404,66850.0,0.0,0.0,0.0,1,66710.0,66800.0,1,66700.0,66640.0,66910.0,66640.0,53.0,17715500.0,411
2023-05-10 13:55:42,cu2404,cu2404,66850.0,0.0,0.0,0.0,1,66700.0,66800.0,1,66700.0,66640.0,66910.0,66640.0,53.0,17715500.0,411
2023-05-10 13:55:43,cu2404,cu2404,66850.0,0.0,0.0,0.0,2,66700.0,66800.0,1,66700.0,66640.0,66910.0,66640.0,53.0,17715500.0,411
2023-05-10 13:55:44,cu2404,cu2404,66850.0,0.0,0.0,0.0,2,66700.0,66800.0,1,66700.0,66640.0,66910.0,66640.0,53.0,17715500.0,411
2023-05-10 13:55:59,cu2404,cu2404,66850.0,0.0,0.0,0.0,1,66700.0,66800.0,1,66700.0,66640.0,66910.0,66640.0,53.0,17715500.0,411
2023-05-10 13:56:00,cu2404,cu2404,66850.0,0.0,0.0,0.0,1,66700.0,66800.0,1,66700.0,66640.0,66910.0,66640.0,53.0,17715500.0,411
2023-05-10 13:56:01,cu2404,cu2404,66850.0,0.0,0.0,0.0,1,66710.0,66800.0,1,66700.0,66640.0,66910.0,66640.0,53.0,17715500.0,411
2023-05-10 13:56:02,cu2404,cu2404,66850.0,0.0,0.0,0.0,1,66710.0,66800.0,1,66700.0,66640.0,66910.0,66640.0,53.0,17715500.0,411
2023-05-10 13:56:02,cu2404,cu2404,66850.0,0.0,0.0,0.0,1,66690.0,66800.0,1,66700.0,66640.0,66910.0,66640.0,53.0,17715500.0,411
2023-05-10 13:56:03,cu2404,cu2404,66850.0,0.0,0.0,0.0,2,66690.0,66800.0,1,66700.0,66640.0,66910.0,66640.0,53.0,17715500.0,411
2023-05-10 13:56:44,cu2404,cu2404,66850.0,0.0,0.0,0.0,4,66690.0,66800.0,1,66700.0,66640.0,66910.0,66640.0,53.0,17715500.0,411
2023-05-10 13:56:49,cu2404,cu2404,66850.0,0.0,0.0,0.0,2,66690.0,66800.0,1,66700.0,66640.0,66910.0,66640.0,53.0,17715500.0,411
2023-05-10 13:57:01,cu2404,cu2404,66850.0,0.0,0.0,0.0,2,66690.0,66800.0,2,66700.0,66640.0,66910.0,66640.0,53.0,17715500.0,411
2023-05-10 13:57:32,cu2404,cu2404,66850.0,0.0,0.0,0.0,1,66690.0,66800.0,2,66700.0,66640.0,66910.0,66640.0,53.0,17715500.0,411
2023-05-10 13:57:37,cu2404,cu2404,66850.0,0.0,0.0,0.0,2,66690.0,66800.0,2,66700.0,66640.0,66910.0,66640.0,53.0,17715500.0,411
2023-05-10 13:57:38,cu2404,cu2404,66850.0,0.0,0.0,0.0,1,66690.0,66800.0,2,66700.0,66640.0,66910.0,66640.0,53.0,17715500.0,411
2023-05-10 13:57:50,cu2404,cu2404,66850.0,0.0,0.0,0.0,2,66690.0,66800.0,2,66700.0,66640.0,66910.0,66640.0,53.0,17715500.0,411
2023-05-10 13:57:50,cu2404,cu2404,66850.0,0.0,0.0,0.0,4,66690.0,66800.0,2,66700.0,66640.0,66910.0,66640.0,53.0,17715500.0,411
2023-05-10 13:57:57,cu2404,cu2404,66850.0,0.0,0.0,0.0,4,66690.0,66800.0,1,66700.0,66640.0,66910.0,66640.0,53.0,17715500.0,411
2023-05-10 13:58:12,cu2404,cu2404,66850.0,0.0,0.0,0.0,2,66690.0,66800.0,1,66700.0,66640.0,66910.0,66640.0,53.0,17715500.0,411
2023-05-10 13:58:20,cu2404,cu2404,66850.0,0.0,0.0,0.0,4,66690.0,66800.0,1,66700.0,66640.0,66910.0,66640.0,53.0,17715500.0,411
2023-05-10 13:58:34,cu2404,cu2404,66850.0,0.0,0.0,0.0,2,66690.0,66800.0,1,66700.0,66640.0,66910.0,66640.0,53.0,17715500.0,411
2023-05-10 13:58:36,cu2404,cu2404,66850.0,0.0,0.0,0.0,4,66690.0,66800.0,1,66700.0,66640.0,66910.0,66640.0,53.0,17715500.0,411
2023-05-10 13:58:38,cu2404,cu2404,66850.0,0.0,0.0,0.0,2,66690.0,66980.0,1,66700.0,66640.0,66910.0,66640.0,53.0,17715500.0,411
2023-05-10 13:58:39,cu2404,cu2404,66850.0,0.0,0.0,0.0,1,66700.0,66970.0,9,66700.0,66640.0,66910.0,66640.0,53.0,17715500.0,411
2023-05-10 13:58:39,cu2404,cu2404,66850.0,0.0,0.0,0.0,1,66710.0,66970.0,9,66700.0,66640.0,66910.0,66640.0,53.0,17715500.0,411
2023-05-10 13:58:41,cu2404,cu2404,66850.0,0.0,0.0,0.0,1,66710.0,66960.0,2,66700.0,66640.0,66910.0,66640.0,53.0,17715500.0,411
2023-05-10 13:58:42,cu2404,cu2404,66850.0,0.0,0.0,0.0,1,66710.0,66950.0,1,66700.0,66640.0,66910.0,66640.0,53.0,17715500.0,411
2023-05-10 13:58:42,cu2404,cu2404,66850.0,0.0,0.0,0.0,1,66710.0,66950.0,1,66700.0,66640.0,66910.0,66640.0,53.0,17715500.0,411
2023-05-10 13:58:43,cu2404,cu2404,66850.0,0.0,0.0,0.0,1,66710.0,66940.0,1,66700.0,66640.0,66910.0,66640.0,53.0,17715500.0,411
2023-05-10 13:58:44,cu2404,cu2404,66850.0,0.0,0.0,0.0,1,66710.0,66930.0,6,66700.0,66640.0,66910.0,66640.0,53.0,17715500.0,411
2023-05-10 13:58:44,cu2404,cu2404,66850.0,0.0,0.0,0.0,1,66710.0,66930.0,6,66700.0,66640.0,66910.0,66640.0,53.0,17715500.0,411
2023-05-10 13:58:45,cu2404,cu2404,66850.0,0.0,0.0,0.0,1,66710.0,66920.0,1,66700.0,66640.0,66910.0,66640.0,53.0,17715500.0,411
2023-05-10 13:58:46,cu2404,cu2404,66850.0,0.0,0.0,0.0,2,66710.0,66910.0,1,66700.0,66640.0,66910.0,66640.0,53.0,17715500.0,411
2023-05-10 13:58:46,cu2404,cu2404,66850.0,0.0,0.0,0.0,2,66710.0,66910.0,1,66700.0,66640.0,66910.0,66640.0,53.0,17715500.0,411
2023-05-10 13:58:47,cu2404,cu2404,66850.0,0.0,0.0,0.0,2,66710.0,66900.0,4,66700.0,66640.0,66910.0,66640.0,53.0,17715500.0,411
2023-05-10 13:58:47,cu2404,cu2404,66850.0,0.0,0.0,0.0,2,66710.0,66890.0,1,66700.0,66640.0,66910.0,66640.0,53.0,17715500.0,411
2023-05-10 13:58:48,cu2404,cu2404,66850.0,0.0,0.0,0.0,2,66710.0,66890.0,1,66700.0,66640.0,66910.0,66640.0,53.0,17715500.0,411
2023-05-10 13:58:48,cu2404,cu2404,66850.0,0.0,0.0,0.0,2,66710.0,66880.0,1,66700.0,66640.0,66910.0,66640.0,53.0,17715500.0,411
2023-05-10 13:58:49,cu2404,cu2404,66850.0,0.0,0.0,0.0,2,66710.0,66870.0,1,66700.0,66640.0,66910.0,66640.0,53.0,17715500.0,411
2023-05-10 13:58:49,cu2404,cu2404,66850.0,0.0,0.0,0.0,2,66710.0,66870.0,1,66700.0,66640.0,66910.0,66640.0,53.0,17715500.0,411
2023-05-10 13:58:51,cu2404,cu2404,66850.0,0.0,0.0,0.0,2,66710.0,66860.0,1,66700.0,66640.0,66910.0,66640.0,53.0,17715500.0,411
2023-05-10 13:58:51,cu2404,cu2404,66850.0,0.0,0.0,0.0,2,66710.0,66850.0,1,66700.0,66640.0,66910.0,66640.0,53.0,17715500.0,411
2023-05-10 13:58:52,cu2404,cu2404,66850.0,0.0,0.0,0.0,2,66710.0,66850.0,1,66700.0,66640.0,66910.0,66640.0,53.0,17715500.0,411
2023-05-10 13:58:55,cu2404,cu2404,66850.0,0.0,0.0,0.0,2,66710.0,66850.0,2,66700.0,66640.0,66910.0,66640.0,53.0,17715500.0,411
2023-05-10 13:58:55,cu2404,cu2404,66850.0,0.0,0.0,0.0,2,66710.0,66850.0,2,66700.0,66640.0,66910.0,66640.0,53.0,17715500.0,411
2023-05-10 13:58:57,cu2404,cu2404,66850.0,0.0,0.0,0.0,2,66710.0,66840.0,1,66700.0,66640.0,66910.0,66640.0,53.0,17715500.0,411
2023-05-10 13:58:58,cu2404,cu2404,66850.0,0.0,0.0,0.0,4,66710.0,66840.0,2,66700.0,66640.0,66910.0,66640.0,53.0,17715500.0,411
2023-05-10 13:58:58,cu2404,cu2404,66850.0,0.0,0.0,0.0,2,66720.0,66840.0,2,66700.0,66640.0,66910.0,66640.0,53.0,17715500.0,411
2023-05-10 13:58:59,cu2404,cu2404,66850.0,0.0,0.0,0.0,2,66720.0,66840.0,2,66700.0,66640.0,66910.0,66640.0,53.0,17715500.0,411
2023-05-10 13:58:59,cu2404,cu2404,66850.0,0.0,0.0,0.0,3,66720.0,66840.0,2,66700.0,66640.0,66910.0,66640.0,53.0,17715500.0,411
2023-05-10 13:59:00,cu2404,cu2404,66850.0,0.0,0.0,0.0,1,66730.0,66840.0,2,66700.0,66640.0,66910.0,66640.0,53.0,17715500.0,411
2023-05-10 13:59:00,cu2404,cu2404,66850.0,0.0,0.0,0.0,1,66730.0,66840.0,2,66700.0,66640.0,66910.0,66640.0,53.0,17715500.0,411
2023-05-10 13:59:13,cu2404,cu2404,66850.0,0.0,0.0,0.0,1,66730.0,66830.0,1,66700.0,66640.0,66910.0,66640.0,53.0,17715500.0,411
2023-05-10 13:59:19,cu2404,cu2404,66850.0,0.0,0.0,0.0,2,66730.0,66840.0,1,66700.0,66640.0,66910.0,66640.0,53.0,17715500.0,411
2023-05-10 13:59:19,cu2404,cu2404,66850.0,0.0,0.0,0.0,2,66730.0,66840.0,2,66700.0,66640.0,66910.0,66640.0,53.0,17715500.0,411
2023-05-10 13:59:21,cu2404,cu2404,66850.0,0.0,0.0,0.0,1,66730.0,66840.0,2,66700.0,66640.0,66910.0,66640.0,53.0,17715500.0,411
2023-05-10 13:59:21,cu2404,cu2404,66850.0,0.0,0.0,0.0,1,66730.0,66830.0,1,66700.0,66640.0,66910.0,66640.0,53.0,17715500.0,411
2023-05-10 13:59:22,cu2404,cu2404,66850.0,0.0,0.0,0.0,1,66730.0,66840.0,1,66700.0,66640.0,66910.0,66640.0,53.0,17715500.0,411
2023-05-10 13:59:22,cu2404,cu2404,66850.0,0.0,0.0,0.0,1,66730.0,66840.0,2,66700.0,66640.0,66910.0,66640.0,53.0,17715500.0,411
2023-05-10 13:59:26,cu2404,cu2404,66850.0,0.0,0.0,0.0,2,66730.0,66840.0,2,66700.0,66640.0,66910.0,66640.0,53.0,17715500.0,411
2023-05-10 13:59:27,cu2404,cu2404,66850.0,0.0,0.0,0.0,1,66730.0,66840.0,2,66700.0,66640.0,66910.0,66640.0,53.0,17715500.0,411
2023-05-10 13:59:28,cu2404,cu2404,66850.0,0.0,0.0,0.0,2,66730.0,66840.0,2,66700.0,66640.0,66910.0,66640.0,53.0,17715500.0,411
2023-05-10 13:59:28,cu2404,cu2404,66850.0,0.0,0.0,0.0,1,66730.0,66840.0,2,66700.0,66640.0,66910.0,66640.0,53.0,17715500.0,411
2023-05-10 13:59:29,cu2404,cu2404,66850.0,0.0,0.0,0.0,1,66730.0,66830.0,1,66700.0,66640.0,66910.0,66640.0,53.0,17715500.0,411
2023-05-10 13:59:31,cu2404,cu2404,66850.0,0.0,0.0,0.0,1,66730.0,66840.0,1,66700.0,66640.0,66910.0,66640.0,53.0,17715500.0,411
2023-05-10 13:59:32,cu2404,cu2404,66850.0,0.0,0.0,0.0,1,66730.0,66840.0,2,66700.0,66640.0,66910.0,66640.0,53.0,17715500.0,411
2023-05-10 13:59:33,cu2404,cu2404,66850.0,0.0,0.0,0.0,2,66730.0,66840.0,2,66700.0,66640.0,66910.0,66640.0,53.0,17715500.0,411
2023-05-10 13:59:33,cu2404,cu2404,66850.0,0.0,0.0,0.0,2,66730.0,66830.0,1,66700.0,66640.0,66910.0,66640.0,53.0,17715500.0,411
2023-05-10 13:59:34,cu2404,cu2404,66850.0,0.0,0.0,0.0,1,66730.0,66830.0,1,66700.0,66640.0,66910.0,66640.0,53.0,17715500.0,411
2023-05-10 13:59:35,cu2404,cu2404,66850.0,0.0,0.0,0.0,2,66730.0,66840.0,1,66700.0,66640.0,66910.0,66640.0,53.0,17715500.0,411
2023-05-10 13:59:36,cu2404,cu2404,66850.0,0.0,0.0,0.0,2,66730.0,66840.0,2,66700.0,66640.0,66910.0,66640.0,53.0,17715500.0,411
2023-05-10 13:59:48,cu2404,cu2404,66850.0,0.0,0.0,0.0,1,66730.0,66840.0,2,66700.0,66640.0,66910.0,66640.0,53.0,17715500.0,411
2023-05-10 13:59:48,cu2404,cu2404,66850.0,0.0,0.0,0.0,1,66730.0,66830.0,1,66700.0,66640.0,66910.0,66640.0,53.0,17715500.0,411
2023-05-10 14:00:07,cu2404,cu2404,66850.0,0.0,0.0,0.0,1,66730.0,66840.0,1,66700.0,66640.0,66910.0,66640.0,53.0,17715500.0,411
2023-05-10 14:00:07,cu2404,cu2404,66850.0,0.0,0.0,0.0,1,66730.0,66840.0,2,66700.0,66640.0,66910.0,66640.0,53.0,17715500.0,411
2023-05-10 14:00:08,cu2404,cu2404,66850.0,0.0,0.0,0.0,1,66730.0,66830.0,1,66700.0,66640.0,66910.0,66640.0,53.0,17715500.0,411
2023-05-10 14:00:10,cu2404,cu2404,66850.0,0.0,0.0,0.0,1,66730.0,66830.0,1,66700.0,66640.0,66910.0,66640.0,53.0,17715500.0,411
2023-05-10 14:00:11,cu2404,cu2404,66850.0,0.0,0.0,0.0,1,66720.0,66830.0,1,66700.0,66640.0,66910.0,66640.0,53.0,17715500.0,411
2023-05-10 14:00:11,cu2404,cu2404,66850.0,0.0,0.0,0.0,1,66710.0,66830.0,1,66700.0,66640.0,66910.0,66640.0,53.0,17715500.0,411
2023-05-10 14:00:12,cu2404,cu2404,66850.0,0.0,0.0,0.0,1,66710.0,66820.0,1,66700.0,66640.0,66910.0,66640.0,53.0,17715500.0,411
2023-05-10 14:00:12,cu2404,cu2404,66850.0,0.0,0.0,0.0,2,66720.0,66810.0,1,66700.0,66640.0,66910.0,66640.0,53.0,17715500.0,411
2023-05-10 14:00:13,cu2404,cu2404,66850.0,0.0,0.0,0.0,1,66730.0,66810.0,1,66700.0,66640.0,66910.0,66640.0,53.0,17715500.0,411
2023-05-10 14:00:13,cu2404,cu2404,66850.0,0.0,0.0,0.0,1,66720.0,66820.0,1,66700.0,66640.0,66910.0,66640.0,53.0,17715500.0,411
2023-05-10 14:00:14,cu2404,cu2404,66850.0,0.0,0.0,0.0,1,66720.0,66820.0,2,66700.0,66640.0,66910.0,66640.0,53.0,17715500.0,411
2023-05-10 14:00:28,cu2404,cu2404,66850.0,0.0,0.0,0.0,1,66720.0,66820.0,1,66700.0,66640.0,66910.0,66640.0,53.0,17715500.0,411
2023-05-10 14:00:28,cu2404,cu2404,66850.0,0.0,0.0,0.0,1,66720.0,66820.0,2,66700.0,66640.0,66910.0,66640.0,53.0,17715500.0,411
2023-05-10 14:00:29,cu2404,cu2404,66850.0,0.0,0.0,0.0,1,66660.0,66820.0,2,66700.0,66640.0,66910.0,66640.0,53.0,17715500.0,411
2023-05-10 14:00:29,cu2404,cu2404,66850.0,0.0,0.0,0.0,7,66670.0,66820.0,2,66700.0,66640.0,66910.0,66640.0,53.0,17715500.0,411
2023-05-10 14:00:30,cu2404,cu2404,66850.0,0.0,0.0,0.0,1,66680.0,66820.0,2,66700.0,66640.0,66910.0,66640.0,53.0,17715500.0,411
2023-05-10 14:00:30,cu2404,cu2404,66850.0,0.0,0.0,0.0,1,66680.0,66820.0,2,66700.0,66640.0,66910.0,66640.0,53.0,17715500.0,411
2023-05-10 14:00:31,cu2404,cu2404,66850.0,0.0,0.0,0.0,1,66690.0,66820.0,2,66700.0,66640.0,66910.0,66640.0,53.0,17715500.0,411
2023-05-10 14:00:31,cu2404,cu2404,66850.0,0.0,0.0,0.0,3,66700.0,66820.0,2,66700.0,66640.0,66910.0,66640.0,53.0,17715500.0,411
2023-05-10 14:00:32,cu2404,cu2404,66850.0,0.0,0.0,0.0,3,66700.0,66820.0,2,66700.0,66640.0,66910.0,66640.0,53.0,17715500.0,411
2023-05-10 14:00:34,cu2404,cu2404,66850.0,0.0,0.0,0.0,4,66700.0,66820.0,2,66700.0,66640.0,66910.0,66640.0,53.0,17715500.0,411
2023-05-10 14:00:35,cu2404,cu2404,66850.0,0.0,0.0,0.0,4,66700.0,66820.0,2,66700.0,66640.0,66910.0,66640.0,53.0,17715500.0,411
2023-05-10 14:00:35,cu2404,cu2404,66850.0,0.0,0.0,0.0,6,66700.0,66820.0,2,66700.0,66640.0,66910.0,66640.0,53.0,17715500.0,411
2023-05-10 14:00:43,cu2404,cu2404,66850.0,0.0,0.0,0.0,4,66700.0,66820.0,2,66700.0,66640.0,66910.0,66640.0,53.0,17715500.0,411
2023-05-10 14:00:44,cu2404,cu2404,66850.0,0.0,0.0,0.0,6,66700.0,66820.0,2,66700.0,66640.0,66910.0,66640.0,53.0,17715500.0,411
2023-05-10 14:00:48,cu2404,cu2404,66850.0,0.0,0.0,0.0,4,66700.0,66820.0,2,66700.0,66640.0,66910.0,66640.0,53.0,17715500.0,411
2023-05-10 14:00:54,cu2404,cu2404,66850.0,0.0,0.0,0.0,6,66700.0,66820.0,2,66700.0,66640.0,66910.0,66640.0,53.0,17715500.0,411
2023-05-10 14:01:11,cu2404,cu2404,66850.0,0.0,0.0,0.0,6,66700.0,66810.0,1,66700.0,66640.0,66910.0,66640.0,53.0,17715500.0,411
2023-05-10 14:01:11,cu2404,cu2404,66850.0,0.0,0.0,0.0,6,66700.0,66820.0,1,66700.0,66640.0,66910.0,66640.0,53.0,17715500.0,411
2023-05-10 14:01:12,cu2404,cu2404,66850.0,0.0,0.0,0.0,6,66700.0,66820.0,2,66700.0,66640.0,66910.0,66640.0,53.0,17715500.0,411
2023-05-10 14:01:14,cu2404,cu2404,66850.0,0.0,0.0,0.0,6,66700.0,66820.0,1,66700.0,66640.0,66910.0,66640.0,53.0,17715500.0,411
2023-05-10 14:01:15,cu2404,cu2404,66850.0,0.0,0.0,0.0,1,66710.0,66980.0,1,66700.0,66640.0,66910.0,66640.0,53.0,17715500.0,411
2023-05-10 14:01:15,cu2404,cu2404,66850.0,0.0,0.0,0.0,3,66710.0,66970.0,7,66700.0,66640.0,66910.0,66640.0,53.0,17715500.0,411
2023-05-10 14:01:16,cu2404,cu2404,66850.0,0.0,0.0,0.0,1,66720.0,66970.0,7,66700.0,66640.0,66910.0,66640.0,53.0,17715500.0,411
2023-05-10 14:01:16,cu2404,cu2404,66850.0,0.0,0.0,0.0,2,66730.0,66970.0,7,66700.0,66640.0,66910.0,66640.0,53.0,17715500.0,411
2023-05-10 14:01:17,cu2404,cu2404,66850.0,0.0,0.0,0.0,1,66740.0,66970.0,7,66700.0,66640.0,66910.0,66640.0,53.0,17715500.0,411
2023-05-10 14:01:17,cu2404,cu2404,66850.0,0.0,0.0,0.0,1,66740.0,66960.0,1,66700.0,66640.0,66910.0,66640.0,53.0,17715500.0,411
2023-05-10 14:01:18,cu2404,cu2404,66850.0,0.0,0.0,0.0,2,66730.0,66950.0,1,66700.0,66640.0,66910.0,66640.0,53.0,17715500.0,411
2023-05-10 14:01:18,cu2404,cu2404,66850.0,0.0,0.0,0.0,2,66730.0,66940.0,4,66700.0,66640.0,66910.0,66640.0,53.0,17715500.0,411
2023-05-10 14:01:19,cu2404,cu2404,66850.0,0.0,0.0,0.0,2,66730.0,66930.0,2,66700.0,66640.0,66910.0,66640.0,53.0,17715500.0,411
2023-05-10 14:01:21,cu2404,cu2404,66850.0,0.0,0.0,0.0,1,66650.0,66930.0,2,66700.0,66640.0,66910.0,66640.0,53.0,17715500.0,411
2023-05-10 14:01:21,cu2404,cu2404,66850.0,0.0,0.0,0.0,1,66720.0,66920.0,5,66700.0,66640.0,66910.0,66640.0,53.0,17715500.0,411
2023-05-10 14:01:22,cu2404,cu2404,66850.0,0.0,0.0,0.0,1,66670.0,66910.0,2,66700.0,66640.0,66910.0,66640.0,53.0,17715500.0,411
2023-05-10 14:01:22,cu2404,cu2404,66850.0,0.0,0.0,0.0,1,66670.0,66910.0,2,66700.0,66640.0,66910.0,66640.0,53.0,17715500.0,411
2023-05-10 14:01:23,cu2404,cu2404,66850.0,0.0,0.0,0.0,1,66670.0,66910.0,2,66700.0,66640.0,66910.0,66640.0,53.0,17715500.0,411
2023-05-10 14:01:23,cu2404,cu2404,66850.0,0.0,0.0,0.0,2,66690.0,66910.0,2,66700.0,66640.0,66910.0,66640.0,53.0,17715500.0,411
2023-05-10 14:01:24,cu2404,cu2404,66850.0,0.0,0.0,0.0,1,66700.0,66910.0,2,66700.0,66640.0,66910.0,66640.0,53.0,17715500.0,411
2023-05-10 14:01:24,cu2404,cu2404,66850.0,0.0,0.0,0.0,1,66700.0,66900.0,1,66700.0,66640.0,66910.0,66640.0,53.0,17715500.0,411
2023-05-10 14:01:25,cu2404,cu2404,66850.0,0.0,0.0,0.0,1,66700.0,66890.0,1,66700.0,66640.0,66910.0,66640.0,53.0,17715500.0,411
2023-05-10 14:01:25,cu2404,cu2404,66850.0,0.0,0.0,0.0,1,66700.0,66880.0,1,66700.0,66640.0,66910.0,66640.0,53.0,17715500.0,411
2023-05-10 14:01:26,cu2404,cu2404,66850.0,0.0,0.0,0.0,1,66700.0,66870.0,1,66700.0,66640.0,66910.0,66640.0,53.0,17715500.0,411
2023-05-10 14:01:26,cu2404,cu2404,66850.0,0.0,0.0,0.0,1,66710.0,66860.0,1,66700.0,66640.0,66910.0,66640.0,53.0,17715500.0,411
2023-05-10 14:01:27,cu2404,cu2404,66850.0,0.0,0.0,0.0,1,66720.0,66850.0,1,66700.0,66640.0,66910.0,66640.0,53.0,17715500.0,411
2023-05-10 14:01:27,cu2404,cu2404,66850.0,0.0,0.0,0.0,1,66720.0,66850.0,1,66700.0,66640.0,66910.0,66640.0,53.0,17715500.0,411
2023-05-10 14:01:28,cu2404,cu2404,66850.0,0.0,0.0,0.0,1,66720.0,66850.0,3,66700.0,66640.0,66910.0,66640.0,53.0,17715500.0,411
2023-05-10 14:01:29,cu2404,cu2404,66850.0,0.0,0.0,0.0,1,66720.0,66840.0,1,66700.0,66640.0,66910.0,66640.0,53.0,17715500.0,411
2023-05-10 14:01:29,cu2404,cu2404,66850.0,0.0,0.0,0.0,1,66720.0,66830.0,1,66700.0,66640.0,66910.0,66640.0,53.0,17715500.0,411
2023-05-10 14:01:30,cu2404,cu2404,66850.0,0.0,0.0,0.0,1,66720.0,66830.0,1,66700.0,66640.0,66910.0,66640.0,53.0,17715500.0,411
2023-05-10 14:01:39,cu2404,cu2404,66850.0,0.0,0.0,0.0,1,66720.0,66830.0,1,66700.0,66640.0,66910.0,66640.0,53.0,17715500.0,411
2023-05-10 14:01:59,cu2404,cu2404,66850.0,0.0,0.0,0.0,2,66730.0,66830.0,1,66700.0,66640.0,66910.0,66640.0,53.0,17715500.0,411
2023-05-10 14:01:59,cu2404,cu2404,66850.0,0.0,0.0,0.0,2,66730.0,66830.0,1,66700.0,66640.0,66910.0,66640.0,53.0,17715500.0,411
2023-05-10 14:02:04,cu2404,cu2404,66850.0,0.0,0.0,0.0,1,66740.0,66830.0,1,66700.0,66640.0,66910.0,66640.0,53.0,17715500.0,411
2023-05-10 14:02:04,cu2404,cu2404,66850.0,0.0,0.0,0.0,2,66730.0,66820.0,1,66700.0,66640.0,66910.0,66640.0,53.0,17715500.0,411
2023-05-10 14:02:05,cu2404,cu2404,66850.0,0.0,0.0,0.0,2,66730.0,66820.0,2,66700.0,66640.0,66910.0,66640.0,53.0,17715500.0,411
2023-05-10 14:02:07,cu2404,cu2404,66850.0,0.0,0.0,0.0,1,66740.0,66820.0,2,66700.0,66640.0,66910.0,66640.0,53.0,17715500.0,411
2023-05-10 14:02:08,cu2404,cu2404,66850.0,0.0,0.0,0.0,2,66730.0,66820.0,2,66700.0,66640.0,66910.0,66640.0,53.0,17715500.0,411
2023-05-10 14:02:09,cu2404,cu2404,66850.0,0.0,0.0,0.0,2,66730.0,66810.0,1,66700.0,66640.0,66910.0,66640.0,53.0,17715500.0,411
2023-05-10 14:02:17,cu2404,cu2404,66850.0,0.0,0.0,0.0,1,66650.0,66810.0,1,66700.0,66640.0,66910.0,66640.0,53.0,17715500.0,411
2023-05-10 14:02:18,cu2404,cu2404,66850.0,0.0,0.0,0.0,2,66660.0,66810.0,1,66700.0,66640.0,66910.0,66640.0,53.0,17715500.0,411
2023-05-10 14:02:18,cu2404,cu2404,66850.0,0.0,0.0,0.0,2,66660.0,66810.0,1,66700.0,66640.0,66910.0,66640.0,53.0,17715500.0,411
2023-05-10 14:02:19,cu2404,cu2404,66850.0,0.0,0.0,0.0,1,66670.0,66810.0,1,66700.0,66640.0,66910.0,66640.0,53.0,17715500.0,411
2023-05-10 14:02:19,cu2404,cu2404,66850.0,0.0,0.0,0.0,1,66680.0,66810.0,1,66700.0,66640.0,66910.0,66640.0,53.0,17715500.0,411
2023-05-10 14:02:20,cu2404,cu2404,66850.0,0.0,0.0,0.0,1,66680.0,66810.0,1,66700.0,66640.0,66910.0,66640.0,53.0,17715500.0,411
2023-05-10 14:02:20,cu2404,cu2404,66850.0,0.0,0.0,0.0,2,66690.0,66810.0,1,66700.0,66640.0,66910.0,66640.0,53.0,17715500.0,411
2023-05-10 14:02:21,cu2404,cu2404,66850.0,0.0,0.0,0.0,2,66690.0,66810.0,1,66700.0,66640.0,66910.0,66640.0,53.0,17715500.0,411
2023-05-10 14:02:22,cu2404,cu2404,66850.0,0.0,0.0,0.0,4,66690.0,66810.0,1,66700.0,66640.0,66910.0,66640.0,53.0,17715500.0,411
2023-05-10 14:02:22,cu2404,cu2404,66850.0,0.0,0.0,0.0,1,66700.0,66810.0,1,66700.0,66640.0,66910.0,66640.0,53.0,17715500.0,411
2023-05-10 14:02:23,cu2404,cu2404,66850.0,0.0,0.0,0.0,1,66700.0,66810.0,1,66700.0,66640.0,66910.0,66640.0,53.0,17715500.0,411
2023-05-10 14:02:23,cu2404,cu2404,66850.0,0.0,0.0,0.0,1,66700.0,66810.0,1,66700.0,66640.0,66910.0,66640.0,53.0,17715500.0,411
2023-05-10 14:02:24,cu2404,cu2404,66850.0,0.0,0.0,0.0,2,66710.0,66810.0,1,66700.0,66640.0,66910.0,66640.0,53.0,17715500.0,411
2023-05-10 14:02:24,cu2404,cu2404,66850.0,0.0,0.0,0.0,2,66710.0,66810.0,1,66700.0,66640.0,66910.0,66640.0,53.0,17715500.0,411
2023-05-10 14:02:25,cu2404,cu2404,66850.0,0.0,0.0,0.0,1,66720.0,66810.0,1,66700.0,66640.0,66910.0,66640.0,53.0,17715500.0,411
2023-05-10 14:02:38,cu2404,cu2404,66850.0,0.0,0.0,0.0,2,66710.0,66810.0,1,66700.0,66640.0,66910.0,66640.0,53.0,17715500.0,411
2023-05-10 14:02:41,cu2404,cu2404,66850.0,0.0,0.0,0.0,1,66720.0,66810.0,1,66700.0,66640.0,66910.0,66640.0,53.0,17715500.0,411
2023-05-10 14:02:54,cu2404,cu2404,66850.0,0.0,0.0,0.0,1,66720.0,66820.0,1,66700.0,66640.0,66910.0,66640.0,53.0,17715500.0,411
2023-05-10 14:02:54,cu2404,cu2404,66850.0,0.0,0.0,0.0,1,66720.0,66820.0,2,66700.0,66640.0,66910.0,66640.0,53.0,17715500.0,411
2023-05-10 14:02:58,cu2404,cu2404,66850.0,0.0,0.0,0.0,1,66720.0,66820.0,1,66700.0,66640.0,66910.0,66640.0,53.0,17715500.0,411
2023-05-10 14:03:04,cu2404,cu2404,66850.0,0.0,0.0,0.0,1,66720.0,66820.0,2,66700.0,66640.0,66910.0,66640.0,53.0,17715500.0,411
2023-05-10 14:03:05,cu2404,cu2404,66850.0,0.0,0.0,0.0,1,66720.0,66820.0,1,66700.0,66640.0,66910.0,66640.0,53.0,17715500.0,411
2023-05-10 14:03:09,cu2404,cu2404,66850.0,0.0,0.0,0.0,1,66720.0,66820.0,2,66700.0,66640.0,66910.0,66640.0,53.0,17715500.0,411
2023-05-10 14:03:13,cu2404,cu2404,66850.0,0.0,0.0,0.0,1,66720.0,66810.0,1,66700.0,66640.0,66910.0,66640.0,53.0,17715500.0,411
2023-05-10 14:03:14,cu2404,cu2404,66850.0,0.0,0.0,0.0,1,66720.0,66820.0,1,66700.0,66640.0,66910.0,66640.0,53.0,17715500.0,411
2023-05-10 14:03:14,cu2404,cu2404,66850.0,0.0,0.0,0.0,1,66720.0,66820.0,2,66700.0,66640.0,66910.0,66640.0,53.0,17715500.0,411
2023-05-10 14:03:15,cu2404,cu2404,66850.0,0.0,0.0,0.0,1,66710.0,66810.0,1,66700.0,66640.0,66910.0,66640.0,53.0,17715500.0,411
2023-05-10 14:03:16,cu2404,cu2404,66850.0,0.0,0.0,0.0,1,66710.0,66820.0,1,66700.0,66640.0,66910.0,66640.0,53.0,17715500.0,411
2023-05-10 14:03:17,cu2404,cu2404,66850.0,0.0,0.0,0.0,1,66710.0,66820.0,2,66700.0,66640.0,66910.0,66640.0,53.0,17715500.0,411
2023-05-10 14:03:19,cu2404,cu2404,66850.0,0.0,0.0,0.0,2,66710.0,66820.0,2,66700.0,66640.0,66910.0,66640.0,53.0,17715500.0,411
2023-05-10 14:03:19,cu2404,cu2404,66850.0,0.0,0.0,0.0,1,66710.0,66820.0,2,66700.0,66640.0,66910.0,66640.0,53.0,17715500.0,411
2023-05-10 14:03:21,cu2404,cu2404,66850.0,0.0,0.0,0.0,2,66710.0,66820.0,2,66700.0,66640.0,66910.0,66640.0,53.0,17715500.0,411
2023-05-10 14:03:26,cu2404,cu2404,66850.0,0.0,0.0,0.0,1,66710.0,66820.0,2,66700.0,66640.0,66910.0,66640.0,53.0,17715500.0,411
2023-05-10 14:03:30,cu2404,cu2404,66850.0,0.0,0.0,0.0,1,66710.0,66810.0,1,66700.0,66640.0,66910.0,66640.0,53.0,17715500.0,411
2023-05-10 14:03:49,cu2404,cu2404,66850.0,0.0,0.0,0.0,1,66660.0,66810.0,1,66700.0,66640.0,66910.0,66640.0,53.0,17715500.0,411
2023-05-10 14:03:50,cu2404,cu2404,66850.0,0.0,0.0,0.0,7,66670.0,66810.0,1,66700.0,66640.0,66910.0,66640.0,53.0,17715500.0,411
2023-05-10 14:03:50,cu2404,cu2404,66850.0,0.0,0.0,0.0,2,66680.0,66810.0,1,66700.0,66640.0,66910.0,66640.0,53.0,17715500.0,411
2023-05-10 14:03:51,cu2404,cu2404,66850.0,0.0,0.0,0.0,1,66690.0,66810.0,1,66700.0,66640.0,66910.0,66640.0,53.0,17715500.0,411
2023-05-10 14:03:51,cu2404,cu2404,66850.0,0.0,0.0,0.0,1,66700.0,66810.0,1,66700.0,66640.0,66910.0,66640.0,53.0,17715500.0,411
2023-05-10 14:03:52,cu2404,cu2404,66850.0,0.0,0.0,0.0,1,66710.0,66810.0,1,66700.0,66640.0,66910.0,66640.0,53.0,17715500.0,411
2023-05-10 14:03:52,cu2404,cu2404,66850.0,0.0,0.0,0.0,3,66710.0,66810.0,1,66700.0,66640.0,66910.0,66640.0,53.0,17715500.0,411
2023-05-10 14:03:53,cu2404,cu2404,66850.0,0.0,0.0,0.0,3,66710.0,66810.0,1,66700.0,66640.0,66910.0,66640.0,53.0,17715500.0,411
2023-05-10 14:03:55,cu2404,cu2404,66850.0,0.0,0.0,0.0,3,66710.0,66810.0,1,66700.0,66640.0,66910.0,66640.0,53.0,17715500.0,411
2023-05-10 14:04:05,cu2404,cu2404,66850.0,0.0,0.0,0.0,4,66710.0,66810.0,1,66700.0,66640.0,66910.0,66640.0,53.0,17715500.0,411
2023-05-10 14:04:06,cu2404,cu2404,66850.0,0.0,0.0,0.0,3,66710.0,66810.0,1,66700.0,66640.0,66910.0,66640.0,53.0,17715500.0,411
2023-05-10 14:04:07,cu2404,cu2404,66850.0,0.0,0.0,0.0,3,66710.0,66820.0,1,66700.0,66640.0,66910.0,66640.0,53.0,17715500.0,411
2023-05-10 14:04:08,cu2404,cu2404,66850.0,0.0,0.0,0.0,3,66710.0,66820.0,2,66700.0,66640.0,66910.0,66640.0,53.0,17715500.0,411
2023-05-10 14:04:10,cu2404,cu2404,66850.0,0.0,0.0,0.0,3,66710.0,66810.0,1,66700.0,66640.0,66910.0,66640.0,53.0,17715500.0,411
2023-05-10 14:04:11,cu2404,cu2404,66850.0,0.0,0.0,0.0,1,66710.0,66810.0,1,66700.0,66640.0,66910.0,66640.0,53.0,17715500.0,411
2023-05-10 14:04:21,cu2404,cu2404,66850.0,0.0,0.0,0.0,2,66710.0,66810.0,1,66700.0,66640.0,66910.0,66640.0,53.0,17715500.0,411
2023-05-10 14:04:22,cu2404,cu2404,66850.0,0.0,0.0,0.0,1,66710.0,66810.0,1,66700.0,66640.0,66910.0,66640.0,53.0,17715500.0,411
2023-05-10 14:04:26,cu2404,cu2404,66850.0,0.0,0.0,0.0,2,66710.0,66810.0,1,66700.0,66640.0,66910.0,66640.0,53.0,17715500.0,411
2023-05-10 14:04:27,cu2404,cu2404,66850.0,0.0,0.0,0.0,1,66710.0,66810.0,1,66700.0,66640.0,66910.0,66640.0,53.0,17715500.0,411
2023-05-10 14:04:36,cu2404,cu2404,66850.0,0.0,0.0,0.0,2,66710.0,66810.0,1,66700.0,66640.0,66910.0,66640.0,53.0,17715500.0,411
2023-05-10 14:04:36,cu2404,cu2404,66850.0,0.0,0.0,0.0,2,66710.0,66820.0,1,66700.0,66640.0,66910.0,66640.0,53.0,17715500.0,411
2023-05-10 14:04:37,cu2404,cu2404,66850.0,0.0,0.0,0.0,2,66710.0,66820.0,2,66700.0,66640.0,66910.0,66640.0,53.0,17715500.0,411
2023-05-10 14:04:37,cu2404,cu2404,66850.0,0.0,0.0,0.0,1,66710.0,66820.0,2,66700.0,66640.0,66910.0,66640.0,53.0,17715500.0,411
2023-05-10 14:04:38,cu2404,cu2404,66850.0,0.0,0.0,0.0,2,66710.0,66820.0,2,66700.0,66640.0,66910.0,66640.0,53.0,17715500.0,411
2023-05-10 14:04:39,cu2404,cu2404,66850.0,0.0,0.0,0.0,1,66710.0,66820.0,2,66700.0,66640.0,66910.0,66640.0,53.0,17715500.0,411
2023-05-10 14:04:41,cu2404,cu2404,66850.0,0.0,0.0,0.0,1,66710.0,66810.0,1,66700.0,66640.0,66910.0,66640.0,53.0,17715500.0,411
2023-05-10 14:05:10,cu2404,cu2404,66850.0,0.0,0.0,0.0,1,66660.0,66810.0,1,66700.0,66640.0,66910.0,66640.0,53.0,17715500.0,411
2023-05-10 14:05:11,cu2404,cu2404,66850.0,0.0,0.0,0.0,5,66670.0,66810.0,1,66700.0,66640.0,66910.0,66640.0,53.0,17715500.0,411
2023-05-10 14:05:11,cu2404,cu2404,66850.0,0.0,0.0,0.0,2,66680.0,66810.0,1,66700.0,66640.0,66910.0,66640.0,53.0,17715500.0,411
2023-05-10 14:05:12,cu2404,cu2404,66850.0,0.0,0.0,0.0,2,66680.0,66810.0,1,66700.0,66640.0,66910.0,66640.0,53.0,17715500.0,411
2023-05-10 14:05:13,cu2404,cu2404,66850.0,0.0,0.0,0.0,2,66700.0,66810.0,1,66700.0,66640.0,66910.0,66640.0,53.0,17715500.0,411
2023-05-10 14:05:13,cu2404,cu2404,66850.0,0.0,0.0,0.0,1,66710.0,66810.0,1,66700.0,66640.0,66910.0,66640.0,53.0,17715500.0,411
2023-05-10 14:05:14,cu2404,cu2404,66850.0,0.0,0.0,0.0,1,66710.0,66800.0,1,66700.0,66640.0,66910.0,66640.0,53.0,17715500.0,411
2023-05-10 14:05:14,cu2404,cu2404,66850.0,0.0,0.0,0.0,1,66710.0,66800.0,2,66700.0,66640.0,66910.0,66640.0,53.0,17715500.0,411
2023-05-10 14:05:27,cu2404,cu2404,66850.0,0.0,0.0,0.0,1,66710.0,66790.0,1,66700.0,66640.0,66910.0,66640.0,53.0,17715500.0,411
2023-05-10 14:05:28,cu2404,cu2404,66850.0,0.0,0.0,0.0,1,66650.0,66790.0,1,66700.0,66640.0,66910.0,66640.0,53.0,17715500.0,411
2023-05-10 14:05:29,cu2404,cu2404,66850.0,0.0,0.0,0.0,4,66660.0,66780.0,1,66700.0,66640.0,66910.0,66640.0,53.0,17715500.0,411
2023-05-10 14:05:29,cu2404,cu2404,66850.0,0.0,0.0,0.0,1,66670.0,66780.0,2,66700.0,66640.0,66910.0,66640.0,53.0,17715500.0,411
2023-05-10 14:05:30,cu2404,cu2404,66850.0,0.0,0.0,0.0,1,66680.0,66780.0,2,66700.0,66640.0,66910.0,66640.0,53.0,17715500.0,411
2023-05-10 14:05:30,cu2404,cu2404,66850.0,0.0,0.0,0.0,1,66680.0,66780.0,2,66700.0,66640.0,66910.0,66640.0,53.0,17715500.0,411
2023-05-10 14:05:31,cu2404,cu2404,66850.0,0.0,0.0,0.0,1,66670.0,66780.0,2,66700.0,66640.0,66910.0,66640.0,53.0,17715500.0,411
2023-05-10 14:05:31,cu2404,cu2404,66850.0,0.0,0.0,0.0,1,66670.0,66780.0,1,66700.0,66640.0,66910.0,66640.0,53.0,17715500.0,411
2023-05-10 14:05:32,cu2404,cu2404,66850.0,0.0,0.0,0.0,1,66670.0,66780.0,1,66700.0,66640.0,66910.0,66640.0,53.0,17715500.0,411
2023-05-10 14:05:32,cu2404,cu2404,66850.0,0.0,0.0,0.0,1,66670.0,66780.0,1,66700.0,66640.0,66910.0,66640.0,53.0,17715500.0,411
2023-05-10 14:05:33,cu2404,cu2404,66850.0,0.0,0.0,0.0,1,66680.0,66780.0,1,66700.0,66640.0,66910.0,66640.0,53.0,17715500.0,411
2023-05-10 14:05:33,cu2404,cu2404,66850.0,0.0,0.0,0.0,1,66680.0,66780.0,1,66700.0,66640.0,66910.0,66640.0,53.0,17715500.0,411
2023-05-10 14:05:34,cu2404,cu2404,66850.0,0.0,0.0,0.0,1,66660.0,66780.0,1,66700.0,66640.0,66910.0,66640.0,53.0,17715500.0,411
2023-05-10 14:05:35,cu2404,cu2404,66850.0,0.0,0.0,0.0,2,66670.0,66780.0,1,66700.0,66640.0,66910.0,66640.0,53.0,17715500.0,411
2023-05-10 14:05:35,cu2404,cu2404,66850.0,0.0,0.0,0.0,1,66680.0,66780.0,1,66700.0,66640.0,66910.0,66640.0,53.0,17715500.0,411
2023-05-10 14:05:36,cu2404,cu2404,66850.0,0.0,0.0,0.0,3,66670.0,66780.0,1,66700.0,66640.0,66910.0,66640.0,53.0,17715500.0,411
2023-05-10 14:05:37,cu2404,cu2404,66850.0,0.0,0.0,0.0,3,66670.0,66780.0,2,66700.0,66640.0,66910.0,66640.0,53.0,17715500.0,411
2023-05-10 14:05:41,cu2404,cu2404,66850.0,0.0,0.0,0.0,4,66670.0,66780.0,2,66700.0,66640.0,66910.0,66640.0,53.0,17715500.0,411
2023-05-10 14:05:42,cu2404,cu2404,66850.0,0.0,0.0,0.0,4,66670.0,66780.0,1,66700.0,66640.0,66910.0,66640.0,53.0,17715500.0,411
2023-05-10 14:05:42,cu2404,cu2404,66850.0,0.0,0.0,0.0,6,66670.0,66780.0,1,66700.0,66640.0,66910.0,66640.0,53.0,17715500.0,411
2023-05-10 14:05:46,cu2404,cu2404,66850.0,0.0,0.0,0.0,6,66670.0,66780.0,2,66700.0,66640.0,66910.0,66640.0,53.0,17715500.0,411
2023-05-10 14:05:50,cu2404,cu2404,66850.0,0.0,0.0,0.0,6,66670.0,66780.0,1,66700.0,66640.0,66910.0,66640.0,53.0,17715500.0,411
2023-05-10 14:05:55,cu2404,cu2404,66850.0,0.0,0.0,0.0,4,66670.0,66780.0,2,66700.0,66640.0,66910.0,66640.0,53.0,17715500.0,411
2023-05-10 14:05:56,cu2404,cu2404,66850.0,0.0,0.0,0.0,4,66670.0,66780.0,1,66700.0,66640.0,66910.0,66640.0,53.0,17715500.0,411
2023-05-10 14:05:56,cu2404,cu2404,66850.0,0.0,0.0,0.0,4,66670.0,66780.0,2,66700.0,66640.0,66910.0,66640.0,53.0,17715500.0,411
2023-05-10 14:06:12,cu2404,cu2404,66850.0,0.0,0.0,0.0,6,66670.0,66780.0,1,66700.0,66640.0,66910.0,66640.0,53.0,17715500.0,411
2023-05-10 14:06:16,cu2404,cu2404,66850.0,0.0,0.0,0.0,4,66670.0,66780.0,1,66700.0,66640.0,66910.0,66640.0,53.0,17715500.0,411
2023-05-10 14:06:19,cu2404,cu2404,66850.0,0.0,0.0,0.0,4,66670.0,66780.0,2,66700.0,66640.0,66910.0,66640.0,53.0,17715500.0,411
2023-05-10 14:06:26,cu2404,cu2404,66850.0,0.0,0.0,0.0,4,66670.0,66780.0,1,66700.0,66640.0,66910.0,66640.0,53.0,17715500.0,411
2023-05-10 14:06:28,cu2404,cu2404,66850.0,0.0,0.0,0.0,4,66670.0,66780.0,2,66700.0,66640.0,66910.0,66640.0,53.0,17715500.0,411
2023-05-10 14:06:31,cu2404,cu2404,66850.0,0.0,0.0,0.0,4,66670.0,66780.0,1,66700.0,66640.0,66910.0,66640.0,53.0,17715500.0,411
2023-05-10 14:06:36,cu2404,cu2404,66850.0,0.0,0.0,0.0,4,66670.0,66780.0,2,66700.0,66640.0,66910.0,66640.0,53.0,17715500.0,411
2023-05-10 14:06:37,cu2404,cu2404,66850.0,0.0,0.0,0.0,4,66670.0,66780.0,1,66700.0,66640.0,66910.0,66640.0,53.0,17715500.0,411
2023-05-10 14:06:40,cu2404,cu2404,66850.0,0.0,0.0,0.0,6,66670.0,66780.0,1,66700.0,66640.0,66910.0,66640.0,53.0,17715500.0,411
2023-05-10 14:06:47,cu2404,cu2404,66850.0,0.0,0.0,0.0,4,66670.0,66780.0,1,66700.0,66640.0,66910.0,66640.0,53.0,17715500.0,411
2023-05-10 14:07:02,cu2404,cu2404,66850.0,0.0,0.0,0.0,4,66670.0,66780.0,2,66700.0,66640.0,66910.0,66640.0,53.0,17715500.0,411
2023-05-10 14:07:04,cu2404,cu2404,66850.0,0.0,0.0,0.0,3,66670.0,66780.0,2,66700.0,66640.0,66910.0,66640.0,53.0,17715500.0,411
2023-05-10 14:07:08,cu2404,cu2404,66850.0,0.0,0.0,0.0,4,66680.0,66780.0,2,66700.0,66640.0,66910.0,66640.0,53.0,17715500.0,411
2023-05-10 14:07:08,cu2404,cu2404,66850.0,0.0,0.0,0.0,4,66680.0,66780.0,2,66700.0,66640.0,66910.0,66640.0,53.0,17715500.0,411
2023-05-10 14:07:09,cu2404,cu2404,66850.0,0.0,0.0,0.0,2,66690.0,66780.0,2,66700.0,66640.0,66910.0,66640.0,53.0,17715500.0,411
2023-05-10 14:07:10,cu2404,cu2404,66850.0,0.0,0.0,0.0,2,66690.0,66780.0,2,66700.0,66640.0,66910.0,66640.0,53.0,17715500.0,411
2023-05-10 14:07:19,cu2404,cu2404,66850.0,0.0,0.0,0.0,1,66700.0,66780.0,2,66700.0,66640.0,66910.0,66640.0,53.0,17715500.0,411
2023-05-10 14:07:20,cu2404,cu2404,66850.0,0.0,0.0,0.0,2,66690.0,66780.0,2,66700.0,66640.0,66910.0,66640.0,53.0,17715500.0,411
2023-05-10 14:07:21,cu2404,cu2404,66850.0,0.0,0.0,0.0,1,66700.0,66780.0,2,66700.0,66640.0,66910.0,66640.0,53.0,17715500.0,411
2023-05-10 14:07:22,cu2404,cu2404,66850.0,0.0,0.0,0.0,2,66690.0,66780.0,2,66700.0,66640.0,66910.0,66640.0,53.0,17715500.0,411
2023-05-10 14:07:29,cu2404,cu2404,66850.0,0.0,0.0,0.0,1,66650.0,66780.0,2,66700.0,66640.0,66910.0,66640.0,53.0,17715500.0,411
2023-05-10 14:07:30,cu2404,cu2404,66850.0,0.0,0.0,0.0,4,66660.0,66780.0,2,66700.0,66640.0,66910.0,66640.0,53.0,17715500.0,411
2023-05-10 14:07:30,cu2404,cu2404,66850.0,0.0,0.0,0.0,6,66660.0,66780.0,2,66700.0,66640.0,66910.0,66640.0,53.0,17715500.0,411
2023-05-10 14:07:32,cu2404,cu2404,66850.0,0.0,0.0,0.0,6,66660.0,66770.0,1,66700.0,66640.0,66910.0,66640.0,53.0,17715500.0,411
2023-05-10 14:07:33,cu2404,cu2404,66850.0,0.0,0.0,0.0,6,66660.0,66780.0,1,66700.0,66640.0,66910.0,66640.0,53.0,17715500.0,411
2023-05-10 14:07:33,cu2404,cu2404,66850.0,0.0,0.0,0.0,4,66660.0,66780.0,2,66700.0,66640.0,66910.0,66640.0,53.0,17715500.0,411
2023-05-10 14:07:39,cu2404,cu2404,66850.0,0.0,0.0,0.0,4,66660.0,66780.0,1,66700.0,66640.0,66910.0,66640.0,53.0,17715500.0,411
2023-05-10 14:07:40,cu2404,cu2404,66850.0,0.0,0.0,0.0,4,66660.0,66770.0,1,66700.0,66640.0,66910.0,66640.0,53.0,17715500.0,411
2023-05-10 14:07:40,cu2404,cu2404,66850.0,0.0,0.0,0.0,4,66660.0,66770.0,2,66700.0,66640.0,66910.0,66640.0,53.0,17715500.0,411
2023-05-10 14:07:42,cu2404,cu2404,66850.0,0.0,0.0,0.0,4,66660.0,66770.0,1,66700.0,66640.0,66910.0,66640.0,53.0,17715500.0,411
2023-05-10 14:07:48,cu2404,cu2404,66850.0,0.0,0.0,0.0,2,66660.0,66770.0,2,66700.0,66640.0,66910.0,66640.0,53.0,17715500.0,411
2023-05-10 14:07:53,cu2404,cu2404,66850.0,0.0,0.0,0.0,2,66660.0,66770.0,1,66700.0,66640.0,66910.0,66640.0,53.0,17715500.0,411
2023-05-10 14:07:53,cu2404,cu2404,66850.0,0.0,0.0,0.0,2,66670.0,66770.0,2,66700.0,66640.0,66910.0,66640.0,53.0,17715500.0,411
2023-05-10 14:07:54,cu2404,cu2404,66850.0,0.0,0.0,0.0,2,66670.0,66770.0,2,66700.0,66640.0,66910.0,66640.0,53.0,17715500.0,411
2023-05-10 14:07:56,cu2404,cu2404,66850.0,0.0,0.0,0.0,1,66660.0,66770.0,2,66700.0,66640.0,66910.0,66640.0,53.0,17715500.0,411
2023-05-10 14:07:57,cu2404,cu2404,66850.0,0.0,0.0,0.0,4,66660.0,66770.0,2,66700.0,66640.0,66910.0,66640.0,53.0,17715500.0,411
2023-05-10 14:08:06,cu2404,cu2404,66850.0,0.0,0.0,0.0,3,66660.0,66770.0,2,66700.0,66640.0,66910.0,66640.0,53.0,17715500.0,411
2023-05-10 14:08:07,cu2404,cu2404,66850.0,0.0,0.0,0.0,4,66660.0,66770.0,2,66700.0,66640.0,66910.0,66640.0,53.0,17715500.0,411
2023-05-10 14:08:07,cu2404,cu2404,66850.0,0.0,0.0,0.0,1,66660.0,66770.0,2,66700.0,66640.0,66910.0,66640.0,53.0,17715500.0,411
2023-05-10 14:08:08,cu2404,cu2404,66850.0,0.0,0.0,0.0,2,66660.0,66770.0,2,66700.0,66640.0,66910.0,66640.0,53.0,17715500.0,411
2023-05-10 14:08:09,cu2404,cu2404,66850.0,0.0,0.0,0.0,1,66660.0,66770.0,2,66700.0,66640.0,66910.0,66640.0,53.0,17715500.0,411
2023-05-10 14:08:10,cu2404,cu2404,66850.0,0.0,0.0,0.0,2,66660.0,66770.0,2,66700.0,66640.0,66910.0,66640.0,53.0,17715500.0,411
2023-05-10 14:08:10,cu2404,cu2404,66850.0,0.0,0.0,0.0,1,66660.0,66770.0,2,66700.0,66640.0,66910.0,66640.0,53.0,17715500.0,411
2023-05-10 14:08:15,cu2404,cu2404,66850.0,0.0,0.0,0.0,4,66660.0,66770.0,2,66700.0,66640.0,66910.0,66640.0,53.0,17715500.0,411
2023-05-10 14:08:19,cu2404,cu2404,66850.0,0.0,0.0,0.0,2,66670.0,66770.0,2,66700.0,66640.0,66910.0,66640.0,53.0,17715500.0,411
2023-05-10 14:08:20,cu2404,cu2404,66850.0,0.0,0.0,0.0,2,66670.0,66770.0,2,66700.0,66640.0,66910.0,66640.0,53.0,17715500.0,411
2023-05-10 14:08:20,cu2404,cu2404,66850.0,0.0,0.0,0.0,1,66680.0,66770.0,2,66700.0,66640.0,66910.0,66640.0,53.0,17715500.0,411
2023-05-10 14:08:25,cu2404,cu2404,66850.0,0.0,0.0,0.0,1,66680.0,66770.0,1,66700.0,66640.0,66910.0,66640.0,53.0,17715500.0,411
2023-05-10 14:08:44,cu2404,cu2404,66850.0,0.0,0.0,0.0,1,66680.0,66770.0,1,66700.0,66640.0,66910.0,66640.0,53.0,17715500.0,411
2023-05-10 14:08:52,cu2404,cu2404,66850.0,0.0,0.0,0.0,1,66680.0,66770.0,1,66700.0,66640.0,66910.0,66640.0,53.0,17715500.0,411
2023-05-10 14:08:53,cu2404,cu2404,66850.0,0.0,0.0,0.0,1,66660.0,66770.0,1,66700.0,66640.0,66910.0,66640.0,53.0,17715500.0,411
2023-05-10 14:08:54,cu2404,cu2404,66850.0,0.0,0.0,0.0,2,66660.0,66770.0,1,66700.0,66640.0,66910.0,66640.0,53.0,17715500.0,411
2023-05-10 14:09:01,cu2404,cu2404,66850.0,0.0,0.0,0.0,2,66660.0,66760.0,1,66700.0,66640.0,66910.0,66640.0,53.0,17715500.0,411
2023-05-10 14:09:05,cu2404,cu2404,66850.0,0.0,0.0,0.0,1,66660.0,66760.0,1,66700.0,66640.0,66910.0,66640.0,53.0,17715500.0,411
2023-05-10 14:09:26,cu2404,cu2404,66850.0,0.0,0.0,0.0,2,66660.0,66760.0,1,66700.0,66640.0,66910.0,66640.0,53.0,17715500.0,411
2023-05-10 14:09:28,cu2404,cu2404,66850.0,0.0,0.0,0.0,1,66660.0,66760.0,1,66700.0,66640.0,66910.0,66640.0,53.0,17715500.0,411
2023-05-10 14:09:30,cu2404,cu2404,66850.0,0.0,0.0,0.0,2,66660.0,66760.0,1,66700.0,66640.0,66910.0,66640.0,53.0,17715500.0,411
2023-05-10 14:09:31,cu2404,cu2404,66850.0,0.0,0.0,0.0,1,66660.0,66760.0,1,66700.0,66640.0,66910.0,66640.0,53.0,17715500.0,411
2023-05-10 14:10:09,cu2404,cu2404,66850.0,0.0,0.0,0.0,2,66660.0,66760.0,1,66700.0,66640.0,66910.0,66640.0,53.0,17715500.0,411
2023-05-10 14:10:09,cu2404,cu2404,66850.0,0.0,0.0,0.0,1,66660.0,66760.0,1,66700.0,66640.0,66910.0,66640.0,53.0,17715500.0,411
2023-05-10 14:10:17,cu2404,cu2404,66850.0,0.0,0.0,0.0,2,66660.0,66760.0,1,66700.0,66640.0,66910.0,66640.0,53.0,17715500.0,411
2023-05-10 14:10:19,cu2404,cu2404,66850.0,0.0,0.0,0.0,2,66670.0,66760.0,1,66700.0,66640.0,66910.0,66640.0,53.0,17715500.0,411
2023-05-10 14:10:19,cu2404,cu2404,66850.0,0.0,0.0,0.0,1,66680.0,66760.0,1,66700.0,66640.0,66910.0,66640.0,53.0,17715500.0,411
2023-05-10 14:10:20,cu2404,cu2404,66850.0,0.0,0.0,0.0,1,66680.0,66760.0,1,66700.0,66640.0,66910.0,66640.0,53.0,17715500.0,411
2023-05-10 14:10:21,cu2404,cu2404,66850.0,0.0,0.0,0.0,2,66700.0,66770.0,1,66700.0,66640.0,66910.0,66640.0,53.0,17715500.0,411
2023-05-10 14:10:30,cu2404,cu2404,66850.0,0.0,0.0,0.0,2,66700.0,66760.0,1,66700.0,66640.0,66910.0,66640.0,53.0,17715500.0,411
2023-05-10 14:10:35,cu2404,cu2404,66850.0,0.0,0.0,0.0,1,66660.0,66760.0,1,66700.0,66640.0,66910.0,66640.0,53.0,17715500.0,411
2023-05-10 14:10:36,cu2404,cu2404,66850.0,0.0,0.0,0.0,1,66670.0,66760.0,1,66700.0,66640.0,66910.0,66640.0,53.0,17715500.0,411
2023-05-10 14:10:53,cu2404,cu2404,66850.0,0.0,0.0,0.0,1,66680.0,66760.0,1,66700.0,66640.0,66910.0,66640.0,53.0,17715500.0,411
2023-05-10 14:11:34,cu2404,cu2404,66850.0,0.0,0.0,0.0,2,66690.0,66760.0,1,66700.0,66640.0,66910.0,66640.0,53.0,17715500.0,411
2023-05-10 14:11:38,cu2404,cu2404,66850.0,0.0,0.0,0.0,1,66680.0,66760.0,1,66700.0,66640.0,66910.0,66640.0,53.0,17715500.0,411
2023-05-10 14:11:45,cu2404,cu2404,66850.0,0.0,0.0,0.0,1,66680.0,66980.0,1,66700.0,66640.0,66910.0,66640.0,53.0,17715500.0,411
2023-05-10 14:11:45,cu2404,cu2404,66850.0,0.0,0.0,0.0,1,66680.0,66970.0,8,66700.0,66640.0,66910.0,66640.0,53.0,17715500.0,411
2023-05-10 14:11:46,cu2404,cu2404,66850.0,0.0,0.0,0.0,1,66680.0,66970.0,13,66700.0,66640.0,66910.0,66640.0,53.0,17715500.0,411
2023-05-10 14:11:53,cu2404,cu2404,66850.0,0.0,0.0,0.0,1,66680.0,66960.0,2,66700.0,66640.0,66910.0,66640.0,53.0,17715500.0,411
2023-05-10 14:11:53,cu2404,cu2404,66850.0,0.0,0.0,0.0,1,66680.0,66950.0,1,66700.0,66640.0,66910.0,66640.0,53.0,17715500.0,411
2023-05-10 14:11:54,cu2404,cu2404,66850.0,0.0,0.0,0.0,1,66680.0,66940.0,2,66700.0,66640.0,66910.0,66640.0,53.0,17715500.0,411
2023-05-10 14:11:54,cu2404,cu2404,66850.0,0.0,0.0,0.0,1,66680.0,66930.0,1,66700.0,66640.0,66910.0,66640.0,53.0,17715500.0,411
2023-05-10 14:11:56,cu2404,cu2404,66850.0,0.0,0.0,0.0,1,66680.0,66920.0,1,66700.0,66640.0,66910.0,66640.0,53.0,17715500.0,411
2023-05-10 14:11:56,cu2404,cu2404,66850.0,0.0,0.0,0.0,2,66690.0,66910.0,6,66700.0,66640.0,66910.0,66640.0,53.0,17715500.0,411
2023-05-10 14:11:57,cu2404,cu2404,66850.0,0.0,0.0,0.0,2,66690.0,66910.0,6,66700.0,66640.0,66910.0,66640.0,53.0,17715500.0,411
2023-05-10 14:11:58,cu2404,cu2404,66850.0,0.0,0.0,0.0,2,66690.0,66900.0,1,66700.0,66640.0,66910.0,66640.0,53.0,17715500.0,411
2023-05-10 14:11:58,cu2404,cu2404,66850.0,0.0,0.0,0.0,2,66690.0,66890.0,1,66700.0,66640.0,66910.0,66640.0,53.0,17715500.0,411
2023-05-10 14:11:59,cu2404,cu2404,66850.0,0.0,0.0,0.0,2,66690.0,66890.0,1,66700.0,66640.0,66910.0,66640.0,53.0,17715500.0,411
2023-05-10 14:12:02,cu2404,cu2404,66850.0,0.0,0.0,0.0,2,66690.0,66880.0,1,66700.0,66640.0,66910.0,66640.0,53.0,17715500.0,411
2023-05-10 14:12:02,cu2404,cu2404,66850.0,0.0,0.0,0.0,2,66690.0,66870.0,6,66700.0,66640.0,66910.0,66640.0,53.0,17715500.0,411
2023-05-10 14:12:03,cu2404,cu2404,66850.0,0.0,0.0,0.0,2,66690.0,66870.0,6,66700.0,66640.0,66910.0,66640.0,53.0,17715500.0,411
2023-05-10 14:12:05,cu2404,cu2404,66850.0,0.0,0.0,0.0,2,66690.0,66860.0,1,66700.0,66640.0,66910.0,66640.0,53.0,17715500.0,411
2023-05-10 14:12:05,cu2404,cu2404,66850.0,0.0,0.0,0.0,2,66690.0,66850.0,1,66700.0,66640.0,66910.0,66640.0,53.0,17715500.0,411
2023-05-10 14:12:06,cu2404,cu2404,66850.0,0.0,0.0,0.0,2,66690.0,66850.0,1,66700.0,66640.0,66910.0,66640.0,53.0,17715500.0,411
2023-05-10 14:12:08,cu2404,cu2404,66850.0,0.0,0.0,0.0,2,66690.0,66850.0,1,66700.0,66640.0,66910.0,66640.0,53.0,17715500.0,411
2023-05-10 14:12:11,cu2404,cu2404,66850.0,0.0,0.0,0.0,2,66690.0,66850.0,1,66700.0,66640.0,66910.0,66640.0,53.0,17715500.0,411
2023-05-10 14:12:11,cu2404,cu2404,66850.0,0.0,0.0,0.0,2,66690.0,66840.0,3,66700.0,66640.0,66910.0,66640.0,53.0,17715500.0,411
2023-05-10 14:12:12,cu2404,cu2404,66850.0,0.0,0.0,0.0,2,66690.0,66840.0,3,66700.0,66640.0,66910.0,66640.0,53.0,17715500.0,411
2023-05-10 14:12:14,cu2404,cu2404,66850.0,0.0,0.0,0.0,2,66690.0,66830.0,1,66700.0,66640.0,66910.0,66640.0,53.0,17715500.0,411
2023-05-10 14:12:14,cu2404,cu2404,66850.0,0.0,0.0,0.0,2,66690.0,66830.0,1,66700.0,66640.0,66910.0,66640.0,53.0,17715500.0,411
2023-05-10 14:12:15,cu2404,cu2404,66850.0,0.0,0.0,0.0,2,66690.0,66820.0,1,66700.0,66640.0,66910.0,66640.0,53.0,17715500.0,411
2023-05-10 14:12:16,cu2404,cu2404,66850.0,0.0,0.0,0.0,2,66690.0,66820.0,3,66700.0,66640.0,66910.0,66640.0,53.0,17715500.0,411
2023-05-10 14:12:16,cu2404,cu2404,66850.0,0.0,0.0,0.0,2,66690.0,66820.0,3,66700.0,66640.0,66910.0,66640.0,53.0,17715500.0,411
2023-05-10 14:12:17,cu2404,cu2404,66850.0,0.0,0.0,0.0,2,66690.0,66810.0,1,66700.0,66640.0,66910.0,66640.0,53.0,17715500.0,411
2023-05-10 14:12:18,cu2404,cu2404,66850.0,0.0,0.0,0.0,2,66690.0,66810.0,1,66700.0,66640.0,66910.0,66640.0,53.0,17715500.0,411
2023-05-10 14:12:22,cu2404,cu2404,66850.0,0.0,0.0,0.0,2,66690.0,66800.0,1,66700.0,66640.0,66910.0,66640.0,53.0,17715500.0,411
2023-05-10 14:12:23,cu2404,cu2404,66850.0,0.0,0.0,0.0,2,66690.0,66800.0,1,66700.0,66640.0,66910.0,66640.0,53.0,17715500.0,411
2023-05-10 14:12:26,cu2404,cu2404,66850.0,0.0,0.0,0.0,2,66690.0,66980.0,1,66700.0,66640.0,66910.0,66640.0,53.0,17715500.0,411
2023-05-10 14:12:27,cu2404,cu2404,66850.0,0.0,0.0,0.0,2,66690.0,66970.0,14,66700.0,66640.0,66910.0,66640.0,53.0,17715500.0,411
2023-05-10 14:12:35,cu2404,cu2404,66850.0,0.0,0.0,0.0,2,66690.0,66960.0,2,66700.0,66640.0,66910.0,66640.0,53.0,17715500.0,411
2023-05-10 14:12:35,cu2404,cu2404,66850.0,0.0,0.0,0.0,2,66690.0,66950.0,1,66700.0,66640.0,66910.0,66640.0,53.0,17715500.0,411
2023-05-10 14:12:36,cu2404,cu2404,66850.0,0.0,0.0,0.0,2,66690.0,66950.0,3,66700.0,66640.0,66910.0,66640.0,53.0,17715500.0,411
2023-05-10 14:12:37,cu2404,cu2404,66850.0,0.0,0.0,0.0,1,66650.0,66950.0,3,66700.0,66640.0,66910.0,66640.0,53.0,17715500.0,411
2023-05-10 14:12:38,cu2404,cu2404,66850.0,0.0,0.0,0.0,4,66660.0,66940.0,1,66700.0,66640.0,66910.0,66640.0,53.0,17715500.0,411
2023-05-10 14:12:38,cu2404,cu2404,66850.0,0.0,0.0,0.0,4,66660.0,66930.0,1,66700.0,66640.0,66910.0,66640.0,53.0,17715500.0,411
2023-05-10 14:12:39,cu2404,cu2404,66850.0,0.0,0.0,0.0,1,66670.0,66930.0,1,66700.0,66640.0,66910.0,66640.0,53.0,17715500.0,411
2023-05-10 14:12:39,cu2404,cu2404,66850.0,0.0,0.0,0.0,1,66680.0,66930.0,1,66700.0,66640.0,66910.0,66640.0,53.0,17715500.0,411
2023-05-10 14:12:40,cu2404,cu2404,66850.0,0.0,0.0,0.0,1,66680.0,66930.0,1,66700.0,66640.0,66910.0,66640.0,53.0,17715500.0,411
2023-05-10 14:12:41,cu2404,cu2404,66850.0,0.0,0.0,0.0,1,66680.0,66920.0,1,66700.0,66640.0,66910.0,66640.0,53.0,17715500.0,411
2023-05-10 14:12:41,cu2404,cu2404,66850.0,0.0,0.0,0.0,1,66680.0,66910.0,5,66700.0,66640.0,66910.0,66640.0,53.0,17715500.0,411
2023-05-10 14:12:42,cu2404,cu2404,66850.0,0.0,0.0,0.0,1,66680.0,66910.0,5,66700.0,66640.0,66910.0,66640.0,53.0,17715500.0,411
2023-05-10 14:12:46,cu2404,cu2404,66850.0,0.0,0.0,0.0,2,66680.0,66910.0,5,66700.0,66640.0,66910.0,66640.0,53.0,17715500.0,411
2023-05-10 14:12:46,cu2404,cu2404,66850.0,0.0,0.0,0.0,1,66680.0,66900.0,1,66700.0,66640.0,66910.0,66640.0,53.0,17715500.0,411
2023-05-10 14:12:47,cu2404,cu2404,66850.0,0.0,0.0,0.0,1,66680.0,66890.0,1,66700.0,66640.0,66910.0,66640.0,53.0,17715500.0,411
2023-05-10 14:12:47,cu2404,cu2404,66850.0,0.0,0.0,0.0,1,66680.0,66880.0,4,66700.0,66640.0,66910.0,66640.0,53.0,17715500.0,411
2023-05-10 14:12:48,cu2404,cu2404,66850.0,0.0,0.0,0.0,1,66680.0,66870.0,1,66700.0,66640.0,66910.0,66640.0,53.0,17715500.0,411
2023-05-10 14:12:50,cu2404,cu2404,66850.0,0.0,0.0,0.0,1,66680.0,66860.0,1,66700.0,66640.0,66910.0,66640.0,53.0,17715500.0,411
2023-05-10 14:12:50,cu2404,cu2404,66850.0,0.0,0.0,0.0,1,66680.0,66850.0,4,66700.0,66640.0,66910.0,66640.0,53.0,17715500.0,411
2023-05-10 14:12:51,cu2404,cu2404,66850.0,0.0,0.0,0.0,1,66680.0,66850.0,4,66700.0,66640.0,66910.0,66640.0,53.0,17715500.0,411
2023-05-10 14:12:52,cu2404,cu2404,66850.0,0.0,0.0,0.0,1,66680.0,66840.0,1,66700.0,66640.0,66910.0,66640.0,53.0,17715500.0,411
2023-05-10 14:12:53,cu2404,cu2404,66850.0,0.0,0.0,0.0,1,66680.0,66830.0,1,66700.0,66640.0,66910.0,66640.0,53.0,17715500.0,411
2023-05-10 14:12:53,cu2404,cu2404,66850.0,0.0,0.0,0.0,1,66680.0,66820.0,2,66700.0,66640.0,66910.0,66640.0,53.0,17715500.0,411
2023-05-10 14:12:54,cu2404,cu2404,66850.0,0.0,0.0,0.0,1,66680.0,66810.0,2,66700.0,66640.0,66910.0,66640.0,53.0,17715500.0,411
2023-05-10 14:12:55,cu2404,cu2404,66850.0,0.0,0.0,0.0,1,66680.0,66810.0,2,66700.0,66640.0,66910.0,66640.0,53.0,17715500.0,411
2023-05-10 14:12:58,cu2404,cu2404,66850.0,0.0,0.0,0.0,1,66680.0,66810.0,2,66700.0,66640.0,66910.0,66640.0,53.0,17715500.0,411
2023-05-10 14:13:02,cu2404,cu2404,66850.0,0.0,0.0,0.0,1,66680.0,66810.0,4,66700.0,66640.0,66910.0,66640.0,53.0,17715500.0,411
2023-05-10 14:13:20,cu2404,cu2404,66850.0,0.0,0.0,0.0,1,66680.0,66800.0,1,66700.0,66640.0,66910.0,66640.0,53.0,17715500.0,411
2023-05-10 14:13:21,cu2404,cu2404,66850.0,0.0,0.0,0.0,1,66680.0,66800.0,2,66700.0,66640.0,66910.0,66640.0,53.0,17715500.0,411
2023-05-10 14:13:23,cu2404,cu2404,66850.0,0.0,0.0,0.0,1,66660.0,66800.0,2,66700.0,66640.0,66910.0,66640.0,53.0,17715500.0,411
2023-05-10 14:13:24,cu2404,cu2404,66850.0,0.0,0.0,0.0,2,66660.0,66800.0,2,66700.0,66640.0,66910.0,66640.0,53.0,17715500.0,411
2023-05-10 14:13:24,cu2404,cu2404,66850.0,0.0,0.0,0.0,4,66660.0,66800.0,3,66700.0,66640.0,66910.0,66640.0,53.0,17715500.0,411
2023-05-10 14:13:25,cu2404,cu2404,66850.0,0.0,0.0,0.0,4,66660.0,66800.0,2,66700.0,66640.0,66910.0,66640.0,53.0,17715500.0,411
2023-05-10 14:13:25,cu2404,cu2404,66850.0,0.0,0.0,0.0,4,66660.0,66800.0,3,66700.0,66640.0,66910.0,66640.0,53.0,17715500.0,411
2023-05-10 14:13:28,cu2404,cu2404,66850.0,0.0,0.0,0.0,4,66660.0,66800.0,2,66700.0,66640.0,66910.0,66640.0,53.0,17715500.0,411
2023-05-10 14:13:30,cu2404,cu2404,66850.0,0.0,0.0,0.0,4,66660.0,66800.0,3,66700.0,66640.0,66910.0,66640.0,53.0,17715500.0,411
2023-05-10 14:13:33,cu2404,cu2404,66850.0,0.0,0.0,0.0,4,66660.0,66800.0,2,66700.0,66640.0,66910.0,66640.0,53.0,17715500.0,411
2023-05-10 14:13:34,cu2404,cu2404,66850.0,0.0,0.0,0.0,4,66660.0,66800.0,3,66700.0,66640.0,66910.0,66640.0,53.0,17715500.0,411
2023-05-10 14:13:42,cu2404,cu2404,66850.0,0.0,0.0,0.0,4,66660.0,66800.0,1,66700.0,66640.0,66910.0,66640.0,53.0,17715500.0,411
2023-05-10 14:13:47,cu2404,cu2404,66850.0,0.0,0.0,0.0,5,66660.0,66980.0,1,66700.0,66640.0,66910.0,66640.0,53.0,17715500.0,411
2023-05-10 14:13:48,cu2404,cu2404,66850.0,0.0,0.0,0.0,3,66670.0,66970.0,12,66700.0,66640.0,66910.0,66640.0,53.0,17715500.0,411
2023-05-10 14:13:48,cu2404,cu2404,66850.0,0.0,0.0,0.0,1,66680.0,66960.0,1,66700.0,66640.0,66910.0,66640.0,53.0,17715500.0,411
2023-05-10 14:13:49,cu2404,cu2404,66850.0,0.0,0.0,0.0,1,66680.0,66950.0,1,66700.0,66640.0,66910.0,66640.0,53.0,17715500.0,411
2023-05-10 14:13:49,cu2404,cu2404,66850.0,0.0,0.0,0.0,1,66680.0,66950.0,3,66700.0,66640.0,66910.0,66640.0,53.0,17715500.0,411
2023-05-10 14:13:50,cu2404,cu2404,66850.0,0.0,0.0,0.0,1,66680.0,66940.0,1,66700.0,66640.0,66910.0,66640.0,53.0,17715500.0,411
2023-05-10 14:13:50,cu2404,cu2404,66850.0,0.0,0.0,0.0,1,66680.0,66930.0,1,66700.0,66640.0,66910.0,66640.0,53.0,17715500.0,411
2023-05-10 14:13:51,cu2404,cu2404,66850.0,0.0,0.0,0.0,2,66690.0,66920.0,5,66700.0,66640.0,66910.0,66640.0,53.0,17715500.0,411
2023-05-10 14:13:51,cu2404,cu2404,66850.0,0.0,0.0,0.0,2,66690.0,66910.0,2,66700.0,66640.0,66910.0,66640.0,53.0,17715500.0,411
2023-05-10 14:13:52,cu2404,cu2404,66850.0,0.0,0.0,0.0,2,66690.0,66900.0,1,66700.0,66640.0,66910.0,66640.0,53.0,17715500.0,411
2023-05-10 14:13:52,cu2404,cu2404,66850.0,0.0,0.0,0.0,2,66690.0,66890.0,1,66700.0,66640.0,66910.0,66640.0,53.0,17715500.0,411
2023-05-10 14:13:53,cu2404,cu2404,66850.0,0.0,0.0,0.0,2,66690.0,66890.0,1,66700.0,66640.0,66910.0,66640.0,53.0,17715500.0,411
2023-05-10 14:13:53,cu2404,cu2404,66850.0,0.0,0.0,0.0,2,66690.0,66880.0,1,66700.0,66640.0,66910.0,66640.0,53.0,17715500.0,411
2023-05-10 14:13:54,cu2404,cu2404,66850.0,0.0,0.0,0.0,2,66690.0,66870.0,6,66700.0,66640.0,66910.0,66640.0,53.0,17715500.0,411
2023-05-10 14:13:54,cu2404,cu2404,66850.0,0.0,0.0,0.0,2,66690.0,66870.0,6,66700.0,66640.0,66910.0,66640.0,53.0,17715500.0,411
2023-05-10 14:13:55,cu2404,cu2404,66850.0,0.0,0.0,0.0,2,66690.0,66860.0,1,66700.0,66640.0,66910.0,66640.0,53.0,17715500.0,411
2023-05-10 14:13:55,cu2404,cu2404,66850.0,0.0,0.0,0.0,2,66690.0,66850.0,1,66700.0,66640.0,66910.0,66640.0,53.0,17715500.0,411
2023-05-10 14:13:56,cu2404,cu2404,66850.0,0.0,0.0,0.0,3,66660.0,66850.0,1,66700.0,66640.0,66910.0,66640.0,53.0,17715500.0,411
2023-05-10 14:13:56,cu2404,cu2404,66850.0,0.0,0.0,0.0,2,66670.0,66850.0,1,66700.0,66640.0,66910.0,66640.0,53.0,17715500.0,411
2023-05-10 14:13:57,cu2404,cu2404,66850.0,0.0,0.0,0.0,3,66660.0,66840.0,2,66700.0,66640.0,66910.0,66640.0,53.0,17715500.0,411
2023-05-10 14:13:57,cu2404,cu2404,66850.0,0.0,0.0,0.0,1,66670.0,66830.0,1,66700.0,66640.0,66910.0,66640.0,53.0,17715500.0,411
2023-05-10 14:13:58,cu2404,cu2404,66850.0,0.0,0.0,0.0,1,66670.0,66830.0,1,66700.0,66640.0,66910.0,66640.0,53.0,17715500.0,411
2023-05-10 14:13:58,cu2404,cu2404,66850.0,0.0,0.0,0.0,1,66680.0,66830.0,1,66700.0,66640.0,66910.0,66640.0,53.0,17715500.0,411
2023-05-10 14:13:59,cu2404,cu2404,66850.0,0.0,0.0,0.0,1,66680.0,66820.0,1,66700.0,66640.0,66910.0,66640.0,53.0,17715500.0,411
2023-05-10 14:14:00,cu2404,cu2404,66850.0,0.0,0.0,0.0,1,66690.0,66810.0,1,66700.0,66640.0,66910.0,66640.0,53.0,17715500.0,411
2023-05-10 14:14:00,cu2404,cu2404,66850.0,0.0,0.0,0.0,1,66690.0,66810.0,1,66700.0,66640.0,66910.0,66640.0,53.0,17715500.0,411
2023-05-10 14:14:01,cu2404,cu2404,66850.0,0.0,0.0,0.0,1,66690.0,66810.0,1,66700.0,66640.0,66910.0,66640.0,53.0,17715500.0,411
2023-05-10 14:14:01,cu2404,cu2404,66850.0,0.0,0.0,0.0,1,66690.0,66810.0,2,66700.0,66640.0,66910.0,66640.0,53.0,17715500.0,411
2023-05-10 14:14:10,cu2404,cu2404,66850.0,0.0,0.0,0.0,1,66690.0,66810.0,2,66700.0,66640.0,66910.0,66640.0,53.0,17715500.0,411
2023-05-10 14:14:10,cu2404,cu2404,66850.0,0.0,0.0,0.0,1,66690.0,66810.0,4,66700.0,66640.0,66910.0,66640.0,53.0,17715500.0,411
2023-05-10 14:14:17,cu2404,cu2404,66850.0,0.0,0.0,0.0,1,66690.0,66810.0,2,66700.0,66640.0,66910.0,66640.0,53.0,17715500.0,411
2023-05-10 14:14:18,cu2404,cu2404,66850.0,0.0,0.0,0.0,1,66680.0,66810.0,2,66700.0,66640.0,66910.0,66640.0,53.0,17715500.0,411
2023-05-10 14:14:18,cu2404,cu2404,66850.0,0.0,0.0,0.0,1,66680.0,66810.0,4,66700.0,66640.0,66910.0,66640.0,53.0,17715500.0,411
2023-05-10 14:14:41,cu2404,cu2404,66850.0,0.0,0.0,0.0,1,66690.0,66810.0,4,66700.0,66640.0,66910.0,66640.0,53.0,17715500.0,411
2023-05-10 14:14:41,cu2404,cu2404,66850.0,0.0,0.0,0.0,1,66680.0,66810.0,4,66700.0,66640.0,66910.0,66640.0,53.0,17715500.0,411
2023-05-10 14:14:46,cu2404,cu2404,66850.0,0.0,0.0,0.0,1,66690.0,66810.0,4,66700.0,66640.0,66910.0,66640.0,53.0,17715500.0,411
2023-05-10 14:14:47,cu2404,cu2404,66850.0,0.0,0.0,0.0,1,66690.0,66810.0,2,66700.0,66640.0,66910.0,66640.0,53.0,17715500.0,411
2023-05-10 14:14:47,cu2404,cu2404,66850.0,0.0,0.0,0.0,1,66680.0,66810.0,2,66700.0,66640.0,66910.0,66640.0,53.0,17715500.0,411
2023-05-10 14:14:53,cu2404,cu2404,66850.0,0.0,0.0,0.0,1,66680.0,66810.0,4,66700.0,66640.0,66910.0,66640.0,53.0,17715500.0,411
2023-05-10 14:14:57,cu2404,cu2404,66850.0,0.0,0.0,0.0,1,66650.0,66800.0,1,66700.0,66640.0,66910.0,66640.0,53.0,17715500.0,411
2023-05-10 14:14:57,cu2404,cu2404,66850.0,0.0,0.0,0.0,3,66650.0,66800.0,2,66700.0,66640.0,66910.0,66640.0,53.0,17715500.0,411
2023-05-10 14:14:58,cu2404,cu2404,66850.0,0.0,0.0,0.0,2,66660.0,66800.0,3,66700.0,66640.0,66910.0,66640.0,53.0,17715500.0,411
2023-05-10 14:15:00,cu2404,cu2404,66850.0,0.0,0.0,0.0,2,66670.0,66800.0,3,66700.0,66640.0,66910.0,66640.0,53.0,17715500.0,411
2023-05-10 14:15:01,cu2404,cu2404,66850.0,0.0,0.0,0.0,2,66670.0,66800.0,3,66700.0,66640.0,66910.0,66640.0,53.0,17715500.0,411
2023-05-10 14:15:01,cu2404,cu2404,66850.0,0.0,0.0,0.0,1,66680.0,66800.0,3,66700.0,66640.0,66910.0,66640.0,53.0,17715500.0,411
2023-05-10 14:15:02,cu2404,cu2404,66850.0,0.0,0.0,0.0,2,66670.0,66800.0,3,66700.0,66640.0,66910.0,66640.0,53.0,17715500.0,411
2023-05-10 14:15:04,cu2404,cu2404,66850.0,0.0,0.0,0.0,1,66680.0,66800.0,3,66700.0,66640.0,66910.0,66640.0,53.0,17715500.0,411
2023-05-10 14:15:04,cu2404,cu2404,66850.0,0.0,0.0,0.0,1,66680.0,66800.0,2,66700.0,66640.0,66910.0,66640.0,53.0,17715500.0,411
2023-05-10 14:15:05,cu2404,cu2404,66850.0,0.0,0.0,0.0,1,66680.0,66800.0,3,66700.0,66640.0,66910.0,66640.0,53.0,17715500.0,411
2023-05-10 14:15:07,cu2404,cu2404,66850.0,0.0,0.0,0.0,1,66680.0,66800.0,2,66700.0,66640.0,66910.0,66640.0,53.0,17715500.0,411
2023-05-10 14:15:16,cu2404,cu2404,66850.0,0.0,0.0,0.0,1,66680.0,66980.0,1,66700.0,66640.0,66910.0,66640.0,53.0,17715500.0,411
2023-05-10 14:15:16,cu2404,cu2404,66850.0,0.0,0.0,0.0,1,66690.0,66970.0,11,66700.0,66640.0,66910.0,66640.0,53.0,17715500.0,411
2023-05-10 14:15:17,cu2404,cu2404,66850.0,0.0,0.0,0.0,1,66690.0,66970.0,13,66700.0,66640.0,66910.0,66640.0,53.0,17715500.0,411
2023-05-10 14:15:18,cu2404,cu2404,66850.0,0.0,0.0,0.0,1,66690.0,66970.0,13,66700.0,66640.0,66910.0,66640.0,53.0,17715500.0,411
2023-05-10 14:15:19,cu2404,cu2404,66850.0,0.0,0.0,0.0,1,66690.0,66960.0,4,66700.0,66640.0,66910.0,66640.0,53.0,17715500.0,411
2023-05-10 14:15:20,cu2404,cu2404,66850.0,0.0,0.0,0.0,1,66690.0,66950.0,1,66700.0,66640.0,66910.0,66640.0,53.0,17715500.0,411
2023-05-10 14:15:20,cu2404,cu2404,66850.0,0.0,0.0,0.0,1,66690.0,66940.0,5,66700.0,66640.0,66910.0,66640.0,53.0,17715500.0,411
2023-05-10 14:15:21,cu2404,cu2404,66850.0,0.0,0.0,0.0,1,66690.0,66930.0,1,66700.0,66640.0,66910.0,66640.0,53.0,17715500.0,411
2023-05-10 14:15:21,cu2404,cu2404,66850.0,0.0,0.0,0.0,1,66690.0,66930.0,3,66700.0,66640.0,66910.0,66640.0,53.0,17715500.0,411
2023-05-10 14:15:22,cu2404,cu2404,66850.0,0.0,0.0,0.0,1,66700.0,66920.0,1,66700.0,66640.0,66910.0,66640.0,53.0,17715500.0,411
2023-05-10 14:15:23,cu2404,cu2404,66850.0,0.0,0.0,0.0,1,66700.0,66910.0,1,66700.0,66640.0,66910.0,66640.0,53.0,17715500.0,411
2023-05-10 14:15:23,cu2404,cu2404,66850.0,0.0,0.0,0.0,1,66700.0,66900.0,5,66700.0,66640.0,66910.0,66640.0,53.0,17715500.0,411
2023-05-10 14:15:24,cu2404,cu2404,66850.0,0.0,0.0,0.0,1,66700.0,66890.0,2,66700.0,66640.0,66910.0,66640.0,53.0,17715500.0,411
2023-05-10 14:15:26,cu2404,cu2404,66850.0,0.0,0.0,0.0,1,66700.0,66890.0,2,66700.0,66640.0,66910.0,66640.0,53.0,17715500.0,411
2023-05-10 14:15:26,cu2404,cu2404,66850.0,0.0,0.0,0.0,1,66700.0,66880.0,5,66700.0,66640.0,66910.0,66640.0,53.0,17715500.0,411
2023-05-10 14:15:27,cu2404,cu2404,66850.0,0.0,0.0,0.0,1,66700.0,66870.0,1,66700.0,66640.0,66910.0,66640.0,53.0,17715500.0,411
2023-05-10 14:15:27,cu2404,cu2404,66850.0,0.0,0.0,0.0,1,66700.0,66860.0,1,66700.0,66640.0,66910.0,66640.0,53.0,17715500.0,411
2023-05-10 14:15:28,cu2404,cu2404,66850.0,0.0,0.0,0.0,1,66700.0,66850.0,1,66700.0,66640.0,66910.0,66640.0,53.0,17715500.0,411
2023-05-10 14:15:28,cu2404,cu2404,66850.0,0.0,0.0,0.0,1,66700.0,66850.0,1,66700.0,66640.0,66910.0,66640.0,53.0,17715500.0,411
2023-05-10 14:15:29,cu2404,cu2404,66850.0,0.0,0.0,0.0,1,66700.0,66840.0,1,66700.0,66640.0,66910.0,66640.0,53.0,17715500.0,411
2023-05-10 14:15:29,cu2404,cu2404,66850.0,0.0,0.0,0.0,1,66700.0,66830.0,3,66700.0,66640.0,66910.0,66640.0,53.0,17715500.0,411
2023-05-10 14:15:30,cu2404,cu2404,66850.0,0.0,0.0,0.0,1,66700.0,66830.0,3,66700.0,66640.0,66910.0,66640.0,53.0,17715500.0,411
2023-05-10 14:15:30,cu2404,cu2404,66850.0,0.0,0.0,0.0,1,66700.0,66830.0,3,66700.0,66640.0,66910.0,66640.0,53.0,17715500.0,411
2023-05-10 14:15:31,cu2404,cu2404,66850.0,0.0,0.0,0.0,1,66700.0,66820.0,1,66700.0,66640.0,66910.0,66640.0,53.0,17715500.0,411
2023-05-10 14:15:31,cu2404,cu2404,66850.0,0.0,0.0,0.0,1,66690.0,66820.0,2,66700.0,66640.0,66910.0,66640.0,53.0,17715500.0,411
2023-05-10 14:15:32,cu2404,cu2404,66850.0,0.0,0.0,0.0,1,66690.0,66820.0,2,66700.0,66640.0,66910.0,66640.0,53.0,17715500.0,411
2023-05-10 14:15:32,cu2404,cu2404,66850.0,0.0,0.0,0.0,1,66690.0,66820.0,4,66700.0,66640.0,66910.0,66640.0,53.0,17715500.0,411
2023-05-10 14:15:36,cu2404,cu2404,66850.0,0.0,0.0,0.0,1,66690.0,66810.0,1,66700.0,66640.0,66910.0,66640.0,53.0,17715500.0,411
2023-05-10 14:15:37,cu2404,cu2404,66850.0,0.0,0.0,0.0,1,66690.0,66810.0,1,66700.0,66640.0,66910.0,66640.0,53.0,17715500.0,411
2023-05-10 14:15:37,cu2404,cu2404,66850.0,0.0,0.0,0.0,1,66690.0,66810.0,2,66700.0,66640.0,66910.0,66640.0,53.0,17715500.0,411
2023-05-10 14:15:40,cu2404,cu2404,66850.0,0.0,0.0,0.0,1,66690.0,66810.0,2,66700.0,66640.0,66910.0,66640.0,53.0,17715500.0,411
2023-05-10 14:15:40,cu2404,cu2404,66850.0,0.0,0.0,0.0,1,66690.0,66810.0,4,66700.0,66640.0,66910.0,66640.0,53.0,17715500.0,411
2023-05-10 14:15:52,cu2404,cu2404,66850.0,0.0,0.0,0.0,1,66650.0,66800.0,1,66700.0,66640.0,66910.0,66640.0,53.0,17715500.0,411
2023-05-10 14:15:52,cu2404,cu2404,66850.0,0.0,0.0,0.0,2,66660.0,66800.0,2,66700.0,66640.0,66910.0,66640.0,53.0,17715500.0,411
2023-05-10 14:15:53,cu2404,cu2404,66850.0,0.0,0.0,0.0,1,66670.0,66790.0,1,66700.0,66640.0,66910.0,66640.0,53.0,17715500.0,411
2023-05-10 14:15:53,cu2404,cu2404,66850.0,0.0,0.0,0.0,1,66670.0,66790.0,1,66700.0,66640.0,66910.0,66640.0,53.0,17715500.0,411
2023-05-10 14:15:56,cu2404,cu2404,66850.0,0.0,0.0,0.0,1,66670.0,66790.0,1,66700.0,66640.0,66910.0,66640.0,53.0,17715500.0,411
2023-05-10 14:15:57,cu2404,cu2404,66850.0,0.0,0.0,0.0,2,66670.0,66790.0,2,66700.0,66640.0,66910.0,66640.0,53.0,17715500.0,411
2023-05-10 14:15:57,cu2404,cu2404,66850.0,0.0,0.0,0.0,1,66680.0,66790.0,2,66700.0,66640.0,66910.0,66640.0,53.0,17715500.0,411
2023-05-10 14:15:59,cu2404,cu2404,66850.0,0.0,0.0,0.0,1,66680.0,66790.0,1,66700.0,66640.0,66910.0,66640.0,53.0,17715500.0,411
2023-05-10 14:16:00,cu2404,cu2404,66850.0,0.0,0.0,0.0,1,66680.0,66800.0,1,66700.0,66640.0,66910.0,66640.0,53.0,17715500.0,411
2023-05-10 14:16:00,cu2404,cu2404,66850.0,0.0,0.0,0.0,1,66680.0,66800.0,2,66700.0,66640.0,66910.0,66640.0,53.0,17715500.0,411
2023-05-10 14:16:02,cu2404,cu2404,66850.0,0.0,0.0,0.0,1,66680.0,66800.0,3,66700.0,66640.0,66910.0,66640.0,53.0,17715500.0,411
2023-05-10 14:16:03,cu2404,cu2404,66850.0,0.0,0.0,0.0,2,66690.0,66800.0,3,66700.0,66640.0,66910.0,66640.0,53.0,17715500.0,411
2023-05-10 14:16:03,cu2404,cu2404,66850.0,0.0,0.0,0.0,2,66670.0,66800.0,3,66700.0,66640.0,66910.0,66640.0,53.0,17715500.0,411
2023-05-10 14:16:04,cu2404,cu2404,66850.0,0.0,0.0,0.0,2,66680.0,66800.0,3,66700.0,66640.0,66910.0,66640.0,53.0,17715500.0,411
2023-05-10 14:16:05,cu2404,cu2404,66850.0,0.0,0.0,0.0,2,66670.0,66800.0,3,66700.0,66640.0,66910.0,66640.0,53.0,17715500.0,411
2023-05-10 14:16:08,cu2404,cu2404,66850.0,0.0,0.0,0.0,1,66680.0,66800.0,3,66700.0,66640.0,66910.0,66640.0,53.0,17715500.0,411
2023-05-10 14:16:08,cu2404,cu2404,66850.0,0.0,0.0,0.0,2,66670.0,66800.0,3,66700.0,66640.0,66910.0,66640.0,53.0,17715500.0,411
2023-05-10 14:16:10,cu2404,cu2404,66850.0,0.0,0.0,0.0,1,66680.0,66800.0,3,66700.0,66640.0,66910.0,66640.0,53.0,17715500.0,411
2023-05-10 14:16:10,cu2404,cu2404,66850.0,0.0,0.0,0.0,2,66670.0,66800.0,3,66700.0,66640.0,66910.0,66640.0,53.0,17715500.0,411
2023-05-10 14:16:12,cu2404,cu2404,66850.0,0.0,0.0,0.0,1,66680.0,66800.0,3,66700.0,66640.0,66910.0,66640.0,53.0,17715500.0,411
2023-05-10 14:16:13,cu2404,cu2404,66850.0,0.0,0.0,0.0,1,66680.0,66800.0,5,66700.0,66640.0,66910.0,66640.0,53.0,17715500.0,411
2023-05-10 14:16:16,cu2404,cu2404,66850.0,0.0,0.0,0.0,1,66680.0,66800.0,3,66700.0,66640.0,66910.0,66640.0,53.0,17715500.0,411
2023-05-10 14:16:21,cu2404,cu2404,66850.0,0.0,0.0,0.0,2,66670.0,66800.0,3,66700.0,66640.0,66910.0,66640.0,53.0,17715500.0,411
2023-05-10 14:16:22,cu2404,cu2404,66850.0,0.0,0.0,0.0,1,66680.0,66800.0,3,66700.0,66640.0,66910.0,66640.0,53.0,17715500.0,411
2023-05-10 14:16:22,cu2404,cu2404,66850.0,0.0,0.0,0.0,1,66680.0,66800.0,2,66700.0,66640.0,66910.0,66640.0,53.0,17715500.0,411
2023-05-10 14:16:23,cu2404,cu2404,66850.0,0.0,0.0,0.0,2,66680.0,66800.0,2,66700.0,66640.0,66910.0,66640.0,53.0,17715500.0,411
2023-05-10 14:16:23,cu2404,cu2404,66850.0,0.0,0.0,0.0,2,66680.0,66800.0,2,66700.0,66640.0,66910.0,66640.0,53.0,17715500.0,411
2023-05-10 14:16:28,cu2404,cu2404,66850.0,0.0,0.0,0.0,2,66680.0,66800.0,3,66700.0,66640.0,66910.0,66640.0,53.0,17715500.0,411
2023-05-10 14:16:31,cu2404,cu2404,66850.0,0.0,0.0,0.0,1,66690.0,66800.0,3,66700.0,66640.0,66910.0,66640.0,53.0,17715500.0,411
2023-05-10 14:16:38,cu2404,cu2404,66850.0,0.0,0.0,0.0,2,66680.0,66800.0,3,66700.0,66640.0,66910.0,66640.0,53.0,17715500.0,411
2023-05-10 14:16:40,cu2404,cu2404,66850.0,0.0,0.0,0.0,1,66690.0,66800.0,3,66700.0,66640.0,66910.0,66640.0,53.0,17715500.0,411
2023-05-10 14:16:41,cu2404,cu2404,66850.0,0.0,0.0,0.0,2,66680.0,66800.0,3,66700.0,66640.0,66910.0,66640.0,53.0,17715500.0,411
2023-05-10 14:16:45,cu2404,cu2404,66850.0,0.0,0.0,0.0,1,66690.0,66790.0,1,66700.0,66640.0,66910.0,66640.0,53.0,17715500.0,411
2023-05-10 14:16:45,cu2404,cu2404,66850.0,0.0,0.0,0.0,1,66660.0,66800.0,3,66700.0,66640.0,66910.0,66640.0,53.0,17715500.0,411
2023-05-10 14:16:46,cu2404,cu2404,66850.0,0.0,0.0,0.0,1,66660.0,66790.0,1,66700.0,66640.0,66910.0,66640.0,53.0,17715500.0,411
2023-05-10 14:16:46,cu2404,cu2404,66850.0,0.0,0.0,0.0,2,66670.0,66790.0,1,66700.0,66640.0,66910.0,66640.0,53.0,17715500.0,411
2023-05-10 14:16:47,cu2404,cu2404,66850.0,0.0,0.0,0.0,2,66670.0,66790.0,1,66700.0,66640.0,66910.0,66640.0,53.0,17715500.0,411
2023-05-10 14:16:48,cu2404,cu2404,66850.0,0.0,0.0,0.0,2,66670.0,66800.0,1,66700.0,66640.0,66910.0,66640.0,53.0,17715500.0,411
2023-05-10 14:16:48,cu2404,cu2404,66850.0,0.0,0.0,0.0,2,66670.0,66800.0,2,66700.0,66640.0,66910.0,66640.0,53.0,17715500.0,411
2023-05-10 14:16:49,cu2404,cu2404,66850.0,0.0,0.0,0.0,2,66670.0,66800.0,3,66700.0,66640.0,66910.0,66640.0,53.0,17715500.0,411
2023-05-10 14:16:51,cu2404,cu2404,66850.0,0.0,0.0,0.0,1,66680.0,66800.0,3,66700.0,66640.0,66910.0,66640.0,53.0,17715500.0,411
2023-05-10 14:16:51,cu2404,cu2404,66850.0,0.0,0.0,0.0,1,66680.0,66800.0,3,66700.0,66640.0,66910.0,66640.0,53.0,17715500.0,411
2023-05-10 14:16:53,cu2404,cu2404,66850.0,0.0,0.0,0.0,1,66660.0,66800.0,3,66700.0,66640.0,66910.0,66640.0,53.0,17715500.0,411
2023-05-10 14:16:54,cu2404,cu2404,66850.0,0.0,0.0,0.0,2,66670.0,66800.0,3,66700.0,66640.0,66910.0,66640.0,53.0,17715500.0,411
2023-05-10 14:16:54,cu2404,cu2404,66850.0,0.0,0.0,0.0,1,66680.0,66800.0,3,66700.0,66640.0,66910.0,66640.0,53.0,17715500.0,411
2023-05-10 14:17:00,cu2404,cu2404,66850.0,0.0,0.0,0.0,1,66680.0,66800.0,2,66700.0,66640.0,66910.0,66640.0,53.0,17715500.0,411
2023-05-10 14:17:01,cu2404,cu2404,66850.0,0.0,0.0,0.0,2,66680.0,66800.0,2,66700.0,66640.0,66910.0,66640.0,53.0,17715500.0,411
2023-05-10 14:17:01,cu2404,cu2404,66850.0,0.0,0.0,0.0,2,66680.0,66800.0,2,66700.0,66640.0,66910.0,66640.0,53.0,17715500.0,411
2023-05-10 14:17:03,cu2404,cu2404,66850.0,0.0,0.0,0.0,2,66680.0,66800.0,1,66700.0,66640.0,66910.0,66640.0,53.0,17715500.0,411
2023-05-10 14:17:04,cu2404,cu2404,66850.0,0.0,0.0,0.0,2,66690.0,66800.0,1,66700.0,66640.0,66910.0,66640.0,53.0,17715500.0,411
2023-05-10 14:17:05,cu2404,cu2404,66850.0,0.0,0.0,0.0,2,66690.0,66980.0,1,66700.0,66640.0,66910.0,66640.0,53.0,17715500.0,411
2023-05-10 14:17:05,cu2404,cu2404,66850.0,0.0,0.0,0.0,2,66690.0,66970.0,13,66700.0,66640.0,66910.0,66640.0,53.0,17715500.0,411
2023-05-10 14:17:06,cu2404,cu2404,66850.0,0.0,0.0,0.0,2,66690.0,66960.0,1,66700.0,66640.0,66910.0,66640.0,53.0,17715500.0,411
2023-05-10 14:17:07,cu2404,cu2404,66850.0,0.0,0.0,0.0,2,66690.0,66950.0,1,66700.0,66640.0,66910.0,66640.0,53.0,17715500.0,411
2023-05-10 14:17:07,cu2404,cu2404,66850.0,0.0,0.0,0.0,2,66700.0,66940.0,2,66700.0,66640.0,66910.0,66640.0,53.0,17715500.0,411
2023-05-10 14:17:08,cu2404,cu2404,66850.0,0.0,0.0,0.0,2,66690.0,66930.0,1,66700.0,66640.0,66910.0,66640.0,53.0,17715500.0,411
2023-05-10 14:17:08,cu2404,cu2404,66850.0,0.0,0.0,0.0,1,66700.0,66920.0,3,66700.0,66640.0,66910.0,66640.0,53.0,17715500.0,411
2023-05-10 14:17:09,cu2404,cu2404,66850.0,0.0,0.0,0.0,1,66700.0,66910.0,2,66700.0,66640.0,66910.0,66640.0,53.0,17715500.0,411
2023-05-10 14:17:09,cu2404,cu2404,66850.0,0.0,0.0,0.0,1,66700.0,66910.0,3,66700.0,66640.0,66910.0,66640.0,53.0,17715500.0,411
2023-05-10 14:17:11,cu2404,cu2404,66850.0,0.0,0.0,0.0,1,66700.0,66910.0,3,66700.0,66640.0,66910.0,66640.0,53.0,17715500.0,411
2023-05-10 14:17:11,cu2404,cu2404,66850.0,0.0,0.0,0.0,1,66700.0,66900.0,5,66700.0,66640.0,66910.0,66640.0,53.0,17715500.0,411
2023-05-10 14:17:12,cu2404,cu2404,66850.0,0.0,0.0,0.0,1,66700.0,66890.0,1,66700.0,66640.0,66910.0,66640.0,53.0,17715500.0,411
2023-05-10 14:17:16,cu2404,cu2404,66850.0,0.0,0.0,0.0,1,66700.0,66880.0,1,66700.0,66640.0,66910.0,66640.0,53.0,17715500.0,411
2023-05-10 14:17:17,cu2404,cu2404,66850.0,0.0,0.0,0.0,1,66700.0,66870.0,6,66700.0,66640.0,66910.0,66640.0,53.0,17715500.0,411
2023-05-10 14:17:17,cu2404,cu2404,66700.0,1.0,333500.0,0.0,2,66690.0,66870.0,7,66700.0,66640.0,66910.0,66640.0,54.0,18049000.0,411
2023-05-10 14:17:18,cu2404,cu2404,66700.0,0.0,0.0,0.0,1,66700.0,66860.0,1,66700.0,66640.0,66910.0,66640.0,54.0,18049000.0,411
2023-05-10 14:17:19,cu2404,cu2404,66700.0,0.0,0.0,0.0,1,66700.0,66850.0,1,66700.0,66640.0,66910.0,66640.0,54.0,18049000.0,411
2023-05-10 14:17:21,cu2404,cu2404,66700.0,0.0,0.0,0.0,1,66700.0,66840.0,1,66700.0,66640.0,66910.0,66640.0,54.0,18049000.0,411
2023-05-10 14:17:21,cu2404,cu2404,66700.0,0.0,0.0,0.0,2,66700.0,66830.0,1,66700.0,66640.0,66910.0,66640.0,54.0,18049000.0,411
2023-05-10 14:17:22,cu2404,cu2404,66700.0,0.0,0.0,0.0,2,66700.0,66830.0,2,66700.0,66640.0,66910.0,66640.0,54.0,18049000.0,411
2023-05-10 14:17:23,cu2404,cu2404,66700.0,0.0,0.0,0.0,2,66700.0,66820.0,1,66700.0,66640.0,66910.0,66640.0,54.0,18049000.0,411
2023-05-10 14:17:23,cu2404,cu2404,66700.0,0.0,0.0,0.0,2,66700.0,66810.0,1,66700.0,66640.0,66910.0,66640.0,54.0,18049000.0,411
2023-05-10 14:17:24,cu2404,cu2404,66700.0,0.0,0.0,0.0,2,66700.0,66800.0,1,66700.0,66640.0,66910.0,66640.0,54.0,18049000.0,411
2023-05-10 14:17:24,cu2404,cu2404,66700.0,0.0,0.0,0.0,2,66700.0,66800.0,1,66700.0,66640.0,66910.0,66640.0,54.0,18049000.0,411
2023-05-10 14:17:25,cu2404,cu2404,66700.0,0.0,0.0,0.0,2,66700.0,66810.0,1,66700.0,66640.0,66910.0,66640.0,54.0,18049000.0,411
2023-05-10 14:17:27,cu2404,cu2404,66700.0,0.0,0.0,0.0,2,66700.0,66810.0,1,66700.0,66640.0,66910.0,66640.0,54.0,18049000.0,411
2023-05-10 14:17:30,cu2404,cu2404,66700.0,0.0,0.0,0.0,2,66700.0,66830.0,1,66700.0,66640.0,66910.0,66640.0,54.0,18049000.0,411
2023-05-10 14:17:30,cu2404,cu2404,66700.0,0.0,0.0,0.0,2,66700.0,66820.0,2,66700.0,66640.0,66910.0,66640.0,54.0,18049000.0,411
2023-05-10 14:17:31,cu2404,cu2404,66700.0,0.0,0.0,0.0,2,66700.0,66820.0,2,66700.0,66640.0,66910.0,66640.0,54.0,18049000.0,411
2023-05-10 14:17:32,cu2404,cu2404,66700.0,0.0,0.0,0.0,2,66700.0,66810.0,1,66700.0,66640.0,66910.0,66640.0,54.0,18049000.0,411
2023-05-10 14:17:33,cu2404,cu2404,66700.0,0.0,0.0,0.0,2,66700.0,66810.0,1,66700.0,66640.0,66910.0,66640.0,54.0,18049000.0,411
2023-05-10 14:17:33,cu2404,cu2404,66700.0,0.0,0.0,0.0,4,66700.0,66810.0,1,66700.0,66640.0,66910.0,66640.0,54.0,18049000.0,411
2023-05-10 14:17:34,cu2404,cu2404,66700.0,0.0,0.0,0.0,4,66700.0,66810.0,2,66700.0,66640.0,66910.0,66640.0,54.0,18049000.0,411
2023-05-10 14:17:37,cu2404,cu2404,66700.0,0.0,0.0,0.0,2,66700.0,66810.0,2,66700.0,66640.0,66910.0,66640.0,54.0,18049000.0,411
2023-05-10 14:17:38,cu2404,cu2404,66700.0,0.0,0.0,0.0,2,66700.0,66810.0,1,66700.0,66640.0,66910.0,66640.0,54.0,18049000.0,411
2023-05-10 14:17:43,cu2404,cu2404,66700.0,0.0,0.0,0.0,2,66700.0,66810.0,2,66700.0,66640.0,66910.0,66640.0,54.0,18049000.0,411
2023-05-10 14:17:53,cu2404,cu2404,66700.0,0.0,0.0,0.0,1,66700.0,66810.0,2,66700.0,66640.0,66910.0,66640.0,54.0,18049000.0,411
2023-05-10 14:17:54,cu2404,cu2404,66700.0,0.0,0.0,0.0,1,66700.0,66810.0,5,66700.0,66640.0,66910.0,66640.0,54.0,18049000.0,411
2023-05-10 14:17:55,cu2404,cu2404,66700.0,0.0,0.0,0.0,1,66700.0,66800.0,1,66700.0,66640.0,66910.0,66640.0,54.0,18049000.0,411
2023-05-10 14:17:55,cu2404,cu2404,66700.0,0.0,0.0,0.0,1,66700.0,66810.0,3,66700.0,66640.0,66910.0,66640.0,54.0,18049000.0,411
2023-05-10 14:17:56,cu2404,cu2404,66700.0,0.0,0.0,0.0,1,66700.0,66810.0,4,66700.0,66640.0,66910.0,66640.0,54.0,18049000.0,411
2023-05-10 14:17:57,cu2404,cu2404,66700.0,0.0,0.0,0.0,1,66700.0,66810.0,4,66700.0,66640.0,66910.0,66640.0,54.0,18049000.0,411
2023-05-10 14:17:57,cu2404,cu2404,66700.0,0.0,0.0,0.0,1,66700.0,66800.0,2,66700.0,66640.0,66910.0,66640.0,54.0,18049000.0,411
2023-05-10 14:17:58,cu2404,cu2404,66700.0,0.0,0.0,0.0,1,66700.0,66800.0,2,66700.0,66640.0,66910.0,66640.0,54.0,18049000.0,411
2023-05-10 14:17:58,cu2404,cu2404,66700.0,0.0,0.0,0.0,1,66700.0,66790.0,1,66700.0,66640.0,66910.0,66640.0,54.0,18049000.0,411
2023-05-10 14:17:59,cu2404,cu2404,66700.0,0.0,0.0,0.0,1,66700.0,66790.0,1,66700.0,66640.0,66910.0,66640.0,54.0,18049000.0,411
2023-05-10 14:18:06,cu2404,cu2404,66700.0,0.0,0.0,0.0,1,66700.0,66790.0,1,66700.0,66640.0,66910.0,66640.0,54.0,18049000.0,411
2023-05-10 14:18:28,cu2404,cu2404,66700.0,0.0,0.0,0.0,1,66700.0,66790.0,1,66700.0,66640.0,66910.0,66640.0,54.0,18049000.0,411
2023-05-10 14:18:29,cu2404,cu2404,66700.0,0.0,0.0,0.0,1,66700.0,66800.0,1,66700.0,66640.0,66910.0,66640.0,54.0,18049000.0,411
2023-05-10 14:18:29,cu2404,cu2404,66700.0,0.0,0.0,0.0,1,66700.0,66780.0,1,66700.0,66640.0,66910.0,66640.0,54.0,18049000.0,411
2023-05-10 14:18:30,cu2404,cu2404,66700.0,0.0,0.0,0.0,1,66700.0,66790.0,1,66700.0,66640.0,66910.0,66640.0,54.0,18049000.0,411
2023-05-10 14:18:35,cu2404,cu2404,66700.0,0.0,0.0,0.0,1,66710.0,66800.0,1,66700.0,66640.0,66910.0,66640.0,54.0,18049000.0,411
2023-05-10 14:18:36,cu2404,cu2404,66700.0,0.0,0.0,0.0,1,66700.0,66800.0,1,66700.0,66640.0,66910.0,66640.0,54.0,18049000.0,411
2023-05-10 14:18:41,cu2404,cu2404,66700.0,0.0,0.0,0.0,1,66710.0,66800.0,1,66700.0,66640.0,66910.0,66640.0,54.0,18049000.0,411
2023-05-10 14:18:42,cu2404,cu2404,66700.0,0.0,0.0,0.0,1,66700.0,66800.0,1,66700.0,66640.0,66910.0,66640.0,54.0,18049000.0,411
2023-05-10 14:18:43,cu2404,cu2404,66700.0,0.0,0.0,0.0,1,66700.0,66790.0,1,66700.0,66640.0,66910.0,66640.0,54.0,18049000.0,411
2023-05-10 14:18:43,cu2404,cu2404,66700.0,0.0,0.0,0.0,1,66700.0,66780.0,1,66700.0,66640.0,66910.0,66640.0,54.0,18049000.0,411
2023-05-10 14:19:23,cu2404,cu2404,66700.0,0.0,0.0,0.0,1,66700.0,66780.0,2,66700.0,66640.0,66910.0,66640.0,54.0,18049000.0,411
2023-05-10 14:19:25,cu2404,cu2404,66700.0,0.0,0.0,0.0,1,66700.0,66780.0,1,66700.0,66640.0,66910.0,66640.0,54.0,18049000.0,411
2023-05-10 14:19:31,cu2404,cu2404,66700.0,0.0,0.0,0.0,1,66700.0,66780.0,3,66700.0,66640.0,66910.0,66640.0,54.0,18049000.0,411
2023-05-10 14:19:32,cu2404,cu2404,66700.0,0.0,0.0,0.0,1,66700.0,66780.0,3,66700.0,66640.0,66910.0,66640.0,54.0,18049000.0,411
2023-05-10 14:19:32,cu2404,cu2404,66700.0,0.0,0.0,0.0,1,66700.0,66770.0,2,66700.0,66640.0,66910.0,66640.0,54.0,18049000.0,411
2023-05-10 14:19:33,cu2404,cu2404,66700.0,0.0,0.0,0.0,1,66700.0,66770.0,1,66700.0,66640.0,66910.0,66640.0,54.0,18049000.0,411
2023-05-10 14:19:33,cu2404,cu2404,66700.0,0.0,0.0,0.0,1,66650.0,66770.0,1,66700.0,66640.0,66910.0,66640.0,54.0,18049000.0,411
2023-05-10 14:19:34,cu2404,cu2404,66700.0,0.0,0.0,0.0,1,66660.0,66760.0,1,66700.0,66640.0,66910.0,66640.0,54.0,18049000.0,411
2023-05-10 14:19:58,cu2404,cu2404,66700.0,0.0,0.0,0.0,3,66660.0,66760.0,1,66700.0,66640.0,66910.0,66640.0,54.0,18049000.0,411
2023-05-10 14:20:49,cu2404,cu2404,66700.0,0.0,0.0,0.0,3,66660.0,66760.0,1,66700.0,66640.0,66910.0,66640.0,54.0,18049000.0,411
2023-05-10 14:20:50,cu2404,cu2404,66700.0,0.0,0.0,0.0,5,66660.0,66760.0,1,66700.0,66640.0,66910.0,66640.0,54.0,18049000.0,411
2023-05-10 14:20:58,cu2404,cu2404,66700.0,0.0,0.0,0.0,3,66660.0,66760.0,1,66700.0,66640.0,66910.0,66640.0,54.0,18049000.0,411
2023-05-10 14:20:59,cu2404,cu2404,66700.0,0.0,0.0,0.0,5,66660.0,66760.0,1,66700.0,66640.0,66910.0,66640.0,54.0,18049000.0,411
2023-05-10 14:21:01,cu2404,cu2404,66700.0,0.0,0.0,0.0,3,66660.0,66760.0,1,66700.0,66640.0,66910.0,66640.0,54.0,18049000.0,411
2023-05-10 14:21:04,cu2404,cu2404,66700.0,0.0,0.0,0.0,1,66660.0,66760.0,1,66700.0,66640.0,66910.0,66640.0,54.0,18049000.0,411
2023-05-10 14:21:08,cu2404,cu2404,66700.0,0.0,0.0,0.0,3,66660.0,66760.0,1,66700.0,66640.0,66910.0,66640.0,54.0,18049000.0,411
2023-05-10 14:21:32,cu2404,cu2404,66700.0,0.0,0.0,0.0,1,66660.0,66760.0,1,66700.0,66640.0,66910.0,66640.0,54.0,18049000.0,411
2023-05-10 14:21:37,cu2404,cu2404,66700.0,0.0,0.0,0.0,3,66660.0,66760.0,1,66700.0,66640.0,66910.0,66640.0,54.0,18049000.0,411
2023-05-10 14:21:41,cu2404,cu2404,66700.0,0.0,0.0,0.0,1,66660.0,66760.0,1,66700.0,66640.0,66910.0,66640.0,54.0,18049000.0,411
2023-05-10 14:21:51,cu2404,cu2404,66700.0,0.0,0.0,0.0,1,66660.0,66760.0,2,66700.0,66640.0,66910.0,66640.0,54.0,18049000.0,411
2023-05-10 14:21:51,cu2404,cu2404,66700.0,0.0,0.0,0.0,1,66660.0,66760.0,1,66700.0,66640.0,66910.0,66640.0,54.0,18049000.0,411
2023-05-10 14:22:04,cu2404,cu2404,66700.0,0.0,0.0,0.0,1,66660.0,66760.0,1,66700.0,66640.0,66910.0,66640.0,54.0,18049000.0,411
2023-05-10 14:22:07,cu2404,cu2404,66700.0,0.0,0.0,0.0,1,66660.0,66760.0,2,66700.0,66640.0,66910.0,66640.0,54.0,18049000.0,411
2023-05-10 14:22:11,cu2404,cu2404,66700.0,0.0,0.0,0.0,1,66660.0,66760.0,1,66700.0,66640.0,66910.0,66640.0,54.0,18049000.0,411
2023-05-10 14:22:16,cu2404,cu2404,66700.0,0.0,0.0,0.0,1,66660.0,66760.0,2,66700.0,66640.0,66910.0,66640.0,54.0,18049000.0,411
2023-05-10 14:22:16,cu2404,cu2404,66700.0,0.0,0.0,0.0,1,66660.0,66760.0,1,66700.0,66640.0,66910.0,66640.0,54.0,18049000.0,411
2023-05-10 14:22:18,cu2404,cu2404,66700.0,0.0,0.0,0.0,1,66650.0,66760.0,1,66700.0,66640.0,66910.0,66640.0,54.0,18049000.0,411
2023-05-10 14:22:19,cu2404,cu2404,66700.0,0.0,0.0,0.0,1,66660.0,66760.0,1,66700.0,66640.0,66910.0,66640.0,54.0,18049000.0,411
2023-05-10 14:22:19,cu2404,cu2404,66700.0,0.0,0.0,0.0,2,66650.0,66750.0,1,66700.0,66640.0,66910.0,66640.0,54.0,18049000.0,411
2023-05-10 14:22:20,cu2404,cu2404,66700.0,0.0,0.0,0.0,2,66650.0,66750.0,1,66700.0,66640.0,66910.0,66640.0,54.0,18049000.0,411
2023-05-10 14:22:21,cu2404,cu2404,66700.0,0.0,0.0,0.0,2,66650.0,66770.0,1,66700.0,66640.0,66910.0,66640.0,54.0,18049000.0,411
2023-05-10 14:22:21,cu2404,cu2404,66700.0,0.0,0.0,0.0,2,66650.0,66770.0,2,66700.0,66640.0,66910.0,66640.0,54.0,18049000.0,411
2023-05-10 14:22:22,cu2404,cu2404,66700.0,0.0,0.0,0.0,2,66650.0,66770.0,4,66700.0,66640.0,66910.0,66640.0,54.0,18049000.0,411
2023-05-10 14:22:23,cu2404,cu2404,66700.0,0.0,0.0,0.0,2,66650.0,66760.0,1,66700.0,66640.0,66910.0,66640.0,54.0,18049000.0,411
2023-05-10 14:22:24,cu2404,cu2404,66700.0,0.0,0.0,0.0,2,66650.0,66750.0,1,66700.0,66640.0,66910.0,66640.0,54.0,18049000.0,411
2023-05-10 14:23:14,cu2404,cu2404,66700.0,0.0,0.0,0.0,4,66650.0,66750.0,1,66700.0,66640.0,66910.0,66640.0,54.0,18049000.0,411
2023-05-10 14:23:19,cu2404,cu2404,66700.0,0.0,0.0,0.0,2,66650.0,66750.0,1,66700.0,66640.0,66910.0,66640.0,54.0,18049000.0,411
2023-05-10 14:23:20,cu2404,cu2404,66700.0,0.0,0.0,0.0,4,66650.0,66750.0,1,66700.0,66640.0,66910.0,66640.0,54.0,18049000.0,411
2023-05-10 14:24:18,cu2404,cu2404,66700.0,0.0,0.0,0.0,5,66650.0,66750.0,1,66700.0,66640.0,66910.0,66640.0,54.0,18049000.0,411
2023-05-10 14:24:19,cu2404,cu2404,66700.0,0.0,0.0,0.0,1,66660.0,66980.0,1,66700.0,66640.0,66910.0,66640.0,54.0,18049000.0,411
2023-05-10 14:24:19,cu2404,cu2404,66700.0,0.0,0.0,0.0,1,66670.0,66770.0,1,66700.0,66640.0,66910.0,66640.0,54.0,18049000.0,411
2023-05-10 14:24:20,cu2404,cu2404,66700.0,0.0,0.0,0.0,1,66670.0,66770.0,1,66700.0,66640.0,66910.0,66640.0,54.0,18049000.0,411
2023-05-10 14:24:22,cu2404,cu2404,66700.0,0.0,0.0,0.0,1,66670.0,66770.0,2,66700.0,66640.0,66910.0,66640.0,54.0,18049000.0,411
2023-05-10 14:24:22,cu2404,cu2404,66700.0,0.0,0.0,0.0,1,66670.0,66770.0,2,66700.0,66640.0,66910.0,66640.0,54.0,18049000.0,411
2023-05-10 14:24:27,cu2404,cu2404,66700.0,0.0,0.0,0.0,1,66670.0,66770.0,3,66700.0,66640.0,66910.0,66640.0,54.0,18049000.0,411
2023-05-10 14:24:27,cu2404,cu2404,66700.0,0.0,0.0,0.0,1,66670.0,66770.0,2,66700.0,66640.0,66910.0,66640.0,54.0,18049000.0,411
2023-05-10 14:24:42,cu2404,cu2404,66700.0,0.0,0.0,0.0,1,66670.0,66770.0,1,66700.0,66640.0,66910.0,66640.0,54.0,18049000.0,411
2023-05-10 14:24:43,cu2404,cu2404,66700.0,0.0,0.0,0.0,1,66670.0,66780.0,1,66700.0,66640.0,66910.0,66640.0,54.0,18049000.0,411
2023-05-10 14:24:43,cu2404,cu2404,66700.0,0.0,0.0,0.0,1,66670.0,66780.0,2,66700.0,66640.0,66910.0,66640.0,54.0,18049000.0,411
2023-05-10 14:24:44,cu2404,cu2404,66700.0,0.0,0.0,0.0,1,66670.0,66770.0,1,66700.0,66640.0,66910.0,66640.0,54.0,18049000.0,411
2023-05-10 14:24:44,cu2404,cu2404,66700.0,0.0,0.0,0.0,1,66670.0,66760.0,1,66700.0,66640.0,66910.0,66640.0,54.0,18049000.0,411
2023-05-10 14:24:45,cu2404,cu2404,66700.0,0.0,0.0,0.0,1,66670.0,66770.0,1,66700.0,66640.0,66910.0,66640.0,54.0,18049000.0,411
2023-05-10 14:24:45,cu2404,cu2404,66700.0,0.0,0.0,0.0,1,66670.0,66770.0,2,66700.0,66640.0,66910.0,66640.0,54.0,18049000.0,411
2023-05-10 14:24:46,cu2404,cu2404,66700.0,0.0,0.0,0.0,1,66670.0,66770.0,3,66700.0,66640.0,66910.0,66640.0,54.0,18049000.0,411
2023-05-10 14:24:55,cu2404,cu2404,66700.0,0.0,0.0,0.0,1,66670.0,66770.0,2,66700.0,66640.0,66910.0,66640.0,54.0,18049000.0,411
2023-05-10 14:25:01,cu2404,cu2404,66700.0,0.0,0.0,0.0,1,66670.0,66770.0,3,66700.0,66640.0,66910.0,66640.0,54.0,18049000.0,411
2023-05-10 14:25:04,cu2404,cu2404,66700.0,0.0,0.0,0.0,1,66670.0,66770.0,2,66700.0,66640.0,66910.0,66640.0,54.0,18049000.0,411
2023-05-10 14:25:07,cu2404,cu2404,66700.0,0.0,0.0,0.0,1,66670.0,66770.0,3,66700.0,66640.0,66910.0,66640.0,54.0,18049000.0,411
2023-05-10 14:25:09,cu2404,cu2404,66700.0,0.0,0.0,0.0,1,66660.0,66770.0,3,66700.0,66640.0,66910.0,66640.0,54.0,18049000.0,411
2023-05-10 14:25:10,cu2404,cu2404,66700.0,0.0,0.0,0.0,1,66660.0,66760.0,1,66700.0,66640.0,66910.0,66640.0,54.0,18049000.0,411
2023-05-10 14:25:10,cu2404,cu2404,66700.0,0.0,0.0,0.0,1,66660.0,66750.0,1,66700.0,66640.0,66910.0,66640.0,54.0,18049000.0,411
2023-05-10 14:25:11,cu2404,cu2404,66700.0,0.0,0.0,0.0,1,66660.0,66750.0,1,66700.0,66640.0,66910.0,66640.0,54.0,18049000.0,411
2023-05-10 14:25:11,cu2404,cu2404,66700.0,0.0,0.0,0.0,1,66660.0,66770.0,1,66700.0,66640.0,66910.0,66640.0,54.0,18049000.0,411
2023-05-10 14:25:12,cu2404,cu2404,66700.0,0.0,0.0,0.0,1,66660.0,66760.0,1,66700.0,66640.0,66910.0,66640.0,54.0,18049000.0,411
2023-05-10 14:25:13,cu2404,cu2404,66700.0,0.0,0.0,0.0,1,66660.0,66750.0,1,66700.0,66640.0,66910.0,66640.0,54.0,18049000.0,411
2023-05-10 14:25:13,cu2404,cu2404,66700.0,0.0,0.0,0.0,1,66660.0,66750.0,1,66700.0,66640.0,66910.0,66640.0,54.0,18049000.0,411
2023-05-10 14:25:14,cu2404,cu2404,66700.0,0.0,0.0,0.0,1,66660.0,66770.0,1,66700.0,66640.0,66910.0,66640.0,54.0,18049000.0,411
2023-05-10 14:25:14,cu2404,cu2404,66700.0,0.0,0.0,0.0,1,66660.0,66760.0,1,66700.0,66640.0,66910.0,66640.0,54.0,18049000.0,411
2023-05-10 14:25:18,cu2404,cu2404,66700.0,0.0,0.0,0.0,1,66670.0,66750.0,1,66700.0,66640.0,66910.0,66640.0,54.0,18049000.0,411
2023-05-10 14:25:18,cu2404,cu2404,66700.0,0.0,0.0,0.0,1,66670.0,66750.0,1,66700.0,66640.0,66910.0,66640.0,54.0,18049000.0,411
2023-05-10 14:25:19,cu2404,cu2404,66700.0,0.0,0.0,0.0,1,66660.0,66760.0,1,66700.0,66640.0,66910.0,66640.0,54.0,18049000.0,411
2023-05-10 14:25:19,cu2404,cu2404,66700.0,0.0,0.0,0.0,1,66660.0,66760.0,2,66700.0,66640.0,66910.0,66640.0,54.0,18049000.0,411
2023-05-10 14:25:28,cu2404,cu2404,66700.0,0.0,0.0,0.0,1,66670.0,66760.0,2,66700.0,66640.0,66910.0,66640.0,54.0,18049000.0,411
2023-05-10 14:25:29,cu2404,cu2404,66700.0,0.0,0.0,0.0,1,66660.0,66760.0,2,66700.0,66640.0,66910.0,66640.0,54.0,18049000.0,411
2023-05-10 14:25:31,cu2404,cu2404,66700.0,0.0,0.0,0.0,1,66670.0,66760.0,2,66700.0,66640.0,66910.0,66640.0,54.0,18049000.0,411
2023-05-10 14:25:37,cu2404,cu2404,66700.0,0.0,0.0,0.0,1,66660.0,66760.0,2,66700.0,66640.0,66910.0,66640.0,54.0,18049000.0,411
2023-05-10 14:25:38,cu2404,cu2404,66700.0,0.0,0.0,0.0,1,66660.0,66750.0,1,66700.0,66640.0,66910.0,66640.0,54.0,18049000.0,411
2023-05-10 14:25:40,cu2404,cu2404,66700.0,0.0,0.0,0.0,1,66660.0,66740.0,1,66700.0,66640.0,66910.0,66640.0,54.0,18049000.0,411
2023-05-10 14:25:41,cu2404,cu2404,66700.0,0.0,0.0,0.0,1,66660.0,66740.0,1,66700.0,66640.0,66910.0,66640.0,54.0,18049000.0,411
2023-05-10 14:25:41,cu2404,cu2404,66700.0,0.0,0.0,0.0,1,66660.0,66760.0,1,66700.0,66640.0,66910.0,66640.0,54.0,18049000.0,411
2023-05-10 14:25:42,cu2404,cu2404,66700.0,0.0,0.0,0.0,1,66660.0,66750.0,1,66700.0,66640.0,66910.0,66640.0,54.0,18049000.0,411
2023-05-10 14:25:42,cu2404,cu2404,66700.0,0.0,0.0,0.0,1,66660.0,66740.0,1,66700.0,66640.0,66910.0,66640.0,54.0,18049000.0,411
2023-05-10 14:25:43,cu2404,cu2404,66700.0,0.0,0.0,0.0,1,66660.0,66740.0,1,66700.0,66640.0,66910.0,66640.0,54.0,18049000.0,411
2023-05-10 14:25:43,cu2404,cu2404,66700.0,0.0,0.0,0.0,1,66660.0,66760.0,1,66700.0,66640.0,66910.0,66640.0,54.0,18049000.0,411
2023-05-10 14:25:44,cu2404,cu2404,66700.0,0.0,0.0,0.0,1,66660.0,66750.0,1,66700.0,66640.0,66910.0,66640.0,54.0,18049000.0,411
2023-05-10 14:25:45,cu2404,cu2404,66700.0,0.0,0.0,0.0,1,66660.0,66740.0,1,66700.0,66640.0,66910.0,66640.0,54.0,18049000.0,411
2023-05-10 14:25:45,cu2404,cu2404,66700.0,0.0,0.0,0.0,1,66660.0,66740.0,1,66700.0,66640.0,66910.0,66640.0,54.0,18049000.0,411
2023-05-10 14:25:46,cu2404,cu2404,66700.0,0.0,0.0,0.0,1,66660.0,66760.0,1,66700.0,66640.0,66910.0,66640.0,54.0,18049000.0,411
2023-05-10 14:25:46,cu2404,cu2404,66700.0,0.0,0.0,0.0,1,66660.0,66750.0,1,66700.0,66640.0,66910.0,66640.0,54.0,18049000.0,411
2023-05-10 14:25:47,cu2404,cu2404,66700.0,0.0,0.0,0.0,1,66660.0,66740.0,1,66700.0,66640.0,66910.0,66640.0,54.0,18049000.0,411
2023-05-10 14:25:47,cu2404,cu2404,66700.0,0.0,0.0,0.0,1,66660.0,66740.0,1,66700.0,66640.0,66910.0,66640.0,54.0,18049000.0,411
2023-05-10 14:25:48,cu2404,cu2404,66700.0,0.0,0.0,0.0,1,66660.0,66760.0,1,66700.0,66640.0,66910.0,66640.0,54.0,18049000.0,411
2023-05-10 14:25:48,cu2404,cu2404,66700.0,0.0,0.0,0.0,1,66660.0,66750.0,1,66700.0,66640.0,66910.0,66640.0,54.0,18049000.0,411
2023-05-10 14:25:50,cu2404,cu2404,66700.0,0.0,0.0,0.0,1,66660.0,66740.0,1,66700.0,66640.0,66910.0,66640.0,54.0,18049000.0,411
2023-05-10 14:25:50,cu2404,cu2404,66700.0,0.0,0.0,0.0,1,66660.0,66740.0,1,66700.0,66640.0,66910.0,66640.0,54.0,18049000.0,411
2023-05-10 14:25:52,cu2404,cu2404,66700.0,0.0,0.0,0.0,1,66660.0,66760.0,1,66700.0,66640.0,66910.0,66640.0,54.0,18049000.0,411
2023-05-10 14:25:52,cu2404,cu2404,66700.0,0.0,0.0,0.0,1,66660.0,66750.0,1,66700.0,66640.0,66910.0,66640.0,54.0,18049000.0,411
2023-05-10 14:25:53,cu2404,cu2404,66700.0,0.0,0.0,0.0,1,66660.0,66750.0,1,66700.0,66640.0,66910.0,66640.0,54.0,18049000.0,411
2023-05-10 14:25:53,cu2404,cu2404,66700.0,0.0,0.0,0.0,1,66660.0,66740.0,1,66700.0,66640.0,66910.0,66640.0,54.0,18049000.0,411
2023-05-10 14:25:54,cu2404,cu2404,66700.0,0.0,0.0,0.0,1,66660.0,66740.0,1,66700.0,66640.0,66910.0,66640.0,54.0,18049000.0,411
2023-05-10 14:25:55,cu2404,cu2404,66700.0,0.0,0.0,0.0,1,66660.0,66760.0,1,66700.0,66640.0,66910.0,66640.0,54.0,18049000.0,411
2023-05-10 14:25:56,cu2404,cu2404,66700.0,0.0,0.0,0.0,1,66660.0,66750.0,1,66700.0,66640.0,66910.0,66640.0,54.0,18049000.0,411
2023-05-10 14:25:59,cu2404,cu2404,66700.0,0.0,0.0,0.0,1,66660.0,66740.0,1,66700.0,66640.0,66910.0,66640.0,54.0,18049000.0,411
2023-05-10 14:26:00,cu2404,cu2404,66700.0,0.0,0.0,0.0,1,66660.0,66750.0,1,66700.0,66640.0,66910.0,66640.0,54.0,18049000.0,411
2023-05-10 14:26:00,cu2404,cu2404,66700.0,0.0,0.0,0.0,1,66660.0,66750.0,2,66700.0,66640.0,66910.0,66640.0,54.0,18049000.0,411
2023-05-10 14:26:16,cu2404,cu2404,66700.0,0.0,0.0,0.0,1,66660.0,66750.0,1,66700.0,66640.0,66910.0,66640.0,54.0,18049000.0,411
2023-05-10 14:26:17,cu2404,cu2404,66700.0,0.0,0.0,0.0,1,66660.0,66760.0,1,66700.0,66640.0,66910.0,66640.0,54.0,18049000.0,411
2023-05-10 14:26:17,cu2404,cu2404,66700.0,0.0,0.0,0.0,1,66660.0,66760.0,2,66700.0,66640.0,66910.0,66640.0,54.0,18049000.0,411
2023-05-10 14:26:18,cu2404,cu2404,66700.0,0.0,0.0,0.0,1,66670.0,66760.0,2,66700.0,66640.0,66910.0,66640.0,54.0,18049000.0,411
2023-05-10 14:26:24,cu2404,cu2404,66700.0,0.0,0.0,0.0,1,66670.0,66760.0,1,66700.0,66640.0,66910.0,66640.0,54.0,18049000.0,411
2023-05-10 14:26:25,cu2404,cu2404,66700.0,0.0,0.0,0.0,1,66670.0,66770.0,1,66700.0,66640.0,66910.0,66640.0,54.0,18049000.0,411
2023-05-10 14:26:25,cu2404,cu2404,66700.0,0.0,0.0,0.0,1,66670.0,66770.0,2,66700.0,66640.0,66910.0,66640.0,54.0,18049000.0,411
2023-05-10 14:26:40,cu2404,cu2404,66700.0,0.0,0.0,0.0,1,66670.0,66760.0,1,66700.0,66640.0,66910.0,66640.0,54.0,18049000.0,411
2023-05-10 14:26:42,cu2404,cu2404,66700.0,0.0,0.0,0.0,1,66670.0,66750.0,1,66700.0,66640.0,66910.0,66640.0,54.0,18049000.0,411
2023-05-10 14:26:43,cu2404,cu2404,66700.0,0.0,0.0,0.0,1,66670.0,66750.0,1,66700.0,66640.0,66910.0,66640.0,54.0,18049000.0,411
2023-05-10 14:26:44,cu2404,cu2404,66700.0,0.0,0.0,0.0,1,66670.0,66770.0,1,66700.0,66640.0,66910.0,66640.0,54.0,18049000.0,411
2023-05-10 14:26:45,cu2404,cu2404,66700.0,0.0,0.0,0.0,1,66670.0,66760.0,1,66700.0,66640.0,66910.0,66640.0,54.0,18049000.0,411
2023-05-10 14:26:48,cu2404,cu2404,66700.0,0.0,0.0,0.0,1,66670.0,66750.0,1,66700.0,66640.0,66910.0,66640.0,54.0,18049000.0,411
2023-05-10 14:26:49,cu2404,cu2404,66700.0,0.0,0.0,0.0,1,66670.0,66750.0,1,66700.0,66640.0,66910.0,66640.0,54.0,18049000.0,411
2023-05-10 14:26:57,cu2404,cu2404,66700.0,0.0,0.0,0.0,1,66670.0,66770.0,1,66700.0,66640.0,66910.0,66640.0,54.0,18049000.0,411
2023-05-10 14:26:57,cu2404,cu2404,66700.0,0.0,0.0,0.0,1,66670.0,66760.0,1,66700.0,66640.0,66910.0,66640.0,54.0,18049000.0,411
2023-05-10 14:27:00,cu2404,cu2404,66700.0,0.0,0.0,0.0,1,66670.0,66750.0,1,66700.0,66640.0,66910.0,66640.0,54.0,18049000.0,411
2023-05-10 14:27:01,cu2404,cu2404,66700.0,0.0,0.0,0.0,1,66670.0,66750.0,1,66700.0,66640.0,66910.0,66640.0,54.0,18049000.0,411
2023-05-10 14:27:06,cu2404,cu2404,66700.0,0.0,0.0,0.0,1,66670.0,66770.0,1,66700.0,66640.0,66910.0,66640.0,54.0,18049000.0,411
2023-05-10 14:27:07,cu2404,cu2404,66700.0,0.0,0.0,0.0,1,66670.0,66770.0,2,66700.0,66640.0,66910.0,66640.0,54.0,18049000.0,411
2023-05-10 14:27:08,cu2404,cu2404,66700.0,0.0,0.0,0.0,1,66670.0,66770.0,3,66700.0,66640.0,66910.0,66640.0,54.0,18049000.0,411
2023-05-10 14:27:18,cu2404,cu2404,66700.0,0.0,0.0,0.0,1,66670.0,66760.0,1,66700.0,66640.0,66910.0,66640.0,54.0,18049000.0,411
2023-05-10 14:27:18,cu2404,cu2404,66700.0,0.0,0.0,0.0,1,66670.0,66750.0,1,66700.0,66640.0,66910.0,66640.0,54.0,18049000.0,411
2023-05-10 14:27:19,cu2404,cu2404,66700.0,0.0,0.0,0.0,1,66670.0,66750.0,1,66700.0,66640.0,66910.0,66640.0,54.0,18049000.0,411
2023-05-10 14:27:20,cu2404,cu2404,66700.0,0.0,0.0,0.0,1,66670.0,66770.0,1,66700.0,66640.0,66910.0,66640.0,54.0,18049000.0,411
2023-05-10 14:27:20,cu2404,cu2404,66700.0,0.0,0.0,0.0,1,66670.0,66760.0,1,66700.0,66640.0,66910.0,66640.0,54.0,18049000.0,411
2023-05-10 14:27:21,cu2404,cu2404,66700.0,0.0,0.0,0.0,1,66670.0,66750.0,1,66700.0,66640.0,66910.0,66640.0,54.0,18049000.0,411
2023-05-10 14:27:21,cu2404,cu2404,66700.0,0.0,0.0,0.0,1,66670.0,66750.0,2,66700.0,66640.0,66910.0,66640.0,54.0,18049000.0,411
2023-05-10 14:27:23,cu2404,cu2404,66700.0,0.0,0.0,0.0,1,66670.0,66750.0,1,66700.0,66640.0,66910.0,66640.0,54.0,18049000.0,411
2023-05-10 14:27:24,cu2404,cu2404,66700.0,0.0,0.0,0.0,1,66670.0,66770.0,1,66700.0,66640.0,66910.0,66640.0,54.0,18049000.0,411
2023-05-10 14:27:24,cu2404,cu2404,66700.0,0.0,0.0,0.0,1,66670.0,66760.0,1,66700.0,66640.0,66910.0,66640.0,54.0,18049000.0,411
2023-05-10 14:27:25,cu2404,cu2404,66700.0,0.0,0.0,0.0,1,66670.0,66750.0,1,66700.0,66640.0,66910.0,66640.0,54.0,18049000.0,411
2023-05-10 14:27:26,cu2404,cu2404,66700.0,0.0,0.0,0.0,1,66670.0,66750.0,1,66700.0,66640.0,66910.0,66640.0,54.0,18049000.0,411
2023-05-10 14:27:29,cu2404,cu2404,66700.0,0.0,0.0,0.0,1,66670.0,66770.0,1,66700.0,66640.0,66910.0,66640.0,54.0,18049000.0,411
2023-05-10 14:27:30,cu2404,cu2404,66700.0,0.0,0.0,0.0,1,66670.0,66760.0,1,66700.0,66640.0,66910.0,66640.0,54.0,18049000.0,411
2023-05-10 14:27:31,cu2404,cu2404,66700.0,0.0,0.0,0.0,1,66670.0,66750.0,1,66700.0,66640.0,66910.0,66640.0,54.0,18049000.0,411
2023-05-10 14:27:31,cu2404,cu2404,66700.0,0.0,0.0,0.0,1,66670.0,66750.0,1,66700.0,66640.0,66910.0,66640.0,54.0,18049000.0,411
2023-05-10 14:27:37,cu2404,cu2404,66700.0,0.0,0.0,0.0,1,66670.0,66770.0,1,66700.0,66640.0,66910.0,66640.0,54.0,18049000.0,411
2023-05-10 14:27:37,cu2404,cu2404,66700.0,0.0,0.0,0.0,1,66670.0,66760.0,1,66700.0,66640.0,66910.0,66640.0,54.0,18049000.0,411
2023-05-10 14:27:38,cu2404,cu2404,66700.0,0.0,0.0,0.0,1,66670.0,66760.0,1,66700.0,66640.0,66910.0,66640.0,54.0,18049000.0,411
2023-05-10 14:27:40,cu2404,cu2404,66700.0,0.0,0.0,0.0,1,66670.0,66750.0,1,66700.0,66640.0,66910.0,66640.0,54.0,18049000.0,411
2023-05-10 14:27:40,cu2404,cu2404,66700.0,0.0,0.0,0.0,1,66670.0,66750.0,1,66700.0,66640.0,66910.0,66640.0,54.0,18049000.0,411
2023-05-10 14:27:48,cu2404,cu2404,66700.0,0.0,0.0,0.0,1,66670.0,66770.0,1,66700.0,66640.0,66910.0,66640.0,54.0,18049000.0,411
2023-05-10 14:27:49,cu2404,cu2404,66700.0,0.0,0.0,0.0,1,66670.0,66760.0,1,66700.0,66640.0,66910.0,66640.0,54.0,18049000.0,411
2023-05-10 14:27:49,cu2404,cu2404,66700.0,0.0,0.0,0.0,1,66670.0,66760.0,1,66700.0,66640.0,66910.0,66640.0,54.0,18049000.0,411
2023-05-10 14:27:53,cu2404,cu2404,66700.0,0.0,0.0,0.0,1,66670.0,66750.0,1,66700.0,66640.0,66910.0,66640.0,54.0,18049000.0,411
2023-05-10 14:27:54,cu2404,cu2404,66700.0,0.0,0.0,0.0,1,66670.0,66760.0,1,66700.0,66640.0,66910.0,66640.0,54.0,18049000.0,411
2023-05-10 14:27:54,cu2404,cu2404,66700.0,0.0,0.0,0.0,1,66670.0,66760.0,2,66700.0,66640.0,66910.0,66640.0,54.0,18049000.0,411
2023-05-10 14:28:05,cu2404,cu2404,66700.0,0.0,0.0,0.0,1,66670.0,66750.0,1,66700.0,66640.0,66910.0,66640.0,54.0,18049000.0,411
2023-05-10 14:28:05,cu2404,cu2404,66700.0,0.0,0.0,0.0,1,66670.0,66750.0,1,66700.0,66640.0,66910.0,66640.0,54.0,18049000.0,411
2023-05-10 14:28:06,cu2404,cu2404,66700.0,0.0,0.0,0.0,1,66660.0,66750.0,1,66700.0,66640.0,66910.0,66640.0,54.0,18049000.0,411
2023-05-10 14:28:06,cu2404,cu2404,66700.0,0.0,0.0,0.0,1,66660.0,66740.0,1,66700.0,66640.0,66910.0,66640.0,54.0,18049000.0,411
2023-05-10 14:28:07,cu2404,cu2404,66700.0,0.0,0.0,0.0,1,66660.0,66740.0,2,66700.0,66640.0,66910.0,66640.0,54.0,18049000.0,411
2023-05-10 14:28:07,cu2404,cu2404,66700.0,0.0,0.0,0.0,1,66660.0,66740.0,1,66700.0,66640.0,66910.0,66640.0,54.0,18049000.0,411
2023-05-10 14:28:09,cu2404,cu2404,66700.0,0.0,0.0,0.0,1,66660.0,66760.0,1,66700.0,66640.0,66910.0,66640.0,54.0,18049000.0,411
2023-05-10 14:28:09,cu2404,cu2404,66700.0,0.0,0.0,0.0,1,66660.0,66750.0,1,66700.0,66640.0,66910.0,66640.0,54.0,18049000.0,411
2023-05-10 14:28:10,cu2404,cu2404,66700.0,0.0,0.0,0.0,1,66660.0,66740.0,1,66700.0,66640.0,66910.0,66640.0,54.0,18049000.0,411
2023-05-10 14:28:10,cu2404,cu2404,66700.0,0.0,0.0,0.0,1,66660.0,66740.0,1,66700.0,66640.0,66910.0,66640.0,54.0,18049000.0,411
2023-05-10 14:28:12,cu2404,cu2404,66700.0,0.0,0.0,0.0,1,66660.0,66740.0,2,66700.0,66640.0,66910.0,66640.0,54.0,18049000.0,411
2023-05-10 14:28:27,cu2404,cu2404,66700.0,0.0,0.0,0.0,1,66660.0,66740.0,1,66700.0,66640.0,66910.0,66640.0,54.0,18049000.0,411
2023-05-10 14:28:34,cu2404,cu2404,66700.0,0.0,0.0,0.0,1,66660.0,66740.0,2,66700.0,66640.0,66910.0,66640.0,54.0,18049000.0,411
2023-05-10 14:29:18,cu2404,cu2404,66700.0,0.0,0.0,0.0,1,66660.0,66730.0,1,66700.0,66640.0,66910.0,66640.0,54.0,18049000.0,411
2023-05-10 14:29:18,cu2404,cu2404,66700.0,0.0,0.0,0.0,1,66660.0,66740.0,1,66700.0,66640.0,66910.0,66640.0,54.0,18049000.0,411
2023-05-10 14:29:19,cu2404,cu2404,66700.0,0.0,0.0,0.0,1,66660.0,66740.0,2,66700.0,66640.0,66910.0,66640.0,54.0,18049000.0,411
2023-05-10 14:29:19,cu2404,cu2404,66700.0,0.0,0.0,0.0,1,66650.0,66730.0,1,66700.0,66640.0,66910.0,66640.0,54.0,18049000.0,411
2023-05-10 14:29:41,cu2404,cu2404,66700.0,0.0,0.0,0.0,1,66650.0,66720.0,1,66700.0,66640.0,66910.0,66640.0,54.0,18049000.0,411
2023-05-10 14:29:41,cu2404,cu2404,66700.0,0.0,0.0,0.0,1,66650.0,66720.0,1,66700.0,66640.0,66910.0,66640.0,54.0,18049000.0,411
2023-05-10 14:29:42,cu2404,cu2404,66700.0,0.0,0.0,0.0,1,66650.0,66820.0,1,66700.0,66640.0,66910.0,66640.0,54.0,18049000.0,411
2023-05-10 14:29:42,cu2404,cu2404,66700.0,0.0,0.0,0.0,1,66650.0,66810.0,8,66700.0,66640.0,66910.0,66640.0,54.0,18049000.0,411
2023-05-10 14:29:43,cu2404,cu2404,66700.0,0.0,0.0,0.0,1,66650.0,66800.0,1,66700.0,66640.0,66910.0,66640.0,54.0,18049000.0,411
2023-05-10 14:29:44,cu2404,cu2404,66700.0,0.0,0.0,0.0,1,66650.0,66790.0,1,66700.0,66640.0,66910.0,66640.0,54.0,18049000.0,411
2023-05-10 14:29:44,cu2404,cu2404,66700.0,0.0,0.0,0.0,1,66650.0,66780.0,1,66700.0,66640.0,66910.0,66640.0,54.0,18049000.0,411
2023-05-10 14:29:45,cu2404,cu2404,66700.0,0.0,0.0,0.0,1,66650.0,66770.0,1,66700.0,66640.0,66910.0,66640.0,54.0,18049000.0,411
2023-05-10 14:29:45,cu2404,cu2404,66700.0,0.0,0.0,0.0,1,66650.0,66770.0,2,66700.0,66640.0,66910.0,66640.0,54.0,18049000.0,411
2023-05-10 14:29:46,cu2404,cu2404,66700.0,0.0,0.0,0.0,1,66650.0,66760.0,1,66700.0,66640.0,66910.0,66640.0,54.0,18049000.0,411
2023-05-10 14:29:46,cu2404,cu2404,66700.0,0.0,0.0,0.0,1,66650.0,66750.0,2,66700.0,66640.0,66910.0,66640.0,54.0,18049000.0,411
2023-05-10 14:29:47,cu2404,cu2404,66700.0,0.0,0.0,0.0,1,66650.0,66740.0,1,66700.0,66640.0,66910.0,66640.0,54.0,18049000.0,411
2023-05-10 14:29:47,cu2404,cu2404,66700.0,0.0,0.0,0.0,1,66650.0,66730.0,1,66700.0,66640.0,66910.0,66640.0,54.0,18049000.0,411
2023-05-10 14:30:03,cu2404,cu2404,66700.0,0.0,0.0,0.0,1,66660.0,66730.0,1,66700.0,66640.0,66910.0,66640.0,54.0,18049000.0,411
2023-05-10 14:30:04,cu2404,cu2404,66700.0,0.0,0.0,0.0,1,66650.0,66730.0,1,66700.0,66640.0,66910.0,66640.0,54.0,18049000.0,411
2023-05-10 14:30:13,cu2404,cu2404,66700.0,0.0,0.0,0.0,1,66660.0,66730.0,1,66700.0,66640.0,66910.0,66640.0,54.0,18049000.0,411
2023-05-10 14:30:13,cu2404,cu2404,66700.0,0.0,0.0,0.0,1,66660.0,66830.0,1,66700.0,66640.0,66910.0,66640.0,54.0,18049000.0,411
2023-05-10 14:30:14,cu2404,cu2404,66700.0,0.0,0.0,0.0,1,66660.0,66820.0,8,66700.0,66640.0,66910.0,66640.0,54.0,18049000.0,411
2023-05-10 14:30:18,cu2404,cu2404,66700.0,0.0,0.0,0.0,1,66650.0,66820.0,8,66700.0,66640.0,66910.0,66640.0,54.0,18049000.0,411
2023-05-10 14:30:30,cu2404,cu2404,66700.0,0.0,0.0,0.0,1,66650.0,66810.0,2,66700.0,66640.0,66910.0,66640.0,54.0,18049000.0,411
2023-05-10 14:30:30,cu2404,cu2404,66700.0,0.0,0.0,0.0,1,66660.0,66800.0,2,66700.0,66640.0,66910.0,66640.0,54.0,18049000.0,411
2023-05-10 14:30:31,cu2404,cu2404,66700.0,0.0,0.0,0.0,1,66650.0,66790.0,3,66700.0,66640.0,66910.0,66640.0,54.0,18049000.0,411
2023-05-10 14:30:31,cu2404,cu2404,66700.0,0.0,0.0,0.0,1,66660.0,66780.0,2,66700.0,66640.0,66910.0,66640.0,54.0,18049000.0,411
2023-05-10 14:30:32,cu2404,cu2404,66700.0,0.0,0.0,0.0,1,66660.0,66780.0,3,66700.0,66640.0,66910.0,66640.0,54.0,18049000.0,411
2023-05-10 14:30:33,cu2404,cu2404,66700.0,0.0,0.0,0.0,1,66660.0,66770.0,1,66700.0,66640.0,66910.0,66640.0,54.0,18049000.0,411
2023-05-10 14:30:33,cu2404,cu2404,66700.0,0.0,0.0,0.0,1,66660.0,66760.0,2,66700.0,66640.0,66910.0,66640.0,54.0,18049000.0,411
2023-05-10 14:30:34,cu2404,cu2404,66660.0,1.0,333300.0,1.0,1,66650.0,66760.0,2,66700.0,66640.0,66910.0,66640.0,55.0,18382300.0,412
2023-05-10 14:30:34,cu2404,cu2404,66660.0,0.0,0.0,0.0,1,66650.0,66760.0,3,66700.0,66640.0,66910.0,66640.0,55.0,18382300.0,412
2023-05-10 14:30:39,cu2404,cu2404,66660.0,0.0,0.0,0.0,2,66660.0,66760.0,3,66700.0,66640.0,66910.0,66640.0,55.0,18382300.0,412
2023-05-10 14:31:02,cu2404,cu2404,66660.0,0.0,0.0,0.0,2,66660.0,66760.0,2,66700.0,66640.0,66910.0,66640.0,55.0,18382300.0,412
2023-05-10 14:31:05,cu2404,cu2404,66660.0,0.0,0.0,0.0,2,66660.0,66760.0,3,66700.0,66640.0,66910.0,66640.0,55.0,18382300.0,412
2023-05-10 14:31:24,cu2404,cu2404,66660.0,0.0,0.0,0.0,1,66650.0,66760.0,3,66700.0,66640.0,66910.0,66640.0,55.0,18382300.0,412
2023-05-10 14:31:29,cu2404,cu2404,66660.0,0.0,0.0,0.0,1,66650.0,66760.0,3,66700.0,66640.0,66910.0,66640.0,55.0,18382300.0,412
2023-05-10 14:31:29,cu2404,cu2404,66660.0,0.0,0.0,0.0,1,66660.0,66760.0,2,66700.0,66640.0,66910.0,66640.0,55.0,18382300.0,412
2023-05-10 14:31:31,cu2404,cu2404,66660.0,0.0,0.0,0.0,1,66660.0,66760.0,3,66700.0,66640.0,66910.0,66640.0,55.0,18382300.0,412
2023-05-10 14:31:32,cu2404,cu2404,66660.0,0.0,0.0,0.0,1,66660.0,66760.0,3,66700.0,66640.0,66910.0,66640.0,55.0,18382300.0,412
2023-05-10 14:31:34,cu2404,cu2404,66660.0,0.0,0.0,0.0,1,66660.0,66760.0,2,66700.0,66640.0,66910.0,66640.0,55.0,18382300.0,412
2023-05-10 14:31:37,cu2404,cu2404,66660.0,0.0,0.0,0.0,1,66660.0,66760.0,3,66700.0,66640.0,66910.0,66640.0,55.0,18382300.0,412
2023-05-10 14:31:38,cu2404,cu2404,66660.0,0.0,0.0,0.0,1,66660.0,66760.0,2,66700.0,66640.0,66910.0,66640.0,55.0,18382300.0,412
2023-05-10 14:31:53,cu2404,cu2404,66660.0,0.0,0.0,0.0,1,66660.0,66760.0,3,66700.0,66640.0,66910.0,66640.0,55.0,18382300.0,412
2023-05-10 14:31:53,cu2404,cu2404,66660.0,0.0,0.0,0.0,1,66660.0,66760.0,2,66700.0,66640.0,66910.0,66640.0,55.0,18382300.0,412
2023-05-10 14:32:12,cu2404,cu2404,66660.0,0.0,0.0,0.0,1,66660.0,66760.0,3,66700.0,66640.0,66910.0,66640.0,55.0,18382300.0,412
2023-05-10 14:32:13,cu2404,cu2404,66660.0,0.0,0.0,0.0,1,66660.0,66760.0,2,66700.0,66640.0,66910.0,66640.0,55.0,18382300.0,412
2023-05-10 14:32:18,cu2404,cu2404,66660.0,0.0,0.0,0.0,1,66660.0,66760.0,3,66700.0,66640.0,66910.0,66640.0,55.0,18382300.0,412
2023-05-10 14:32:19,cu2404,cu2404,66660.0,0.0,0.0,0.0,1,66660.0,66760.0,2,66700.0,66640.0,66910.0,66640.0,55.0,18382300.0,412
2023-05-10 14:33:03,cu2404,cu2404,66660.0,0.0,0.0,0.0,1,66660.0,66760.0,3,66700.0,66640.0,66910.0,66640.0,55.0,18382300.0,412
2023-05-10 14:33:05,cu2404,cu2404,66660.0,0.0,0.0,0.0,1,66660.0,66760.0,2,66700.0,66640.0,66910.0,66640.0,55.0,18382300.0,412
2023-05-10 14:33:08,cu2404,cu2404,66660.0,0.0,0.0,0.0,1,66650.0,66760.0,2,66700.0,66640.0,66910.0,66640.0,55.0,18382300.0,412
2023-05-10 14:33:22,cu2404,cu2404,66660.0,0.0,0.0,0.0,1,66650.0,66750.0,1,66700.0,66640.0,66910.0,66640.0,55.0,18382300.0,412
2023-05-10 14:33:23,cu2404,cu2404,66660.0,0.0,0.0,0.0,1,66650.0,66740.0,1,66700.0,66640.0,66910.0,66640.0,55.0,18382300.0,412
2023-05-10 14:33:23,cu2404,cu2404,66660.0,0.0,0.0,0.0,1,66650.0,66740.0,1,66700.0,66640.0,66910.0,66640.0,55.0,18382300.0,412
2023-05-10 14:34:17,cu2404,cu2404,66660.0,0.0,0.0,0.0,1,66650.0,66830.0,1,66700.0,66640.0,66910.0,66640.0,55.0,18382300.0,412
2023-05-10 14:34:17,cu2404,cu2404,66660.0,0.0,0.0,0.0,1,66660.0,66760.0,1,66700.0,66640.0,66910.0,66640.0,55.0,18382300.0,412
2023-05-10 14:34:18,cu2404,cu2404,66660.0,0.0,0.0,0.0,1,66660.0,66760.0,1,66700.0,66640.0,66910.0,66640.0,55.0,18382300.0,412
2023-05-10 14:34:18,cu2404,cu2404,66660.0,0.0,0.0,0.0,2,66670.0,66760.0,1,66700.0,66640.0,66910.0,66640.0,55.0,18382300.0,412
2023-05-10 14:34:20,cu2404,cu2404,66660.0,0.0,0.0,0.0,2,66670.0,66760.0,1,66700.0,66640.0,66910.0,66640.0,55.0,18382300.0,412
2023-05-10 14:34:20,cu2404,cu2404,66660.0,0.0,0.0,0.0,2,66670.0,66760.0,1,66700.0,66640.0,66910.0,66640.0,55.0,18382300.0,412
2023-05-10 14:34:21,cu2404,cu2404,66660.0,0.0,0.0,0.0,1,66660.0,66760.0,1,66700.0,66640.0,66910.0,66640.0,55.0,18382300.0,412
2023-05-10 14:34:29,cu2404,cu2404,66660.0,0.0,0.0,0.0,1,66660.0,66820.0,1,66700.0,66640.0,66910.0,66640.0,55.0,18382300.0,412
2023-05-10 14:34:30,cu2404,cu2404,66660.0,0.0,0.0,0.0,1,66660.0,66810.0,4,66700.0,66640.0,66910.0,66640.0,55.0,18382300.0,412
2023-05-10 14:34:30,cu2404,cu2404,66660.0,0.0,0.0,0.0,3,66660.0,66800.0,1,66700.0,66640.0,66910.0,66640.0,55.0,18382300.0,412
2023-05-10 14:34:31,cu2404,cu2404,66660.0,0.0,0.0,0.0,3,66660.0,66790.0,1,66700.0,66640.0,66910.0,66640.0,55.0,18382300.0,412
2023-05-10 14:34:31,cu2404,cu2404,66660.0,0.0,0.0,0.0,3,66660.0,66780.0,1,66700.0,66640.0,66910.0,66640.0,55.0,18382300.0,412
2023-05-10 14:34:32,cu2404,cu2404,66660.0,0.0,0.0,0.0,3,66660.0,66780.0,1,66700.0,66640.0,66910.0,66640.0,55.0,18382300.0,412
2023-05-10 14:34:32,cu2404,cu2404,66660.0,0.0,0.0,0.0,3,66660.0,66780.0,1,66700.0,66640.0,66910.0,66640.0,55.0,18382300.0,412
2023-05-10 14:34:33,cu2404,cu2404,66660.0,0.0,0.0,0.0,3,66660.0,66790.0,1,66700.0,66640.0,66910.0,66640.0,55.0,18382300.0,412
2023-05-10 14:34:34,cu2404,cu2404,66660.0,0.0,0.0,0.0,3,66660.0,66790.0,2,66700.0,66640.0,66910.0,66640.0,55.0,18382300.0,412
2023-05-10 14:34:34,cu2404,cu2404,66660.0,0.0,0.0,0.0,3,66660.0,66790.0,3,66700.0,66640.0,66910.0,66640.0,55.0,18382300.0,412
2023-05-10 14:34:37,cu2404,cu2404,66660.0,0.0,0.0,0.0,1,66650.0,66790.0,2,66700.0,66640.0,66910.0,66640.0,55.0,18382300.0,412
2023-05-10 14:34:37,cu2404,cu2404,66660.0,0.0,0.0,0.0,1,66670.0,66790.0,1,66700.0,66640.0,66910.0,66640.0,55.0,18382300.0,412
2023-05-10 14:34:38,cu2404,cu2404,66660.0,0.0,0.0,0.0,1,66670.0,66790.0,1,66700.0,66640.0,66910.0,66640.0,55.0,18382300.0,412
2023-05-10 14:34:40,cu2404,cu2404,66660.0,0.0,0.0,0.0,1,66670.0,66790.0,1,66700.0,66640.0,66910.0,66640.0,55.0,18382300.0,412
2023-05-10 14:34:40,cu2404,cu2404,66660.0,0.0,0.0,0.0,3,66670.0,66790.0,1,66700.0,66640.0,66910.0,66640.0,55.0,18382300.0,412
2023-05-10 14:34:47,cu2404,cu2404,66660.0,0.0,0.0,0.0,3,66670.0,66790.0,2,66700.0,66640.0,66910.0,66640.0,55.0,18382300.0,412
2023-05-10 14:34:47,cu2404,cu2404,66660.0,0.0,0.0,0.0,3,66670.0,66790.0,1,66700.0,66640.0,66910.0,66640.0,55.0,18382300.0,412
2023-05-10 14:34:49,cu2404,cu2404,66660.0,0.0,0.0,0.0,4,66670.0,66790.0,1,66700.0,66640.0,66910.0,66640.0,55.0,18382300.0,412
2023-05-10 14:35:42,cu2404,cu2404,66660.0,0.0,0.0,0.0,4,66670.0,66790.0,2,66700.0,66640.0,66910.0,66640.0,55.0,18382300.0,412
2023-05-10 14:35:42,cu2404,cu2404,66660.0,0.0,0.0,0.0,4,66670.0,66790.0,1,66700.0,66640.0,66910.0,66640.0,55.0,18382300.0,412
2023-05-10 14:35:44,cu2404,cu2404,66660.0,0.0,0.0,0.0,2,66670.0,66790.0,1,66700.0,66640.0,66910.0,66640.0,55.0,18382300.0,412
2023-05-10 14:35:45,cu2404,cu2404,66660.0,0.0,0.0,0.0,2,66680.0,66790.0,1,66700.0,66640.0,66910.0,66640.0,55.0,18382300.0,412
2023-05-10 14:35:45,cu2404,cu2404,66660.0,0.0,0.0,0.0,2,66680.0,66790.0,1,66700.0,66640.0,66910.0,66640.0,55.0,18382300.0,412
2023-05-10 14:35:46,cu2404,cu2404,66660.0,0.0,0.0,0.0,2,66680.0,66860.0,1,66700.0,66640.0,66910.0,66640.0,55.0,18382300.0,412
2023-05-10 14:35:46,cu2404,cu2404,66660.0,0.0,0.0,0.0,3,66680.0,66850.0,5,66700.0,66640.0,66910.0,66640.0,55.0,18382300.0,412
2023-05-10 14:35:47,cu2404,cu2404,66660.0,0.0,0.0,0.0,3,66680.0,66850.0,5,66700.0,66640.0,66910.0,66640.0,55.0,18382300.0,412
2023-05-10 14:35:47,cu2404,cu2404,66660.0,0.0,0.0,0.0,3,66680.0,66840.0,1,66700.0,66640.0,66910.0,66640.0,55.0,18382300.0,412
2023-05-10 14:35:48,cu2404,cu2404,66660.0,0.0,0.0,0.0,3,66680.0,66830.0,1,66700.0,66640.0,66910.0,66640.0,55.0,18382300.0,412
2023-05-10 14:35:48,cu2404,cu2404,66660.0,0.0,0.0,0.0,2,66680.0,66820.0,1,66700.0,66640.0,66910.0,66640.0,55.0,18382300.0,412
2023-05-10 14:35:49,cu2404,cu2404,66660.0,0.0,0.0,0.0,2,66680.0,66810.0,1,66700.0,66640.0,66910.0,66640.0,55.0,18382300.0,412
2023-05-10 14:35:49,cu2404,cu2404,66660.0,0.0,0.0,0.0,2,66680.0,66800.0,1,66700.0,66640.0,66910.0,66640.0,55.0,18382300.0,412
2023-05-10 14:35:50,cu2404,cu2404,66660.0,0.0,0.0,0.0,2,66680.0,66800.0,1,66700.0,66640.0,66910.0,66640.0,55.0,18382300.0,412
2023-05-10 14:35:52,cu2404,cu2404,66660.0,0.0,0.0,0.0,2,66680.0,66810.0,1,66700.0,66640.0,66910.0,66640.0,55.0,18382300.0,412
2023-05-10 14:35:53,cu2404,cu2404,66660.0,0.0,0.0,0.0,2,66680.0,66810.0,2,66700.0,66640.0,66910.0,66640.0,55.0,18382300.0,412
2023-05-10 14:36:15,cu2404,cu2404,66660.0,0.0,0.0,0.0,3,66680.0,66810.0,2,66700.0,66640.0,66910.0,66640.0,55.0,18382300.0,412
2023-05-10 14:36:15,cu2404,cu2404,66660.0,0.0,0.0,0.0,2,66680.0,66810.0,2,66700.0,66640.0,66910.0,66640.0,55.0,18382300.0,412
2023-05-10 14:36:21,cu2404,cu2404,66660.0,0.0,0.0,0.0,2,66680.0,66810.0,2,66700.0,66640.0,66910.0,66640.0,55.0,18382300.0,412
2023-05-10 14:36:21,cu2404,cu2404,66660.0,0.0,0.0,0.0,2,66680.0,66810.0,5,66700.0,66640.0,66910.0,66640.0,55.0,18382300.0,412
2023-05-10 14:36:28,cu2404,cu2404,66660.0,0.0,0.0,0.0,2,66680.0,66810.0,3,66700.0,66640.0,66910.0,66640.0,55.0,18382300.0,412
2023-05-10 14:36:31,cu2404,cu2404,66660.0,0.0,0.0,0.0,2,66680.0,66810.0,2,66700.0,66640.0,66910.0,66640.0,55.0,18382300.0,412
2023-05-10 14:36:37,cu2404,cu2404,66660.0,0.0,0.0,0.0,3,66680.0,66810.0,2,66700.0,66640.0,66910.0,66640.0,55.0,18382300.0,412
2023-05-10 14:36:42,cu2404,cu2404,66660.0,0.0,0.0,0.0,3,66680.0,66810.0,3,66700.0,66640.0,66910.0,66640.0,55.0,18382300.0,412
2023-05-10 14:36:45,cu2404,cu2404,66660.0,0.0,0.0,0.0,3,66680.0,66810.0,2,66700.0,66640.0,66910.0,66640.0,55.0,18382300.0,412
2023-05-10 14:36:46,cu2404,cu2404,66660.0,0.0,0.0,0.0,3,66680.0,66810.0,3,66700.0,66640.0,66910.0,66640.0,55.0,18382300.0,412
2023-05-10 14:36:49,cu2404,cu2404,66660.0,0.0,0.0,0.0,3,66680.0,66810.0,2,66700.0,66640.0,66910.0,66640.0,55.0,18382300.0,412
2023-05-10 14:37:00,cu2404,cu2404,66660.0,0.0,0.0,0.0,2,66680.0,66810.0,2,66700.0,66640.0,66910.0,66640.0,55.0,18382300.0,412
2023-05-10 14:37:01,cu2404,cu2404,66660.0,0.0,0.0,0.0,2,66680.0,66810.0,4,66700.0,66640.0,66910.0,66640.0,55.0,18382300.0,412
2023-05-10 14:37:01,cu2404,cu2404,66660.0,0.0,0.0,0.0,3,66680.0,66810.0,4,66700.0,66640.0,66910.0,66640.0,55.0,18382300.0,412
2023-05-10 14:37:04,cu2404,cu2404,66660.0,0.0,0.0,0.0,2,66680.0,66810.0,2,66700.0,66640.0,66910.0,66640.0,55.0,18382300.0,412
2023-05-10 14:37:12,cu2404,cu2404,66660.0,0.0,0.0,0.0,2,66680.0,66810.0,3,66700.0,66640.0,66910.0,66640.0,55.0,18382300.0,412
2023-05-10 14:37:12,cu2404,cu2404,66660.0,0.0,0.0,0.0,2,66680.0,66810.0,2,66700.0,66640.0,66910.0,66640.0,55.0,18382300.0,412
2023-05-10 14:37:17,cu2404,cu2404,66660.0,0.0,0.0,0.0,3,66680.0,66810.0,2,66700.0,66640.0,66910.0,66640.0,55.0,18382300.0,412
2023-05-10 14:37:18,cu2404,cu2404,66660.0,0.0,0.0,0.0,2,66680.0,66810.0,2,66700.0,66640.0,66910.0,66640.0,55.0,18382300.0,412
2023-05-10 14:37:24,cu2404,cu2404,66660.0,0.0,0.0,0.0,2,66680.0,66810.0,3,66700.0,66640.0,66910.0,66640.0,55.0,18382300.0,412
2023-05-10 14:37:25,cu2404,cu2404,66660.0,0.0,0.0,0.0,2,66680.0,66810.0,4,66700.0,66640.0,66910.0,66640.0,55.0,18382300.0,412
2023-05-10 14:37:27,cu2404,cu2404,66660.0,0.0,0.0,0.0,2,66680.0,66810.0,5,66700.0,66640.0,66910.0,66640.0,55.0,18382300.0,412
2023-05-10 14:37:29,cu2404,cu2404,66660.0,0.0,0.0,0.0,2,66680.0,66810.0,4,66700.0,66640.0,66910.0,66640.0,55.0,18382300.0,412
2023-05-10 14:37:30,cu2404,cu2404,66660.0,0.0,0.0,0.0,2,66680.0,66810.0,5,66700.0,66640.0,66910.0,66640.0,55.0,18382300.0,412
2023-05-10 14:37:35,cu2404,cu2404,66660.0,0.0,0.0,0.0,2,66680.0,66810.0,5,66700.0,66640.0,66910.0,66640.0,55.0,18382300.0,412
2023-05-10 14:38:25,cu2404,cu2404,66660.0,0.0,0.0,0.0,3,66680.0,66810.0,5,66700.0,66640.0,66910.0,66640.0,55.0,18382300.0,412
2023-05-10 14:38:26,cu2404,cu2404,66660.0,0.0,0.0,0.0,2,66680.0,66810.0,5,66700.0,66640.0,66910.0,66640.0,55.0,18382300.0,412
2023-05-10 14:38:30,cu2404,cu2404,66660.0,0.0,0.0,0.0,1,66670.0,66800.0,1,66700.0,66640.0,66910.0,66640.0,55.0,18382300.0,412
2023-05-10 14:38:31,cu2404,cu2404,66660.0,0.0,0.0,0.0,3,66670.0,66790.0,1,66700.0,66640.0,66910.0,66640.0,55.0,18382300.0,412
2023-05-10 14:38:31,cu2404,cu2404,66660.0,0.0,0.0,0.0,3,66670.0,66780.0,1,66700.0,66640.0,66910.0,66640.0,55.0,18382300.0,412
2023-05-10 14:38:32,cu2404,cu2404,66660.0,0.0,0.0,0.0,3,66670.0,66770.0,1,66700.0,66640.0,66910.0,66640.0,55.0,18382300.0,412
2023-05-10 14:38:32,cu2404,cu2404,66660.0,0.0,0.0,0.0,3,66670.0,66770.0,1,66700.0,66640.0,66910.0,66640.0,55.0,18382300.0,412
2023-05-10 14:38:33,cu2404,cu2404,66660.0,0.0,0.0,0.0,3,66670.0,66790.0,2,66700.0,66640.0,66910.0,66640.0,55.0,18382300.0,412
2023-05-10 14:38:33,cu2404,cu2404,66660.0,0.0,0.0,0.0,3,66670.0,66790.0,3,66700.0,66640.0,66910.0,66640.0,55.0,18382300.0,412
2023-05-10 14:38:34,cu2404,cu2404,66660.0,0.0,0.0,0.0,3,66670.0,66780.0,1,66700.0,66640.0,66910.0,66640.0,55.0,18382300.0,412
2023-05-10 14:38:35,cu2404,cu2404,66660.0,0.0,0.0,0.0,3,66670.0,66790.0,1,66700.0,66640.0,66910.0,66640.0,55.0,18382300.0,412
2023-05-10 14:38:45,cu2404,cu2404,66660.0,0.0,0.0,0.0,3,66670.0,66800.0,1,66700.0,66640.0,66910.0,66640.0,55.0,18382300.0,412
2023-05-10 14:38:45,cu2404,cu2404,66660.0,0.0,0.0,0.0,1,66670.0,66800.0,2,66700.0,66640.0,66910.0,66640.0,55.0,18382300.0,412
2023-05-10 14:38:46,cu2404,cu2404,66660.0,0.0,0.0,0.0,3,66670.0,66800.0,4,66700.0,66640.0,66910.0,66640.0,55.0,18382300.0,412
2023-05-10 14:38:48,cu2404,cu2404,66660.0,0.0,0.0,0.0,3,66670.0,66800.0,2,66700.0,66640.0,66910.0,66640.0,55.0,18382300.0,412
2023-05-10 14:38:52,cu2404,cu2404,66660.0,0.0,0.0,0.0,1,66670.0,66800.0,2,66700.0,66640.0,66910.0,66640.0,55.0,18382300.0,412
2023-05-10 14:38:53,cu2404,cu2404,66660.0,0.0,0.0,0.0,2,66680.0,66800.0,1,66700.0,66640.0,66910.0,66640.0,55.0,18382300.0,412
2023-05-10 14:38:53,cu2404,cu2404,66660.0,0.0,0.0,0.0,2,66680.0,66860.0,1,66700.0,66640.0,66910.0,66640.0,55.0,18382300.0,412
2023-05-10 14:38:54,cu2404,cu2404,66660.0,0.0,0.0,0.0,2,66680.0,66850.0,4,66700.0,66640.0,66910.0,66640.0,55.0,18382300.0,412
2023-05-10 14:38:54,cu2404,cu2404,66660.0,0.0,0.0,0.0,2,66680.0,66840.0,3,66700.0,66640.0,66910.0,66640.0,55.0,18382300.0,412
2023-05-10 14:38:55,cu2404,cu2404,66660.0,0.0,0.0,0.0,2,66680.0,66830.0,1,66700.0,66640.0,66910.0,66640.0,55.0,18382300.0,412
2023-05-10 14:38:55,cu2404,cu2404,66660.0,0.0,0.0,0.0,2,66680.0,66820.0,1,66700.0,66640.0,66910.0,66640.0,55.0,18382300.0,412
2023-05-10 14:38:56,cu2404,cu2404,66660.0,0.0,0.0,0.0,2,66680.0,66810.0,2,66700.0,66640.0,66910.0,66640.0,55.0,18382300.0,412
2023-05-10 14:38:56,cu2404,cu2404,66660.0,0.0,0.0,0.0,2,66680.0,66810.0,2,66700.0,66640.0,66910.0,66640.0,55.0,18382300.0,412
2023-05-10 14:38:57,cu2404,cu2404,66660.0,0.0,0.0,0.0,2,66680.0,66810.0,2,66700.0,66640.0,66910.0,66640.0,55.0,18382300.0,412
2023-05-10 14:39:13,cu2404,cu2404,66660.0,0.0,0.0,0.0,3,66680.0,66810.0,2,66700.0,66640.0,66910.0,66640.0,55.0,18382300.0,412
2023-05-10 14:39:14,cu2404,cu2404,66660.0,0.0,0.0,0.0,2,66680.0,66810.0,2,66700.0,66640.0,66910.0,66640.0,55.0,18382300.0,412
2023-05-10 14:39:30,cu2404,cu2404,66660.0,0.0,0.0,0.0,2,66680.0,66810.0,4,66700.0,66640.0,66910.0,66640.0,55.0,18382300.0,412
2023-05-10 14:39:31,cu2404,cu2404,66660.0,0.0,0.0,0.0,1,66670.0,66810.0,5,66700.0,66640.0,66910.0,66640.0,55.0,18382300.0,412
2023-05-10 14:39:31,cu2404,cu2404,66660.0,0.0,0.0,0.0,3,66670.0,66810.0,4,66700.0,66640.0,66910.0,66640.0,55.0,18382300.0,412
2023-05-10 14:39:33,cu2404,cu2404,66660.0,0.0,0.0,0.0,4,66670.0,66810.0,5,66700.0,66640.0,66910.0,66640.0,55.0,18382300.0,412
2023-05-10 14:39:37,cu2404,cu2404,66660.0,0.0,0.0,0.0,3,66670.0,66810.0,5,66700.0,66640.0,66910.0,66640.0,55.0,18382300.0,412
2023-05-10 14:39:38,cu2404,cu2404,66660.0,0.0,0.0,0.0,3,66670.0,66810.0,6,66700.0,66640.0,66910.0,66640.0,55.0,18382300.0,412
2023-05-10 14:39:42,cu2404,cu2404,66660.0,0.0,0.0,0.0,1,66670.0,66810.0,6,66700.0,66640.0,66910.0,66640.0,55.0,18382300.0,412
2023-05-10 14:39:43,cu2404,cu2404,66660.0,0.0,0.0,0.0,2,66680.0,66810.0,5,66700.0,66640.0,66910.0,66640.0,55.0,18382300.0,412
2023-05-10 14:39:47,cu2404,cu2404,66660.0,0.0,0.0,0.0,2,66680.0,66810.0,3,66700.0,66640.0,66910.0,66640.0,55.0,18382300.0,412
2023-05-10 14:39:53,cu2404,cu2404,66660.0,0.0,0.0,0.0,2,66680.0,66810.0,5,66700.0,66640.0,66910.0,66640.0,55.0,18382300.0,412
2023-05-10 14:39:57,cu2404,cu2404,66660.0,0.0,0.0,0.0,2,66680.0,66810.0,3,66700.0,66640.0,66910.0,66640.0,55.0,18382300.0,412
2023-05-10 14:39:58,cu2404,cu2404,66660.0,0.0,0.0,0.0,2,66680.0,66810.0,5,66700.0,66640.0,66910.0,66640.0,55.0,18382300.0,412
2023-05-10 14:39:58,cu2404,cu2404,66660.0,0.0,0.0,0.0,2,66680.0,66810.0,6,66700.0,66640.0,66910.0,66640.0,55.0,18382300.0,412
2023-05-10 14:39:59,cu2404,cu2404,66660.0,0.0,0.0,0.0,1,66670.0,66810.0,6,66700.0,66640.0,66910.0,66640.0,55.0,18382300.0,412
2023-05-10 14:39:59,cu2404,cu2404,66660.0,0.0,0.0,0.0,3,66670.0,66810.0,5,66700.0,66640.0,66910.0,66640.0,55.0,18382300.0,412
2023-05-10 14:40:00,cu2404,cu2404,66660.0,0.0,0.0,0.0,3,66670.0,66810.0,6,66700.0,66640.0,66910.0,66640.0,55.0,18382300.0,412
2023-05-10 14:40:00,cu2404,cu2404,66660.0,0.0,0.0,0.0,3,66670.0,66810.0,5,66700.0,66640.0,66910.0,66640.0,55.0,18382300.0,412
2023-05-10 14:40:03,cu2404,cu2404,66660.0,0.0,0.0,0.0,3,66670.0,66800.0,2,66700.0,66640.0,66910.0,66640.0,55.0,18382300.0,412
2023-05-10 14:40:03,cu2404,cu2404,66660.0,0.0,0.0,0.0,3,66670.0,66790.0,1,66700.0,66640.0,66910.0,66640.0,55.0,18382300.0,412
2023-05-10 14:40:04,cu2404,cu2404,66660.0,0.0,0.0,0.0,3,66670.0,66790.0,1,66700.0,66640.0,66910.0,66640.0,55.0,18382300.0,412
2023-05-10 14:40:05,cu2404,cu2404,66660.0,0.0,0.0,0.0,3,66670.0,66800.0,1,66700.0,66640.0,66910.0,66640.0,55.0,18382300.0,412
2023-05-10 14:40:07,cu2404,cu2404,66660.0,0.0,0.0,0.0,3,66670.0,66800.0,2,66700.0,66640.0,66910.0,66640.0,55.0,18382300.0,412
2023-05-10 14:40:07,cu2404,cu2404,66660.0,0.0,0.0,0.0,3,66670.0,66800.0,2,66700.0,66640.0,66910.0,66640.0,55.0,18382300.0,412
2023-05-10 14:40:08,cu2404,cu2404,66660.0,0.0,0.0,0.0,3,66670.0,66800.0,5,66700.0,66640.0,66910.0,66640.0,55.0,18382300.0,412
2023-05-10 14:40:08,cu2404,cu2404,66660.0,0.0,0.0,0.0,1,66670.0,66800.0,4,66700.0,66640.0,66910.0,66640.0,55.0,18382300.0,412
2023-05-10 14:40:09,cu2404,cu2404,66660.0,0.0,0.0,0.0,3,66670.0,66800.0,4,66700.0,66640.0,66910.0,66640.0,55.0,18382300.0,412
2023-05-10 14:40:09,cu2404,cu2404,66660.0,0.0,0.0,0.0,3,66670.0,66800.0,6,66700.0,66640.0,66910.0,66640.0,55.0,18382300.0,412
2023-05-10 14:40:14,cu2404,cu2404,66660.0,0.0,0.0,0.0,3,66670.0,66800.0,4,66700.0,66640.0,66910.0,66640.0,55.0,18382300.0,412
2023-05-10 14:40:15,cu2404,cu2404,66660.0,0.0,0.0,0.0,3,66670.0,66800.0,3,66700.0,66640.0,66910.0,66640.0,55.0,18382300.0,412
2023-05-10 14:40:21,cu2404,cu2404,66660.0,0.0,0.0,0.0,3,66670.0,66800.0,2,66700.0,66640.0,66910.0,66640.0,55.0,18382300.0,412
2023-05-10 14:40:22,cu2404,cu2404,66660.0,0.0,0.0,0.0,1,66670.0,66800.0,2,66700.0,66640.0,66910.0,66640.0,55.0,18382300.0,412
2023-05-10 14:40:23,cu2404,cu2404,66660.0,0.0,0.0,0.0,2,66680.0,66800.0,2,66700.0,66640.0,66910.0,66640.0,55.0,18382300.0,412
2023-05-10 14:40:23,cu2404,cu2404,66660.0,0.0,0.0,0.0,2,66680.0,66800.0,4,66700.0,66640.0,66910.0,66640.0,55.0,18382300.0,412
2023-05-10 14:40:26,cu2404,cu2404,66660.0,0.0,0.0,0.0,1,66670.0,66800.0,2,66700.0,66640.0,66910.0,66640.0,55.0,18382300.0,412
2023-05-10 14:40:27,cu2404,cu2404,66660.0,0.0,0.0,0.0,3,66670.0,66800.0,2,66700.0,66640.0,66910.0,66640.0,55.0,18382300.0,412
2023-05-10 14:40:30,cu2404,cu2404,66660.0,0.0,0.0,0.0,4,66670.0,66800.0,2,66700.0,66640.0,66910.0,66640.0,55.0,18382300.0,412
2023-05-10 14:40:32,cu2404,cu2404,66660.0,0.0,0.0,0.0,2,66670.0,66800.0,2,66700.0,66640.0,66910.0,66640.0,55.0,18382300.0,412
2023-05-10 14:40:33,cu2404,cu2404,66660.0,0.0,0.0,0.0,2,66680.0,66800.0,2,66700.0,66640.0,66910.0,66640.0,55.0,18382300.0,412
2023-05-10 14:40:33,cu2404,cu2404,66660.0,0.0,0.0,0.0,2,66680.0,66800.0,2,66700.0,66640.0,66910.0,66640.0,55.0,18382300.0,412
2023-05-10 14:40:47,cu2404,cu2404,66660.0,0.0,0.0,0.0,2,66680.0,66800.0,1,66700.0,66640.0,66910.0,66640.0,55.0,18382300.0,412
2023-05-10 14:40:51,cu2404,cu2404,66660.0,0.0,0.0,0.0,2,66680.0,66860.0,1,66700.0,66640.0,66910.0,66640.0,55.0,18382300.0,412
2023-05-10 14:40:51,cu2404,cu2404,66660.0,0.0,0.0,0.0,1,66690.0,66850.0,6,66700.0,66640.0,66910.0,66640.0,55.0,18382300.0,412
2023-05-10 14:40:52,cu2404,cu2404,66660.0,0.0,0.0,0.0,1,66690.0,66840.0,1,66700.0,66640.0,66910.0,66640.0,55.0,18382300.0,412
2023-05-10 14:40:52,cu2404,cu2404,66660.0,0.0,0.0,0.0,3,66690.0,66830.0,1,66700.0,66640.0,66910.0,66640.0,55.0,18382300.0,412
2023-05-10 14:40:53,cu2404,cu2404,66660.0,0.0,0.0,0.0,3,66690.0,66820.0,2,66700.0,66640.0,66910.0,66640.0,55.0,18382300.0,412
2023-05-10 14:40:53,cu2404,cu2404,66660.0,0.0,0.0,0.0,3,66690.0,66820.0,3,66700.0,66640.0,66910.0,66640.0,55.0,18382300.0,412
2023-05-10 14:40:54,cu2404,cu2404,66660.0,0.0,0.0,0.0,3,66690.0,66820.0,3,66700.0,66640.0,66910.0,66640.0,55.0,18382300.0,412
2023-05-10 14:41:00,cu2404,cu2404,66660.0,0.0,0.0,0.0,3,66690.0,66820.0,5,66700.0,66640.0,66910.0,66640.0,55.0,18382300.0,412
2023-05-10 14:41:07,cu2404,cu2404,66660.0,0.0,0.0,0.0,1,66690.0,66820.0,3,66700.0,66640.0,66910.0,66640.0,55.0,18382300.0,412
2023-05-10 14:41:07,cu2404,cu2404,66660.0,0.0,0.0,0.0,1,66690.0,66810.0,2,66700.0,66640.0,66910.0,66640.0,55.0,18382300.0,412
2023-05-10 14:41:08,cu2404,cu2404,66660.0,0.0,0.0,0.0,1,66690.0,66800.0,1,66700.0,66640.0,66910.0,66640.0,55.0,18382300.0,412
2023-05-10 14:41:11,cu2404,cu2404,66660.0,0.0,0.0,0.0,3,66690.0,66800.0,1,66700.0,66640.0,66910.0,66640.0,55.0,18382300.0,412
2023-05-10 14:41:11,cu2404,cu2404,66660.0,0.0,0.0,0.0,3,66690.0,66810.0,1,66700.0,66640.0,66910.0,66640.0,55.0,18382300.0,412
2023-05-10 14:41:12,cu2404,cu2404,66660.0,0.0,0.0,0.0,3,66690.0,66810.0,2,66700.0,66640.0,66910.0,66640.0,55.0,18382300.0,412
2023-05-10 14:41:15,cu2404,cu2404,66660.0,0.0,0.0,0.0,1,66690.0,66810.0,2,66700.0,66640.0,66910.0,66640.0,55.0,18382300.0,412
2023-05-10 14:41:16,cu2404,cu2404,66660.0,0.0,0.0,0.0,1,66690.0,66810.0,4,66700.0,66640.0,66910.0,66640.0,55.0,18382300.0,412
2023-05-10 14:41:16,cu2404,cu2404,66660.0,0.0,0.0,0.0,3,66690.0,66810.0,4,66700.0,66640.0,66910.0,66640.0,55.0,18382300.0,412
2023-05-10 14:41:21,cu2404,cu2404,66660.0,0.0,0.0,0.0,1,66690.0,66810.0,2,66700.0,66640.0,66910.0,66640.0,55.0,18382300.0,412
2023-05-10 14:41:30,cu2404,cu2404,66660.0,0.0,0.0,0.0,3,66690.0,66810.0,2,66700.0,66640.0,66910.0,66640.0,55.0,18382300.0,412
2023-05-10 14:41:41,cu2404,cu2404,66660.0,0.0,0.0,0.0,3,66690.0,66810.0,3,66700.0,66640.0,66910.0,66640.0,55.0,18382300.0,412
2023-05-10 14:41:42,cu2404,cu2404,66660.0,0.0,0.0,0.0,1,66690.0,66810.0,2,66700.0,66640.0,66910.0,66640.0,55.0,18382300.0,412
2023-05-10 14:41:43,cu2404,cu2404,66660.0,0.0,0.0,0.0,1,66690.0,66810.0,3,66700.0,66640.0,66910.0,66640.0,55.0,18382300.0,412
2023-05-10 14:41:44,cu2404,cu2404,66660.0,0.0,0.0,0.0,1,66650.0,66800.0,1,66700.0,66640.0,66910.0,66640.0,55.0,18382300.0,412
2023-05-10 14:41:44,cu2404,cu2404,66660.0,0.0,0.0,0.0,2,66660.0,66800.0,1,66700.0,66640.0,66910.0,66640.0,55.0,18382300.0,412
2023-05-10 14:41:45,cu2404,cu2404,66660.0,0.0,0.0,0.0,1,66670.0,66790.0,1,66700.0,66640.0,66910.0,66640.0,55.0,18382300.0,412
2023-05-10 14:41:47,cu2404,cu2404,66660.0,0.0,0.0,0.0,1,66670.0,66790.0,1,66700.0,66640.0,66910.0,66640.0,55.0,18382300.0,412
2023-05-10 14:41:47,cu2404,cu2404,66660.0,0.0,0.0,0.0,2,66680.0,66790.0,1,66700.0,66640.0,66910.0,66640.0,55.0,18382300.0,412
2023-05-10 14:41:48,cu2404,cu2404,66660.0,0.0,0.0,0.0,2,66680.0,66790.0,1,66700.0,66640.0,66910.0,66640.0,55.0,18382300.0,412
2023-05-10 14:41:53,cu2404,cu2404,66660.0,0.0,0.0,0.0,2,66680.0,66790.0,1,66700.0,66640.0,66910.0,66640.0,55.0,18382300.0,412
2023-05-10 14:41:56,cu2404,cu2404,66660.0,0.0,0.0,0.0,2,66680.0,66790.0,1,66700.0,66640.0,66910.0,66640.0,55.0,18382300.0,412
2023-05-10 14:41:58,cu2404,cu2404,66660.0,0.0,0.0,0.0,1,66650.0,66790.0,1,66700.0,66640.0,66910.0,66640.0,55.0,18382300.0,412
2023-05-10 14:41:59,cu2404,cu2404,66660.0,0.0,0.0,0.0,2,66660.0,66790.0,1,66700.0,66640.0,66910.0,66640.0,55.0,18382300.0,412
2023-05-10 14:41:59,cu2404,cu2404,66660.0,0.0,0.0,0.0,6,66660.0,66790.0,1,66700.0,66640.0,66910.0,66640.0,55.0,18382300.0,412
2023-05-10 14:42:00,cu2404,cu2404,66660.0,0.0,0.0,0.0,6,66660.0,66790.0,2,66700.0,66640.0,66910.0,66640.0,55.0,18382300.0,412
2023-05-10 14:42:01,cu2404,cu2404,66660.0,0.0,0.0,0.0,6,66660.0,66790.0,1,66700.0,66640.0,66910.0,66640.0,55.0,18382300.0,412
2023-05-10 14:42:07,cu2404,cu2404,66660.0,0.0,0.0,0.0,5,66660.0,66790.0,1,66700.0,66640.0,66910.0,66640.0,55.0,18382300.0,412
2023-05-10 14:42:08,cu2404,cu2404,66660.0,0.0,0.0,0.0,1,66670.0,66790.0,1,66700.0,66640.0,66910.0,66640.0,55.0,18382300.0,412
2023-05-10 14:42:08,cu2404,cu2404,66660.0,0.0,0.0,0.0,1,66670.0,66790.0,1,66700.0,66640.0,66910.0,66640.0,55.0,18382300.0,412
2023-05-10 14:42:09,cu2404,cu2404,66660.0,0.0,0.0,0.0,1,66680.0,66790.0,1,66700.0,66640.0,66910.0,66640.0,55.0,18382300.0,412
2023-05-10 14:42:09,cu2404,cu2404,66660.0,0.0,0.0,0.0,2,66690.0,66790.0,1,66700.0,66640.0,66910.0,66640.0,55.0,18382300.0,412
2023-05-10 14:42:10,cu2404,cu2404,66660.0,0.0,0.0,0.0,2,66690.0,66790.0,1,66700.0,66640.0,66910.0,66640.0,55.0,18382300.0,412
2023-05-10 14:42:10,cu2404,cu2404,66660.0,0.0,0.0,0.0,2,66690.0,66790.0,1,66700.0,66640.0,66910.0,66640.0,55.0,18382300.0,412
2023-05-10 14:42:12,cu2404,cu2404,66660.0,0.0,0.0,0.0,2,66690.0,66790.0,1,66700.0,66640.0,66910.0,66640.0,55.0,18382300.0,412
2023-05-10 14:42:18,cu2404,cu2404,66660.0,0.0,0.0,0.0,3,66690.0,66790.0,1,66700.0,66640.0,66910.0,66640.0,55.0,18382300.0,412
2023-05-10 14:42:21,cu2404,cu2404,66660.0,0.0,0.0,0.0,2,66690.0,66790.0,1,66700.0,66640.0,66910.0,66640.0,55.0,18382300.0,412
2023-05-10 14:42:24,cu2404,cu2404,66660.0,0.0,0.0,0.0,1,66650.0,66790.0,1,66700.0,66640.0,66910.0,66640.0,55.0,18382300.0,412
2023-05-10 14:42:24,cu2404,cu2404,66660.0,0.0,0.0,0.0,5,66660.0,66790.0,1,66700.0,66640.0,66910.0,66640.0,55.0,18382300.0,412
2023-05-10 14:42:25,cu2404,cu2404,66660.0,0.0,0.0,0.0,1,66670.0,66790.0,1,66700.0,66640.0,66910.0,66640.0,55.0,18382300.0,412
2023-05-10 14:42:26,cu2404,cu2404,66660.0,0.0,0.0,0.0,1,66670.0,66790.0,1,66700.0,66640.0,66910.0,66640.0,55.0,18382300.0,412
2023-05-10 14:42:27,cu2404,cu2404,66660.0,0.0,0.0,0.0,1,66670.0,66790.0,1,66700.0,66640.0,66910.0,66640.0,55.0,18382300.0,412
2023-05-10 14:42:27,cu2404,cu2404,66660.0,0.0,0.0,0.0,2,66680.0,66790.0,1,66700.0,66640.0,66910.0,66640.0,55.0,18382300.0,412
2023-05-10 14:42:28,cu2404,cu2404,66660.0,0.0,0.0,0.0,2,66680.0,66790.0,1,66700.0,66640.0,66910.0,66640.0,55.0,18382300.0,412
2023-05-10 14:42:28,cu2404,cu2404,66660.0,0.0,0.0,0.0,3,66680.0,66790.0,1,66700.0,66640.0,66910.0,66640.0,55.0,18382300.0,412
2023-05-10 14:42:29,cu2404,cu2404,66660.0,0.0,0.0,0.0,2,66680.0,66790.0,1,66700.0,66640.0,66910.0,66640.0,55.0,18382300.0,412
2023-05-10 14:42:32,cu2404,cu2404,66660.0,0.0,0.0,0.0,3,66680.0,66790.0,1,66700.0,66640.0,66910.0,66640.0,55.0,18382300.0,412
2023-05-10 14:42:37,cu2404,cu2404,66660.0,0.0,0.0,0.0,2,66680.0,66790.0,1,66700.0,66640.0,66910.0,66640.0,55.0,18382300.0,412
2023-05-10 14:42:38,cu2404,cu2404,66660.0,0.0,0.0,0.0,3,66680.0,66790.0,1,66700.0,66640.0,66910.0,66640.0,55.0,18382300.0,412
2023-05-10 14:42:44,cu2404,cu2404,66660.0,0.0,0.0,0.0,6,66680.0,66790.0,1,66700.0,66640.0,66910.0,66640.0,55.0,18382300.0,412
2023-05-10 14:42:48,cu2404,cu2404,66660.0,0.0,0.0,0.0,3,66680.0,66790.0,1,66700.0,66640.0,66910.0,66640.0,55.0,18382300.0,412
2023-05-10 14:43:21,cu2404,cu2404,66660.0,0.0,0.0,0.0,2,66680.0,66790.0,1,66700.0,66640.0,66910.0,66640.0,55.0,18382300.0,412
2023-05-10 14:43:37,cu2404,cu2404,66660.0,0.0,0.0,0.0,3,66680.0,66790.0,1,66700.0,66640.0,66910.0,66640.0,55.0,18382300.0,412
2023-05-10 14:43:38,cu2404,cu2404,66660.0,0.0,0.0,0.0,2,66680.0,66790.0,1,66700.0,66640.0,66910.0,66640.0,55.0,18382300.0,412
2023-05-10 14:43:44,cu2404,cu2404,66660.0,0.0,0.0,0.0,5,66680.0,66790.0,1,66700.0,66640.0,66910.0,66640.0,55.0,18382300.0,412
2023-05-10 14:43:49,cu2404,cu2404,66660.0,0.0,0.0,0.0,6,66680.0,66790.0,1,66700.0,66640.0,66910.0,66640.0,55.0,18382300.0,412
2023-05-10 14:43:50,cu2404,cu2404,66660.0,0.0,0.0,0.0,3,66680.0,66790.0,1,66700.0,66640.0,66910.0,66640.0,55.0,18382300.0,412
2023-05-10 14:44:00,cu2404,cu2404,66660.0,0.0,0.0,0.0,2,66680.0,66790.0,1,66700.0,66640.0,66910.0,66640.0,55.0,18382300.0,412
2023-05-10 14:44:06,cu2404,cu2404,66660.0,0.0,0.0,0.0,3,66680.0,66790.0,1,66700.0,66640.0,66910.0,66640.0,55.0,18382300.0,412
2023-05-10 14:44:53,cu2404,cu2404,66660.0,0.0,0.0,0.0,3,66680.0,66980.0,1,66700.0,66640.0,66910.0,66640.0,55.0,18382300.0,412
2023-05-10 14:44:54,cu2404,cu2404,66660.0,0.0,0.0,0.0,1,66690.0,66800.0,1,66700.0,66640.0,66910.0,66640.0,55.0,18382300.0,412
2023-05-10 14:44:54,cu2404,cu2404,66660.0,0.0,0.0,0.0,1,66690.0,66800.0,1,66700.0,66640.0,66910.0,66640.0,55.0,18382300.0,412
2023-05-10 14:44:55,cu2404,cu2404,66660.0,0.0,0.0,0.0,2,66700.0,66800.0,1,66700.0,66640.0,66910.0,66640.0,55.0,18382300.0,412
2023-05-10 14:44:56,cu2404,cu2404,66660.0,0.0,0.0,0.0,2,66700.0,66800.0,1,66700.0,66640.0,66910.0,66640.0,55.0,18382300.0,412
2023-05-10 14:44:57,cu2404,cu2404,66660.0,0.0,0.0,0.0,2,66700.0,66800.0,1,66700.0,66640.0,66910.0,66640.0,55.0,18382300.0,412
2023-05-10 14:45:15,cu2404,cu2404,66660.0,0.0,0.0,0.0,2,66700.0,66750.0,1,66700.0,66640.0,66910.0,66640.0,55.0,18382300.0,412
2023-05-10 14:45:15,cu2404,cu2404,66660.0,0.0,0.0,0.0,2,66700.0,66750.0,1,66700.0,66640.0,66910.0,66640.0,55.0,18382300.0,412
2023-05-10 14:45:17,cu2404,cu2404,66660.0,0.0,0.0,0.0,3,66700.0,66750.0,1,66700.0,66640.0,66910.0,66640.0,55.0,18382300.0,412
2023-05-10 14:45:17,cu2404,cu2404,66660.0,0.0,0.0,0.0,3,66700.0,66750.0,1,66700.0,66640.0,66910.0,66640.0,55.0,18382300.0,412
2023-05-10 14:45:18,cu2404,cu2404,66660.0,0.0,0.0,0.0,1,66710.0,66750.0,1,66700.0,66640.0,66910.0,66640.0,55.0,18382300.0,412
2023-05-10 14:45:18,cu2404,cu2404,66660.0,0.0,0.0,0.0,1,66710.0,66750.0,1,66700.0,66640.0,66910.0,66640.0,55.0,18382300.0,412
2023-05-10 14:45:19,cu2404,cu2404,66660.0,0.0,0.0,0.0,2,66720.0,66980.0,2,66700.0,66640.0,66910.0,66640.0,55.0,18382300.0,412
2023-05-10 14:45:19,cu2404,cu2404,66660.0,0.0,0.0,0.0,2,66720.0,66970.0,10,66700.0,66640.0,66910.0,66640.0,55.0,18382300.0,412
2023-05-10 14:45:20,cu2404,cu2404,66660.0,0.0,0.0,0.0,2,66720.0,66970.0,10,66700.0,66640.0,66910.0,66640.0,55.0,18382300.0,412
2023-05-10 14:45:20,cu2404,cu2404,66660.0,0.0,0.0,0.0,2,66720.0,66970.0,12,66700.0,66640.0,66910.0,66640.0,55.0,18382300.0,412
2023-05-10 14:45:37,cu2404,cu2404,66660.0,0.0,0.0,0.0,2,66720.0,66970.0,12,66700.0,66640.0,66910.0,66640.0,55.0,18382300.0,412
2023-05-10 14:45:38,cu2404,cu2404,66660.0,0.0,0.0,0.0,2,66720.0,66960.0,2,66700.0,66640.0,66910.0,66640.0,55.0,18382300.0,412
2023-05-10 14:45:38,cu2404,cu2404,66660.0,0.0,0.0,0.0,2,66720.0,66950.0,1,66700.0,66640.0,66910.0,66640.0,55.0,18382300.0,412
2023-05-10 14:45:39,cu2404,cu2404,66660.0,0.0,0.0,0.0,2,66720.0,66940.0,6,66700.0,66640.0,66910.0,66640.0,55.0,18382300.0,412
2023-05-10 14:45:39,cu2404,cu2404,66660.0,0.0,0.0,0.0,2,66720.0,66930.0,1,66700.0,66640.0,66910.0,66640.0,55.0,18382300.0,412
2023-05-10 14:45:40,cu2404,cu2404,66660.0,0.0,0.0,0.0,2,66720.0,66930.0,3,66700.0,66640.0,66910.0,66640.0,55.0,18382300.0,412
2023-05-10 14:45:40,cu2404,cu2404,66660.0,0.0,0.0,0.0,2,66720.0,66920.0,2,66700.0,66640.0,66910.0,66640.0,55.0,18382300.0,412
2023-05-10 14:45:41,cu2404,cu2404,66660.0,0.0,0.0,0.0,2,66720.0,66910.0,1,66700.0,66640.0,66910.0,66640.0,55.0,18382300.0,412
2023-05-10 14:45:41,cu2404,cu2404,66660.0,0.0,0.0,0.0,2,66720.0,66900.0,2,66700.0,66640.0,66910.0,66640.0,55.0,18382300.0,412
2023-05-10 14:45:42,cu2404,cu2404,66660.0,0.0,0.0,0.0,3,66720.0,66890.0,4,66700.0,66640.0,66910.0,66640.0,55.0,18382300.0,412
2023-05-10 14:45:42,cu2404,cu2404,66660.0,0.0,0.0,0.0,3,66720.0,66880.0,1,66700.0,66640.0,66910.0,66640.0,55.0,18382300.0,412
2023-05-10 14:45:43,cu2404,cu2404,66660.0,0.0,0.0,0.0,3,66720.0,66870.0,1,66700.0,66640.0,66910.0,66640.0,55.0,18382300.0,412
2023-05-10 14:45:43,cu2404,cu2404,66660.0,0.0,0.0,0.0,1,66730.0,66860.0,1,66700.0,66640.0,66910.0,66640.0,55.0,18382300.0,412
2023-05-10 14:45:44,cu2404,cu2404,66660.0,0.0,0.0,0.0,1,66730.0,66860.0,2,66700.0,66640.0,66910.0,66640.0,55.0,18382300.0,412
2023-05-10 14:45:44,cu2404,cu2404,66660.0,0.0,0.0,0.0,3,66730.0,66850.0,1,66700.0,66640.0,66910.0,66640.0,55.0,18382300.0,412
2023-05-10 14:45:45,cu2404,cu2404,66660.0,0.0,0.0,0.0,3,66730.0,66850.0,1,66700.0,66640.0,66910.0,66640.0,55.0,18382300.0,412
2023-05-10 14:45:45,cu2404,cu2404,66660.0,0.0,0.0,0.0,3,66730.0,66850.0,2,66700.0,66640.0,66910.0,66640.0,55.0,18382300.0,412
2023-05-10 14:45:47,cu2404,cu2404,66660.0,0.0,0.0,0.0,1,66730.0,66850.0,2,66700.0,66640.0,66910.0,66640.0,55.0,18382300.0,412
2023-05-10 14:45:47,cu2404,cu2404,66660.0,0.0,0.0,0.0,2,66740.0,66850.0,2,66700.0,66640.0,66910.0,66640.0,55.0,18382300.0,412
2023-05-10 14:45:48,cu2404,cu2404,66660.0,0.0,0.0,0.0,2,66740.0,66850.0,2,66700.0,66640.0,66910.0,66640.0,55.0,18382300.0,412
2023-05-10 14:45:50,cu2404,cu2404,66660.0,0.0,0.0,0.0,2,66740.0,66850.0,2,66700.0,66640.0,66910.0,66640.0,55.0,18382300.0,412
2023-05-10 14:45:51,cu2404,cu2404,66660.0,0.0,0.0,0.0,1,66750.0,66850.0,2,66700.0,66640.0,66910.0,66640.0,55.0,18382300.0,412
2023-05-10 14:45:51,cu2404,cu2404,66660.0,0.0,0.0,0.0,1,66750.0,66850.0,2,66700.0,66640.0,66910.0,66640.0,55.0,18382300.0,412
2023-05-10 14:45:52,cu2404,cu2404,66660.0,0.0,0.0,0.0,3,66750.0,66850.0,2,66700.0,66640.0,66910.0,66640.0,55.0,18382300.0,412
2023-05-10 14:46:12,cu2404,cu2404,66660.0,0.0,0.0,0.0,1,66750.0,66850.0,2,66700.0,66640.0,66910.0,66640.0,55.0,18382300.0,412
2023-05-10 14:46:13,cu2404,cu2404,66660.0,0.0,0.0,0.0,2,66760.0,66850.0,1,66700.0,66640.0,66910.0,66640.0,55.0,18382300.0,412
2023-05-10 14:46:16,cu2404,cu2404,66660.0,0.0,0.0,0.0,2,66760.0,66860.0,1,66700.0,66640.0,66910.0,66640.0,55.0,18382300.0,412
2023-05-10 14:46:38,cu2404,cu2404,66660.0,0.0,0.0,0.0,3,66760.0,66860.0,1,66700.0,66640.0,66910.0,66640.0,55.0,18382300.0,412
2023-05-10 14:46:39,cu2404,cu2404,66660.0,0.0,0.0,0.0,3,66760.0,66860.0,1,66700.0,66640.0,66910.0,66640.0,55.0,18382300.0,412
2023-05-10 14:46:39,cu2404,cu2404,66660.0,0.0,0.0,0.0,1,66770.0,66860.0,1,66700.0,66640.0,66910.0,66640.0,55.0,18382300.0,412
2023-05-10 14:46:40,cu2404,cu2404,66660.0,0.0,0.0,0.0,1,66770.0,66860.0,1,66700.0,66640.0,66910.0,66640.0,55.0,18382300.0,412
2023-05-10 14:46:40,cu2404,cu2404,66660.0,0.0,0.0,0.0,3,66770.0,66860.0,1,66700.0,66640.0,66910.0,66640.0,55.0,18382300.0,412
2023-05-10 14:46:41,cu2404,cu2404,66660.0,0.0,0.0,0.0,3,66770.0,66860.0,1,66700.0,66640.0,66910.0,66640.0,55.0,18382300.0,412
2023-05-10 14:46:44,cu2404,cu2404,66660.0,0.0,0.0,0.0,3,66770.0,66860.0,1,66700.0,66640.0,66910.0,66640.0,55.0,18382300.0,412
2023-05-10 14:46:45,cu2404,cu2404,66660.0,0.0,0.0,0.0,3,66770.0,66860.0,1,66700.0,66640.0,66910.0,66640.0,55.0,18382300.0,412
2023-05-10 14:46:50,cu2404,cu2404,66660.0,0.0,0.0,0.0,3,66770.0,66970.0,1,66700.0,66640.0,66910.0,66640.0,55.0,18382300.0,412
2023-05-10 14:46:51,cu2404,cu2404,66660.0,0.0,0.0,0.0,3,66770.0,66960.0,8,66700.0,66640.0,66910.0,66640.0,55.0,18382300.0,412
2023-05-10 14:46:51,cu2404,cu2404,66660.0,0.0,0.0,0.0,3,66770.0,66950.0,1,66700.0,66640.0,66910.0,66640.0,55.0,18382300.0,412
2023-05-10 14:46:52,cu2404,cu2404,66660.0,0.0,0.0,0.0,3,66770.0,66940.0,1,66700.0,66640.0,66910.0,66640.0,55.0,18382300.0,412
2023-05-10 14:46:52,cu2404,cu2404,66660.0,0.0,0.0,0.0,3,66770.0,66930.0,1,66700.0,66640.0,66910.0,66640.0,55.0,18382300.0,412
2023-05-10 14:46:53,cu2404,cu2404,66660.0,0.0,0.0,0.0,3,66770.0,66920.0,1,66700.0,66640.0,66910.0,66640.0,55.0,18382300.0,412
2023-05-10 14:46:53,cu2404,cu2404,66660.0,0.0,0.0,0.0,3,66770.0,66910.0,1,66700.0,66640.0,66910.0,66640.0,55.0,18382300.0,412
2023-05-10 14:46:54,cu2404,cu2404,66660.0,0.0,0.0,0.0,3,66770.0,66900.0,1,66700.0,66640.0,66910.0,66640.0,55.0,18382300.0,412
2023-05-10 14:46:54,cu2404,cu2404,66660.0,0.0,0.0,0.0,3,66770.0,66890.0,1,66700.0,66640.0,66910.0,66640.0,55.0,18382300.0,412
2023-05-10 14:46:55,cu2404,cu2404,66660.0,0.0,0.0,0.0,3,66770.0,66890.0,3,66700.0,66640.0,66910.0,66640.0,55.0,18382300.0,412
2023-05-10 14:46:56,cu2404,cu2404,66660.0,0.0,0.0,0.0,1,66770.0,66880.0,1,66700.0,66640.0,66910.0,66640.0,55.0,18382300.0,412
2023-05-10 14:46:56,cu2404,cu2404,66660.0,0.0,0.0,0.0,1,66770.0,66870.0,1,66700.0,66640.0,66910.0,66640.0,55.0,18382300.0,412
2023-05-10 14:46:57,cu2404,cu2404,66660.0,0.0,0.0,0.0,1,66770.0,66870.0,2,66700.0,66640.0,66910.0,66640.0,55.0,18382300.0,412
2023-05-10 14:46:58,cu2404,cu2404,66660.0,0.0,0.0,0.0,3,66770.0,66870.0,2,66700.0,66640.0,66910.0,66640.0,55.0,18382300.0,412
2023-05-10 14:47:00,cu2404,cu2404,66660.0,0.0,0.0,0.0,1,66770.0,66870.0,2,66700.0,66640.0,66910.0,66640.0,55.0,18382300.0,412
2023-05-10 14:47:01,cu2404,cu2404,66660.0,0.0,0.0,0.0,3,66770.0,66870.0,2,66700.0,66640.0,66910.0,66640.0,55.0,18382300.0,412
2023-05-10 14:47:03,cu2404,cu2404,66660.0,0.0,0.0,0.0,1,66770.0,66870.0,2,66700.0,66640.0,66910.0,66640.0,55.0,18382300.0,412
2023-05-10 14:47:04,cu2404,cu2404,66660.0,0.0,0.0,0.0,2,66780.0,66870.0,1,66700.0,66640.0,66910.0,66640.0,55.0,18382300.0,412
2023-05-10 14:47:12,cu2404,cu2404,66660.0,0.0,0.0,0.0,1,66770.0,66870.0,1,66700.0,66640.0,66910.0,66640.0,55.0,18382300.0,412
2023-05-10 14:47:13,cu2404,cu2404,66660.0,0.0,0.0,0.0,3,66770.0,66870.0,1,66700.0,66640.0,66910.0,66640.0,55.0,18382300.0,412
2023-05-10 14:47:20,cu2404,cu2404,66660.0,0.0,0.0,0.0,1,66770.0,66870.0,1,66700.0,66640.0,66910.0,66640.0,55.0,18382300.0,412
2023-05-10 14:47:21,cu2404,cu2404,66660.0,0.0,0.0,0.0,1,66770.0,66870.0,3,66700.0,66640.0,66910.0,66640.0,55.0,18382300.0,412
2023-05-10 14:47:21,cu2404,cu2404,66660.0,0.0,0.0,0.0,1,66770.0,66870.0,2,66700.0,66640.0,66910.0,66640.0,55.0,18382300.0,412
2023-05-10 14:47:22,cu2404,cu2404,66660.0,0.0,0.0,0.0,1,66770.0,66870.0,3,66700.0,66640.0,66910.0,66640.0,55.0,18382300.0,412
2023-05-10 14:47:23,cu2404,cu2404,66660.0,0.0,0.0,0.0,1,66770.0,66870.0,2,66700.0,66640.0,66910.0,66640.0,55.0,18382300.0,412
2023-05-10 14:47:25,cu2404,cu2404,66660.0,0.0,0.0,0.0,1,66770.0,66870.0,3,66700.0,66640.0,66910.0,66640.0,55.0,18382300.0,412
2023-05-10 14:47:28,cu2404,cu2404,66660.0,0.0,0.0,0.0,1,66770.0,66870.0,2,66700.0,66640.0,66910.0,66640.0,55.0,18382300.0,412
2023-05-10 14:47:28,cu2404,cu2404,66660.0,0.0,0.0,0.0,1,66770.0,66870.0,3,66700.0,66640.0,66910.0,66640.0,55.0,18382300.0,412
2023-05-10 14:47:32,cu2404,cu2404,66660.0,0.0,0.0,0.0,1,66770.0,66870.0,2,66700.0,66640.0,66910.0,66640.0,55.0,18382300.0,412
2023-05-10 14:47:56,cu2404,cu2404,66660.0,0.0,0.0,0.0,1,66650.0,66860.0,1,66700.0,66640.0,66910.0,66640.0,55.0,18382300.0,412
2023-05-10 14:47:56,cu2404,cu2404,66660.0,0.0,0.0,0.0,1,66690.0,66850.0,1,66700.0,66640.0,66910.0,66640.0,55.0,18382300.0,412
2023-05-10 14:47:57,cu2404,cu2404,66660.0,0.0,0.0,0.0,4,66700.0,66850.0,1,66700.0,66640.0,66910.0,66640.0,55.0,18382300.0,412
2023-05-10 14:47:57,cu2404,cu2404,66660.0,0.0,0.0,0.0,4,66700.0,66850.0,1,66700.0,66640.0,66910.0,66640.0,55.0,18382300.0,412
2023-05-10 14:47:58,cu2404,cu2404,66660.0,0.0,0.0,0.0,3,66710.0,66870.0,1,66700.0,66640.0,66910.0,66640.0,55.0,18382300.0,412
2023-05-10 14:47:58,cu2404,cu2404,66660.0,0.0,0.0,0.0,3,66710.0,66870.0,2,66700.0,66640.0,66910.0,66640.0,55.0,18382300.0,412
2023-05-10 14:47:59,cu2404,cu2404,66660.0,0.0,0.0,0.0,3,66710.0,66870.0,2,66700.0,66640.0,66910.0,66640.0,55.0,18382300.0,412
2023-05-10 14:47:59,cu2404,cu2404,66660.0,0.0,0.0,0.0,6,66720.0,66870.0,2,66700.0,66640.0,66910.0,66640.0,55.0,18382300.0,412
2023-05-10 14:48:00,cu2404,cu2404,66660.0,0.0,0.0,0.0,6,66720.0,66870.0,2,66700.0,66640.0,66910.0,66640.0,55.0,18382300.0,412
2023-05-10 14:48:01,cu2404,cu2404,66660.0,0.0,0.0,0.0,2,66740.0,66870.0,2,66700.0,66640.0,66910.0,66640.0,55.0,18382300.0,412
2023-05-10 14:48:01,cu2404,cu2404,66660.0,0.0,0.0,0.0,2,66740.0,66870.0,2,66700.0,66640.0,66910.0,66640.0,55.0,18382300.0,412
2023-05-10 14:48:02,cu2404,cu2404,66660.0,0.0,0.0,0.0,2,66750.0,66870.0,2,66700.0,66640.0,66910.0,66640.0,55.0,18382300.0,412
2023-05-10 14:48:03,cu2404,cu2404,66660.0,0.0,0.0,0.0,2,66750.0,66870.0,2,66700.0,66640.0,66910.0,66640.0,55.0,18382300.0,412
2023-05-10 14:48:04,cu2404,cu2404,66660.0,0.0,0.0,0.0,2,66760.0,66870.0,2,66700.0,66640.0,66910.0,66640.0,55.0,18382300.0,412
2023-05-10 14:48:04,cu2404,cu2404,66660.0,0.0,0.0,0.0,2,66760.0,66870.0,2,66700.0,66640.0,66910.0,66640.0,55.0,18382300.0,412
2023-05-10 14:48:13,cu2404,cu2404,66660.0,0.0,0.0,0.0,2,66760.0,66870.0,3,66700.0,66640.0,66910.0,66640.0,55.0,18382300.0,412
2023-05-10 14:48:14,cu2404,cu2404,66660.0,0.0,0.0,0.0,2,66760.0,66870.0,2,66700.0,66640.0,66910.0,66640.0,55.0,18382300.0,412
2023-05-10 14:48:15,cu2404,cu2404,66660.0,0.0,0.0,0.0,2,66760.0,66870.0,3,66700.0,66640.0,66910.0,66640.0,55.0,18382300.0,412
2023-05-10 14:48:16,cu2404,cu2404,66660.0,0.0,0.0,0.0,1,66750.0,66870.0,3,66700.0,66640.0,66910.0,66640.0,55.0,18382300.0,412
2023-05-10 14:48:16,cu2404,cu2404,66660.0,0.0,0.0,0.0,3,66760.0,66870.0,2,66700.0,66640.0,66910.0,66640.0,55.0,18382300.0,412
2023-05-10 14:48:17,cu2404,cu2404,66660.0,0.0,0.0,0.0,2,66760.0,66870.0,2,66700.0,66640.0,66910.0,66640.0,55.0,18382300.0,412
2023-05-10 14:48:17,cu2404,cu2404,66660.0,0.0,0.0,0.0,2,66760.0,66870.0,3,66700.0,66640.0,66910.0,66640.0,55.0,18382300.0,412
2023-05-10 14:48:18,cu2404,cu2404,66660.0,0.0,0.0,0.0,2,66760.0,66870.0,3,66700.0,66640.0,66910.0,66640.0,55.0,18382300.0,412
2023-05-10 14:48:19,cu2404,cu2404,66660.0,0.0,0.0,0.0,1,66750.0,66870.0,3,66700.0,66640.0,66910.0,66640.0,55.0,18382300.0,412
2023-05-10 14:48:19,cu2404,cu2404,66660.0,0.0,0.0,0.0,3,66750.0,66870.0,3,66700.0,66640.0,66910.0,66640.0,55.0,18382300.0,412
2023-05-10 14:48:21,cu2404,cu2404,66660.0,0.0,0.0,0.0,3,66750.0,66870.0,2,66700.0,66640.0,66910.0,66640.0,55.0,18382300.0,412
2023-05-10 14:48:21,cu2404,cu2404,66660.0,0.0,0.0,0.0,3,66750.0,66870.0,3,66700.0,66640.0,66910.0,66640.0,55.0,18382300.0,412
2023-05-10 14:48:22,cu2404,cu2404,66660.0,0.0,0.0,0.0,3,66750.0,66870.0,2,66700.0,66640.0,66910.0,66640.0,55.0,18382300.0,412
2023-05-10 14:48:28,cu2404,cu2404,66660.0,0.0,0.0,0.0,3,66750.0,66870.0,3,66700.0,66640.0,66910.0,66640.0,55.0,18382300.0,412
2023-05-10 14:48:31,cu2404,cu2404,66660.0,0.0,0.0,0.0,2,66750.0,66860.0,1,66700.0,66640.0,66910.0,66640.0,55.0,18382300.0,412
2023-05-10 14:48:32,cu2404,cu2404,66660.0,0.0,0.0,0.0,2,66750.0,66850.0,1,66700.0,66640.0,66910.0,66640.0,55.0,18382300.0,412
2023-05-10 14:49:16,cu2404,cu2404,66660.0,0.0,0.0,0.0,2,66750.0,66850.0,2,66700.0,66640.0,66910.0,66640.0,55.0,18382300.0,412
2023-05-10 14:49:16,cu2404,cu2404,66660.0,0.0,0.0,0.0,1,66650.0,66850.0,3,66700.0,66640.0,66910.0,66640.0,55.0,18382300.0,412
2023-05-10 14:49:17,cu2404,cu2404,66660.0,0.0,0.0,0.0,11,66660.0,66850.0,3,66700.0,66640.0,66910.0,66640.0,55.0,18382300.0,412
2023-05-10 14:49:17,cu2404,cu2404,66660.0,0.0,0.0,0.0,4,66670.0,66850.0,3,66700.0,66640.0,66910.0,66640.0,55.0,18382300.0,412
2023-05-10 14:49:18,cu2404,cu2404,66660.0,0.0,0.0,0.0,4,66670.0,66850.0,3,66700.0,66640.0,66910.0,66640.0,55.0,18382300.0,412
2023-05-10 14:49:18,cu2404,cu2404,66660.0,0.0,0.0,0.0,4,66670.0,66850.0,3,66700.0,66640.0,66910.0,66640.0,55.0,18382300.0,412
2023-05-10 14:49:19,cu2404,cu2404,66660.0,0.0,0.0,0.0,2,66690.0,66850.0,3,66700.0,66640.0,66910.0,66640.0,55.0,18382300.0,412
2023-05-10 14:49:19,cu2404,cu2404,66660.0,0.0,0.0,0.0,2,66690.0,66840.0,1,66700.0,66640.0,66910.0,66640.0,55.0,18382300.0,412
2023-05-10 14:49:20,cu2404,cu2404,66660.0,0.0,0.0,0.0,6,66700.0,66840.0,1,66700.0,66640.0,66910.0,66640.0,55.0,18382300.0,412
2023-05-10 14:49:20,cu2404,cu2404,66660.0,0.0,0.0,0.0,6,66700.0,66830.0,1,66700.0,66640.0,66910.0,66640.0,55.0,18382300.0,412
2023-05-10 14:49:23,cu2404,cu2404,66660.0,0.0,0.0,0.0,6,66700.0,66830.0,1,66700.0,66640.0,66910.0,66640.0,55.0,18382300.0,412
2023-05-10 14:49:23,cu2404,cu2404,66660.0,0.0,0.0,0.0,7,66700.0,66830.0,1,66700.0,66640.0,66910.0,66640.0,55.0,18382300.0,412
2023-05-10 14:49:29,cu2404,cu2404,66660.0,0.0,0.0,0.0,6,66700.0,66830.0,1,66700.0,66640.0,66910.0,66640.0,55.0,18382300.0,412
2023-05-10 14:49:58,cu2404,cu2404,66660.0,0.0,0.0,0.0,6,66700.0,66830.0,2,66700.0,66640.0,66910.0,66640.0,55.0,18382300.0,412
2023-05-10 14:49:58,cu2404,cu2404,66660.0,0.0,0.0,0.0,6,66700.0,66830.0,2,66700.0,66640.0,66910.0,66640.0,55.0,18382300.0,412
2023-05-10 14:49:59,cu2404,cu2404,66660.0,0.0,0.0,0.0,2,66710.0,66820.0,1,66700.0,66640.0,66910.0,66640.0,55.0,18382300.0,412
2023-05-10 14:49:59,cu2404,cu2404,66660.0,0.0,0.0,0.0,2,66710.0,66820.0,1,66700.0,66640.0,66910.0,66640.0,55.0,18382300.0,412
2023-05-10 14:50:00,cu2404,cu2404,66660.0,0.0,0.0,0.0,1,66720.0,66810.0,1,66700.0,66640.0,66910.0,66640.0,55.0,18382300.0,412
2023-05-10 14:50:00,cu2404,cu2404,66660.0,0.0,0.0,0.0,1,66720.0,66810.0,2,66700.0,66640.0,66910.0,66640.0,55.0,18382300.0,412
2023-05-10 14:50:01,cu2404,cu2404,66660.0,0.0,0.0,0.0,1,66730.0,66810.0,2,66700.0,66640.0,66910.0,66640.0,55.0,18382300.0,412
2023-05-10 14:50:01,cu2404,cu2404,66660.0,0.0,0.0,0.0,1,66730.0,66810.0,2,66700.0,66640.0,66910.0,66640.0,55.0,18382300.0,412
2023-05-10 14:50:02,cu2404,cu2404,66660.0,0.0,0.0,0.0,1,66730.0,66810.0,2,66700.0,66640.0,66910.0,66640.0,55.0,18382300.0,412
2023-05-10 14:50:03,cu2404,cu2404,66660.0,0.0,0.0,0.0,2,66740.0,66810.0,2,66700.0,66640.0,66910.0,66640.0,55.0,18382300.0,412
2023-05-10 14:50:04,cu2404,cu2404,66660.0,0.0,0.0,0.0,2,66740.0,66800.0,1,66700.0,66640.0,66910.0,66640.0,55.0,18382300.0,412
2023-05-10 14:50:05,cu2404,cu2404,66660.0,0.0,0.0,0.0,2,66740.0,66810.0,1,66700.0,66640.0,66910.0,66640.0,55.0,18382300.0,412
2023-05-10 14:50:05,cu2404,cu2404,66660.0,0.0,0.0,0.0,2,66740.0,66810.0,2,66700.0,66640.0,66910.0,66640.0,55.0,18382300.0,412
2023-05-10 14:50:18,cu2404,cu2404,66660.0,0.0,0.0,0.0,2,66740.0,66800.0,1,66700.0,66640.0,66910.0,66640.0,55.0,18382300.0,412
2023-05-10 14:50:20,cu2404,cu2404,66660.0,0.0,0.0,0.0,1,66730.0,66800.0,1,66700.0,66640.0,66910.0,66640.0,55.0,18382300.0,412
2023-05-10 14:50:20,cu2404,cu2404,66660.0,0.0,0.0,0.0,3,66730.0,66780.0,1,66700.0,66640.0,66910.0,66640.0,55.0,18382300.0,412
2023-05-10 14:50:21,cu2404,cu2404,66660.0,0.0,0.0,0.0,3,66730.0,66780.0,1,66700.0,66640.0,66910.0,66640.0,55.0,18382300.0,412
2023-05-10 14:50:26,cu2404,cu2404,66660.0,0.0,0.0,0.0,3,66730.0,66810.0,1,66700.0,66640.0,66910.0,66640.0,55.0,18382300.0,412
2023-05-10 14:50:26,cu2404,cu2404,66660.0,0.0,0.0,0.0,3,66730.0,66800.0,1,66700.0,66640.0,66910.0,66640.0,55.0,18382300.0,412
2023-05-10 14:50:57,cu2404,cu2404,66660.0,0.0,0.0,0.0,3,66730.0,66810.0,1,66700.0,66640.0,66910.0,66640.0,55.0,18382300.0,412
2023-05-10 14:50:57,cu2404,cu2404,66660.0,0.0,0.0,0.0,3,66730.0,66810.0,2,66700.0,66640.0,66910.0,66640.0,55.0,18382300.0,412
2023-05-10 14:50:58,cu2404,cu2404,66660.0,0.0,0.0,0.0,3,66730.0,66800.0,1,66700.0,66640.0,66910.0,66640.0,55.0,18382300.0,412
2023-05-10 14:51:02,cu2404,cu2404,66660.0,0.0,0.0,0.0,3,66730.0,66810.0,1,66700.0,66640.0,66910.0,66640.0,55.0,18382300.0,412
2023-05-10 14:51:02,cu2404,cu2404,66660.0,0.0,0.0,0.0,3,66730.0,66810.0,2,66700.0,66640.0,66910.0,66640.0,55.0,18382300.0,412
2023-05-10 14:51:03,cu2404,cu2404,66660.0,0.0,0.0,0.0,3,66730.0,66800.0,1,66700.0,66640.0,66910.0,66640.0,55.0,18382300.0,412
2023-05-10 14:51:16,cu2404,cu2404,66660.0,0.0,0.0,0.0,3,66730.0,66810.0,1,66700.0,66640.0,66910.0,66640.0,55.0,18382300.0,412
2023-05-10 14:51:16,cu2404,cu2404,66660.0,0.0,0.0,0.0,3,66730.0,66810.0,2,66700.0,66640.0,66910.0,66640.0,55.0,18382300.0,412
2023-05-10 14:51:20,cu2404,cu2404,66660.0,0.0,0.0,0.0,3,66730.0,66800.0,1,66700.0,66640.0,66910.0,66640.0,55.0,18382300.0,412
2023-05-10 14:51:23,cu2404,cu2404,66660.0,0.0,0.0,0.0,1,66730.0,66800.0,1,66700.0,66640.0,66910.0,66640.0,55.0,18382300.0,412
2023-05-10 14:51:25,cu2404,cu2404,66660.0,0.0,0.0,0.0,3,66730.0,66800.0,1,66700.0,66640.0,66910.0,66640.0,55.0,18382300.0,412
2023-05-10 14:51:36,cu2404,cu2404,66660.0,0.0,0.0,0.0,2,66730.0,66800.0,1,66700.0,66640.0,66910.0,66640.0,55.0,18382300.0,412
2023-05-10 14:51:39,cu2404,cu2404,66660.0,0.0,0.0,0.0,2,66730.0,66790.0,1,66700.0,66640.0,66910.0,66640.0,55.0,18382300.0,412
2023-05-10 14:51:42,cu2404,cu2404,66660.0,0.0,0.0,0.0,1,66650.0,66790.0,1,66700.0,66640.0,66910.0,66640.0,55.0,18382300.0,412
2023-05-10 14:51:42,cu2404,cu2404,66660.0,0.0,0.0,0.0,6,66660.0,66790.0,1,66700.0,66640.0,66910.0,66640.0,55.0,18382300.0,412
2023-05-10 14:51:43,cu2404,cu2404,66660.0,0.0,0.0,0.0,1,66670.0,66790.0,1,66700.0,66640.0,66910.0,66640.0,55.0,18382300.0,412
2023-05-10 14:51:47,cu2404,cu2404,66660.0,0.0,0.0,0.0,1,66670.0,66790.0,1,66700.0,66640.0,66910.0,66640.0,55.0,18382300.0,412
2023-05-10 14:51:47,cu2404,cu2404,66660.0,0.0,0.0,0.0,5,66680.0,66790.0,1,66700.0,66640.0,66910.0,66640.0,55.0,18382300.0,412
2023-05-10 14:51:48,cu2404,cu2404,66660.0,0.0,0.0,0.0,5,66680.0,66790.0,1,66700.0,66640.0,66910.0,66640.0,55.0,18382300.0,412
2023-05-10 14:51:49,cu2404,cu2404,66660.0,0.0,0.0,0.0,1,66690.0,66790.0,1,66700.0,66640.0,66910.0,66640.0,55.0,18382300.0,412
2023-05-10 14:51:50,cu2404,cu2404,66660.0,0.0,0.0,0.0,1,66690.0,66790.0,1,66700.0,66640.0,66910.0,66640.0,55.0,18382300.0,412
2023-05-10 14:51:50,cu2404,cu2404,66660.0,0.0,0.0,0.0,5,66700.0,66790.0,1,66700.0,66640.0,66910.0,66640.0,55.0,18382300.0,412
2023-05-10 14:51:51,cu2404,cu2404,66660.0,0.0,0.0,0.0,5,66700.0,66790.0,1,66700.0,66640.0,66910.0,66640.0,55.0,18382300.0,412
2023-05-10 14:51:51,cu2404,cu2404,66660.0,0.0,0.0,0.0,2,66710.0,66790.0,1,66700.0,66640.0,66910.0,66640.0,55.0,18382300.0,412
2023-05-10 14:51:53,cu2404,cu2404,66660.0,0.0,0.0,0.0,2,66710.0,66790.0,1,66700.0,66640.0,66910.0,66640.0,55.0,18382300.0,412
2023-05-10 14:51:53,cu2404,cu2404,66660.0,0.0,0.0,0.0,2,66720.0,66790.0,1,66700.0,66640.0,66910.0,66640.0,55.0,18382300.0,412
2023-05-10 14:52:20,cu2404,cu2404,66660.0,0.0,0.0,0.0,2,66720.0,66780.0,1,66700.0,66640.0,66910.0,66640.0,55.0,18382300.0,412
2023-05-10 14:52:21,cu2404,cu2404,66660.0,0.0,0.0,0.0,2,66720.0,66980.0,2,66700.0,66640.0,66910.0,66640.0,55.0,18382300.0,412
2023-05-10 14:52:22,cu2404,cu2404,66660.0,0.0,0.0,0.0,2,66720.0,66900.0,2,66700.0,66640.0,66910.0,66640.0,55.0,18382300.0,412
2023-05-10 14:52:22,cu2404,cu2404,66660.0,0.0,0.0,0.0,2,66720.0,66890.0,1,66700.0,66640.0,66910.0,66640.0,55.0,18382300.0,412
2023-05-10 14:52:23,cu2404,cu2404,66660.0,0.0,0.0,0.0,2,66720.0,66880.0,1,66700.0,66640.0,66910.0,66640.0,55.0,18382300.0,412
2023-05-10 14:52:23,cu2404,cu2404,66660.0,0.0,0.0,0.0,2,66720.0,66790.0,1,66700.0,66640.0,66910.0,66640.0,55.0,18382300.0,412
2023-05-10 14:52:24,cu2404,cu2404,66660.0,0.0,0.0,0.0,2,66720.0,66790.0,2,66700.0,66640.0,66910.0,66640.0,55.0,18382300.0,412
2023-05-10 14:52:24,cu2404,cu2404,66660.0,0.0,0.0,0.0,2,66720.0,66790.0,2,66700.0,66640.0,66910.0,66640.0,55.0,18382300.0,412
2023-05-10 14:52:26,cu2404,cu2404,66660.0,0.0,0.0,0.0,2,66720.0,66790.0,1,66700.0,66640.0,66910.0,66640.0,55.0,18382300.0,412
2023-05-10 14:52:26,cu2404,cu2404,66660.0,0.0,0.0,0.0,2,66720.0,66890.0,1,66700.0,66640.0,66910.0,66640.0,55.0,18382300.0,412
2023-05-10 14:52:27,cu2404,cu2404,66660.0,0.0,0.0,0.0,2,66720.0,66800.0,1,66700.0,66640.0,66910.0,66640.0,55.0,18382300.0,412
2023-05-10 14:52:27,cu2404,cu2404,66660.0,0.0,0.0,0.0,2,66720.0,66800.0,2,66700.0,66640.0,66910.0,66640.0,55.0,18382300.0,412
2023-05-10 14:52:28,cu2404,cu2404,66660.0,0.0,0.0,0.0,2,66720.0,66790.0,1,66700.0,66640.0,66910.0,66640.0,55.0,18382300.0,412
2023-05-10 14:52:29,cu2404,cu2404,66660.0,0.0,0.0,0.0,2,66720.0,66790.0,1,66700.0,66640.0,66910.0,66640.0,55.0,18382300.0,412
2023-05-10 14:52:30,cu2404,cu2404,66660.0,0.0,0.0,0.0,2,66720.0,66790.0,1,66700.0,66640.0,66910.0,66640.0,55.0,18382300.0,412
2023-05-10 14:52:32,cu2404,cu2404,66660.0,0.0,0.0,0.0,2,66720.0,66790.0,1,66700.0,66640.0,66910.0,66640.0,55.0,18382300.0,412
2023-05-10 14:52:34,cu2404,cu2404,66660.0,0.0,0.0,0.0,2,66720.0,66890.0,1,66700.0,66640.0,66910.0,66640.0,55.0,18382300.0,412
2023-05-10 14:52:35,cu2404,cu2404,66660.0,0.0,0.0,0.0,2,66720.0,66880.0,2,66700.0,66640.0,66910.0,66640.0,55.0,18382300.0,412
2023-05-10 14:52:35,cu2404,cu2404,66660.0,0.0,0.0,0.0,2,66720.0,66870.0,2,66700.0,66640.0,66910.0,66640.0,55.0,18382300.0,412
2023-05-10 14:52:36,cu2404,cu2404,66660.0,0.0,0.0,0.0,2,66720.0,66860.0,1,66700.0,66640.0,66910.0,66640.0,55.0,18382300.0,412
2023-05-10 14:52:36,cu2404,cu2404,66660.0,0.0,0.0,0.0,2,66720.0,66850.0,1,66700.0,66640.0,66910.0,66640.0,55.0,18382300.0,412
2023-05-10 14:52:37,cu2404,cu2404,66660.0,0.0,0.0,0.0,2,66720.0,66840.0,1,66700.0,66640.0,66910.0,66640.0,55.0,18382300.0,412
2023-05-10 14:52:37,cu2404,cu2404,66660.0,0.0,0.0,0.0,2,66720.0,66840.0,1,66700.0,66640.0,66910.0,66640.0,55.0,18382300.0,412
2023-05-10 14:52:38,cu2404,cu2404,66660.0,0.0,0.0,0.0,2,66720.0,66840.0,2,66700.0,66640.0,66910.0,66640.0,55.0,18382300.0,412
2023-05-10 14:52:40,cu2404,cu2404,66660.0,0.0,0.0,0.0,2,66720.0,66830.0,1,66700.0,66640.0,66910.0,66640.0,55.0,18382300.0,412
2023-05-10 14:52:40,cu2404,cu2404,66660.0,0.0,0.0,0.0,2,66720.0,66820.0,1,66700.0,66640.0,66910.0,66640.0,55.0,18382300.0,412
2023-05-10 14:52:41,cu2404,cu2404,66660.0,0.0,0.0,0.0,2,66720.0,66810.0,1,66700.0,66640.0,66910.0,66640.0,55.0,18382300.0,412
2023-05-10 14:52:41,cu2404,cu2404,66660.0,0.0,0.0,0.0,2,66720.0,66800.0,1,66700.0,66640.0,66910.0,66640.0,55.0,18382300.0,412
2023-05-10 14:52:42,cu2404,cu2404,66660.0,0.0,0.0,0.0,2,66720.0,66800.0,1,66700.0,66640.0,66910.0,66640.0,55.0,18382300.0,412
2023-05-10 14:53:27,cu2404,cu2404,66660.0,0.0,0.0,0.0,2,66720.0,66890.0,1,66700.0,66640.0,66910.0,66640.0,55.0,18382300.0,412
2023-05-10 14:53:27,cu2404,cu2404,66660.0,0.0,0.0,0.0,2,66720.0,66880.0,4,66700.0,66640.0,66910.0,66640.0,55.0,18382300.0,412
2023-05-10 14:53:28,cu2404,cu2404,66660.0,0.0,0.0,0.0,2,66720.0,66800.0,1,66700.0,66640.0,66910.0,66640.0,55.0,18382300.0,412
2023-05-10 14:53:28,cu2404,cu2404,66660.0,0.0,0.0,0.0,2,66720.0,66800.0,1,66700.0,66640.0,66910.0,66640.0,55.0,18382300.0,412
2023-05-10 14:53:29,cu2404,cu2404,66660.0,0.0,0.0,0.0,3,66720.0,66800.0,2,66700.0,66640.0,66910.0,66640.0,55.0,18382300.0,412
2023-05-10 14:53:29,cu2404,cu2404,66660.0,0.0,0.0,0.0,3,66720.0,66800.0,1,66700.0,66640.0,66910.0,66640.0,55.0,18382300.0,412
2023-05-10 14:53:30,cu2404,cu2404,66660.0,0.0,0.0,0.0,3,66720.0,66800.0,2,66700.0,66640.0,66910.0,66640.0,55.0,18382300.0,412
2023-05-10 14:53:30,cu2404,cu2404,66660.0,0.0,0.0,0.0,3,66720.0,66800.0,2,66700.0,66640.0,66910.0,66640.0,55.0,18382300.0,412
2023-05-10 14:53:33,cu2404,cu2404,66660.0,0.0,0.0,0.0,3,66720.0,66800.0,1,66700.0,66640.0,66910.0,66640.0,55.0,18382300.0,412
2023-05-10 14:53:33,cu2404,cu2404,66660.0,0.0,0.0,0.0,3,66720.0,66800.0,2,66700.0,66640.0,66910.0,66640.0,55.0,18382300.0,412
2023-05-10 14:53:34,cu2404,cu2404,66660.0,0.0,0.0,0.0,2,66730.0,66800.0,2,66700.0,66640.0,66910.0,66640.0,55.0,18382300.0,412
2023-05-10 14:53:34,cu2404,cu2404,66660.0,0.0,0.0,0.0,2,66720.0,66800.0,2,66700.0,66640.0,66910.0,66640.0,55.0,18382300.0,412
2023-05-10 14:53:37,cu2404,cu2404,66660.0,0.0,0.0,0.0,3,66720.0,66800.0,2,66700.0,66640.0,66910.0,66640.0,55.0,18382300.0,412
2023-05-10 14:53:54,cu2404,cu2404,66660.0,0.0,0.0,0.0,3,66720.0,66800.0,1,66700.0,66640.0,66910.0,66640.0,55.0,18382300.0,412
2023-05-10 14:53:54,cu2404,cu2404,66660.0,0.0,0.0,0.0,1,66730.0,66800.0,1,66700.0,66640.0,66910.0,66640.0,55.0,18382300.0,412
2023-05-10 14:53:55,cu2404,cu2404,66660.0,0.0,0.0,0.0,1,66730.0,66890.0,1,66700.0,66640.0,66910.0,66640.0,55.0,18382300.0,412
2023-05-10 14:53:55,cu2404,cu2404,66660.0,0.0,0.0,0.0,2,66740.0,66880.0,4,66700.0,66640.0,66910.0,66640.0,55.0,18382300.0,412
2023-05-10 14:53:56,cu2404,cu2404,66660.0,0.0,0.0,0.0,2,66740.0,66880.0,4,66700.0,66640.0,66910.0,66640.0,55.0,18382300.0,412
2023-05-10 14:53:56,cu2404,cu2404,66660.0,0.0,0.0,0.0,2,66740.0,66880.0,5,66700.0,66640.0,66910.0,66640.0,55.0,18382300.0,412
2023-05-10 14:54:13,cu2404,cu2404,66660.0,0.0,0.0,0.0,2,66740.0,66880.0,5,66700.0,66640.0,66910.0,66640.0,55.0,18382300.0,412
2023-05-10 14:54:15,cu2404,cu2404,66660.0,0.0,0.0,0.0,2,66740.0,66880.0,5,66700.0,66640.0,66910.0,66640.0,55.0,18382300.0,412
2023-05-10 14:54:32,cu2404,cu2404,66660.0,0.0,0.0,0.0,2,66740.0,66870.0,2,66700.0,66640.0,66910.0,66640.0,55.0,18382300.0,412
2023-05-10 14:54:33,cu2404,cu2404,66660.0,0.0,0.0,0.0,2,66740.0,66860.0,1,66700.0,66640.0,66910.0,66640.0,55.0,18382300.0,412
2023-05-10 14:54:33,cu2404,cu2404,66660.0,0.0,0.0,0.0,2,66740.0,66860.0,2,66700.0,66640.0,66910.0,66640.0,55.0,18382300.0,412
2023-05-10 14:54:34,cu2404,cu2404,66660.0,0.0,0.0,0.0,2,66740.0,66850.0,1,66700.0,66640.0,66910.0,66640.0,55.0,18382300.0,412
2023-05-10 14:54:34,cu2404,cu2404,66660.0,0.0,0.0,0.0,2,66740.0,66840.0,1,66700.0,66640.0,66910.0,66640.0,55.0,18382300.0,412
2023-05-10 14:54:35,cu2404,cu2404,66660.0,0.0,0.0,0.0,2,66740.0,66840.0,2,66700.0,66640.0,66910.0,66640.0,55.0,18382300.0,412
2023-05-10 14:54:36,cu2404,cu2404,66660.0,0.0,0.0,0.0,2,66740.0,66830.0,1,66700.0,66640.0,66910.0,66640.0,55.0,18382300.0,412
2023-05-10 14:54:36,cu2404,cu2404,66660.0,0.0,0.0,0.0,2,66740.0,66820.0,1,66700.0,66640.0,66910.0,66640.0,55.0,18382300.0,412
2023-05-10 14:54:38,cu2404,cu2404,66660.0,0.0,0.0,0.0,2,66740.0,66810.0,1,66700.0,66640.0,66910.0,66640.0,55.0,18382300.0,412
2023-05-10 14:54:38,cu2404,cu2404,66660.0,0.0,0.0,0.0,2,66740.0,66810.0,2,66700.0,66640.0,66910.0,66640.0,55.0,18382300.0,412
2023-05-10 14:54:51,cu2404,cu2404,66660.0,0.0,0.0,0.0,2,66740.0,66800.0,1,66700.0,66640.0,66910.0,66640.0,55.0,18382300.0,412
2023-05-10 14:55:00,cu2404,cu2404,66660.0,0.0,0.0,0.0,2,66740.0,66800.0,1,66700.0,66640.0,66910.0,66640.0,55.0,18382300.0,412
2023-05-10 14:55:15,cu2404,cu2404,66660.0,0.0,0.0,0.0,3,66740.0,66800.0,1,66700.0,66640.0,66910.0,66640.0,55.0,18382300.0,412
2023-05-10 14:55:17,cu2404,cu2404,66660.0,0.0,0.0,0.0,2,66740.0,66800.0,1,66700.0,66640.0,66910.0,66640.0,55.0,18382300.0,412
2023-05-10 14:56:20,cu2404,cu2404,66660.0,0.0,0.0,0.0,2,66740.0,66790.0,1,66700.0,66640.0,66910.0,66640.0,55.0,18382300.0,412
2023-05-10 14:56:20,cu2404,cu2404,66660.0,0.0,0.0,0.0,1,66650.0,66780.0,1,66700.0,66640.0,66910.0,66640.0,55.0,18382300.0,412
2023-05-10 14:56:21,cu2404,cu2404,66660.0,0.0,0.0,0.0,3,66660.0,66780.0,1,66700.0,66640.0,66910.0,66640.0,55.0,18382300.0,412
2023-05-10 14:56:21,cu2404,cu2404,66660.0,0.0,0.0,0.0,1,66670.0,66780.0,1,66700.0,66640.0,66910.0,66640.0,55.0,18382300.0,412
2023-05-10 14:56:22,cu2404,cu2404,66660.0,0.0,0.0,0.0,1,66670.0,66780.0,1,66700.0,66640.0,66910.0,66640.0,55.0,18382300.0,412
2023-05-10 14:56:22,cu2404,cu2404,66660.0,0.0,0.0,0.0,2,66690.0,66780.0,1,66700.0,66640.0,66910.0,66640.0,55.0,18382300.0,412
2023-05-10 14:56:23,cu2404,cu2404,66660.0,0.0,0.0,0.0,2,66690.0,66780.0,1,66700.0,66640.0,66910.0,66640.0,55.0,18382300.0,412
2023-05-10 14:56:23,cu2404,cu2404,66660.0,0.0,0.0,0.0,1,66700.0,66780.0,1,66700.0,66640.0,66910.0,66640.0,55.0,18382300.0,412
2023-05-10 14:56:24,cu2404,cu2404,66660.0,0.0,0.0,0.0,1,66710.0,66780.0,1,66700.0,66640.0,66910.0,66640.0,55.0,18382300.0,412
2023-05-10 14:56:24,cu2404,cu2404,66660.0,0.0,0.0,0.0,2,66730.0,66780.0,1,66700.0,66640.0,66910.0,66640.0,55.0,18382300.0,412
2023-05-10 14:56:25,cu2404,cu2404,66660.0,0.0,0.0,0.0,2,66730.0,66780.0,1,66700.0,66640.0,66910.0,66640.0,55.0,18382300.0,412
2023-05-10 14:56:25,cu2404,cu2404,66660.0,0.0,0.0,0.0,2,66730.0,66780.0,1,66700.0,66640.0,66910.0,66640.0,55.0,18382300.0,412
2023-05-10 14:56:26,cu2404,cu2404,66660.0,0.0,0.0,0.0,4,66730.0,66780.0,1,66700.0,66640.0,66910.0,66640.0,55.0,18382300.0,412
2023-05-10 14:56:35,cu2404,cu2404,66660.0,0.0,0.0,0.0,2,66730.0,66780.0,1,66700.0,66640.0,66910.0,66640.0,55.0,18382300.0,412
2023-05-10 14:56:35,cu2404,cu2404,66660.0,0.0,0.0,0.0,2,66740.0,66780.0,1,66700.0,66640.0,66910.0,66640.0,55.0,18382300.0,412
2023-05-10 14:56:38,cu2404,cu2404,66660.0,0.0,0.0,0.0,2,66730.0,66780.0,1,66700.0,66640.0,66910.0,66640.0,55.0,18382300.0,412
2023-05-10 14:57:11,cu2404,cu2404,66660.0,0.0,0.0,0.0,1,66650.0,66780.0,1,66700.0,66640.0,66910.0,66640.0,55.0,18382300.0,412
2023-05-10 14:57:12,cu2404,cu2404,66660.0,0.0,0.0,0.0,15,66660.0,66780.0,1,66700.0,66640.0,66910.0,66640.0,55.0,18382300.0,412
2023-05-10 14:57:12,cu2404,cu2404,66660.0,0.0,0.0,0.0,17,66660.0,66780.0,1,66700.0,66640.0,66910.0,66640.0,55.0,18382300.0,412
2023-05-10 14:57:13,cu2404,cu2404,66660.0,0.0,0.0,0.0,16,66660.0,66780.0,1,66700.0,66640.0,66910.0,66640.0,55.0,18382300.0,412
2023-05-10 14:57:15,cu2404,cu2404,66660.0,0.0,0.0,0.0,13,66660.0,66780.0,1,66700.0,66640.0,66910.0,66640.0,55.0,18382300.0,412
2023-05-10 14:57:29,cu2404,cu2404,66660.0,0.0,0.0,0.0,5,66700.0,66780.0,1,66700.0,66640.0,66910.0,66640.0,55.0,18382300.0,412
2023-05-10 14:57:30,cu2404,cu2404,66660.0,0.0,0.0,0.0,5,66700.0,66780.0,1,66700.0,66640.0,66910.0,66640.0,55.0,18382300.0,412
2023-05-10 14:57:30,cu2404,cu2404,66660.0,0.0,0.0,0.0,7,66710.0,66780.0,1,66700.0,66640.0,66910.0,66640.0,55.0,18382300.0,412
2023-05-10 14:57:32,cu2404,cu2404,66660.0,0.0,0.0,0.0,7,66710.0,66780.0,1,66700.0,66640.0,66910.0,66640.0,55.0,18382300.0,412
2023-05-10 14:57:33,cu2404,cu2404,66660.0,0.0,0.0,0.0,4,66710.0,66780.0,1,66700.0,66640.0,66910.0,66640.0,55.0,18382300.0,412
2023-05-10 14:57:37,cu2404,cu2404,66660.0,0.0,0.0,0.0,5,66720.0,66780.0,1,66700.0,66640.0,66910.0,66640.0,55.0,18382300.0,412
2023-05-10 14:57:38,cu2404,cu2404,66660.0,0.0,0.0,0.0,5,66720.0,66780.0,1,66700.0,66640.0,66910.0,66640.0,55.0,18382300.0,412
2023-05-10 14:57:38,cu2404,cu2404,66660.0,0.0,0.0,0.0,2,66730.0,66780.0,1,66700.0,66640.0,66910.0,66640.0,55.0,18382300.0,412
2023-05-10 14:57:39,cu2404,cu2404,66660.0,0.0,0.0,0.0,2,66730.0,66780.0,1,66700.0,66640.0,66910.0,66640.0,55.0,18382300.0,412
2023-05-10 14:57:40,cu2404,cu2404,66660.0,0.0,0.0,0.0,2,66730.0,66780.0,1,66700.0,66640.0,66910.0,66640.0,55.0,18382300.0,412
2023-05-10 14:57:42,cu2404,cu2404,66660.0,0.0,0.0,0.0,2,66730.0,66780.0,1,66700.0,66640.0,66910.0,66640.0,55.0,18382300.0,412
2023-05-10 14:57:46,cu2404,cu2404,66660.0,0.0,0.0,0.0,2,66730.0,66780.0,1,66700.0,66640.0,66910.0,66640.0,55.0,18382300.0,412
2023-05-10 14:58:02,cu2404,cu2404,66660.0,0.0,0.0,0.0,2,66730.0,66780.0,1,66700.0,66640.0,66910.0,66640.0,55.0,18382300.0,412
2023-05-10 14:58:03,cu2404,cu2404,66660.0,0.0,0.0,0.0,2,66730.0,66890.0,1,66700.0,66640.0,66910.0,66640.0,55.0,18382300.0,412
2023-05-10 14:58:04,cu2404,cu2404,66660.0,0.0,0.0,0.0,2,66730.0,66860.0,1,66700.0,66640.0,66910.0,66640.0,55.0,18382300.0,412
2023-05-10 14:58:04,cu2404,cu2404,66660.0,0.0,0.0,0.0,2,66730.0,66850.0,1,66700.0,66640.0,66910.0,66640.0,55.0,18382300.0,412
2023-05-10 14:58:05,cu2404,cu2404,66660.0,0.0,0.0,0.0,2,66730.0,66830.0,1,66700.0,66640.0,66910.0,66640.0,55.0,18382300.0,412
2023-05-10 14:58:05,cu2404,cu2404,66660.0,0.0,0.0,0.0,2,66730.0,66820.0,2,66700.0,66640.0,66910.0,66640.0,55.0,18382300.0,412
2023-05-10 14:58:06,cu2404,cu2404,66660.0,0.0,0.0,0.0,2,66730.0,66820.0,2,66700.0,66640.0,66910.0,66640.0,55.0,18382300.0,412
2023-05-10 14:58:06,cu2404,cu2404,66660.0,0.0,0.0,0.0,3,66730.0,66820.0,2,66700.0,66640.0,66910.0,66640.0,55.0,18382300.0,412
2023-05-10 14:58:07,cu2404,cu2404,66660.0,0.0,0.0,0.0,3,66730.0,66820.0,2,66700.0,66640.0,66910.0,66640.0,55.0,18382300.0,412
2023-05-10 14:58:09,cu2404,cu2404,66660.0,0.0,0.0,0.0,3,66730.0,66820.0,2,66700.0,66640.0,66910.0,66640.0,55.0,18382300.0,412
2023-05-10 14:58:10,cu2404,cu2404,66660.0,0.0,0.0,0.0,2,66730.0,66820.0,2,66700.0,66640.0,66910.0,66640.0,55.0,18382300.0,412
2023-05-10 14:58:20,cu2404,cu2404,66660.0,0.0,0.0,0.0,1,66740.0,66820.0,2,66700.0,66640.0,66910.0,66640.0,55.0,18382300.0,412
2023-05-10 14:58:20,cu2404,cu2404,66660.0,0.0,0.0,0.0,1,66740.0,66820.0,2,66700.0,66640.0,66910.0,66640.0,55.0,18382300.0,412
2023-05-10 14:58:21,cu2404,cu2404,66660.0,0.0,0.0,0.0,2,66750.0,66820.0,2,66700.0,66640.0,66910.0,66640.0,55.0,18382300.0,412
2023-05-10 14:58:30,cu2404,cu2404,66660.0,0.0,0.0,0.0,2,66750.0,66820.0,2,66700.0,66640.0,66910.0,66640.0,55.0,18382300.0,412
2023-05-10 14:58:31,cu2404,cu2404,66660.0,0.0,0.0,0.0,10,66700.0,66820.0,2,66700.0,66640.0,66910.0,66640.0,55.0,18382300.0,412
2023-05-10 14:58:31,cu2404,cu2404,66660.0,0.0,0.0,0.0,6,66710.0,66820.0,2,66700.0,66640.0,66910.0,66640.0,55.0,18382300.0,412
2023-05-10 14:58:32,cu2404,cu2404,66660.0,0.0,0.0,0.0,1,66720.0,66820.0,2,66700.0,66640.0,66910.0,66640.0,55.0,18382300.0,412
2023-05-10 14:58:35,cu2404,cu2404,66660.0,0.0,0.0,0.0,1,66720.0,66820.0,2,66700.0,66640.0,66910.0,66640.0,55.0,18382300.0,412
2023-05-10 14:58:35,cu2404,cu2404,66660.0,0.0,0.0,0.0,2,66730.0,66820.0,2,66700.0,66640.0,66910.0,66640.0,55.0,18382300.0,412
2023-05-10 14:58:36,cu2404,cu2404,66660.0,0.0,0.0,0.0,2,66730.0,66820.0,2,66700.0,66640.0,66910.0,66640.0,55.0,18382300.0,412
2023-05-10 14:58:43,cu2404,cu2404,66660.0,0.0,0.0,0.0,2,66730.0,66820.0,2,66700.0,66640.0,66910.0,66640.0,55.0,18382300.0,412
2023-05-10 14:59:00,cu2404,cu2404,66660.0,0.0,0.0,0.0,2,66730.0,66820.0,1,66700.0,66640.0,66910.0,66640.0,55.0,18382300.0,412
2023-05-10 14:59:03,cu2404,cu2404,66660.0,0.0,0.0,0.0,3,66730.0,66820.0,1,66700.0,66640.0,66910.0,66640.0,55.0,18382300.0,412
2023-05-10 14:59:04,cu2404,cu2404,66660.0,0.0,0.0,0.0,2,66730.0,66820.0,1,66700.0,66640.0,66910.0,66640.0,55.0,18382300.0,412
2023-05-10 14:59:04,cu2404,cu2404,66660.0,0.0,0.0,0.0,2,66730.0,66820.0,1,66700.0,66640.0,66910.0,66640.0,55.0,18382300.0,412
2023-05-10 14:59:05,cu2404,cu2404,66660.0,0.0,0.0,0.0,1,66740.0,66820.0,1,66700.0,66640.0,66910.0,66640.0,55.0,18382300.0,412
2023-05-10 14:59:05,cu2404,cu2404,66660.0,0.0,0.0,0.0,1,66740.0,66820.0,1,66700.0,66640.0,66910.0,66640.0,55.0,18382300.0,412
2023-05-10 14:59:06,cu2404,cu2404,66660.0,0.0,0.0,0.0,3,66740.0,66820.0,1,66700.0,66640.0,66910.0,66640.0,55.0,18382300.0,412
2023-05-10 14:59:09,cu2404,cu2404,66660.0,0.0,0.0,0.0,1,66740.0,66820.0,1,66700.0,66640.0,66910.0,66640.0,55.0,18382300.0,412
2023-05-10 14:59:10,cu2404,cu2404,66660.0,0.0,0.0,0.0,2,66750.0,66820.0,1,66700.0,66640.0,66910.0,66640.0,55.0,18382300.0,412
2023-05-10 14:59:30,cu2404,cu2404,66660.0,0.0,0.0,0.0,2,66750.0,66820.0,1,66700.0,66640.0,66910.0,66640.0,55.0,18382300.0,412
2023-05-10 14:59:31,cu2404,cu2404,66660.0,0.0,0.0,0.0,2,66750.0,66820.0,1,66700.0,66640.0,66910.0,66640.0,55.0,18382300.0,412
2023-05-10 14:59:31,cu2404,cu2404,66660.0,0.0,0.0,0.0,2,66750.0,66820.0,1,66700.0,66640.0,66910.0,66640.0,55.0,18382300.0,412
2023-05-10 14:59:44,cu2404,cu2404,66660.0,0.0,0.0,0.0,2,66750.0,66820.0,1,66700.0,66640.0,66910.0,66640.0,55.0,18382300.0,412
2023-05-10 14:59:46,cu2404,cu2404,66660.0,0.0,0.0,0.0,2,66750.0,66820.0,1,66700.0,66640.0,66910.0,66640.0,55.0,18382300.0,412
2023-05-10 14:59:48,cu2404,cu2404,66660.0,0.0,0.0,0.0,2,66750.0,66820.0,1,66700.0,66640.0,66910.0,66640.0,55.0,18382300.0,412
2023-05-10 14:59:50,cu2404,cu2404,66660.0,0.0,0.0,0.0,1,66740.0,66820.0,1,66700.0,66640.0,66910.0,66640.0,55.0,18382300.0,412
2023-05-10 14:59:51,cu2404,cu2404,66660.0,0.0,0.0,0.0,2,66740.0,66820.0,1,66700.0,66640.0,66910.0,66640.0,55.0,18382300.0,412
2023-05-10 14:59:58,cu2404,cu2404,66660.0,0.0,0.0,0.0,1,66740.0,66820.0,1,66700.0,66640.0,66910.0,66640.0,55.0,18382300.0,412
2023-05-10 14:59:59,cu2404,cu2404,66660.0,0.0,0.0,0.0,1,66650.0,66820.0,1,66700.0,66640.0,66910.0,66640.0,55.0,18382300.0,412
2023-05-10 15:00:00,cu2404,cu2404,66660.0,0.0,0.0,0.0,1,66650.0,66820.0,1,66700.0,66640.0,66910.0,66640.0,55.0,18382300.0,412
